indicator,indicator_label,area_code,area_name,area_level,pref_code,pref_name,time_code,time_name,year,cat_code,cat_name,unit,value,value_raw
housing_stock,住宅ストック・空き家・持ち家,00000,全国,national,,,1978100000,1978年度,1978,00001|H1100,観測値|H1100_総住宅数,戸,35450500.0,35450500
housing_stock,住宅ストック・空き家・持ち家,00000,全国,national,,,1983100000,1983年度,1983,00001|H1100,観測値|H1100_総住宅数,戸,38606800.0,38606800
housing_stock,住宅ストック・空き家・持ち家,00000,全国,national,,,1988100000,1988年度,1988,00001|H1100,観測値|H1100_総住宅数,戸,42007300.0,42007300
housing_stock,住宅ストック・空き家・持ち家,00000,全国,national,,,1993100000,1993年度,1993,00001|H1100,観測値|H1100_総住宅数,戸,45878800.0,45878800
housing_stock,住宅ストック・空き家・持ち家,00000,全国,national,,,1998100000,1998年度,1998,00001|H1100,観測値|H1100_総住宅数,戸,50246000.0,50246000
housing_stock,住宅ストック・空き家・持ち家,00000,全国,national,,,2003100000,2003年度,2003,00001|H1100,観測値|H1100_総住宅数,戸,53890900.0,53890900
housing_stock,住宅ストック・空き家・持ち家,00000,全国,national,,,2008100000,2008年度,2008,00001|H1100,観測値|H1100_総住宅数,戸,57586000.0,57586000
housing_stock,住宅ストック・空き家・持ち家,00000,全国,national,,,2013100000,2013年度,2013,00001|H1100,観測値|H1100_総住宅数,戸,60628600.0,60628600
housing_stock,住宅ストック・空き家・持ち家,00000,全国,national,,,2018100000,2018年度,2018,00001|H1100,観測値|H1100_総住宅数,戸,62407400.0,62407400
housing_stock,住宅ストック・空き家・持ち家,00000,全国,national,,,2023100000,2023年度,2023,00001|H1100,観測値|H1100_総住宅数,戸,65046700.0,65046700
housing_stock,住宅ストック・空き家・持ち家,01000,北海道,pref,01,北海道,1978100000,1978年度,1978,00001|H1100,観測値|H1100_総住宅数,戸,1744500.0,1744500
housing_stock,住宅ストック・空き家・持ち家,01000,北海道,pref,01,北海道,1983100000,1983年度,1983,00001|H1100,観測値|H1100_総住宅数,戸,1923800.0,1923800
housing_stock,住宅ストック・空き家・持ち家,01000,北海道,pref,01,北海道,1988100000,1988年度,1988,00001|H1100,観測値|H1100_総住宅数,戸,2092500.0,2092500
housing_stock,住宅ストック・空き家・持ち家,01000,北海道,pref,01,北海道,1993100000,1993年度,1993,00001|H1100,観測値|H1100_総住宅数,戸,2258800.0,2258800
housing_stock,住宅ストック・空き家・持ち家,01000,北海道,pref,01,北海道,1998100000,1998年度,1998,00001|H1100,観測値|H1100_総住宅数,戸,2433300.0,2433300
housing_stock,住宅ストック・空き家・持ち家,01000,北海道,pref,01,北海道,2003100000,2003年度,2003,00001|H1100,観測値|H1100_総住宅数,戸,2572200.0,2572200
housing_stock,住宅ストック・空き家・持ち家,01000,北海道,pref,01,北海道,2008100000,2008年度,2008,00001|H1100,観測値|H1100_総住宅数,戸,2730500.0,2730500
housing_stock,住宅ストック・空き家・持ち家,01000,北海道,pref,01,北海道,2013100000,2013年度,2013,00001|H1100,観測値|H1100_総住宅数,戸,2746600.0,2746600
housing_stock,住宅ストック・空き家・持ち家,01000,北海道,pref,01,北海道,2018100000,2018年度,2018,00001|H1100,観測値|H1100_総住宅数,戸,2807200.0,2807200
housing_stock,住宅ストック・空き家・持ち家,01000,北海道,pref,01,北海道,2023100000,2023年度,2023,00001|H1100,観測値|H1100_総住宅数,戸,2888500.0,2888500
housing_stock,住宅ストック・空き家・持ち家,02000,青森県,pref,02,青森県,1978100000,1978年度,1978,00001|H1100,観測値|H1100_総住宅数,戸,411400.0,411400
housing_stock,住宅ストック・空き家・持ち家,02000,青森県,pref,02,青森県,1983100000,1983年度,1983,00001|H1100,観測値|H1100_総住宅数,戸,444900.0,444900
housing_stock,住宅ストック・空き家・持ち家,02000,青森県,pref,02,青森県,1988100000,1988年度,1988,00001|H1100,観測値|H1100_総住宅数,戸,479400.0,479400
housing_stock,住宅ストック・空き家・持ち家,02000,青森県,pref,02,青森県,1993100000,1993年度,1993,00001|H1100,観測値|H1100_総住宅数,戸,499300.0,499300
housing_stock,住宅ストック・空き家・持ち家,02000,青森県,pref,02,青森県,1998100000,1998年度,1998,00001|H1100,観測値|H1100_総住宅数,戸,534300.0,534300
housing_stock,住宅ストック・空き家・持ち家,02000,青森県,pref,02,青森県,2003100000,2003年度,2003,00001|H1100,観測値|H1100_総住宅数,戸,559200.0,559200
housing_stock,住宅ストック・空き家・持ち家,02000,青森県,pref,02,青森県,2008100000,2008年度,2008,00001|H1100,観測値|H1100_総住宅数,戸,580800.0,580800
housing_stock,住宅ストック・空き家・持ち家,02000,青森県,pref,02,青森県,2013100000,2013年度,2013,00001|H1100,観測値|H1100_総住宅数,戸,586300.0,586300
housing_stock,住宅ストック・空き家・持ち家,02000,青森県,pref,02,青森県,2018100000,2018年度,2018,00001|H1100,観測値|H1100_総住宅数,戸,592400.0,592400
housing_stock,住宅ストック・空き家・持ち家,02000,青森県,pref,02,青森県,2023100000,2023年度,2023,00001|H1100,観測値|H1100_総住宅数,戸,590300.0,590300
housing_stock,住宅ストック・空き家・持ち家,03000,岩手県,pref,03,岩手県,1978100000,1978年度,1978,00001|H1100,観測値|H1100_総住宅数,戸,384300.0,384300
housing_stock,住宅ストック・空き家・持ち家,03000,岩手県,pref,03,岩手県,1983100000,1983年度,1983,00001|H1100,観測値|H1100_総住宅数,戸,413500.0,413500
housing_stock,住宅ストック・空き家・持ち家,03000,岩手県,pref,03,岩手県,1988100000,1988年度,1988,00001|H1100,観測値|H1100_総住宅数,戸,434900.0,434900
housing_stock,住宅ストック・空き家・持ち家,03000,岩手県,pref,03,岩手県,1993100000,1993年度,1993,00001|H1100,観測値|H1100_総住宅数,戸,463400.0,463400
housing_stock,住宅ストック・空き家・持ち家,03000,岩手県,pref,03,岩手県,1998100000,1998年度,1998,00001|H1100,観測値|H1100_総住宅数,戸,502800.0,502800
housing_stock,住宅ストック・空き家・持ち家,03000,岩手県,pref,03,岩手県,2003100000,2003年度,2003,00001|H1100,観測値|H1100_総住宅数,戸,527900.0,527900
housing_stock,住宅ストック・空き家・持ち家,03000,岩手県,pref,03,岩手県,2008100000,2008年度,2008,00001|H1100,観測値|H1100_総住宅数,戸,549500.0,549500
housing_stock,住宅ストック・空き家・持ち家,03000,岩手県,pref,03,岩手県,2013100000,2013年度,2013,00001|H1100,観測値|H1100_総住宅数,戸,552100.0,552100
housing_stock,住宅ストック・空き家・持ち家,03000,岩手県,pref,03,岩手県,2018100000,2018年度,2018,00001|H1100,観測値|H1100_総住宅数,戸,579300.0,579300
housing_stock,住宅ストック・空き家・持ち家,03000,岩手県,pref,03,岩手県,2023100000,2023年度,2023,00001|H1100,観測値|H1100_総住宅数,戸,579400.0,579400
housing_stock,住宅ストック・空き家・持ち家,04000,宮城県,pref,04,宮城県,1978100000,1978年度,1978,00001|H1100,観測値|H1100_総住宅数,戸,578700.0,578700
housing_stock,住宅ストック・空き家・持ち家,04000,宮城県,pref,04,宮城県,1983100000,1983年度,1983,00001|H1100,観測値|H1100_総住宅数,戸,632700.0,632700
housing_stock,住宅ストック・空き家・持ち家,04000,宮城県,pref,04,宮城県,1988100000,1988年度,1988,00001|H1100,観測値|H1100_総住宅数,戸,700800.0,700800
housing_stock,住宅ストック・空き家・持ち家,04000,宮城県,pref,04,宮城県,1993100000,1993年度,1993,00001|H1100,観測値|H1100_総住宅数,戸,791000.0,791000
housing_stock,住宅ストック・空き家・持ち家,04000,宮城県,pref,04,宮城県,1998100000,1998年度,1998,00001|H1100,観測値|H1100_総住宅数,戸,886100.0,886100
housing_stock,住宅ストック・空き家・持ち家,04000,宮城県,pref,04,宮城県,2003100000,2003年度,2003,00001|H1100,観測値|H1100_総住宅数,戸,942300.0,942300
housing_stock,住宅ストック・空き家・持ち家,04000,宮城県,pref,04,宮城県,2008100000,2008年度,2008,00001|H1100,観測値|H1100_総住宅数,戸,1013900.0,1013900
housing_stock,住宅ストック・空き家・持ち家,04000,宮城県,pref,04,宮城県,2013100000,2013年度,2013,00001|H1100,観測値|H1100_総住宅数,戸,1034100.0,1034100
housing_stock,住宅ストック・空き家・持ち家,04000,宮城県,pref,04,宮城県,2018100000,2018年度,2018,00001|H1100,観測値|H1100_総住宅数,戸,1089300.0,1089300
housing_stock,住宅ストック・空き家・持ち家,04000,宮城県,pref,04,宮城県,2023100000,2023年度,2023,00001|H1100,観測値|H1100_総住宅数,戸,1129200.0,1129200
housing_stock,住宅ストック・空き家・持ち家,05000,秋田県,pref,05,秋田県,1978100000,1978年度,1978,00001|H1100,観測値|H1100_総住宅数,戸,338100.0,338100
housing_stock,住宅ストック・空き家・持ち家,05000,秋田県,pref,05,秋田県,1983100000,1983年度,1983,00001|H1100,観測値|H1100_総住宅数,戸,353600.0,353600
housing_stock,住宅ストック・空き家・持ち家,05000,秋田県,pref,05,秋田県,1988100000,1988年度,1988,00001|H1100,観測値|H1100_総住宅数,戸,369400.0,369400
housing_stock,住宅ストック・空き家・持ち家,05000,秋田県,pref,05,秋田県,1993100000,1993年度,1993,00001|H1100,観測値|H1100_総住宅数,戸,383400.0,383400
housing_stock,住宅ストック・空き家・持ち家,05000,秋田県,pref,05,秋田県,1998100000,1998年度,1998,00001|H1100,観測値|H1100_総住宅数,戸,413300.0,413300
housing_stock,住宅ストック・空き家・持ち家,05000,秋田県,pref,05,秋田県,2003100000,2003年度,2003,00001|H1100,観測値|H1100_総住宅数,戸,428600.0,428600
housing_stock,住宅ストック・空き家・持ち家,05000,秋田県,pref,05,秋田県,2008100000,2008年度,2008,00001|H1100,観測値|H1100_総住宅数,戸,437400.0,437400
housing_stock,住宅ストック・空き家・持ち家,05000,秋田県,pref,05,秋田県,2013100000,2013年度,2013,00001|H1100,観測値|H1100_総住宅数,戸,446900.0,446900
housing_stock,住宅ストック・空き家・持ち家,05000,秋田県,pref,05,秋田県,2018100000,2018年度,2018,00001|H1100,観測値|H1100_総住宅数,戸,445700.0,445700
housing_stock,住宅ストック・空き家・持ち家,05000,秋田県,pref,05,秋田県,2023100000,2023年度,2023,00001|H1100,観測値|H1100_総住宅数,戸,440600.0,440600
housing_stock,住宅ストック・空き家・持ち家,06000,山形県,pref,06,山形県,1978100000,1978年度,1978,00001|H1100,観測値|H1100_総住宅数,戸,318000.0,318000
housing_stock,住宅ストック・空き家・持ち家,06000,山形県,pref,06,山形県,1983100000,1983年度,1983,00001|H1100,観測値|H1100_総住宅数,戸,333900.0,333900
housing_stock,住宅ストック・空き家・持ち家,06000,山形県,pref,06,山形県,1988100000,1988年度,1988,00001|H1100,観測値|H1100_総住宅数,戸,345600.0,345600
housing_stock,住宅ストック・空き家・持ち家,06000,山形県,pref,06,山形県,1993100000,1993年度,1993,00001|H1100,観測値|H1100_総住宅数,戸,360700.0,360700
housing_stock,住宅ストック・空き家・持ち家,06000,山形県,pref,06,山形県,1998100000,1998年度,1998,00001|H1100,観測値|H1100_総住宅数,戸,394200.0,394200
housing_stock,住宅ストック・空き家・持ち家,06000,山形県,pref,06,山形県,2003100000,2003年度,2003,00001|H1100,観測値|H1100_総住宅数,戸,415000.0,415000
housing_stock,住宅ストック・空き家・持ち家,06000,山形県,pref,06,山形県,2008100000,2008年度,2008,00001|H1100,観測値|H1100_総住宅数,戸,432700.0,432700
housing_stock,住宅ストック・空き家・持ち家,06000,山形県,pref,06,山形県,2013100000,2013年度,2013,00001|H1100,観測値|H1100_総住宅数,戸,431900.0,431900
housing_stock,住宅ストック・空き家・持ち家,06000,山形県,pref,06,山形県,2018100000,2018年度,2018,00001|H1100,観測値|H1100_総住宅数,戸,449000.0,449000
housing_stock,住宅ストック・空き家・持ち家,06000,山形県,pref,06,山形県,2023100000,2023年度,2023,00001|H1100,観測値|H1100_総住宅数,戸,455400.0,455400
housing_stock,住宅ストック・空き家・持ち家,07000,福島県,pref,07,福島県,1978100000,1978年度,1978,00001|H1100,観測値|H1100_総住宅数,戸,539100.0,539100
housing_stock,住宅ストック・空き家・持ち家,07000,福島県,pref,07,福島県,1983100000,1983年度,1983,00001|H1100,観測値|H1100_総住宅数,戸,578000.0,578000
housing_stock,住宅ストック・空き家・持ち家,07000,福島県,pref,07,福島県,1988100000,1988年度,1988,00001|H1100,観測値|H1100_総住宅数,戸,624700.0,624700
housing_stock,住宅ストック・空き家・持ち家,07000,福島県,pref,07,福島県,1993100000,1993年度,1993,00001|H1100,観測値|H1100_総住宅数,戸,668100.0,668100
housing_stock,住宅ストック・空き家・持ち家,07000,福島県,pref,07,福島県,1998100000,1998年度,1998,00001|H1100,観測値|H1100_総住宅数,戸,728200.0,728200
housing_stock,住宅ストック・空き家・持ち家,07000,福島県,pref,07,福島県,2003100000,2003年度,2003,00001|H1100,観測値|H1100_総住宅数,戸,781800.0,781800
housing_stock,住宅ストック・空き家・持ち家,07000,福島県,pref,07,福島県,2008100000,2008年度,2008,00001|H1100,観測値|H1100_総住宅数,戸,808200.0,808200
housing_stock,住宅ストック・空き家・持ち家,07000,福島県,pref,07,福島県,2013100000,2013年度,2013,00001|H1100,観測値|H1100_総住宅数,戸,782300.0,782300
housing_stock,住宅ストック・空き家・持ち家,07000,福島県,pref,07,福島県,2018100000,2018年度,2018,00001|H1100,観測値|H1100_総住宅数,戸,861300.0,861300
housing_stock,住宅ストック・空き家・持ち家,07000,福島県,pref,07,福島県,2023100000,2023年度,2023,00001|H1100,観測値|H1100_総住宅数,戸,862900.0,862900
housing_stock,住宅ストック・空き家・持ち家,08000,茨城県,pref,08,茨城県,1978100000,1978年度,1978,00001|H1100,観測値|H1100_総住宅数,戸,664000.0,664000
housing_stock,住宅ストック・空き家・持ち家,08000,茨城県,pref,08,茨城県,1983100000,1983年度,1983,00001|H1100,観測値|H1100_総住宅数,戸,763800.0,763800
housing_stock,住宅ストック・空き家・持ち家,08000,茨城県,pref,08,茨城県,1988100000,1988年度,1988,00001|H1100,観測値|H1100_総住宅数,戸,842200.0,842200
housing_stock,住宅ストック・空き家・持ち家,08000,茨城県,pref,08,茨城県,1993100000,1993年度,1993,00001|H1100,観測値|H1100_総住宅数,戸,949300.0,949300
housing_stock,住宅ストック・空き家・持ち家,08000,茨城県,pref,08,茨城県,1998100000,1998年度,1998,00001|H1100,観測値|H1100_総住宅数,戸,1064800.0,1064800
housing_stock,住宅ストック・空き家・持ち家,08000,茨城県,pref,08,茨城県,2003100000,2003年度,2003,00001|H1100,観測値|H1100_総住宅数,戸,1135900.0,1135900
housing_stock,住宅ストック・空き家・持ち家,08000,茨城県,pref,08,茨城県,2008100000,2008年度,2008,00001|H1100,観測値|H1100_総住宅数,戸,1223800.0,1223800
housing_stock,住宅ストック・空き家・持ち家,08000,茨城県,pref,08,茨城県,2013100000,2013年度,2013,00001|H1100,観測値|H1100_総住宅数,戸,1268200.0,1268200
housing_stock,住宅ストック・空き家・持ち家,08000,茨城県,pref,08,茨城県,2018100000,2018年度,2018,00001|H1100,観測値|H1100_総住宅数,戸,1328900.0,1328900
housing_stock,住宅ストック・空き家・持ち家,08000,茨城県,pref,08,茨城県,2023100000,2023年度,2023,00001|H1100,観測値|H1100_総住宅数,戸,1390900.0,1390900
housing_stock,住宅ストック・空き家・持ち家,09000,栃木県,pref,09,栃木県,1978100000,1978年度,1978,00001|H1100,観測値|H1100_総住宅数,戸,488000.0,488000
housing_stock,住宅ストック・空き家・持ち家,09000,栃木県,pref,09,栃木県,1983100000,1983年度,1983,00001|H1100,観測値|H1100_総住宅数,戸,531200.0,531200
housing_stock,住宅ストック・空き家・持ち家,09000,栃木県,pref,09,栃木県,1988100000,1988年度,1988,00001|H1100,観測値|H1100_総住宅数,戸,583700.0,583700
housing_stock,住宅ストック・空き家・持ち家,09000,栃木県,pref,09,栃木県,1993100000,1993年度,1993,00001|H1100,観測値|H1100_総住宅数,戸,657400.0,657400
housing_stock,住宅ストック・空き家・持ち家,09000,栃木県,pref,09,栃木県,1998100000,1998年度,1998,00001|H1100,観測値|H1100_総住宅数,戸,725400.0,725400
housing_stock,住宅ストック・空き家・持ち家,09000,栃木県,pref,09,栃木県,2003100000,2003年度,2003,00001|H1100,観測値|H1100_総住宅数,戸,769700.0,769700
housing_stock,住宅ストック・空き家・持ち家,09000,栃木県,pref,09,栃木県,2008100000,2008年度,2008,00001|H1100,観測値|H1100_総住宅数,戸,839900.0,839900
housing_stock,住宅ストック・空き家・持ち家,09000,栃木県,pref,09,栃木県,2013100000,2013年度,2013,00001|H1100,観測値|H1100_総住宅数,戸,879000.0,879000
housing_stock,住宅ストック・空き家・持ち家,09000,栃木県,pref,09,栃木県,2018100000,2018年度,2018,00001|H1100,観測値|H1100_総住宅数,戸,926700.0,926700
housing_stock,住宅ストック・空き家・持ち家,09000,栃木県,pref,09,栃木県,2023100000,2023年度,2023,00001|H1100,観測値|H1100_総住宅数,戸,971000.0,971000
housing_stock,住宅ストック・空き家・持ち家,10000,群馬県,pref,10,群馬県,1978100000,1978年度,1978,00001|H1100,観測値|H1100_総住宅数,戸,513900.0,513900
housing_stock,住宅ストック・空き家・持ち家,10000,群馬県,pref,10,群馬県,1983100000,1983年度,1983,00001|H1100,観測値|H1100_総住宅数,戸,564400.0,564400
housing_stock,住宅ストック・空き家・持ち家,10000,群馬県,pref,10,群馬県,1988100000,1988年度,1988,00001|H1100,観測値|H1100_総住宅数,戸,619300.0,619300
housing_stock,住宅ストック・空き家・持ち家,10000,群馬県,pref,10,群馬県,1993100000,1993年度,1993,00001|H1100,観測値|H1100_総住宅数,戸,688900.0,688900
housing_stock,住宅ストック・空き家・持ち家,10000,群馬県,pref,10,群馬県,1998100000,1998年度,1998,00001|H1100,観測値|H1100_総住宅数,戸,756000.0,756000
housing_stock,住宅ストック・空き家・持ち家,10000,群馬県,pref,10,群馬県,2003100000,2003年度,2003,00001|H1100,観測値|H1100_総住宅数,戸,798700.0,798700
housing_stock,住宅ストック・空き家・持ち家,10000,群馬県,pref,10,群馬県,2008100000,2008年度,2008,00001|H1100,観測値|H1100_総住宅数,戸,855800.0,855800
housing_stock,住宅ストック・空き家・持ち家,10000,群馬県,pref,10,群馬県,2013100000,2013年度,2013,00001|H1100,観測値|H1100_総住宅数,戸,902900.0,902900
housing_stock,住宅ストック・空き家・持ち家,10000,群馬県,pref,10,群馬県,2018100000,2018年度,2018,00001|H1100,観測値|H1100_総住宅数,戸,949000.0,949000
housing_stock,住宅ストック・空き家・持ち家,10000,群馬県,pref,10,群馬県,2023100000,2023年度,2023,00001|H1100,観測値|H1100_総住宅数,戸,967400.0,967400
housing_stock,住宅ストック・空き家・持ち家,11000,埼玉県,pref,11,埼玉県,1978100000,1978年度,1978,00001|H1100,観測値|H1100_総住宅数,戸,1554500.0,1554500
housing_stock,住宅ストック・空き家・持ち家,11000,埼玉県,pref,11,埼玉県,1983100000,1983年度,1983,00001|H1100,観測値|H1100_総住宅数,戸,1754400.0,1754400
housing_stock,住宅ストック・空き家・持ち家,11000,埼玉県,pref,11,埼玉県,1988100000,1988年度,1988,00001|H1100,観測値|H1100_総住宅数,戸,2022100.0,2022100
housing_stock,住宅ストック・空き家・持ち家,11000,埼玉県,pref,11,埼玉県,1993100000,1993年度,1993,00001|H1100,観測値|H1100_総住宅数,戸,2333000.0,2333000
housing_stock,住宅ストック・空き家・持ち家,11000,埼玉県,pref,11,埼玉県,1998100000,1998年度,1998,00001|H1100,観測値|H1100_総住宅数,戸,2595800.0,2595800
housing_stock,住宅ストック・空き家・持ち家,11000,埼玉県,pref,11,埼玉県,2003100000,2003年度,2003,00001|H1100,観測値|H1100_総住宅数,戸,2826600.0,2826600
housing_stock,住宅ストック・空き家・持ち家,11000,埼玉県,pref,11,埼玉県,2008100000,2008年度,2008,00001|H1100,観測値|H1100_総住宅数,戸,3029000.0,3029000
housing_stock,住宅ストック・空き家・持ち家,11000,埼玉県,pref,11,埼玉県,2013100000,2013年度,2013,00001|H1100,観測値|H1100_総住宅数,戸,3266300.0,3266300
housing_stock,住宅ストック・空き家・持ち家,11000,埼玉県,pref,11,埼玉県,2018100000,2018年度,2018,00001|H1100,観測値|H1100_総住宅数,戸,3384700.0,3384700
housing_stock,住宅ストック・空き家・持ち家,11000,埼玉県,pref,11,埼玉県,2023100000,2023年度,2023,00001|H1100,観測値|H1100_総住宅数,戸,3555100.0,3555100
housing_stock,住宅ストック・空き家・持ち家,12000,千葉県,pref,12,千葉県,1978100000,1978年度,1978,00001|H1100,観測値|H1100_総住宅数,戸,1375500.0,1375500
housing_stock,住宅ストック・空き家・持ち家,12000,千葉県,pref,12,千葉県,1983100000,1983年度,1983,00001|H1100,観測値|H1100_総住宅数,戸,1587800.0,1587800
housing_stock,住宅ストック・空き家・持ち家,12000,千葉県,pref,12,千葉県,1988100000,1988年度,1988,00001|H1100,観測値|H1100_総住宅数,戸,1776500.0,1776500
housing_stock,住宅ストック・空き家・持ち家,12000,千葉県,pref,12,千葉県,1993100000,1993年度,1993,00001|H1100,観測値|H1100_総住宅数,戸,2048600.0,2048600
housing_stock,住宅ストック・空き家・持ち家,12000,千葉県,pref,12,千葉県,1998100000,1998年度,1998,00001|H1100,観測値|H1100_総住宅数,戸,2321100.0,2321100
housing_stock,住宅ストック・空き家・持ち家,12000,千葉県,pref,12,千葉県,2003100000,2003年度,2003,00001|H1100,観測値|H1100_総住宅数,戸,2526200.0,2526200
housing_stock,住宅ストック・空き家・持ち家,12000,千葉県,pref,12,千葉県,2008100000,2008年度,2008,00001|H1100,観測値|H1100_総住宅数,戸,2717700.0,2717700
housing_stock,住宅ストック・空き家・持ち家,12000,千葉県,pref,12,千葉県,2013100000,2013年度,2013,00001|H1100,観測値|H1100_総住宅数,戸,2896200.0,2896200
housing_stock,住宅ストック・空き家・持ち家,12000,千葉県,pref,12,千葉県,2018100000,2018年度,2018,00001|H1100,観測値|H1100_総住宅数,戸,3029800.0,3029800
housing_stock,住宅ストック・空き家・持ち家,12000,千葉県,pref,12,千葉県,2023100000,2023年度,2023,00001|H1100,観測値|H1100_総住宅数,戸,3191100.0,3191100
housing_stock,住宅ストック・空き家・持ち家,13000,東京都,pref,13,東京都,1978100000,1978年度,1978,00001|H1100,観測値|H1100_総住宅数,戸,4239200.0,4239200
housing_stock,住宅ストック・空き家・持ち家,13000,東京都,pref,13,東京都,1983100000,1983年度,1983,00001|H1100,観測値|H1100_総住宅数,戸,4528200.0,4528200
housing_stock,住宅ストック・空き家・持ち家,13000,東京都,pref,13,東京都,1988100000,1988年度,1988,00001|H1100,観測値|H1100_総住宅数,戸,4817600.0,4817600
housing_stock,住宅ストック・空き家・持ち家,13000,東京都,pref,13,東京都,1993100000,1993年度,1993,00001|H1100,観測値|H1100_総住宅数,戸,5299500.0,5299500
housing_stock,住宅ストック・空き家・持ち家,13000,東京都,pref,13,東京都,1998100000,1998年度,1998,00001|H1100,観測値|H1100_総住宅数,戸,5669500.0,5669500
housing_stock,住宅ストック・空き家・持ち家,13000,東京都,pref,13,東京都,2003100000,2003年度,2003,00001|H1100,観測値|H1100_総住宅数,戸,6186000.0,6186000
housing_stock,住宅ストック・空き家・持ち家,13000,東京都,pref,13,東京都,2008100000,2008年度,2008,00001|H1100,観測値|H1100_総住宅数,戸,6780500.0,6780500
housing_stock,住宅ストック・空き家・持ち家,13000,東京都,pref,13,東京都,2013100000,2013年度,2013,00001|H1100,観測値|H1100_総住宅数,戸,7359400.0,7359400
housing_stock,住宅ストック・空き家・持ち家,13000,東京都,pref,13,東京都,2018100000,2018年度,2018,00001|H1100,観測値|H1100_総住宅数,戸,7671600.0,7671600
housing_stock,住宅ストック・空き家・持ち家,13000,東京都,pref,13,東京都,2023100000,2023年度,2023,00001|H1100,観測値|H1100_総住宅数,戸,8201400.0,8201400
housing_stock,住宅ストック・空き家・持ち家,14000,神奈川県,pref,14,神奈川県,1978100000,1978年度,1978,00001|H1100,観測値|H1100_総住宅数,戸,2133500.0,2133500
housing_stock,住宅ストック・空き家・持ち家,14000,神奈川県,pref,14,神奈川県,1983100000,1983年度,1983,00001|H1100,観測値|H1100_総住宅数,戸,2374200.0,2374200
housing_stock,住宅ストック・空き家・持ち家,14000,神奈川県,pref,14,神奈川県,1988100000,1988年度,1988,00001|H1100,観測値|H1100_総住宅数,戸,2702800.0,2702800
housing_stock,住宅ストック・空き家・持ち家,14000,神奈川県,pref,14,神奈川県,1993100000,1993年度,1993,00001|H1100,観測値|H1100_総住宅数,戸,3073600.0,3073600
housing_stock,住宅ストック・空き家・持ち家,14000,神奈川県,pref,14,神奈川県,1998100000,1998年度,1998,00001|H1100,観測値|H1100_総住宅数,戸,3409100.0,3409100
housing_stock,住宅ストック・空き家・持ち家,14000,神奈川県,pref,14,神奈川県,2003100000,2003年度,2003,00001|H1100,観測値|H1100_総住宅数,戸,3752000.0,3752000
housing_stock,住宅ストック・空き家・持ち家,14000,神奈川県,pref,14,神奈川県,2008100000,2008年度,2008,00001|H1100,観測値|H1100_総住宅数,戸,4067800.0,4067800
housing_stock,住宅ストック・空き家・持ち家,14000,神奈川県,pref,14,神奈川県,2013100000,2013年度,2013,00001|H1100,観測値|H1100_総住宅数,戸,4350800.0,4350800
housing_stock,住宅ストック・空き家・持ち家,14000,神奈川県,pref,14,神奈川県,2018100000,2018年度,2018,00001|H1100,観測値|H1100_総住宅数,戸,4503500.0,4503500
housing_stock,住宅ストック・空き家・持ち家,14000,神奈川県,pref,14,神奈川県,2023100000,2023年度,2023,00001|H1100,観測値|H1100_総住宅数,戸,4765000.0,4765000
housing_stock,住宅ストック・空き家・持ち家,15000,新潟県,pref,15,新潟県,1978100000,1978年度,1978,00001|H1100,観測値|H1100_総住宅数,戸,636100.0,636100
housing_stock,住宅ストック・空き家・持ち家,15000,新潟県,pref,15,新潟県,1983100000,1983年度,1983,00001|H1100,観測値|H1100_総住宅数,戸,690900.0,690900
housing_stock,住宅ストック・空き家・持ち家,15000,新潟県,pref,15,新潟県,1988100000,1988年度,1988,00001|H1100,観測値|H1100_総住宅数,戸,726700.0,726700
housing_stock,住宅ストック・空き家・持ち家,15000,新潟県,pref,15,新潟県,1993100000,1993年度,1993,00001|H1100,観測値|H1100_総住宅数,戸,777300.0,777300
housing_stock,住宅ストック・空き家・持ち家,15000,新潟県,pref,15,新潟県,1998100000,1998年度,1998,00001|H1100,観測値|H1100_総住宅数,戸,843500.0,843500
housing_stock,住宅ストック・空き家・持ち家,15000,新潟県,pref,15,新潟県,2003100000,2003年度,2003,00001|H1100,観測値|H1100_総住宅数,戸,888000.0,888000
housing_stock,住宅ストック・空き家・持ち家,15000,新潟県,pref,15,新潟県,2008100000,2008年度,2008,00001|H1100,観測値|H1100_総住宅数,戸,929700.0,929700
housing_stock,住宅ストック・空き家・持ち家,15000,新潟県,pref,15,新潟県,2013100000,2013年度,2013,00001|H1100,観測値|H1100_総住宅数,戸,972300.0,972300
housing_stock,住宅ストック・空き家・持ち家,15000,新潟県,pref,15,新潟県,2018100000,2018年度,2018,00001|H1100,観測値|H1100_総住宅数,戸,994500.0,994500
housing_stock,住宅ストック・空き家・持ち家,15000,新潟県,pref,15,新潟県,2023100000,2023年度,2023,00001|H1100,観測値|H1100_総住宅数,戸,1015200.0,1015200
housing_stock,住宅ストック・空き家・持ち家,16000,富山県,pref,16,富山県,1978100000,1978年度,1978,00001|H1100,観測値|H1100_総住宅数,戸,289800.0,289800
housing_stock,住宅ストック・空き家・持ち家,16000,富山県,pref,16,富山県,1983100000,1983年度,1983,00001|H1100,観測値|H1100_総住宅数,戸,302100.0,302100
housing_stock,住宅ストック・空き家・持ち家,16000,富山県,pref,16,富山県,1988100000,1988年度,1988,00001|H1100,観測値|H1100_総住宅数,戸,317300.0,317300
housing_stock,住宅ストック・空き家・持ち家,16000,富山県,pref,16,富山県,1993100000,1993年度,1993,00001|H1100,観測値|H1100_総住宅数,戸,349300.0,349300
housing_stock,住宅ストック・空き家・持ち家,16000,富山県,pref,16,富山県,1998100000,1998年度,1998,00001|H1100,観測値|H1100_総住宅数,戸,379100.0,379100
housing_stock,住宅ストック・空き家・持ち家,16000,富山県,pref,16,富山県,2003100000,2003年度,2003,00001|H1100,観測値|H1100_総住宅数,戸,407700.0,407700
housing_stock,住宅ストック・空き家・持ち家,16000,富山県,pref,16,富山県,2008100000,2008年度,2008,00001|H1100,観測値|H1100_総住宅数,戸,424300.0,424300
housing_stock,住宅ストック・空き家・持ち家,16000,富山県,pref,16,富山県,2013100000,2013年度,2013,00001|H1100,観測値|H1100_総住宅数,戸,439000.0,439000
housing_stock,住宅ストック・空き家・持ち家,16000,富山県,pref,16,富山県,2018100000,2018年度,2018,00001|H1100,観測値|H1100_総住宅数,戸,452600.0,452600
housing_stock,住宅ストック・空き家・持ち家,16000,富山県,pref,16,富山県,2023100000,2023年度,2023,00001|H1100,観測値|H1100_総住宅数,戸,473900.0,473900
housing_stock,住宅ストック・空き家・持ち家,17000,石川県,pref,17,石川県,1978100000,1978年度,1978,00001|H1100,観測値|H1100_総住宅数,戸,310700.0,310700
housing_stock,住宅ストック・空き家・持ち家,17000,石川県,pref,17,石川県,1983100000,1983年度,1983,00001|H1100,観測値|H1100_総住宅数,戸,341400.0,341400
housing_stock,住宅ストック・空き家・持ち家,17000,石川県,pref,17,石川県,1988100000,1988年度,1988,00001|H1100,観測値|H1100_総住宅数,戸,368400.0,368400
housing_stock,住宅ストック・空き家・持ち家,17000,石川県,pref,17,石川県,1993100000,1993年度,1993,00001|H1100,観測値|H1100_総住宅数,戸,400900.0,400900
housing_stock,住宅ストック・空き家・持ち家,17000,石川県,pref,17,石川県,1998100000,1998年度,1998,00001|H1100,観測値|H1100_総住宅数,戸,441000.0,441000
housing_stock,住宅ストック・空き家・持ち家,17000,石川県,pref,17,石川県,2003100000,2003年度,2003,00001|H1100,観測値|H1100_総住宅数,戸,470500.0,470500
housing_stock,住宅ストック・空き家・持ち家,17000,石川県,pref,17,石川県,2008100000,2008年度,2008,00001|H1100,観測値|H1100_総住宅数,戸,498000.0,498000
housing_stock,住宅ストック・空き家・持ち家,17000,石川県,pref,17,石川県,2013100000,2013年度,2013,00001|H1100,観測値|H1100_総住宅数,戸,520400.0,520400
housing_stock,住宅ストック・空き家・持ち家,17000,石川県,pref,17,石川県,2018100000,2018年度,2018,00001|H1100,観測値|H1100_総住宅数,戸,535800.0,535800
housing_stock,住宅ストック・空き家・持ち家,17000,石川県,pref,17,石川県,2023100000,2023年度,2023,00001|H1100,観測値|H1100_総住宅数,戸,554000.0,554000
housing_stock,住宅ストック・空き家・持ち家,18000,福井県,pref,18,福井県,1978100000,1978年度,1978,00001|H1100,観測値|H1100_総住宅数,戸,210600.0,210600
housing_stock,住宅ストック・空き家・持ち家,18000,福井県,pref,18,福井県,1983100000,1983年度,1983,00001|H1100,観測値|H1100_総住宅数,戸,221800.0,221800
housing_stock,住宅ストック・空き家・持ち家,18000,福井県,pref,18,福井県,1988100000,1988年度,1988,00001|H1100,観測値|H1100_総住宅数,戸,237700.0,237700
housing_stock,住宅ストック・空き家・持ち家,18000,福井県,pref,18,福井県,1993100000,1993年度,1993,00001|H1100,観測値|H1100_総住宅数,戸,250900.0,250900
housing_stock,住宅ストック・空き家・持ち家,18000,福井県,pref,18,福井県,1998100000,1998年度,1998,00001|H1100,観測値|H1100_総住宅数,戸,274800.0,274800
housing_stock,住宅ストック・空き家・持ち家,18000,福井県,pref,18,福井県,2003100000,2003年度,2003,00001|H1100,観測値|H1100_総住宅数,戸,293000.0,293000
housing_stock,住宅ストック・空き家・持ち家,18000,福井県,pref,18,福井県,2008100000,2008年度,2008,00001|H1100,観測値|H1100_総住宅数,戸,308700.0,308700
housing_stock,住宅ストック・空き家・持ち家,18000,福井県,pref,18,福井県,2013100000,2013年度,2013,00001|H1100,観測値|H1100_総住宅数,戸,309600.0,309600
housing_stock,住宅ストック・空き家・持ち家,18000,福井県,pref,18,福井県,2018100000,2018年度,2018,00001|H1100,観測値|H1100_総住宅数,戸,325400.0,325400
housing_stock,住宅ストック・空き家・持ち家,18000,福井県,pref,18,福井県,2023100000,2023年度,2023,00001|H1100,観測値|H1100_総住宅数,戸,341400.0,341400
housing_stock,住宅ストック・空き家・持ち家,19000,山梨県,pref,19,山梨県,1978100000,1978年度,1978,00001|H1100,観測値|H1100_総住宅数,戸,229600.0,229600
housing_stock,住宅ストック・空き家・持ち家,19000,山梨県,pref,19,山梨県,1983100000,1983年度,1983,00001|H1100,観測値|H1100_総住宅数,戸,252700.0,252700
housing_stock,住宅ストック・空き家・持ち家,19000,山梨県,pref,19,山梨県,1988100000,1988年度,1988,00001|H1100,観測値|H1100_総住宅数,戸,277500.0,277500
housing_stock,住宅ストック・空き家・持ち家,19000,山梨県,pref,19,山梨県,1993100000,1993年度,1993,00001|H1100,観測値|H1100_総住宅数,戸,313700.0,313700
housing_stock,住宅ストック・空き家・持ち家,19000,山梨県,pref,19,山梨県,1998100000,1998年度,1998,00001|H1100,観測値|H1100_総住宅数,戸,353800.0,353800
housing_stock,住宅ストック・空き家・持ち家,19000,山梨県,pref,19,山梨県,2003100000,2003年度,2003,00001|H1100,観測値|H1100_総住宅数,戸,380300.0,380300
housing_stock,住宅ストック・空き家・持ち家,19000,山梨県,pref,19,山梨県,2008100000,2008年度,2008,00001|H1100,観測値|H1100_総住宅数,戸,398300.0,398300
housing_stock,住宅ストック・空き家・持ち家,19000,山梨県,pref,19,山梨県,2013100000,2013年度,2013,00001|H1100,観測値|H1100_総住宅数,戸,422100.0,422100
housing_stock,住宅ストック・空き家・持ち家,19000,山梨県,pref,19,山梨県,2018100000,2018年度,2018,00001|H1100,観測値|H1100_総住宅数,戸,422000.0,422000
housing_stock,住宅ストック・空き家・持ち家,19000,山梨県,pref,19,山梨県,2023100000,2023年度,2023,00001|H1100,観測値|H1100_総住宅数,戸,427000.0,427000
housing_stock,住宅ストック・空き家・持ち家,20000,長野県,pref,20,長野県,1978100000,1978年度,1978,00001|H1100,観測値|H1100_総住宅数,戸,596900.0,596900
housing_stock,住宅ストック・空き家・持ち家,20000,長野県,pref,20,長野県,1983100000,1983年度,1983,00001|H1100,観測値|H1100_総住宅数,戸,647400.0,647400
housing_stock,住宅ストック・空き家・持ち家,20000,長野県,pref,20,長野県,1988100000,1988年度,1988,00001|H1100,観測値|H1100_総住宅数,戸,697500.0,697500
housing_stock,住宅ストック・空き家・持ち家,20000,長野県,pref,20,長野県,1993100000,1993年度,1993,00001|H1100,観測値|H1100_総住宅数,戸,749900.0,749900
housing_stock,住宅ストック・空き家・持ち家,20000,長野県,pref,20,長野県,1998100000,1998年度,1998,00001|H1100,観測値|H1100_総住宅数,戸,850400.0,850400
housing_stock,住宅ストック・空き家・持ち家,20000,長野県,pref,20,長野県,2003100000,2003年度,2003,00001|H1100,観測値|H1100_総住宅数,戸,890800.0,890800
housing_stock,住宅ストック・空き家・持ち家,20000,長野県,pref,20,長野県,2008100000,2008年度,2008,00001|H1100,観測値|H1100_総住宅数,戸,946300.0,946300
housing_stock,住宅ストック・空き家・持ち家,20000,長野県,pref,20,長野県,2013100000,2013年度,2013,00001|H1100,観測値|H1100_総住宅数,戸,982200.0,982200
housing_stock,住宅ストック・空き家・持ち家,20000,長野県,pref,20,長野県,2018100000,2018年度,2018,00001|H1100,観測値|H1100_総住宅数,戸,1007900.0,1007900
housing_stock,住宅ストック・空き家・持ち家,20000,長野県,pref,20,長野県,2023100000,2023年度,2023,00001|H1100,観測値|H1100_総住宅数,戸,1039600.0,1039600
housing_stock,住宅ストック・空き家・持ち家,21000,岐阜県,pref,21,岐阜県,1978100000,1978年度,1978,00001|H1100,観測値|H1100_総住宅数,戸,535300.0,535300
housing_stock,住宅ストック・空き家・持ち家,21000,岐阜県,pref,21,岐阜県,1983100000,1983年度,1983,00001|H1100,観測値|H1100_総住宅数,戸,577600.0,577600
housing_stock,住宅ストック・空き家・持ち家,21000,岐阜県,pref,21,岐阜県,1988100000,1988年度,1988,00001|H1100,観測値|H1100_総住宅数,戸,617700.0,617700
housing_stock,住宅ストック・空き家・持ち家,21000,岐阜県,pref,21,岐阜県,1993100000,1993年度,1993,00001|H1100,観測値|H1100_総住宅数,戸,671900.0,671900
housing_stock,住宅ストック・空き家・持ち家,21000,岐阜県,pref,21,岐阜県,1998100000,1998年度,1998,00001|H1100,観測値|H1100_総住宅数,戸,741100.0,741100
housing_stock,住宅ストック・空き家・持ち家,21000,岐阜県,pref,21,岐阜県,2003100000,2003年度,2003,00001|H1100,観測値|H1100_総住宅数,戸,782900.0,782900
housing_stock,住宅ストック・空き家・持ち家,21000,岐阜県,pref,21,岐阜県,2008100000,2008年度,2008,00001|H1100,観測値|H1100_総住宅数,戸,835700.0,835700
housing_stock,住宅ストック・空き家・持ち家,21000,岐阜県,pref,21,岐阜県,2013100000,2013年度,2013,00001|H1100,観測値|H1100_総住宅数,戸,878400.0,878400
housing_stock,住宅ストック・空き家・持ち家,21000,岐阜県,pref,21,岐阜県,2018100000,2018年度,2018,00001|H1100,観測値|H1100_総住宅数,戸,893900.0,893900
housing_stock,住宅ストック・空き家・持ち家,21000,岐阜県,pref,21,岐阜県,2023100000,2023年度,2023,00001|H1100,観測値|H1100_総住宅数,戸,924100.0,924100
housing_stock,住宅ストック・空き家・持ち家,22000,静岡県,pref,22,静岡県,1978100000,1978年度,1978,00001|H1100,観測値|H1100_総住宅数,戸,970300.0,970300
housing_stock,住宅ストック・空き家・持ち家,22000,静岡県,pref,22,静岡県,1983100000,1983年度,1983,00001|H1100,観測値|H1100_総住宅数,戸,1050600.0,1050600
housing_stock,住宅ストック・空き家・持ち家,22000,静岡県,pref,22,静岡県,1988100000,1988年度,1988,00001|H1100,観測値|H1100_総住宅数,戸,1145300.0,1145300
housing_stock,住宅ストック・空き家・持ち家,22000,静岡県,pref,22,静岡県,1993100000,1993年度,1993,00001|H1100,観測値|H1100_総住宅数,戸,1248000.0,1248000
housing_stock,住宅ストック・空き家・持ち家,22000,静岡県,pref,22,静岡県,1998100000,1998年度,1998,00001|H1100,観測値|H1100_総住宅数,戸,1388100.0,1388100
housing_stock,住宅ストック・空き家・持ち家,22000,静岡県,pref,22,静岡県,2003100000,2003年度,2003,00001|H1100,観測値|H1100_総住宅数,戸,1487300.0,1487300
housing_stock,住宅ストック・空き家・持ち家,22000,静岡県,pref,22,静岡県,2008100000,2008年度,2008,00001|H1100,観測値|H1100_総住宅数,戸,1597900.0,1597900
housing_stock,住宅ストック・空き家・持ち家,22000,静岡県,pref,22,静岡県,2013100000,2013年度,2013,00001|H1100,観測値|H1100_総住宅数,戸,1659300.0,1659300
housing_stock,住宅ストック・空き家・持ち家,22000,静岡県,pref,22,静岡県,2018100000,2018年度,2018,00001|H1100,観測値|H1100_総住宅数,戸,1714700.0,1714700
housing_stock,住宅ストック・空き家・持ち家,22000,静岡県,pref,22,静岡県,2023100000,2023年度,2023,00001|H1100,観測値|H1100_総住宅数,戸,1774100.0,1774100
housing_stock,住宅ストック・空き家・持ち家,23000,愛知県,pref,23,愛知県,1978100000,1978年度,1978,00001|H1100,観測値|H1100_総住宅数,戸,1842500.0,1842500
housing_stock,住宅ストック・空き家・持ち家,23000,愛知県,pref,23,愛知県,1983100000,1983年度,1983,00001|H1100,観測値|H1100_総住宅数,戸,1994100.0,1994100
housing_stock,住宅ストック・空き家・持ち家,23000,愛知県,pref,23,愛知県,1988100000,1988年度,1988,00001|H1100,観測値|H1100_総住宅数,戸,2181700.0,2181700
housing_stock,住宅ストック・空き家・持ち家,23000,愛知県,pref,23,愛知県,1993100000,1993年度,1993,00001|H1100,観測値|H1100_総住宅数,戸,2414300.0,2414300
housing_stock,住宅ストック・空き家・持ち家,23000,愛知県,pref,23,愛知県,1998100000,1998年度,1998,00001|H1100,観測値|H1100_総住宅数,戸,2681000.0,2681000
housing_stock,住宅ストック・空き家・持ち家,23000,愛知県,pref,23,愛知県,2003100000,2003年度,2003,00001|H1100,観測値|H1100_総住宅数,戸,2898800.0,2898800
housing_stock,住宅ストック・空き家・持ち家,23000,愛知県,pref,23,愛知県,2008100000,2008年度,2008,00001|H1100,観測値|H1100_総住宅数,戸,3132900.0,3132900
housing_stock,住宅ストック・空き家・持ち家,23000,愛知県,pref,23,愛知県,2013100000,2013年度,2013,00001|H1100,観測値|H1100_総住宅数,戸,3439000.0,3439000
housing_stock,住宅ストック・空き家・持ち家,23000,愛知県,pref,23,愛知県,2018100000,2018年度,2018,00001|H1100,観測値|H1100_総住宅数,戸,3481800.0,3481800
housing_stock,住宅ストック・空き家・持ち家,23000,愛知県,pref,23,愛知県,2023100000,2023年度,2023,00001|H1100,観測値|H1100_総住宅数,戸,3664700.0,3664700
housing_stock,住宅ストック・空き家・持ち家,24000,三重県,pref,24,三重県,1978100000,1978年度,1978,00001|H1100,観測値|H1100_総住宅数,戸,477300.0,477300
housing_stock,住宅ストック・空き家・持ち家,24000,三重県,pref,24,三重県,1983100000,1983年度,1983,00001|H1100,観測値|H1100_総住宅数,戸,518300.0,518300
housing_stock,住宅ストック・空き家・持ち家,24000,三重県,pref,24,三重県,1988100000,1988年度,1988,00001|H1100,観測値|H1100_総住宅数,戸,558500.0,558500
housing_stock,住宅ストック・空き家・持ち家,24000,三重県,pref,24,三重県,1993100000,1993年度,1993,00001|H1100,観測値|H1100_総住宅数,戸,610300.0,610300
housing_stock,住宅ストック・空き家・持ち家,24000,三重県,pref,24,三重県,1998100000,1998年度,1998,00001|H1100,観測値|H1100_総住宅数,戸,687000.0,687000
housing_stock,住宅ストック・空き家・持ち家,24000,三重県,pref,24,三重県,2003100000,2003年度,2003,00001|H1100,観測値|H1100_総住宅数,戸,738700.0,738700
housing_stock,住宅ストック・空き家・持ち家,24000,三重県,pref,24,三重県,2008100000,2008年度,2008,00001|H1100,観測値|H1100_総住宅数,戸,791000.0,791000
housing_stock,住宅ストック・空き家・持ち家,24000,三重県,pref,24,三重県,2013100000,2013年度,2013,00001|H1100,観測値|H1100_総住宅数,戸,831200.0,831200
housing_stock,住宅ストック・空き家・持ち家,24000,三重県,pref,24,三重県,2018100000,2018年度,2018,00001|H1100,観測値|H1100_総住宅数,戸,853700.0,853700
housing_stock,住宅ストック・空き家・持ち家,24000,三重県,pref,24,三重県,2023100000,2023年度,2023,00001|H1100,観測値|H1100_総住宅数,戸,873500.0,873500
housing_stock,住宅ストック・空き家・持ち家,25000,滋賀県,pref,25,滋賀県,1978100000,1978年度,1978,00001|H1100,観測値|H1100_総住宅数,戸,293500.0,293500
housing_stock,住宅ストック・空き家・持ち家,25000,滋賀県,pref,25,滋賀県,1983100000,1983年度,1983,00001|H1100,観測値|H1100_総住宅数,戸,321800.0,321800
housing_stock,住宅ストック・空き家・持ち家,25000,滋賀県,pref,25,滋賀県,1988100000,1988年度,1988,00001|H1100,観測値|H1100_総住宅数,戸,353300.0,353300
housing_stock,住宅ストック・空き家・持ち家,25000,滋賀県,pref,25,滋賀県,1993100000,1993年度,1993,00001|H1100,観測値|H1100_総住宅数,戸,391900.0,391900
housing_stock,住宅ストック・空き家・持ち家,25000,滋賀県,pref,25,滋賀県,1998100000,1998年度,1998,00001|H1100,観測値|H1100_総住宅数,戸,458700.0,458700
housing_stock,住宅ストック・空き家・持ち家,25000,滋賀県,pref,25,滋賀県,2003100000,2003年度,2003,00001|H1100,観測値|H1100_総住宅数,戸,504100.0,504100
housing_stock,住宅ストック・空き家・持ち家,25000,滋賀県,pref,25,滋賀県,2008100000,2008年度,2008,00001|H1100,観測値|H1100_総住宅数,戸,567600.0,567600
housing_stock,住宅ストック・空き家・持ち家,25000,滋賀県,pref,25,滋賀県,2013100000,2013年度,2013,00001|H1100,観測値|H1100_総住宅数,戸,602500.0,602500
housing_stock,住宅ストック・空き家・持ち家,25000,滋賀県,pref,25,滋賀県,2018100000,2018年度,2018,00001|H1100,観測値|H1100_総住宅数,戸,626000.0,626000
housing_stock,住宅ストック・空き家・持ち家,25000,滋賀県,pref,25,滋賀県,2023100000,2023年度,2023,00001|H1100,観測値|H1100_総住宅数,戸,664200.0,664200
housing_stock,住宅ストック・空き家・持ち家,26000,京都府,pref,26,京都府,1978100000,1978年度,1978,00001|H1100,観測値|H1100_総住宅数,戸,788600.0,788600
housing_stock,住宅ストック・空き家・持ち家,26000,京都府,pref,26,京都府,1983100000,1983年度,1983,00001|H1100,観測値|H1100_総住宅数,戸,885800.0,885800
housing_stock,住宅ストック・空き家・持ち家,26000,京都府,pref,26,京都府,1988100000,1988年度,1988,00001|H1100,観測値|H1100_総住宅数,戸,959800.0,959800
housing_stock,住宅ストック・空き家・持ち家,26000,京都府,pref,26,京都府,1993100000,1993年度,1993,00001|H1100,観測値|H1100_総住宅数,戸,1023000.0,1023000
housing_stock,住宅ストック・空き家・持ち家,26000,京都府,pref,26,京都府,1998100000,1998年度,1998,00001|H1100,観測値|H1100_総住宅数,戸,1110900.0,1110900
housing_stock,住宅ストック・空き家・持ち家,26000,京都府,pref,26,京都府,2003100000,2003年度,2003,00001|H1100,観測値|H1100_総住宅数,戸,1201100.0,1201100
housing_stock,住宅ストック・空き家・持ち家,26000,京都府,pref,26,京都府,2008100000,2008年度,2008,00001|H1100,観測値|H1100_総住宅数,戸,1270200.0,1270200
housing_stock,住宅ストック・空き家・持ち家,26000,京都府,pref,26,京都府,2013100000,2013年度,2013,00001|H1100,観測値|H1100_総住宅数,戸,1320300.0,1320300
housing_stock,住宅ストック・空き家・持ち家,26000,京都府,pref,26,京都府,2018100000,2018年度,2018,00001|H1100,観測値|H1100_総住宅数,戸,1338300.0,1338300
housing_stock,住宅ストック・空き家・持ち家,26000,京都府,pref,26,京都府,2023100000,2023年度,2023,00001|H1100,観測値|H1100_総住宅数,戸,1372200.0,1372200
housing_stock,住宅ストック・空き家・持ち家,27000,大阪府,pref,27,大阪府,1978100000,1978年度,1978,00001|H1100,観測値|H1100_総住宅数,戸,2848800.0,2848800
housing_stock,住宅ストック・空き家・持ち家,27000,大阪府,pref,27,大阪府,1983100000,1983年度,1983,00001|H1100,観測値|H1100_総住宅数,戸,3053700.0,3053700
housing_stock,住宅ストック・空き家・持ち家,27000,大阪府,pref,27,大阪府,1988100000,1988年度,1988,00001|H1100,観測値|H1100_総住宅数,戸,3301600.0,3301600
housing_stock,住宅ストック・空き家・持ち家,27000,大阪府,pref,27,大阪府,1993100000,1993年度,1993,00001|H1100,観測値|H1100_総住宅数,戸,3497600.0,3497600
housing_stock,住宅ストック・空き家・持ち家,27000,大阪府,pref,27,大阪府,1998100000,1998年度,1998,00001|H1100,観測値|H1100_総住宅数,戸,3852500.0,3852500
housing_stock,住宅ストック・空き家・持ち家,27000,大阪府,pref,27,大阪府,2003100000,2003年度,2003,00001|H1100,観測値|H1100_総住宅数,戸,4130800.0,4130800
housing_stock,住宅ストック・空き家・持ち家,27000,大阪府,pref,27,大阪府,2008100000,2008年度,2008,00001|H1100,観測値|H1100_総住宅数,戸,4346000.0,4346000
housing_stock,住宅ストック・空き家・持ち家,27000,大阪府,pref,27,大阪府,2013100000,2013年度,2013,00001|H1100,観測値|H1100_総住宅数,戸,4586000.0,4586000
housing_stock,住宅ストック・空き家・持ち家,27000,大阪府,pref,27,大阪府,2018100000,2018年度,2018,00001|H1100,観測値|H1100_総住宅数,戸,4680200.0,4680200
housing_stock,住宅ストック・空き家・持ち家,27000,大阪府,pref,27,大阪府,2023100000,2023年度,2023,00001|H1100,観測値|H1100_総住宅数,戸,4928600.0,4928600
housing_stock,住宅ストック・空き家・持ち家,28000,兵庫県,pref,28,兵庫県,1978100000,1978年度,1978,00001|H1100,観測値|H1100_総住宅数,戸,1615300.0,1615300
housing_stock,住宅ストック・空き家・持ち家,28000,兵庫県,pref,28,兵庫県,1983100000,1983年度,1983,00001|H1100,観測値|H1100_総住宅数,戸,1738100.0,1738100
housing_stock,住宅ストック・空き家・持ち家,28000,兵庫県,pref,28,兵庫県,1988100000,1988年度,1988,00001|H1100,観測値|H1100_総住宅数,戸,1862700.0,1862700
housing_stock,住宅ストック・空き家・持ち家,28000,兵庫県,pref,28,兵庫県,1993100000,1993年度,1993,00001|H1100,観測値|H1100_総住宅数,戸,2019300.0,2019300
housing_stock,住宅ストック・空き家・持ち家,28000,兵庫県,pref,28,兵庫県,1998100000,1998年度,1998,00001|H1100,観測値|H1100_総住宅数,戸,2214300.0,2214300
housing_stock,住宅ストック・空き家・持ち家,28000,兵庫県,pref,28,兵庫県,2003100000,2003年度,2003,00001|H1100,観測値|H1100_総住宅数,戸,2380400.0,2380400
housing_stock,住宅ストック・空き家・持ち家,28000,兵庫県,pref,28,兵庫県,2008100000,2008年度,2008,00001|H1100,観測値|H1100_総住宅数,戸,2520700.0,2520700
housing_stock,住宅ストック・空き家・持ち家,28000,兵庫県,pref,28,兵庫県,2013100000,2013年度,2013,00001|H1100,観測値|H1100_総住宅数,戸,2733700.0,2733700
housing_stock,住宅ストック・空き家・持ち家,28000,兵庫県,pref,28,兵庫県,2018100000,2018年度,2018,00001|H1100,観測値|H1100_総住宅数,戸,2680900.0,2680900
housing_stock,住宅ストック・空き家・持ち家,28000,兵庫県,pref,28,兵庫県,2023100000,2023年度,2023,00001|H1100,観測値|H1100_総住宅数,戸,2798000.0,2798000
housing_stock,住宅ストック・空き家・持ち家,29000,奈良県,pref,29,奈良県,1978100000,1978年度,1978,00001|H1100,観測値|H1100_総住宅数,戸,331900.0,331900
housing_stock,住宅ストック・空き家・持ち家,29000,奈良県,pref,29,奈良県,1983100000,1983年度,1983,00001|H1100,観測値|H1100_総住宅数,戸,374300.0,374300
housing_stock,住宅ストック・空き家・持ち家,29000,奈良県,pref,29,奈良県,1988100000,1988年度,1988,00001|H1100,観測値|H1100_総住宅数,戸,418100.0,418100
housing_stock,住宅ストック・空き家・持ち家,29000,奈良県,pref,29,奈良県,1993100000,1993年度,1993,00001|H1100,観測値|H1100_総住宅数,戸,473100.0,473100
housing_stock,住宅ストック・空き家・持ち家,29000,奈良県,pref,29,奈良県,1998100000,1998年度,1998,00001|H1100,観測値|H1100_総住宅数,戸,525800.0,525800
housing_stock,住宅ストック・空き家・持ち家,29000,奈良県,pref,29,奈良県,2003100000,2003年度,2003,00001|H1100,観測値|H1100_総住宅数,戸,562200.0,562200
housing_stock,住宅ストック・空き家・持ち家,29000,奈良県,pref,29,奈良県,2008100000,2008年度,2008,00001|H1100,観測値|H1100_総住宅数,戸,592600.0,592600
housing_stock,住宅ストック・空き家・持ち家,29000,奈良県,pref,29,奈良県,2013100000,2013年度,2013,00001|H1100,観測値|H1100_総住宅数,戸,615000.0,615000
housing_stock,住宅ストック・空き家・持ち家,29000,奈良県,pref,29,奈良県,2018100000,2018年度,2018,00001|H1100,観測値|H1100_総住宅数,戸,617600.0,617600
housing_stock,住宅ストック・空き家・持ち家,29000,奈良県,pref,29,奈良県,2023100000,2023年度,2023,00001|H1100,観測値|H1100_総住宅数,戸,639500.0,639500
housing_stock,住宅ストック・空き家・持ち家,30000,和歌山県,pref,30,和歌山県,1978100000,1978年度,1978,00001|H1100,観測値|H1100_総住宅数,戸,349400.0,349400
housing_stock,住宅ストック・空き家・持ち家,30000,和歌山県,pref,30,和歌山県,1983100000,1983年度,1983,00001|H1100,観測値|H1100_総住宅数,戸,364300.0,364300
housing_stock,住宅ストック・空き家・持ち家,30000,和歌山県,pref,30,和歌山県,1988100000,1988年度,1988,00001|H1100,観測値|H1100_総住宅数,戸,383400.0,383400
housing_stock,住宅ストック・空き家・持ち家,30000,和歌山県,pref,30,和歌山県,1993100000,1993年度,1993,00001|H1100,観測値|H1100_総住宅数,戸,400700.0,400700
housing_stock,住宅ストック・空き家・持ち家,30000,和歌山県,pref,30,和歌山県,1998100000,1998年度,1998,00001|H1100,観測値|H1100_総住宅数,戸,431200.0,431200
housing_stock,住宅ストック・空き家・持ち家,30000,和歌山県,pref,30,和歌山県,2003100000,2003年度,2003,00001|H1100,観測値|H1100_総住宅数,戸,459000.0,459000
housing_stock,住宅ストック・空き家・持ち家,30000,和歌山県,pref,30,和歌山県,2008100000,2008年度,2008,00001|H1100,観測値|H1100_総住宅数,戸,467900.0,467900
housing_stock,住宅ストック・空き家・持ち家,30000,和歌山県,pref,30,和歌山県,2013100000,2013年度,2013,00001|H1100,観測値|H1100_総住宅数,戸,475900.0,475900
housing_stock,住宅ストック・空き家・持ち家,30000,和歌山県,pref,30,和歌山県,2018100000,2018年度,2018,00001|H1100,観測値|H1100_総住宅数,戸,485200.0,485200
housing_stock,住宅ストック・空き家・持ち家,30000,和歌山県,pref,30,和歌山県,2023100000,2023年度,2023,00001|H1100,観測値|H1100_総住宅数,戸,495600.0,495600
housing_stock,住宅ストック・空き家・持ち家,31000,鳥取県,pref,31,鳥取県,1978100000,1978年度,1978,00001|H1100,観測値|H1100_総住宅数,戸,165300.0,165300
housing_stock,住宅ストック・空き家・持ち家,31000,鳥取県,pref,31,鳥取県,1983100000,1983年度,1983,00001|H1100,観測値|H1100_総住宅数,戸,180200.0,180200
housing_stock,住宅ストック・空き家・持ち家,31000,鳥取県,pref,31,鳥取県,1988100000,1988年度,1988,00001|H1100,観測値|H1100_総住宅数,戸,189800.0,189800
housing_stock,住宅ストック・空き家・持ち家,31000,鳥取県,pref,31,鳥取県,1993100000,1993年度,1993,00001|H1100,観測値|H1100_総住宅数,戸,201200.0,201200
housing_stock,住宅ストック・空き家・持ち家,31000,鳥取県,pref,31,鳥取県,1998100000,1998年度,1998,00001|H1100,観測値|H1100_総住宅数,戸,214800.0,214800
housing_stock,住宅ストック・空き家・持ち家,31000,鳥取県,pref,31,鳥取県,2003100000,2003年度,2003,00001|H1100,観測値|H1100_総住宅数,戸,231300.0,231300
housing_stock,住宅ストック・空き家・持ち家,31000,鳥取県,pref,31,鳥取県,2008100000,2008年度,2008,00001|H1100,観測値|H1100_総住宅数,戸,247200.0,247200
housing_stock,住宅ストック・空き家・持ち家,31000,鳥取県,pref,31,鳥取県,2013100000,2013年度,2013,00001|H1100,観測値|H1100_総住宅数,戸,250100.0,250100
housing_stock,住宅ストック・空き家・持ち家,31000,鳥取県,pref,31,鳥取県,2018100000,2018年度,2018,00001|H1100,観測値|H1100_総住宅数,戸,256600.0,256600
housing_stock,住宅ストック・空き家・持ち家,31000,鳥取県,pref,31,鳥取県,2023100000,2023年度,2023,00001|H1100,観測値|H1100_総住宅数,戸,262300.0,262300
housing_stock,住宅ストック・空き家・持ち家,32000,島根県,pref,32,島根県,1978100000,1978年度,1978,00001|H1100,観測値|H1100_総住宅数,戸,223500.0,223500
housing_stock,住宅ストック・空き家・持ち家,32000,島根県,pref,32,島根県,1983100000,1983年度,1983,00001|H1100,観測値|H1100_総住宅数,戸,233300.0,233300
housing_stock,住宅ストック・空き家・持ち家,32000,島根県,pref,32,島根県,1988100000,1988年度,1988,00001|H1100,観測値|H1100_総住宅数,戸,245800.0,245800
housing_stock,住宅ストック・空き家・持ち家,32000,島根県,pref,32,島根県,1993100000,1993年度,1993,00001|H1100,観測値|H1100_総住宅数,戸,254300.0,254300
housing_stock,住宅ストック・空き家・持ち家,32000,島根県,pref,32,島根県,1998100000,1998年度,1998,00001|H1100,観測値|H1100_総住宅数,戸,277400.0,277400
housing_stock,住宅ストック・空き家・持ち家,32000,島根県,pref,32,島根県,2003100000,2003年度,2003,00001|H1100,観測値|H1100_総住宅数,戸,283500.0,283500
housing_stock,住宅ストック・空き家・持ち家,32000,島根県,pref,32,島根県,2008100000,2008年度,2008,00001|H1100,観測値|H1100_総住宅数,戸,295800.0,295800
housing_stock,住宅ストック・空き家・持ち家,32000,島根県,pref,32,島根県,2013100000,2013年度,2013,00001|H1100,観測値|H1100_総住宅数,戸,304200.0,304200
housing_stock,住宅ストック・空き家・持ち家,32000,島根県,pref,32,島根県,2018100000,2018年度,2018,00001|H1100,観測値|H1100_総住宅数,戸,314200.0,314200
housing_stock,住宅ストック・空き家・持ち家,32000,島根県,pref,32,島根県,2023100000,2023年度,2023,00001|H1100,観測値|H1100_総住宅数,戸,320300.0,320300
housing_stock,住宅ストック・空き家・持ち家,33000,岡山県,pref,33,岡山県,1978100000,1978年度,1978,00001|H1100,観測値|H1100_総住宅数,戸,556500.0,556500
housing_stock,住宅ストック・空き家・持ち家,33000,岡山県,pref,33,岡山県,1983100000,1983年度,1983,00001|H1100,観測値|H1100_総住宅数,戸,594600.0,594600
housing_stock,住宅ストック・空き家・持ち家,33000,岡山県,pref,33,岡山県,1988100000,1988年度,1988,00001|H1100,観測値|H1100_総住宅数,戸,647300.0,647300
housing_stock,住宅ストック・空き家・持ち家,33000,岡山県,pref,33,岡山県,1993100000,1993年度,1993,00001|H1100,観測値|H1100_総住宅数,戸,692500.0,692500
housing_stock,住宅ストック・空き家・持ち家,33000,岡山県,pref,33,岡山県,1998100000,1998年度,1998,00001|H1100,観測値|H1100_総住宅数,戸,759000.0,759000
housing_stock,住宅ストック・空き家・持ち家,33000,岡山県,pref,33,岡山県,2003100000,2003年度,2003,00001|H1100,観測値|H1100_総住宅数,戸,803700.0,803700
housing_stock,住宅ストック・空き家・持ち家,33000,岡山県,pref,33,岡山県,2008100000,2008年度,2008,00001|H1100,観測値|H1100_総住宅数,戸,866600.0,866600
housing_stock,住宅ストック・空き家・持ち家,33000,岡山県,pref,33,岡山県,2013100000,2013年度,2013,00001|H1100,観測値|H1100_総住宅数,戸,885300.0,885300
housing_stock,住宅ストック・空き家・持ち家,33000,岡山県,pref,33,岡山県,2018100000,2018年度,2018,00001|H1100,観測値|H1100_総住宅数,戸,916300.0,916300
housing_stock,住宅ストック・空き家・持ち家,33000,岡山県,pref,33,岡山県,2023100000,2023年度,2023,00001|H1100,観測値|H1100_総住宅数,戸,955400.0,955400
housing_stock,住宅ストック・空き家・持ち家,34000,広島県,pref,34,広島県,1978100000,1978年度,1978,00001|H1100,観測値|H1100_総住宅数,戸,864600.0,864600
housing_stock,住宅ストック・空き家・持ち家,34000,広島県,pref,34,広島県,1983100000,1983年度,1983,00001|H1100,観測値|H1100_総住宅数,戸,935400.0,935400
housing_stock,住宅ストック・空き家・持ち家,34000,広島県,pref,34,広島県,1988100000,1988年度,1988,00001|H1100,観測値|H1100_総住宅数,戸,1015200.0,1015200
housing_stock,住宅ストック・空き家・持ち家,34000,広島県,pref,34,広島県,1993100000,1993年度,1993,00001|H1100,観測値|H1100_総住宅数,戸,1105600.0,1105600
housing_stock,住宅ストック・空き家・持ち家,34000,広島県,pref,34,広島県,1998100000,1998年度,1998,00001|H1100,観測値|H1100_総住宅数,戸,1198300.0,1198300
housing_stock,住宅ストック・空き家・持ち家,34000,広島県,pref,34,広島県,2003100000,2003年度,2003,00001|H1100,観測値|H1100_総住宅数,戸,1271800.0,1271800
housing_stock,住宅ストック・空き家・持ち家,34000,広島県,pref,34,広島県,2008100000,2008年度,2008,00001|H1100,観測値|H1100_総住宅数,戸,1356200.0,1356200
housing_stock,住宅ストック・空き家・持ち家,34000,広島県,pref,34,広島県,2013100000,2013年度,2013,00001|H1100,観測値|H1100_総住宅数,戸,1393500.0,1393500
housing_stock,住宅ストック・空き家・持ち家,34000,広島県,pref,34,広島県,2018100000,2018年度,2018,00001|H1100,観測値|H1100_総住宅数,戸,1430700.0,1430700
housing_stock,住宅ストック・空き家・持ち家,34000,広島県,pref,34,広島県,2023100000,2023年度,2023,00001|H1100,観測値|H1100_総住宅数,戸,1465500.0,1465500
housing_stock,住宅ストック・空き家・持ち家,35000,山口県,pref,35,山口県,1978100000,1978年度,1978,00001|H1100,観測値|H1100_総住宅数,戸,497700.0,497700
housing_stock,住宅ストック・空き家・持ち家,35000,山口県,pref,35,山口県,1983100000,1983年度,1983,00001|H1100,観測値|H1100_総住宅数,戸,532400.0,532400
housing_stock,住宅ストック・空き家・持ち家,35000,山口県,pref,35,山口県,1988100000,1988年度,1988,00001|H1100,観測値|H1100_総住宅数,戸,565800.0,565800
housing_stock,住宅ストック・空き家・持ち家,35000,山口県,pref,35,山口県,1993100000,1993年度,1993,00001|H1100,観測値|H1100_総住宅数,戸,593100.0,593100
housing_stock,住宅ストック・空き家・持ち家,35000,山口県,pref,35,山口県,1998100000,1998年度,1998,00001|H1100,観測値|H1100_総住宅数,戸,633100.0,633100
housing_stock,住宅ストック・空き家・持ち家,35000,山口県,pref,35,山口県,2003100000,2003年度,2003,00001|H1100,観測値|H1100_総住宅数,戸,654600.0,654600
housing_stock,住宅ストック・空き家・持ち家,35000,山口県,pref,35,山口県,2008100000,2008年度,2008,00001|H1100,観測値|H1100_総住宅数,戸,691600.0,691600
housing_stock,住宅ストック・空き家・持ち家,35000,山口県,pref,35,山口県,2013100000,2013年度,2013,00001|H1100,観測値|H1100_総住宅数,戸,706400.0,706400
housing_stock,住宅ストック・空き家・持ち家,35000,山口県,pref,35,山口県,2018100000,2018年度,2018,00001|H1100,観測値|H1100_総住宅数,戸,719900.0,719900
housing_stock,住宅ストック・空き家・持ち家,35000,山口県,pref,35,山口県,2023100000,2023年度,2023,00001|H1100,観測値|H1100_総住宅数,戸,726400.0,726400
housing_stock,住宅ストック・空き家・持ち家,36000,徳島県,pref,36,徳島県,1978100000,1978年度,1978,00001|H1100,観測値|H1100_総住宅数,戸,243700.0,243700
housing_stock,住宅ストック・空き家・持ち家,36000,徳島県,pref,36,徳島県,1983100000,1983年度,1983,00001|H1100,観測値|H1100_総住宅数,戸,263700.0,263700
housing_stock,住宅ストック・空き家・持ち家,36000,徳島県,pref,36,徳島県,1988100000,1988年度,1988,00001|H1100,観測値|H1100_総住宅数,戸,279600.0,279600
housing_stock,住宅ストック・空き家・持ち家,36000,徳島県,pref,36,徳島県,1993100000,1993年度,1993,00001|H1100,観測値|H1100_総住宅数,戸,304100.0,304100
housing_stock,住宅ストック・空き家・持ち家,36000,徳島県,pref,36,徳島県,1998100000,1998年度,1998,00001|H1100,観測値|H1100_総住宅数,戸,319500.0,319500
housing_stock,住宅ストック・空き家・持ち家,36000,徳島県,pref,36,徳島県,2003100000,2003年度,2003,00001|H1100,観測値|H1100_総住宅数,戸,336300.0,336300
housing_stock,住宅ストック・空き家・持ち家,36000,徳島県,pref,36,徳島県,2008100000,2008年度,2008,00001|H1100,観測値|H1100_総住宅数,戸,355600.0,355600
housing_stock,住宅ストック・空き家・持ち家,36000,徳島県,pref,36,徳島県,2013100000,2013年度,2013,00001|H1100,観測値|H1100_総住宅数,戸,364900.0,364900
housing_stock,住宅ストック・空き家・持ち家,36000,徳島県,pref,36,徳島県,2018100000,2018年度,2018,00001|H1100,観測値|H1100_総住宅数,戸,380700.0,380700
housing_stock,住宅ストック・空き家・持ち家,36000,徳島県,pref,36,徳島県,2023100000,2023年度,2023,00001|H1100,観測値|H1100_総住宅数,戸,389200.0,389200
housing_stock,住宅ストック・空き家・持ち家,37000,香川県,pref,37,香川県,1978100000,1978年度,1978,00001|H1100,観測値|H1100_総住宅数,戸,300800.0,300800
housing_stock,住宅ストック・空き家・持ち家,37000,香川県,pref,37,香川県,1983100000,1983年度,1983,00001|H1100,観測値|H1100_総住宅数,戸,320400.0,320400
housing_stock,住宅ストック・空き家・持ち家,37000,香川県,pref,37,香川県,1988100000,1988年度,1988,00001|H1100,観測値|H1100_総住宅数,戸,341700.0,341700
housing_stock,住宅ストック・空き家・持ち家,37000,香川県,pref,37,香川県,1993100000,1993年度,1993,00001|H1100,観測値|H1100_総住宅数,戸,364500.0,364500
housing_stock,住宅ストック・空き家・持ち家,37000,香川県,pref,37,香川県,1998100000,1998年度,1998,00001|H1100,観測値|H1100_総住宅数,戸,405300.0,405300
housing_stock,住宅ストック・空き家・持ち家,37000,香川県,pref,37,香川県,2003100000,2003年度,2003,00001|H1100,観測値|H1100_総住宅数,戸,421100.0,421100
housing_stock,住宅ストック・空き家・持ち家,37000,香川県,pref,37,香川県,2008100000,2008年度,2008,00001|H1100,観測値|H1100_総住宅数,戸,446400.0,446400
housing_stock,住宅ストック・空き家・持ち家,37000,香川県,pref,37,香川県,2013100000,2013年度,2013,00001|H1100,観測値|H1100_総住宅数,戸,470500.0,470500
housing_stock,住宅ストック・空き家・持ち家,37000,香川県,pref,37,香川県,2018100000,2018年度,2018,00001|H1100,観測値|H1100_総住宅数,戸,487700.0,487700
housing_stock,住宅ストック・空き家・持ち家,37000,香川県,pref,37,香川県,2023100000,2023年度,2023,00001|H1100,観測値|H1100_総住宅数,戸,492800.0,492800
housing_stock,住宅ストック・空き家・持ち家,38000,愛媛県,pref,38,愛媛県,1978100000,1978年度,1978,00001|H1100,観測値|H1100_総住宅数,戸,477400.0,477400
housing_stock,住宅ストック・空き家・持ち家,38000,愛媛県,pref,38,愛媛県,1983100000,1983年度,1983,00001|H1100,観測値|H1100_総住宅数,戸,512500.0,512500
housing_stock,住宅ストック・空き家・持ち家,38000,愛媛県,pref,38,愛媛県,1988100000,1988年度,1988,00001|H1100,観測値|H1100_総住宅数,戸,557000.0,557000
housing_stock,住宅ストック・空き家・持ち家,38000,愛媛県,pref,38,愛媛県,1993100000,1993年度,1993,00001|H1100,観測値|H1100_総住宅数,戸,592000.0,592000
housing_stock,住宅ストック・空き家・持ち家,38000,愛媛県,pref,38,愛媛県,1998100000,1998年度,1998,00001|H1100,観測値|H1100_総住宅数,戸,621300.0,621300
housing_stock,住宅ストック・空き家・持ち家,38000,愛媛県,pref,38,愛媛県,2003100000,2003年度,2003,00001|H1100,観測値|H1100_総住宅数,戸,650100.0,650100
housing_stock,住宅ストック・空き家・持ち家,38000,愛媛県,pref,38,愛媛県,2008100000,2008年度,2008,00001|H1100,観測値|H1100_総住宅数,戸,681100.0,681100
housing_stock,住宅ストック・空き家・持ち家,38000,愛媛県,pref,38,愛媛県,2013100000,2013年度,2013,00001|H1100,観測値|H1100_総住宅数,戸,705200.0,705200
housing_stock,住宅ストック・空き家・持ち家,38000,愛媛県,pref,38,愛媛県,2018100000,2018年度,2018,00001|H1100,観測値|H1100_総住宅数,戸,714300.0,714300
housing_stock,住宅ストック・空き家・持ち家,38000,愛媛県,pref,38,愛媛県,2023100000,2023年度,2023,00001|H1100,観測値|H1100_総住宅数,戸,736800.0,736800
housing_stock,住宅ストック・空き家・持ち家,39000,高知県,pref,39,高知県,1978100000,1978年度,1978,00001|H1100,観測値|H1100_総住宅数,戸,278800.0,278800
housing_stock,住宅ストック・空き家・持ち家,39000,高知県,pref,39,高知県,1983100000,1983年度,1983,00001|H1100,観測値|H1100_総住宅数,戸,299000.0,299000
housing_stock,住宅ストック・空き家・持ち家,39000,高知県,pref,39,高知県,1988100000,1988年度,1988,00001|H1100,観測値|H1100_総住宅数,戸,323500.0,323500
housing_stock,住宅ストック・空き家・持ち家,39000,高知県,pref,39,高知県,1993100000,1993年度,1993,00001|H1100,観測値|H1100_総住宅数,戸,337500.0,337500
housing_stock,住宅ストック・空き家・持ち家,39000,高知県,pref,39,高知県,1998100000,1998年度,1998,00001|H1100,観測値|H1100_総住宅数,戸,347200.0,347200
housing_stock,住宅ストック・空き家・持ち家,39000,高知県,pref,39,高知県,2003100000,2003年度,2003,00001|H1100,観測値|H1100_総住宅数,戸,373500.0,373500
housing_stock,住宅ストック・空き家・持ち家,39000,高知県,pref,39,高知県,2008100000,2008年度,2008,00001|H1100,観測値|H1100_総住宅数,戸,377700.0,377700
housing_stock,住宅ストック・空き家・持ち家,39000,高知県,pref,39,高知県,2013100000,2013年度,2013,00001|H1100,観測値|H1100_総住宅数,戸,392400.0,392400
housing_stock,住宅ストック・空き家・持ち家,39000,高知県,pref,39,高知県,2018100000,2018年度,2018,00001|H1100,観測値|H1100_総住宅数,戸,391600.0,391600
housing_stock,住宅ストック・空き家・持ち家,39000,高知県,pref,39,高知県,2023100000,2023年度,2023,00001|H1100,観測値|H1100_総住宅数,戸,388100.0,388100
housing_stock,住宅ストック・空き家・持ち家,40000,福岡県,pref,40,福岡県,1978100000,1978年度,1978,00001|H1100,観測値|H1100_総住宅数,戸,1400800.0,1400800
housing_stock,住宅ストック・空き家・持ち家,40000,福岡県,pref,40,福岡県,1983100000,1983年度,1983,00001|H1100,観測値|H1100_総住宅数,戸,1545300.0,1545300
housing_stock,住宅ストック・空き家・持ち家,40000,福岡県,pref,40,福岡県,1988100000,1988年度,1988,00001|H1100,観測値|H1100_総住宅数,戸,1683500.0,1683500
housing_stock,住宅ストック・空き家・持ち家,40000,福岡県,pref,40,福岡県,1993100000,1993年度,1993,00001|H1100,観測値|H1100_総住宅数,戸,1838600.0,1838600
housing_stock,住宅ストック・空き家・持ち家,40000,福岡県,pref,40,福岡県,1998100000,1998年度,1998,00001|H1100,観測値|H1100_総住宅数,戸,2008700.0,2008700
housing_stock,住宅ストック・空き家・持ち家,40000,福岡県,pref,40,福岡県,2003100000,2003年度,2003,00001|H1100,観測値|H1100_総住宅数,戸,2194500.0,2194500
housing_stock,住宅ストック・空き家・持ち家,40000,福岡県,pref,40,福岡県,2008100000,2008年度,2008,00001|H1100,観測値|H1100_総住宅数,戸,2374800.0,2374800
housing_stock,住宅ストック・空き家・持ち家,40000,福岡県,pref,40,福岡県,2013100000,2013年度,2013,00001|H1100,観測値|H1100_総住宅数,戸,2492700.0,2492700
housing_stock,住宅ストック・空き家・持ち家,40000,福岡県,pref,40,福岡県,2018100000,2018年度,2018,00001|H1100,観測値|H1100_総住宅数,戸,2581200.0,2581200
housing_stock,住宅ストック・空き家・持ち家,40000,福岡県,pref,40,福岡県,2023100000,2023年度,2023,00001|H1100,観測値|H1100_総住宅数,戸,2703300.0,2703300
housing_stock,住宅ストック・空き家・持ち家,41000,佐賀県,pref,41,佐賀県,1978100000,1978年度,1978,00001|H1100,観測値|H1100_総住宅数,戸,221600.0,221600
housing_stock,住宅ストック・空き家・持ち家,41000,佐賀県,pref,41,佐賀県,1983100000,1983年度,1983,00001|H1100,観測値|H1100_総住宅数,戸,237900.0,237900
housing_stock,住宅ストック・空き家・持ち家,41000,佐賀県,pref,41,佐賀県,1988100000,1988年度,1988,00001|H1100,観測値|H1100_総住宅数,戸,255800.0,255800
housing_stock,住宅ストック・空き家・持ち家,41000,佐賀県,pref,41,佐賀県,1993100000,1993年度,1993,00001|H1100,観測値|H1100_総住宅数,戸,269900.0,269900
housing_stock,住宅ストック・空き家・持ち家,41000,佐賀県,pref,41,佐賀県,1998100000,1998年度,1998,00001|H1100,観測値|H1100_総住宅数,戸,299900.0,299900
housing_stock,住宅ストック・空き家・持ち家,41000,佐賀県,pref,41,佐賀県,2003100000,2003年度,2003,00001|H1100,観測値|H1100_総住宅数,戸,303400.0,303400
housing_stock,住宅ストック・空き家・持ち家,41000,佐賀県,pref,41,佐賀県,2008100000,2008年度,2008,00001|H1100,観測値|H1100_総住宅数,戸,322900.0,322900
housing_stock,住宅ストック・空き家・持ち家,41000,佐賀県,pref,41,佐賀県,2013100000,2013年度,2013,00001|H1100,観測値|H1100_総住宅数,戸,338200.0,338200
housing_stock,住宅ストック・空き家・持ち家,41000,佐賀県,pref,41,佐賀県,2018100000,2018年度,2018,00001|H1100,観測値|H1100_総住宅数,戸,352100.0,352100
housing_stock,住宅ストック・空き家・持ち家,41000,佐賀県,pref,41,佐賀県,2023100000,2023年度,2023,00001|H1100,観測値|H1100_総住宅数,戸,367900.0,367900
housing_stock,住宅ストック・空き家・持ち家,42000,長崎県,pref,42,長崎県,1978100000,1978年度,1978,00001|H1100,観測値|H1100_総住宅数,戸,459300.0,459300
housing_stock,住宅ストック・空き家・持ち家,42000,長崎県,pref,42,長崎県,1983100000,1983年度,1983,00001|H1100,観測値|H1100_総住宅数,戸,495600.0,495600
housing_stock,住宅ストック・空き家・持ち家,42000,長崎県,pref,42,長崎県,1988100000,1988年度,1988,00001|H1100,観測値|H1100_総住宅数,戸,533000.0,533000
housing_stock,住宅ストック・空き家・持ち家,42000,長崎県,pref,42,長崎県,1993100000,1993年度,1993,00001|H1100,観測値|H1100_総住宅数,戸,544600.0,544600
housing_stock,住宅ストック・空き家・持ち家,42000,長崎県,pref,42,長崎県,1998100000,1998年度,1998,00001|H1100,観測値|H1100_総住宅数,戸,586000.0,586000
housing_stock,住宅ストック・空き家・持ち家,42000,長崎県,pref,42,長崎県,2003100000,2003年度,2003,00001|H1100,観測値|H1100_総住宅数,戸,603400.0,603400
housing_stock,住宅ストック・空き家・持ち家,42000,長崎県,pref,42,長崎県,2008100000,2008年度,2008,00001|H1100,観測値|H1100_総住宅数,戸,631100.0,631100
housing_stock,住宅ストック・空き家・持ち家,42000,長崎県,pref,42,長崎県,2013100000,2013年度,2013,00001|H1100,観測値|H1100_総住宅数,戸,660100.0,660100
housing_stock,住宅ストック・空き家・持ち家,42000,長崎県,pref,42,長崎県,2018100000,2018年度,2018,00001|H1100,観測値|H1100_総住宅数,戸,659500.0,659500
housing_stock,住宅ストック・空き家・持ち家,42000,長崎県,pref,42,長崎県,2023100000,2023年度,2023,00001|H1100,観測値|H1100_総住宅数,戸,655000.0,655000
housing_stock,住宅ストック・空き家・持ち家,43000,熊本県,pref,43,熊本県,1978100000,1978年度,1978,00001|H1100,観測値|H1100_総住宅数,戸,507000.0,507000
housing_stock,住宅ストック・空き家・持ち家,43000,熊本県,pref,43,熊本県,1983100000,1983年度,1983,00001|H1100,観測値|H1100_総住宅数,戸,547700.0,547700
housing_stock,住宅ストック・空き家・持ち家,43000,熊本県,pref,43,熊本県,1988100000,1988年度,1988,00001|H1100,観測値|H1100_総住宅数,戸,601200.0,601200
housing_stock,住宅ストック・空き家・持ち家,43000,熊本県,pref,43,熊本県,1993100000,1993年度,1993,00001|H1100,観測値|H1100_総住宅数,戸,641300.0,641300
housing_stock,住宅ストック・空き家・持ち家,43000,熊本県,pref,43,熊本県,1998100000,1998年度,1998,00001|H1100,観測値|H1100_総住宅数,戸,687400.0,687400
housing_stock,住宅ストック・空き家・持ち家,43000,熊本県,pref,43,熊本県,2003100000,2003年度,2003,00001|H1100,観測値|H1100_総住宅数,戸,729700.0,729700
housing_stock,住宅ストック・空き家・持ち家,43000,熊本県,pref,43,熊本県,2008100000,2008年度,2008,00001|H1100,観測値|H1100_総住宅数,戸,769500.0,769500
housing_stock,住宅ストック・空き家・持ち家,43000,熊本県,pref,43,熊本県,2013100000,2013年度,2013,00001|H1100,観測値|H1100_総住宅数,戸,804300.0,804300
housing_stock,住宅ストック・空き家・持ち家,43000,熊本県,pref,43,熊本県,2018100000,2018年度,2018,00001|H1100,観測値|H1100_総住宅数,戸,813700.0,813700
housing_stock,住宅ストック・空き家・持ち家,43000,熊本県,pref,43,熊本県,2023100000,2023年度,2023,00001|H1100,観測値|H1100_総住宅数,戸,851100.0,851100
housing_stock,住宅ストック・空き家・持ち家,44000,大分県,pref,44,大分県,1978100000,1978年度,1978,00001|H1100,観測値|H1100_総住宅数,戸,375500.0,375500
housing_stock,住宅ストック・空き家・持ち家,44000,大分県,pref,44,大分県,1983100000,1983年度,1983,00001|H1100,観測値|H1100_総住宅数,戸,399400.0,399400
housing_stock,住宅ストック・空き家・持ち家,44000,大分県,pref,44,大分県,1988100000,1988年度,1988,00001|H1100,観測値|H1100_総住宅数,戸,430000.0,430000
housing_stock,住宅ストック・空き家・持ち家,44000,大分県,pref,44,大分県,1993100000,1993年度,1993,00001|H1100,観測値|H1100_総住宅数,戸,457900.0,457900
housing_stock,住宅ストック・空き家・持ち家,44000,大分県,pref,44,大分県,1998100000,1998年度,1998,00001|H1100,観測値|H1100_総住宅数,戸,495600.0,495600
housing_stock,住宅ストック・空き家・持ち家,44000,大分県,pref,44,大分県,2003100000,2003年度,2003,00001|H1100,観測値|H1100_総住宅数,戸,516500.0,516500
housing_stock,住宅ストック・空き家・持ち家,44000,大分県,pref,44,大分県,2008100000,2008年度,2008,00001|H1100,観測値|H1100_総住宅数,戸,546500.0,546500
housing_stock,住宅ストック・空き家・持ち家,44000,大分県,pref,44,大分県,2013100000,2013年度,2013,00001|H1100,観測値|H1100_総住宅数,戸,569500.0,569500
housing_stock,住宅ストック・空き家・持ち家,44000,大分県,pref,44,大分県,2018100000,2018年度,2018,00001|H1100,観測値|H1100_総住宅数,戸,581800.0,581800
housing_stock,住宅ストック・空き家・持ち家,44000,大分県,pref,44,大分県,2023100000,2023年度,2023,00001|H1100,観測値|H1100_総住宅数,戸,603300.0,603300
housing_stock,住宅ストック・空き家・持ち家,45000,宮崎県,pref,45,宮崎県,1978100000,1978年度,1978,00001|H1100,観測値|H1100_総住宅数,戸,355800.0,355800
housing_stock,住宅ストック・空き家・持ち家,45000,宮崎県,pref,45,宮崎県,1983100000,1983年度,1983,00001|H1100,観測値|H1100_総住宅数,戸,387800.0,387800
housing_stock,住宅ストック・空き家・持ち家,45000,宮崎県,pref,45,宮崎県,1988100000,1988年度,1988,00001|H1100,観測値|H1100_総住宅数,戸,412200.0,412200
housing_stock,住宅ストック・空き家・持ち家,45000,宮崎県,pref,45,宮崎県,1993100000,1993年度,1993,00001|H1100,観測値|H1100_総住宅数,戸,438600.0,438600
housing_stock,住宅ストック・空き家・持ち家,45000,宮崎県,pref,45,宮崎県,1998100000,1998年度,1998,00001|H1100,観測値|H1100_総住宅数,戸,473700.0,473700
housing_stock,住宅ストック・空き家・持ち家,45000,宮崎県,pref,45,宮崎県,2003100000,2003年度,2003,00001|H1100,観測値|H1100_総住宅数,戸,490400.0,490400
housing_stock,住宅ストック・空き家・持ち家,45000,宮崎県,pref,45,宮崎県,2008100000,2008年度,2008,00001|H1100,観測値|H1100_総住宅数,戸,509600.0,509600
housing_stock,住宅ストック・空き家・持ち家,45000,宮崎県,pref,45,宮崎県,2013100000,2013年度,2013,00001|H1100,観測値|H1100_総住宅数,戸,533900.0,533900
housing_stock,住宅ストック・空き家・持ち家,45000,宮崎県,pref,45,宮崎県,2018100000,2018年度,2018,00001|H1100,観測値|H1100_総住宅数,戸,546400.0,546400
housing_stock,住宅ストック・空き家・持ち家,45000,宮崎県,pref,45,宮崎県,2023100000,2023年度,2023,00001|H1100,観測値|H1100_総住宅数,戸,556800.0,556800
housing_stock,住宅ストック・空き家・持ち家,46000,鹿児島県,pref,46,鹿児島県,1978100000,1978年度,1978,00001|H1100,観測値|H1100_総住宅数,戸,609400.0,609400
housing_stock,住宅ストック・空き家・持ち家,46000,鹿児島県,pref,46,鹿児島県,1983100000,1983年度,1983,00001|H1100,観測値|H1100_総住宅数,戸,664000.0,664000
housing_stock,住宅ストック・空き家・持ち家,46000,鹿児島県,pref,46,鹿児島県,1988100000,1988年度,1988,00001|H1100,観測値|H1100_総住宅数,戸,718500.0,718500
housing_stock,住宅ストック・空き家・持ち家,46000,鹿児島県,pref,46,鹿児島県,1993100000,1993年度,1993,00001|H1100,観測値|H1100_総住宅数,戸,747500.0,747500
housing_stock,住宅ストック・空き家・持ち家,46000,鹿児島県,pref,46,鹿児島県,1998100000,1998年度,1998,00001|H1100,観測値|H1100_総住宅数,戸,781600.0,781600
housing_stock,住宅ストック・空き家・持ち家,46000,鹿児島県,pref,46,鹿児島県,2003100000,2003年度,2003,00001|H1100,観測値|H1100_総住宅数,戸,809700.0,809700
housing_stock,住宅ストック・空き家・持ち家,46000,鹿児島県,pref,46,鹿児島県,2008100000,2008年度,2008,00001|H1100,観測値|H1100_総住宅数,戸,851300.0,851300
housing_stock,住宅ストック・空き家・持ち家,46000,鹿児島県,pref,46,鹿児島県,2013100000,2013年度,2013,00001|H1100,観測値|H1100_総住宅数,戸,864700.0,864700
housing_stock,住宅ストック・空き家・持ち家,46000,鹿児島県,pref,46,鹿児島県,2018100000,2018年度,2018,00001|H1100,観測値|H1100_総住宅数,戸,879400.0,879400
housing_stock,住宅ストック・空き家・持ち家,46000,鹿児島県,pref,46,鹿児島県,2023100000,2023年度,2023,00001|H1100,観測値|H1100_総住宅数,戸,899600.0,899600
housing_stock,住宅ストック・空き家・持ち家,47000,沖縄県,pref,47,沖縄県,1978100000,1978年度,1978,00001|H1100,観測値|H1100_総住宅数,戸,303000.0,303000
housing_stock,住宅ストック・空き家・持ち家,47000,沖縄県,pref,47,沖縄県,1983100000,1983年度,1983,00001|H1100,観測値|H1100_総住宅数,戸,338200.0,338200
housing_stock,住宅ストック・空き家・持ち家,47000,沖縄県,pref,47,沖縄県,1988100000,1988年度,1988,00001|H1100,観測値|H1100_総住宅数,戸,388700.0,388700
housing_stock,住宅ストック・空き家・持ち家,47000,沖縄県,pref,47,沖縄県,1993100000,1993年度,1993,00001|H1100,観測値|H1100_総住宅数,戸,428300.0,428300
housing_stock,住宅ストック・空き家・持ち家,47000,沖縄県,pref,47,沖縄県,1998100000,1998年度,1998,00001|H1100,観測値|H1100_総住宅数,戸,470500.0,470500
housing_stock,住宅ストック・空き家・持ち家,47000,沖縄県,pref,47,沖縄県,2003100000,2003年度,2003,00001|H1100,観測値|H1100_総住宅数,戸,519700.0,519700
housing_stock,住宅ストック・空き家・持ち家,47000,沖縄県,pref,47,沖縄県,2008100000,2008年度,2008,00001|H1100,観測値|H1100_総住宅数,戸,566500.0,566500
housing_stock,住宅ストック・空き家・持ち家,47000,沖縄県,pref,47,沖縄県,2013100000,2013年度,2013,00001|H1100,観測値|H1100_総住宅数,戸,602800.0,602800
housing_stock,住宅ストック・空き家・持ち家,47000,沖縄県,pref,47,沖縄県,2018100000,2018年度,2018,00001|H1100,観測値|H1100_総住宅数,戸,652600.0,652600
housing_stock,住宅ストック・空き家・持ち家,47000,沖縄県,pref,47,沖縄県,2023100000,2023年度,2023,00001|H1100,観測値|H1100_総住宅数,戸,699400.0,699400
housing_stock,住宅ストック・空き家・持ち家,00000,全国,national,,,1978100000,1978年度,1978,00001|H1102,観測値|H1102_居住世帯なし住宅数,戸,3261700.0,3261700
housing_stock,住宅ストック・空き家・持ち家,00000,全国,national,,,1983100000,1983年度,1983,00001|H1102,観測値|H1102_居住世帯なし住宅数,戸,3902400.0,3902400
housing_stock,住宅ストック・空き家・持ち家,00000,全国,national,,,1988100000,1988年度,1988,00001|H1102,観測値|H1102_居住世帯なし住宅数,戸,4593900.0,4593900
housing_stock,住宅ストック・空き家・持ち家,00000,全国,national,,,1993100000,1993年度,1993,00001|H1102,観測値|H1102_居住世帯なし住宅数,戸,5105500.0,5105500
housing_stock,住宅ストック・空き家・持ち家,00000,全国,national,,,1998100000,1998年度,1998,00001|H1102,観測値|H1102_居住世帯なし住宅数,戸,6323900.0,6323900
housing_stock,住宅ストック・空き家・持ち家,00000,全国,national,,,2003100000,2003年度,2003,00001|H1102,観測値|H1102_居住世帯なし住宅数,戸,7027900.0,7027900
housing_stock,住宅ストック・空き家・持ち家,00000,全国,national,,,2008100000,2008年度,2008,00001|H1102,観測値|H1102_居住世帯なし住宅数,戸,7987600.0,7987600
housing_stock,住宅ストック・空き家・持ち家,00000,全国,national,,,2013100000,2013年度,2013,00001|H1102,観測値|H1102_居住世帯なし住宅数,戸,8526400.0,8526400
housing_stock,住宅ストック・空き家・持ち家,00000,全国,national,,,2018100000,2018年度,2018,00001|H1102,観測値|H1102_居住世帯なし住宅数,戸,8791100.0,8791100
housing_stock,住宅ストック・空き家・持ち家,00000,全国,national,,,2023100000,2023年度,2023,00001|H1102,観測値|H1102_居住世帯なし住宅数,戸,9381700.0,9381700
housing_stock,住宅ストック・空き家・持ち家,01000,北海道,pref,01,北海道,1978100000,1978年度,1978,00001|H1102,観測値|H1102_居住世帯なし住宅数,戸,139400.0,139400
housing_stock,住宅ストック・空き家・持ち家,01000,北海道,pref,01,北海道,1983100000,1983年度,1983,00001|H1102,観測値|H1102_居住世帯なし住宅数,戸,181400.0,181400
housing_stock,住宅ストック・空き家・持ち家,01000,北海道,pref,01,北海道,1988100000,1988年度,1988,00001|H1102,観測値|H1102_居住世帯なし住宅数,戸,238800.0,238800
housing_stock,住宅ストック・空き家・持ち家,01000,北海道,pref,01,北海道,1993100000,1993年度,1993,00001|H1102,観測値|H1102_居住世帯なし住宅数,戸,250400.0,250400
housing_stock,住宅ストック・空き家・持ち家,01000,北海道,pref,01,北海道,1998100000,1998年度,1998,00001|H1102,観測値|H1102_居住世帯なし住宅数,戸,291000.0,291000
housing_stock,住宅ストック・空き家・持ち家,01000,北海道,pref,01,北海道,2003100000,2003年度,2003,00001|H1102,観測値|H1102_居住世帯なし住宅数,戸,317100.0,317100
housing_stock,住宅ストック・空き家・持ち家,01000,北海道,pref,01,北海道,2008100000,2008年度,2008,00001|H1102,観測値|H1102_居住世帯なし住宅数,戸,390100.0,390100
housing_stock,住宅ストック・空き家・持ち家,01000,北海道,pref,01,北海道,2013100000,2013年度,2013,00001|H1102,観測値|H1102_居住世帯なし住宅数,戸,400800.0,400800
housing_stock,住宅ストック・空き家・持ち家,01000,北海道,pref,01,北海道,2018100000,2018年度,2018,00001|H1102,観測値|H1102_居住世帯なし住宅数,戸,390500.0,390500
housing_stock,住宅ストック・空き家・持ち家,01000,北海道,pref,01,北海道,2023100000,2023年度,2023,00001|H1102,観測値|H1102_居住世帯なし住宅数,戸,465300.0,465300
housing_stock,住宅ストック・空き家・持ち家,02000,青森県,pref,02,青森県,1978100000,1978年度,1978,00001|H1102,観測値|H1102_居住世帯なし住宅数,戸,25600.0,25600
housing_stock,住宅ストック・空き家・持ち家,02000,青森県,pref,02,青森県,1983100000,1983年度,1983,00001|H1102,観測値|H1102_居住世帯なし住宅数,戸,34500.0,34500
housing_stock,住宅ストック・空き家・持ち家,02000,青森県,pref,02,青森県,1988100000,1988年度,1988,00001|H1102,観測値|H1102_居住世帯なし住宅数,戸,49200.0,49200
housing_stock,住宅ストック・空き家・持ち家,02000,青森県,pref,02,青森県,1993100000,1993年度,1993,00001|H1102,観測値|H1102_居住世帯なし住宅数,戸,55500.0,55500
housing_stock,住宅ストック・空き家・持ち家,02000,青森県,pref,02,青森県,1998100000,1998年度,1998,00001|H1102,観測値|H1102_居住世帯なし住宅数,戸,61800.0,61800
housing_stock,住宅ストック・空き家・持ち家,02000,青森県,pref,02,青森県,2003100000,2003年度,2003,00001|H1102,観測値|H1102_居住世帯なし住宅数,戸,73900.0,73900
housing_stock,住宅ストック・空き家・持ち家,02000,青森県,pref,02,青森県,2008100000,2008年度,2008,00001|H1102,観測値|H1102_居住世帯なし住宅数,戸,87400.0,87400
housing_stock,住宅ストック・空き家・持ち家,02000,青森県,pref,02,青森県,2013100000,2013年度,2013,00001|H1102,観測値|H1102_居住世帯なし住宅数,戸,83300.0,83300
housing_stock,住宅ストック・空き家・持ち家,02000,青森県,pref,02,青森県,2018100000,2018年度,2018,00001|H1102,観測値|H1102_居住世帯なし住宅数,戸,91000.0,91000
housing_stock,住宅ストック・空き家・持ち家,02000,青森県,pref,02,青森県,2023100000,2023年度,2023,00001|H1102,観測値|H1102_居住世帯なし住宅数,戸,101600.0,101600
housing_stock,住宅ストック・空き家・持ち家,03000,岩手県,pref,03,岩手県,1978100000,1978年度,1978,00001|H1102,観測値|H1102_居住世帯なし住宅数,戸,25200.0,25200
housing_stock,住宅ストック・空き家・持ち家,03000,岩手県,pref,03,岩手県,1983100000,1983年度,1983,00001|H1102,観測値|H1102_居住世帯なし住宅数,戸,32500.0,32500
housing_stock,住宅ストック・空き家・持ち家,03000,岩手県,pref,03,岩手県,1988100000,1988年度,1988,00001|H1102,観測値|H1102_居住世帯なし住宅数,戸,41500.0,41500
housing_stock,住宅ストック・空き家・持ち家,03000,岩手県,pref,03,岩手県,1993100000,1993年度,1993,00001|H1102,観測値|H1102_居住世帯なし住宅数,戸,43600.0,43600
housing_stock,住宅ストック・空き家・持ち家,03000,岩手県,pref,03,岩手県,1998100000,1998年度,1998,00001|H1102,観測値|H1102_居住世帯なし住宅数,戸,54700.0,54700
housing_stock,住宅ストック・空き家・持ち家,03000,岩手県,pref,03,岩手県,2003100000,2003年度,2003,00001|H1102,観測値|H1102_居住世帯なし住宅数,戸,63400.0,63400
housing_stock,住宅ストック・空き家・持ち家,03000,岩手県,pref,03,岩手県,2008100000,2008年度,2008,00001|H1102,観測値|H1102_居住世帯なし住宅数,戸,78800.0,78800
housing_stock,住宅ストック・空き家・持ち家,03000,岩手県,pref,03,岩手県,2013100000,2013年度,2013,00001|H1102,観測値|H1102_居住世帯なし住宅数,戸,79300.0,79300
housing_stock,住宅ストック・空き家・持ち家,03000,岩手県,pref,03,岩手県,2018100000,2018年度,2018,00001|H1102,観測値|H1102_居住世帯なし住宅数,戸,95700.0,95700
housing_stock,住宅ストック・空き家・持ち家,03000,岩手県,pref,03,岩手県,2023100000,2023年度,2023,00001|H1102,観測値|H1102_居住世帯なし住宅数,戸,102800.0,102800
housing_stock,住宅ストック・空き家・持ち家,04000,宮城県,pref,04,宮城県,1978100000,1978年度,1978,00001|H1102,観測値|H1102_居住世帯なし住宅数,戸,43300.0,43300
housing_stock,住宅ストック・空き家・持ち家,04000,宮城県,pref,04,宮城県,1983100000,1983年度,1983,00001|H1102,観測値|H1102_居住世帯なし住宅数,戸,49000.0,49000
housing_stock,住宅ストック・空き家・持ち家,04000,宮城県,pref,04,宮城県,1988100000,1988年度,1988,00001|H1102,観測値|H1102_居住世帯なし住宅数,戸,62200.0,62200
housing_stock,住宅ストック・空き家・持ち家,04000,宮城県,pref,04,宮城県,1993100000,1993年度,1993,00001|H1102,観測値|H1102_居住世帯なし住宅数,戸,81600.0,81600
housing_stock,住宅ストック・空き家・持ち家,04000,宮城県,pref,04,宮城県,1998100000,1998年度,1998,00001|H1102,観測値|H1102_居住世帯なし住宅数,戸,106500.0,106500
housing_stock,住宅ストック・空き家・持ち家,04000,宮城県,pref,04,宮城県,2003100000,2003年度,2003,00001|H1102,観測値|H1102_居住世帯なし住宅数,戸,111000.0,111000
housing_stock,住宅ストック・空き家・持ち家,04000,宮城県,pref,04,宮城県,2008100000,2008年度,2008,00001|H1102,観測値|H1102_居住世帯なし住宅数,戸,144200.0,144200
housing_stock,住宅ストック・空き家・持ち家,04000,宮城県,pref,04,宮城県,2013100000,2013年度,2013,00001|H1102,観測値|H1102_居住世帯なし住宅数,戸,102300.0,102300
housing_stock,住宅ストック・空き家・持ち家,04000,宮城県,pref,04,宮城県,2018100000,2018年度,2018,00001|H1102,観測値|H1102_居住世帯なし住宅数,戸,135700.0,135700
housing_stock,住宅ストック・空き家・持ち家,04000,宮城県,pref,04,宮城県,2023100000,2023年度,2023,00001|H1102,観測値|H1102_居住世帯なし住宅数,戸,145300.0,145300
housing_stock,住宅ストック・空き家・持ち家,05000,秋田県,pref,05,秋田県,1978100000,1978年度,1978,00001|H1102,観測値|H1102_居住世帯なし住宅数,戸,20300.0,20300
housing_stock,住宅ストック・空き家・持ち家,05000,秋田県,pref,05,秋田県,1983100000,1983年度,1983,00001|H1102,観測値|H1102_居住世帯なし住宅数,戸,24000.0,24000
housing_stock,住宅ストック・空き家・持ち家,05000,秋田県,pref,05,秋田県,1988100000,1988年度,1988,00001|H1102,観測値|H1102_居住世帯なし住宅数,戸,30000.0,30000
housing_stock,住宅ストック・空き家・持ち家,05000,秋田県,pref,05,秋田県,1993100000,1993年度,1993,00001|H1102,観測値|H1102_居住世帯なし住宅数,戸,32100.0,32100
housing_stock,住宅ストック・空き家・持ち家,05000,秋田県,pref,05,秋田県,1998100000,1998年度,1998,00001|H1102,観測値|H1102_居住世帯なし住宅数,戸,39600.0,39600
housing_stock,住宅ストック・空き家・持ち家,05000,秋田県,pref,05,秋田県,2003100000,2003年度,2003,00001|H1102,観測値|H1102_居住世帯なし住宅数,戸,46300.0,46300
housing_stock,住宅ストック・空き家・持ち家,05000,秋田県,pref,05,秋田県,2008100000,2008年度,2008,00001|H1102,観測値|H1102_居住世帯なし住宅数,戸,57100.0,57100
housing_stock,住宅ストック・空き家・持ち家,05000,秋田県,pref,05,秋田県,2013100000,2013年度,2013,00001|H1102,観測値|H1102_居住世帯なし住宅数,戸,57900.0,57900
housing_stock,住宅ストック・空き家・持ち家,05000,秋田県,pref,05,秋田県,2018100000,2018年度,2018,00001|H1102,観測値|H1102_居住世帯なし住宅数,戸,61900.0,61900
housing_stock,住宅ストック・空き家・持ち家,05000,秋田県,pref,05,秋田県,2023100000,2023年度,2023,00001|H1102,観測値|H1102_居住世帯なし住宅数,戸,71200.0,71200
housing_stock,住宅ストック・空き家・持ち家,06000,山形県,pref,06,山形県,1978100000,1978年度,1978,00001|H1102,観測値|H1102_居住世帯なし住宅数,戸,18500.0,18500
housing_stock,住宅ストック・空き家・持ち家,06000,山形県,pref,06,山形県,1983100000,1983年度,1983,00001|H1102,観測値|H1102_居住世帯なし住宅数,戸,21900.0,21900
housing_stock,住宅ストック・空き家・持ち家,06000,山形県,pref,06,山形県,1988100000,1988年度,1988,00001|H1102,観測値|H1102_居住世帯なし住宅数,戸,20800.0,20800
housing_stock,住宅ストック・空き家・持ち家,06000,山形県,pref,06,山形県,1993100000,1993年度,1993,00001|H1102,観測値|H1102_居住世帯なし住宅数,戸,23100.0,23100
housing_stock,住宅ストック・空き家・持ち家,06000,山形県,pref,06,山形県,1998100000,1998年度,1998,00001|H1102,観測値|H1102_居住世帯なし住宅数,戸,30400.0,30400
housing_stock,住宅ストック・空き家・持ち家,06000,山形県,pref,06,山形県,2003100000,2003年度,2003,00001|H1102,観測値|H1102_居住世帯なし住宅数,戸,42500.0,42500
housing_stock,住宅ストック・空き家・持ち家,06000,山形県,pref,06,山形県,2008100000,2008年度,2008,00001|H1102,観測値|H1102_居住世帯なし住宅数,戸,49700.0,49700
housing_stock,住宅ストック・空き家・持ち家,06000,山形県,pref,06,山形県,2013100000,2013年度,2013,00001|H1102,観測値|H1102_居住世帯なし住宅数,戸,48000.0,48000
housing_stock,住宅ストック・空き家・持ち家,06000,山形県,pref,06,山形県,2018100000,2018年度,2018,00001|H1102,観測値|H1102_居住世帯なし住宅数,戸,55700.0,55700
housing_stock,住宅ストック・空き家・持ち家,06000,山形県,pref,06,山形県,2023100000,2023年度,2023,00001|H1102,観測値|H1102_居住世帯なし住宅数,戸,63900.0,63900
housing_stock,住宅ストック・空き家・持ち家,07000,福島県,pref,07,福島県,1978100000,1978年度,1978,00001|H1102,観測値|H1102_居住世帯なし住宅数,戸,34100.0,34100
housing_stock,住宅ストック・空き家・持ち家,07000,福島県,pref,07,福島県,1983100000,1983年度,1983,00001|H1102,観測値|H1102_居住世帯なし住宅数,戸,43200.0,43200
housing_stock,住宅ストック・空き家・持ち家,07000,福島県,pref,07,福島県,1988100000,1988年度,1988,00001|H1102,観測値|H1102_居住世帯なし住宅数,戸,57800.0,57800
housing_stock,住宅ストック・空き家・持ち家,07000,福島県,pref,07,福島県,1993100000,1993年度,1993,00001|H1102,観測値|H1102_居住世帯なし住宅数,戸,60600.0,60600
housing_stock,住宅ストック・空き家・持ち家,07000,福島県,pref,07,福島県,1998100000,1998年度,1998,00001|H1102,観測値|H1102_居住世帯なし住宅数,戸,77200.0,77200
housing_stock,住宅ストック・空き家・持ち家,07000,福島県,pref,07,福島県,2003100000,2003年度,2003,00001|H1102,観測値|H1102_居住世帯なし住宅数,戸,101100.0,101100
housing_stock,住宅ストック・空き家・持ち家,07000,福島県,pref,07,福島県,2008100000,2008年度,2008,00001|H1102,観測値|H1102_居住世帯なし住宅数,戸,108600.0,108600
housing_stock,住宅ストック・空き家・持ち家,07000,福島県,pref,07,福島県,2013100000,2013年度,2013,00001|H1102,観測値|H1102_居住世帯なし住宅数,戸,96300.0,96300
housing_stock,住宅ストック・空き家・持ち家,07000,福島県,pref,07,福島県,2018100000,2018年度,2018,00001|H1102,観測値|H1102_居住世帯なし住宅数,戸,130200.0,130200
housing_stock,住宅ストック・空き家・持ち家,07000,福島県,pref,07,福島県,2023100000,2023年度,2023,00001|H1102,観測値|H1102_居住世帯なし住宅数,戸,136100.0,136100
housing_stock,住宅ストック・空き家・持ち家,08000,茨城県,pref,08,茨城県,1978100000,1978年度,1978,00001|H1102,観測値|H1102_居住世帯なし住宅数,戸,50600.0,50600
housing_stock,住宅ストック・空き家・持ち家,08000,茨城県,pref,08,茨城県,1983100000,1983年度,1983,00001|H1102,観測値|H1102_居住世帯なし住宅数,戸,65100.0,65100
housing_stock,住宅ストック・空き家・持ち家,08000,茨城県,pref,08,茨城県,1988100000,1988年度,1988,00001|H1102,観測値|H1102_居住世帯なし住宅数,戸,84700.0,84700
housing_stock,住宅ストック・空き家・持ち家,08000,茨城県,pref,08,茨城県,1993100000,1993年度,1993,00001|H1102,観測値|H1102_居住世帯なし住宅数,戸,102400.0,102400
housing_stock,住宅ストック・空き家・持ち家,08000,茨城県,pref,08,茨城県,1998100000,1998年度,1998,00001|H1102,観測値|H1102_居住世帯なし住宅数,戸,137900.0,137900
housing_stock,住宅ストック・空き家・持ち家,08000,茨城県,pref,08,茨城県,2003100000,2003年度,2003,00001|H1102,観測値|H1102_居住世帯なし住宅数,戸,152900.0,152900
housing_stock,住宅ストック・空き家・持ち家,08000,茨城県,pref,08,茨城県,2008100000,2008年度,2008,00001|H1102,観測値|H1102_居住世帯なし住宅数,戸,187600.0,187600
housing_stock,住宅ストック・空き家・持ち家,08000,茨城県,pref,08,茨城県,2013100000,2013年度,2013,00001|H1102,観測値|H1102_居住世帯なし住宅数,戸,192100.0,192100
housing_stock,住宅ストック・空き家・持ち家,08000,茨城県,pref,08,茨城県,2018100000,2018年度,2018,00001|H1102,観測値|H1102_居住世帯なし住宅数,戸,202300.0,202300
housing_stock,住宅ストック・空き家・持ち家,08000,茨城県,pref,08,茨城県,2023100000,2023年度,2023,00001|H1102,観測値|H1102_居住世帯なし住宅数,戸,203500.0,203500
housing_stock,住宅ストック・空き家・持ち家,09000,栃木県,pref,09,栃木県,1978100000,1978年度,1978,00001|H1102,観測値|H1102_居住世帯なし住宅数,戸,42800.0,42800
housing_stock,住宅ストック・空き家・持ち家,09000,栃木県,pref,09,栃木県,1983100000,1983年度,1983,00001|H1102,観測値|H1102_居住世帯なし住宅数,戸,51500.0,51500
housing_stock,住宅ストック・空き家・持ち家,09000,栃木県,pref,09,栃木県,1988100000,1988年度,1988,00001|H1102,観測値|H1102_居住世帯なし住宅数,戸,61800.0,61800
housing_stock,住宅ストック・空き家・持ち家,09000,栃木県,pref,09,栃木県,1993100000,1993年度,1993,00001|H1102,観測値|H1102_居住世帯なし住宅数,戸,79000.0,79000
housing_stock,住宅ストック・空き家・持ち家,09000,栃木県,pref,09,栃木県,1998100000,1998年度,1998,00001|H1102,観測値|H1102_居住世帯なし住宅数,戸,96200.0,96200
housing_stock,住宅ストック・空き家・持ち家,09000,栃木県,pref,09,栃木県,2003100000,2003年度,2003,00001|H1102,観測値|H1102_居住世帯なし住宅数,戸,110800.0,110800
housing_stock,住宅ストック・空き家・持ち家,09000,栃木県,pref,09,栃木県,2008100000,2008年度,2008,00001|H1102,観測値|H1102_居住世帯なし住宅数,戸,131300.0,131300
housing_stock,住宅ストック・空き家・持ち家,09000,栃木県,pref,09,栃木県,2013100000,2013年度,2013,00001|H1102,観測値|H1102_居住世帯なし住宅数,戸,148800.0,148800
housing_stock,住宅ストック・空き家・持ち家,09000,栃木県,pref,09,栃木県,2018100000,2018年度,2018,00001|H1102,観測値|H1102_居住世帯なし住宅数,戸,165400.0,165400
housing_stock,住宅ストック・空き家・持ち家,09000,栃木県,pref,09,栃木県,2023100000,2023年度,2023,00001|H1102,観測値|H1102_居住世帯なし住宅数,戸,168800.0,168800
housing_stock,住宅ストック・空き家・持ち家,10000,群馬県,pref,10,群馬県,1978100000,1978年度,1978,00001|H1102,観測値|H1102_居住世帯なし住宅数,戸,42800.0,42800
housing_stock,住宅ストック・空き家・持ち家,10000,群馬県,pref,10,群馬県,1983100000,1983年度,1983,00001|H1102,観測値|H1102_居住世帯なし住宅数,戸,50000.0,50000
housing_stock,住宅ストック・空き家・持ち家,10000,群馬県,pref,10,群馬県,1988100000,1988年度,1988,00001|H1102,観測値|H1102_居住世帯なし住宅数,戸,67000.0,67000
housing_stock,住宅ストック・空き家・持ち家,10000,群馬県,pref,10,群馬県,1993100000,1993年度,1993,00001|H1102,観測値|H1102_居住世帯なし住宅数,戸,82600.0,82600
housing_stock,住宅ストック・空き家・持ち家,10000,群馬県,pref,10,群馬県,1998100000,1998年度,1998,00001|H1102,観測値|H1102_居住世帯なし住宅数,戸,98500.0,98500
housing_stock,住宅ストック・空き家・持ち家,10000,群馬県,pref,10,群馬県,2003100000,2003年度,2003,00001|H1102,観測値|H1102_居住世帯なし住宅数,戸,114200.0,114200
housing_stock,住宅ストック・空き家・持ち家,10000,群馬県,pref,10,群馬県,2008100000,2008年度,2008,00001|H1102,観測値|H1102_居住世帯なし住宅数,戸,130400.0,130400
housing_stock,住宅ストック・空き家・持ち家,10000,群馬県,pref,10,群馬県,2013100000,2013年度,2013,00001|H1102,観測値|H1102_居住世帯なし住宅数,戸,154800.0,154800
housing_stock,住宅ストック・空き家・持ち家,10000,群馬県,pref,10,群馬県,2018100000,2018年度,2018,00001|H1102,観測値|H1102_居住世帯なし住宅数,戸,162400.0,162400
housing_stock,住宅ストック・空き家・持ち家,10000,群馬県,pref,10,群馬県,2023100000,2023年度,2023,00001|H1102,観測値|H1102_居住世帯なし住宅数,戸,165500.0,165500
housing_stock,住宅ストック・空き家・持ち家,11000,埼玉県,pref,11,埼玉県,1978100000,1978年度,1978,00001|H1102,観測値|H1102_居住世帯なし住宅数,戸,146200.0,146200
housing_stock,住宅ストック・空き家・持ち家,11000,埼玉県,pref,11,埼玉県,1983100000,1983年度,1983,00001|H1102,観測値|H1102_居住世帯なし住宅数,戸,166600.0,166600
housing_stock,住宅ストック・空き家・持ち家,11000,埼玉県,pref,11,埼玉県,1988100000,1988年度,1988,00001|H1102,観測値|H1102_居住世帯なし住宅数,戸,195400.0,195400
housing_stock,住宅ストック・空き家・持ち家,11000,埼玉県,pref,11,埼玉県,1993100000,1993年度,1993,00001|H1102,観測値|H1102_居住世帯なし住宅数,戸,230100.0,230100
housing_stock,住宅ストック・空き家・持ち家,11000,埼玉県,pref,11,埼玉県,1998100000,1998年度,1998,00001|H1102,観測値|H1102_居住世帯なし住宅数,戸,285400.0,285400
housing_stock,住宅ストック・空き家・持ち家,11000,埼玉県,pref,11,埼玉県,2003100000,2003年度,2003,00001|H1102,観測値|H1102_居住世帯なし住宅数,戸,294200.0,294200
housing_stock,住宅ストック・空き家・持ち家,11000,埼玉県,pref,11,埼玉県,2008100000,2008年度,2008,00001|H1102,観測値|H1102_居住世帯なし住宅数,戸,341100.0,341100
housing_stock,住宅ストック・空き家・持ち家,11000,埼玉県,pref,11,埼玉県,2013100000,2013年度,2013,00001|H1102,観測値|H1102_居住世帯なし住宅数,戸,371400.0,371400
housing_stock,住宅ストック・空き家・持ち家,11000,埼玉県,pref,11,埼玉県,2018100000,2018年度,2018,00001|H1102,観測値|H1102_居住世帯なし住宅数,戸,361500.0,361500
housing_stock,住宅ストック・空き家・持ち家,11000,埼玉県,pref,11,埼玉県,2023100000,2023年度,2023,00001|H1102,観測値|H1102_居住世帯なし住宅数,戸,350100.0,350100
housing_stock,住宅ストック・空き家・持ち家,12000,千葉県,pref,12,千葉県,1978100000,1978年度,1978,00001|H1102,観測値|H1102_居住世帯なし住宅数,戸,142700.0,142700
housing_stock,住宅ストック・空き家・持ち家,12000,千葉県,pref,12,千葉県,1983100000,1983年度,1983,00001|H1102,観測値|H1102_居住世帯なし住宅数,戸,180000.0,180000
housing_stock,住宅ストック・空き家・持ち家,12000,千葉県,pref,12,千葉県,1988100000,1988年度,1988,00001|H1102,観測値|H1102_居住世帯なし住宅数,戸,184500.0,184500
housing_stock,住宅ストック・空き家・持ち家,12000,千葉県,pref,12,千葉県,1993100000,1993年度,1993,00001|H1102,観測値|H1102_居住世帯なし住宅数,戸,227400.0,227400
housing_stock,住宅ストック・空き家・持ち家,12000,千葉県,pref,12,千葉県,1998100000,1998年度,1998,00001|H1102,観測値|H1102_居住世帯なし住宅数,戸,317400.0,317400
housing_stock,住宅ストック・空き家・持ち家,12000,千葉県,pref,12,千葉県,2003100000,2003年度,2003,00001|H1102,観測値|H1102_居住世帯なし住宅数,戸,340400.0,340400
housing_stock,住宅ストック・空き家・持ち家,12000,千葉県,pref,12,千葉県,2008100000,2008年度,2008,00001|H1102,観測値|H1102_居住世帯なし住宅数,戸,373100.0,373100
housing_stock,住宅ストック・空き家・持ち家,12000,千葉県,pref,12,千葉県,2013100000,2013年度,2013,00001|H1102,観測値|H1102_居住世帯なし住宅数,戸,379200.0,379200
housing_stock,住宅ストック・空き家・持ち家,12000,千葉県,pref,12,千葉県,2018100000,2018年度,2018,00001|H1102,観測値|H1102_居住世帯なし住宅数,戸,394600.0,394600
housing_stock,住宅ストック・空き家・持ち家,12000,千葉県,pref,12,千葉県,2023100000,2023年度,2023,00001|H1102,観測値|H1102_居住世帯なし住宅数,戸,408800.0,408800
housing_stock,住宅ストック・空き家・持ち家,13000,東京都,pref,13,東京都,1978100000,1978年度,1978,00001|H1102,観測値|H1102_居住世帯なし住宅数,戸,427200.0,427200
housing_stock,住宅ストック・空き家・持ち家,13000,東京都,pref,13,東京都,1983100000,1983年度,1983,00001|H1102,観測値|H1102_居住世帯なし住宅数,戸,499600.0,499600
housing_stock,住宅ストック・空き家・持ち家,13000,東京都,pref,13,東京都,1988100000,1988年度,1988,00001|H1102,観測値|H1102_居住世帯なし住宅数,戸,512600.0,512600
housing_stock,住宅ストック・空き家・持ち家,13000,東京都,pref,13,東京都,1993100000,1993年度,1993,00001|H1102,観測値|H1102_居住世帯なし住宅数,戸,639200.0,639200
housing_stock,住宅ストック・空き家・持ち家,13000,東京都,pref,13,東京都,1998100000,1998年度,1998,00001|H1102,観測値|H1102_居住世帯なし住宅数,戸,727800.0,727800
housing_stock,住宅ストック・空き家・持ち家,13000,東京都,pref,13,東京都,2003100000,2003年度,2003,00001|H1102,観測値|H1102_居住世帯なし住宅数,戸,751900.0,751900
housing_stock,住宅ストック・空き家・持ち家,13000,東京都,pref,13,東京都,2008100000,2008年度,2008,00001|H1102,観測値|H1102_居住世帯なし住宅数,戸,840500.0,840500
housing_stock,住宅ストック・空き家・持ち家,13000,東京都,pref,13,東京都,2013100000,2013年度,2013,00001|H1102,観測値|H1102_居住世帯なし住宅数,戸,886800.0,886800
housing_stock,住宅ストック・空き家・持ち家,13000,東京都,pref,13,東京都,2018100000,2018年度,2018,00001|H1102,観測値|H1102_居住世帯なし住宅数,戸,866100.0,866100
housing_stock,住宅ストック・空き家・持ち家,13000,東京都,pref,13,東京都,2023100000,2023年度,2023,00001|H1102,観測値|H1102_居住世帯なし住宅数,戸,966000.0,966000
housing_stock,住宅ストック・空き家・持ち家,14000,神奈川県,pref,14,神奈川県,1978100000,1978年度,1978,00001|H1102,観測値|H1102_居住世帯なし住宅数,戸,189900.0,189900
housing_stock,住宅ストック・空き家・持ち家,14000,神奈川県,pref,14,神奈川県,1983100000,1983年度,1983,00001|H1102,観測値|H1102_居住世帯なし住宅数,戸,220600.0,220600
housing_stock,住宅ストック・空き家・持ち家,14000,神奈川県,pref,14,神奈川県,1988100000,1988年度,1988,00001|H1102,観測値|H1102_居住世帯なし住宅数,戸,243900.0,243900
housing_stock,住宅ストック・空き家・持ち家,14000,神奈川県,pref,14,神奈川県,1993100000,1993年度,1993,00001|H1102,観測値|H1102_居住世帯なし住宅数,戸,315000.0,315000
housing_stock,住宅ストック・空き家・持ち家,14000,神奈川県,pref,14,神奈川県,1998100000,1998年度,1998,00001|H1102,観測値|H1102_居住世帯なし住宅数,戸,389200.0,389200
housing_stock,住宅ストック・空き家・持ち家,14000,神奈川県,pref,14,神奈川県,2003100000,2003年度,2003,00001|H1102,観測値|H1102_居住世帯なし住宅数,戸,424700.0,424700
housing_stock,住宅ストック・空き家・持ち家,14000,神奈川県,pref,14,神奈川県,2008100000,2008年度,2008,00001|H1102,観測値|H1102_居住世帯なし住宅数,戸,455600.0,455600
housing_stock,住宅ストック・空き家・持ち家,14000,神奈川県,pref,14,神奈川県,2013100000,2013年度,2013,00001|H1102,観測値|H1102_居住世帯なし住宅数,戸,507700.0,507700
housing_stock,住宅ストック・空き家・持ち家,14000,神奈川県,pref,14,神奈川県,2018100000,2018年度,2018,00001|H1102,観測値|H1102_居住世帯なし住宅数,戸,503500.0,503500
housing_stock,住宅ストック・空き家・持ち家,14000,神奈川県,pref,14,神奈川県,2023100000,2023年度,2023,00001|H1102,観測値|H1102_居住世帯なし住宅数,戸,493600.0,493600
housing_stock,住宅ストック・空き家・持ち家,15000,新潟県,pref,15,新潟県,1978100000,1978年度,1978,00001|H1102,観測値|H1102_居住世帯なし住宅数,戸,41100.0,41100
housing_stock,住宅ストック・空き家・持ち家,15000,新潟県,pref,15,新潟県,1983100000,1983年度,1983,00001|H1102,観測値|H1102_居住世帯なし住宅数,戸,48900.0,48900
housing_stock,住宅ストック・空き家・持ち家,15000,新潟県,pref,15,新潟県,1988100000,1988年度,1988,00001|H1102,観測値|H1102_居住世帯なし住宅数,戸,64200.0,64200
housing_stock,住宅ストック・空き家・持ち家,15000,新潟県,pref,15,新潟県,1993100000,1993年度,1993,00001|H1102,観測値|H1102_居住世帯なし住宅数,戸,67800.0,67800
housing_stock,住宅ストック・空き家・持ち家,15000,新潟県,pref,15,新潟県,1998100000,1998年度,1998,00001|H1102,観測値|H1102_居住世帯なし住宅数,戸,81200.0,81200
housing_stock,住宅ストック・空き家・持ち家,15000,新潟県,pref,15,新潟県,2003100000,2003年度,2003,00001|H1102,観測値|H1102_居住世帯なし住宅数,戸,99000.0,99000
housing_stock,住宅ストック・空き家・持ち家,15000,新潟県,pref,15,新潟県,2008100000,2008年度,2008,00001|H1102,観測値|H1102_居住世帯なし住宅数,戸,119000.0,119000
housing_stock,住宅ストック・空き家・持ち家,15000,新潟県,pref,15,新潟県,2013100000,2013年度,2013,00001|H1102,観測値|H1102_居住世帯なし住宅数,戸,137100.0,137100
housing_stock,住宅ストック・空き家・持ち家,15000,新潟県,pref,15,新潟県,2018100000,2018年度,2018,00001|H1102,観測値|H1102_居住世帯なし住宅数,戸,150300.0,150300
housing_stock,住宅ストック・空き家・持ち家,15000,新潟県,pref,15,新潟県,2023100000,2023年度,2023,00001|H1102,観測値|H1102_居住世帯なし住宅数,戸,163700.0,163700
housing_stock,住宅ストック・空き家・持ち家,16000,富山県,pref,16,富山県,1978100000,1978年度,1978,00001|H1102,観測値|H1102_居住世帯なし住宅数,戸,19900.0,19900
housing_stock,住宅ストック・空き家・持ち家,16000,富山県,pref,16,富山県,1983100000,1983年度,1983,00001|H1102,観測値|H1102_居住世帯なし住宅数,戸,22500.0,22500
housing_stock,住宅ストック・空き家・持ち家,16000,富山県,pref,16,富山県,1988100000,1988年度,1988,00001|H1102,観測値|H1102_居住世帯なし住宅数,戸,26100.0,26100
housing_stock,住宅ストック・空き家・持ち家,16000,富山県,pref,16,富山県,1993100000,1993年度,1993,00001|H1102,観測値|H1102_居住世帯なし住宅数,戸,31600.0,31600
housing_stock,住宅ストック・空き家・持ち家,16000,富山県,pref,16,富山県,1998100000,1998年度,1998,00001|H1102,観測値|H1102_居住世帯なし住宅数,戸,41600.0,41600
housing_stock,住宅ストック・空き家・持ち家,16000,富山県,pref,16,富山県,2003100000,2003年度,2003,00001|H1102,観測値|H1102_居住世帯なし住宅数,戸,52000.0,52000
housing_stock,住宅ストック・空き家・持ち家,16000,富山県,pref,16,富山県,2008100000,2008年度,2008,00001|H1102,観測値|H1102_居住世帯なし住宅数,戸,55500.0,55500
housing_stock,住宅ストック・空き家・持ち家,16000,富山県,pref,16,富山県,2013100000,2013年度,2013,00001|H1102,観測値|H1102_居住世帯なし住宅数,戸,59100.0,59100
housing_stock,住宅ストック・空き家・持ち家,16000,富山県,pref,16,富山県,2018100000,2018年度,2018,00001|H1102,観測値|H1102_居住世帯なし住宅数,戸,61600.0,61600
housing_stock,住宅ストック・空き家・持ち家,16000,富山県,pref,16,富山県,2023100000,2023年度,2023,00001|H1102,観測値|H1102_居住世帯なし住宅数,戸,71900.0,71900
housing_stock,住宅ストック・空き家・持ち家,17000,石川県,pref,17,石川県,1978100000,1978年度,1978,00001|H1102,観測値|H1102_居住世帯なし住宅数,戸,28000.0,28000
housing_stock,住宅ストック・空き家・持ち家,17000,石川県,pref,17,石川県,1983100000,1983年度,1983,00001|H1102,観測値|H1102_居住世帯なし住宅数,戸,30500.0,30500
housing_stock,住宅ストック・空き家・持ち家,17000,石川県,pref,17,石川県,1988100000,1988年度,1988,00001|H1102,観測値|H1102_居住世帯なし住宅数,戸,37500.0,37500
housing_stock,住宅ストック・空き家・持ち家,17000,石川県,pref,17,石川県,1993100000,1993年度,1993,00001|H1102,観測値|H1102_居住世帯なし住宅数,戸,42900.0,42900
housing_stock,住宅ストック・空き家・持ち家,17000,石川県,pref,17,石川県,1998100000,1998年度,1998,00001|H1102,観測値|H1102_居住世帯なし住宅数,戸,51300.0,51300
housing_stock,住宅ストック・空き家・持ち家,17000,石川県,pref,17,石川県,2003100000,2003年度,2003,00001|H1102,観測値|H1102_居住世帯なし住宅数,戸,66500.0,66500
housing_stock,住宅ストック・空き家・持ち家,17000,石川県,pref,17,石川県,2008100000,2008年度,2008,00001|H1102,観測値|H1102_居住世帯なし住宅数,戸,76400.0,76400
housing_stock,住宅ストック・空き家・持ち家,17000,石川県,pref,17,石川県,2013100000,2013年度,2013,00001|H1102,観測値|H1102_居住世帯なし住宅数,戸,80500.0,80500
housing_stock,住宅ストック・空き家・持ち家,17000,石川県,pref,17,石川県,2018100000,2018年度,2018,00001|H1102,観測値|H1102_居住世帯なし住宅数,戸,80800.0,80800
housing_stock,住宅ストック・空き家・持ち家,17000,石川県,pref,17,石川県,2023100000,2023年度,2023,00001|H1102,観測値|H1102_居住世帯なし住宅数,戸,89700.0,89700
housing_stock,住宅ストック・空き家・持ち家,18000,福井県,pref,18,福井県,1978100000,1978年度,1978,00001|H1102,観測値|H1102_居住世帯なし住宅数,戸,16000.0,16000
housing_stock,住宅ストック・空き家・持ち家,18000,福井県,pref,18,福井県,1983100000,1983年度,1983,00001|H1102,観測値|H1102_居住世帯なし住宅数,戸,19000.0,19000
housing_stock,住宅ストック・空き家・持ち家,18000,福井県,pref,18,福井県,1988100000,1988年度,1988,00001|H1102,観測値|H1102_居住世帯なし住宅数,戸,22300.0,22300
housing_stock,住宅ストック・空き家・持ち家,18000,福井県,pref,18,福井県,1993100000,1993年度,1993,00001|H1102,観測値|H1102_居住世帯なし住宅数,戸,23000.0,23000
housing_stock,住宅ストック・空き家・持ち家,18000,福井県,pref,18,福井県,1998100000,1998年度,1998,00001|H1102,観測値|H1102_居住世帯なし住宅数,戸,30400.0,30400
housing_stock,住宅ストック・空き家・持ち家,18000,福井県,pref,18,福井県,2003100000,2003年度,2003,00001|H1102,観測値|H1102_居住世帯なし住宅数,戸,40300.0,40300
housing_stock,住宅ストック・空き家・持ち家,18000,福井県,pref,18,福井県,2008100000,2008年度,2008,00001|H1102,観測値|H1102_居住世帯なし住宅数,戸,49000.0,49000
housing_stock,住宅ストック・空き家・持ち家,18000,福井県,pref,18,福井県,2013100000,2013年度,2013,00001|H1102,観測値|H1102_居住世帯なし住宅数,戸,44400.0,44400
housing_stock,住宅ストック・空き家・持ち家,18000,福井県,pref,18,福井県,2018100000,2018年度,2018,00001|H1102,観測値|H1102_居住世帯なし住宅数,戸,46100.0,46100
housing_stock,住宅ストック・空き家・持ち家,18000,福井県,pref,18,福井県,2023100000,2023年度,2023,00001|H1102,観測値|H1102_居住世帯なし住宅数,戸,54700.0,54700
housing_stock,住宅ストック・空き家・持ち家,19000,山梨県,pref,19,山梨県,1978100000,1978年度,1978,00001|H1102,観測値|H1102_居住世帯なし住宅数,戸,17500.0,17500
housing_stock,住宅ストック・空き家・持ち家,19000,山梨県,pref,19,山梨県,1983100000,1983年度,1983,00001|H1102,観測値|H1102_居住世帯なし住宅数,戸,28400.0,28400
housing_stock,住宅ストック・空き家・持ち家,19000,山梨県,pref,19,山梨県,1988100000,1988年度,1988,00001|H1102,観測値|H1102_居住世帯なし住宅数,戸,38700.0,38700
housing_stock,住宅ストック・空き家・持ち家,19000,山梨県,pref,19,山梨県,1993100000,1993年度,1993,00001|H1102,観測値|H1102_居住世帯なし住宅数,戸,46700.0,46700
housing_stock,住宅ストック・空き家・持ち家,19000,山梨県,pref,19,山梨県,1998100000,1998年度,1998,00001|H1102,観測値|H1102_居住世帯なし住宅数,戸,56100.0,56100
housing_stock,住宅ストック・空き家・持ち家,19000,山梨県,pref,19,山梨県,2003100000,2003年度,2003,00001|H1102,観測値|H1102_居住世帯なし住宅数,戸,75900.0,75900
housing_stock,住宅ストック・空き家・持ち家,19000,山梨県,pref,19,山梨県,2008100000,2008年度,2008,00001|H1102,観測値|H1102_居住世帯なし住宅数,戸,83600.0,83600
housing_stock,住宅ストック・空き家・持ち家,19000,山梨県,pref,19,山梨県,2013100000,2013年度,2013,00001|H1102,観測値|H1102_居住世帯なし住宅数,戸,95400.0,95400
housing_stock,住宅ストック・空き家・持ち家,19000,山梨県,pref,19,山梨県,2018100000,2018年度,2018,00001|H1102,観測値|H1102_居住世帯なし住宅数,戸,92800.0,92800
housing_stock,住宅ストック・空き家・持ち家,19000,山梨県,pref,19,山梨県,2023100000,2023年度,2023,00001|H1102,観測値|H1102_居住世帯なし住宅数,戸,90200.0,90200
housing_stock,住宅ストック・空き家・持ち家,20000,長野県,pref,20,長野県,1978100000,1978年度,1978,00001|H1102,観測値|H1102_居住世帯なし住宅数,戸,55800.0,55800
housing_stock,住宅ストック・空き家・持ち家,20000,長野県,pref,20,長野県,1983100000,1983年度,1983,00001|H1102,観測値|H1102_居住世帯なし住宅数,戸,80900.0,80900
housing_stock,住宅ストック・空き家・持ち家,20000,長野県,pref,20,長野県,1988100000,1988年度,1988,00001|H1102,観測値|H1102_居住世帯なし住宅数,戸,90800.0,90800
housing_stock,住宅ストック・空き家・持ち家,20000,長野県,pref,20,長野県,1993100000,1993年度,1993,00001|H1102,観測値|H1102_居住世帯なし住宅数,戸,101900.0,101900
housing_stock,住宅ストック・空き家・持ち家,20000,長野県,pref,20,長野県,1998100000,1998年度,1998,00001|H1102,観測値|H1102_居住世帯なし住宅数,戸,136500.0,136500
housing_stock,住宅ストック・空き家・持ち家,20000,長野県,pref,20,長野県,2003100000,2003年度,2003,00001|H1102,観測値|H1102_居住世帯なし住宅数,戸,155500.0,155500
housing_stock,住宅ストック・空き家・持ち家,20000,長野県,pref,20,長野県,2008100000,2008年度,2008,00001|H1102,観測値|H1102_居住世帯なし住宅数,戸,188000.0,188000
housing_stock,住宅ストック・空き家・持ち家,20000,長野県,pref,20,長野県,2013100000,2013年度,2013,00001|H1102,観測値|H1102_居住世帯なし住宅数,戸,199000.0,199000
housing_stock,住宅ストック・空き家・持ち家,20000,長野県,pref,20,長野県,2018100000,2018年度,2018,00001|H1102,観測値|H1102_居住世帯なし住宅数,戸,201300.0,201300
housing_stock,住宅ストック・空き家・持ち家,20000,長野県,pref,20,長野県,2023100000,2023年度,2023,00001|H1102,観測値|H1102_居住世帯なし住宅数,戸,214900.0,214900
housing_stock,住宅ストック・空き家・持ち家,21000,岐阜県,pref,21,岐阜県,1978100000,1978年度,1978,00001|H1102,観測値|H1102_居住世帯なし住宅数,戸,45300.0,45300
housing_stock,住宅ストック・空き家・持ち家,21000,岐阜県,pref,21,岐阜県,1983100000,1983年度,1983,00001|H1102,観測値|H1102_居住世帯なし住宅数,戸,55900.0,55900
housing_stock,住宅ストック・空き家・持ち家,21000,岐阜県,pref,21,岐阜県,1988100000,1988年度,1988,00001|H1102,観測値|H1102_居住世帯なし住宅数,戸,61700.0,61700
housing_stock,住宅ストック・空き家・持ち家,21000,岐阜県,pref,21,岐阜県,1993100000,1993年度,1993,00001|H1102,観測値|H1102_居住世帯なし住宅数,戸,69800.0,69800
housing_stock,住宅ストック・空き家・持ち家,21000,岐阜県,pref,21,岐阜県,1998100000,1998年度,1998,00001|H1102,観測値|H1102_居住世帯なし住宅数,戸,92100.0,92100
housing_stock,住宅ストック・空き家・持ち家,21000,岐阜県,pref,21,岐阜県,2003100000,2003年度,2003,00001|H1102,観測値|H1102_居住世帯なし住宅数,戸,108000.0,108000
housing_stock,住宅ストック・空き家・持ち家,21000,岐阜県,pref,21,岐阜県,2008100000,2008年度,2008,00001|H1102,観測値|H1102_居住世帯なし住宅数,戸,123100.0,123100
housing_stock,住宅ストック・空き家・持ち家,21000,岐阜県,pref,21,岐阜県,2013100000,2013年度,2013,00001|H1102,観測値|H1102_居住世帯なし住宅数,戸,138900.0,138900
housing_stock,住宅ストック・空き家・持ち家,21000,岐阜県,pref,21,岐阜県,2018100000,2018年度,2018,00001|H1102,観測値|H1102_居住世帯なし住宅数,戸,143600.0,143600
housing_stock,住宅ストック・空き家・持ち家,21000,岐阜県,pref,21,岐阜県,2023100000,2023年度,2023,00001|H1102,観測値|H1102_居住世帯なし住宅数,戸,154200.0,154200
housing_stock,住宅ストック・空き家・持ち家,22000,静岡県,pref,22,静岡県,1978100000,1978年度,1978,00001|H1102,観測値|H1102_居住世帯なし住宅数,戸,95000.0,95000
housing_stock,住宅ストック・空き家・持ち家,22000,静岡県,pref,22,静岡県,1983100000,1983年度,1983,00001|H1102,観測値|H1102_居住世帯なし住宅数,戸,108000.0,108000
housing_stock,住宅ストック・空き家・持ち家,22000,静岡県,pref,22,静岡県,1988100000,1988年度,1988,00001|H1102,観測値|H1102_居住世帯なし住宅数,戸,129000.0,129000
housing_stock,住宅ストック・空き家・持ち家,22000,静岡県,pref,22,静岡県,1993100000,1993年度,1993,00001|H1102,観測値|H1102_居住世帯なし住宅数,戸,140700.0,140700
housing_stock,住宅ストック・空き家・持ち家,22000,静岡県,pref,22,静岡県,1998100000,1998年度,1998,00001|H1102,観測値|H1102_居住世帯なし住宅数,戸,181400.0,181400
housing_stock,住宅ストック・空き家・持ち家,22000,静岡県,pref,22,静岡県,2003100000,2003年度,2003,00001|H1102,観測値|H1102_居住世帯なし住宅数,戸,214400.0,214400
housing_stock,住宅ストック・空き家・持ち家,22000,静岡県,pref,22,静岡県,2008100000,2008年度,2008,00001|H1102,観測値|H1102_居住世帯なし住宅数,戸,238500.0,238500
housing_stock,住宅ストック・空き家・持ち家,22000,静岡県,pref,22,静岡県,2013100000,2013年度,2013,00001|H1102,観測値|H1102_居住世帯なし住宅数,戸,278900.0,278900
housing_stock,住宅ストック・空き家・持ち家,22000,静岡県,pref,22,静岡県,2018100000,2018年度,2018,00001|H1102,観測値|H1102_居住世帯なし住宅数,戸,289600.0,289600
housing_stock,住宅ストック・空き家・持ち家,22000,静岡県,pref,22,静岡県,2023100000,2023年度,2023,00001|H1102,観測値|H1102_居住世帯なし住宅数,戸,305700.0,305700
housing_stock,住宅ストック・空き家・持ち家,23000,愛知県,pref,23,愛知県,1978100000,1978年度,1978,00001|H1102,観測値|H1102_居住世帯なし住宅数,戸,202500.0,202500
housing_stock,住宅ストック・空き家・持ち家,23000,愛知県,pref,23,愛知県,1983100000,1983年度,1983,00001|H1102,観測値|H1102_居住世帯なし住宅数,戸,221500.0,221500
housing_stock,住宅ストック・空き家・持ち家,23000,愛知県,pref,23,愛知県,1988100000,1988年度,1988,00001|H1102,観測値|H1102_居住世帯なし住宅数,戸,250800.0,250800
housing_stock,住宅ストック・空き家・持ち家,23000,愛知県,pref,23,愛知県,1993100000,1993年度,1993,00001|H1102,観測値|H1102_居住世帯なし住宅数,戸,268400.0,268400
housing_stock,住宅ストック・空き家・持ち家,23000,愛知県,pref,23,愛知県,1998100000,1998年度,1998,00001|H1102,観測値|H1102_居住世帯なし住宅数,戸,339000.0,339000
housing_stock,住宅ストック・空き家・持ち家,23000,愛知県,pref,23,愛知県,2003100000,2003年度,2003,00001|H1102,観測値|H1102_居住世帯なし住宅数,戸,362000.0,362000
housing_stock,住宅ストック・空き家・持ち家,23000,愛知県,pref,23,愛知県,2008100000,2008年度,2008,00001|H1102,観測値|H1102_居住世帯なし住宅数,戸,368400.0,368400
housing_stock,住宅ストック・空き家・持ち家,23000,愛知県,pref,23,愛知県,2013100000,2013年度,2013,00001|H1102,観測値|H1102_居住世帯なし住宅数,戸,442300.0,442300
housing_stock,住宅ストック・空き家・持ち家,23000,愛知県,pref,23,愛知県,2018100000,2018年度,2018,00001|H1102,観測値|H1102_居住世帯なし住宅数,戸,412600.0,412600
housing_stock,住宅ストック・空き家・持ち家,23000,愛知県,pref,23,愛知県,2023100000,2023年度,2023,00001|H1102,観測値|H1102_居住世帯なし住宅数,戸,453500.0,453500
housing_stock,住宅ストック・空き家・持ち家,24000,三重県,pref,24,三重県,1978100000,1978年度,1978,00001|H1102,観測値|H1102_居住世帯なし住宅数,戸,41600.0,41600
housing_stock,住宅ストック・空き家・持ち家,24000,三重県,pref,24,三重県,1983100000,1983年度,1983,00001|H1102,観測値|H1102_居住世帯なし住宅数,戸,49900.0,49900
housing_stock,住宅ストック・空き家・持ち家,24000,三重県,pref,24,三重県,1988100000,1988年度,1988,00001|H1102,観測値|H1102_居住世帯なし住宅数,戸,62800.0,62800
housing_stock,住宅ストック・空き家・持ち家,24000,三重県,pref,24,三重県,1993100000,1993年度,1993,00001|H1102,観測値|H1102_居住世帯なし住宅数,戸,69400.0,69400
housing_stock,住宅ストック・空き家・持ち家,24000,三重県,pref,24,三重県,1998100000,1998年度,1998,00001|H1102,観測値|H1102_居住世帯なし住宅数,戸,92200.0,92200
housing_stock,住宅ストック・空き家・持ち家,24000,三重県,pref,24,三重県,2003100000,2003年度,2003,00001|H1102,観測値|H1102_居住世帯なし住宅数,戸,109500.0,109500
housing_stock,住宅ストック・空き家・持ち家,24000,三重県,pref,24,三重県,2008100000,2008年度,2008,00001|H1102,観測値|H1102_居住世帯なし住宅数,戸,110100.0,110100
housing_stock,住宅ストック・空き家・持ち家,24000,三重県,pref,24,三重県,2013100000,2013年度,2013,00001|H1102,観測値|H1102_居住世帯なし住宅数,戸,131700.0,131700
housing_stock,住宅ストック・空き家・持ち家,24000,三重県,pref,24,三重県,2018100000,2018年度,2018,00001|H1102,観測値|H1102_居住世帯なし住宅数,戸,133700.0,133700
housing_stock,住宅ストック・空き家・持ち家,24000,三重県,pref,24,三重県,2023100000,2023年度,2023,00001|H1102,観測値|H1102_居住世帯なし住宅数,戸,146200.0,146200
housing_stock,住宅ストック・空き家・持ち家,25000,滋賀県,pref,25,滋賀県,1978100000,1978年度,1978,00001|H1102,観測値|H1102_居住世帯なし住宅数,戸,33000.0,33000
housing_stock,住宅ストック・空き家・持ち家,25000,滋賀県,pref,25,滋賀県,1983100000,1983年度,1983,00001|H1102,観測値|H1102_居住世帯なし住宅数,戸,34600.0,34600
housing_stock,住宅ストック・空き家・持ち家,25000,滋賀県,pref,25,滋賀県,1988100000,1988年度,1988,00001|H1102,観測値|H1102_居住世帯なし住宅数,戸,37700.0,37700
housing_stock,住宅ストック・空き家・持ち家,25000,滋賀県,pref,25,滋賀県,1993100000,1993年度,1993,00001|H1102,観測値|H1102_居住世帯なし住宅数,戸,44400.0,44400
housing_stock,住宅ストック・空き家・持ち家,25000,滋賀県,pref,25,滋賀県,1998100000,1998年度,1998,00001|H1102,観測値|H1102_居住世帯なし住宅数,戸,55600.0,55600
housing_stock,住宅ストック・空き家・持ち家,25000,滋賀県,pref,25,滋賀県,2003100000,2003年度,2003,00001|H1102,観測値|H1102_居住世帯なし住宅数,戸,68000.0,68000
housing_stock,住宅ストック・空き家・持ち家,25000,滋賀県,pref,25,滋賀県,2008100000,2008年度,2008,00001|H1102,観測値|H1102_居住世帯なし住宅数,戸,76300.0,76300
housing_stock,住宅ストック・空き家・持ち家,25000,滋賀県,pref,25,滋賀県,2013100000,2013年度,2013,00001|H1102,観測値|H1102_居住世帯なし住宅数,戸,81000.0,81000
housing_stock,住宅ストック・空き家・持ち家,25000,滋賀県,pref,25,滋賀県,2018100000,2018年度,2018,00001|H1102,観測値|H1102_居住世帯なし住宅数,戸,83000.0,83000
housing_stock,住宅ストック・空き家・持ち家,25000,滋賀県,pref,25,滋賀県,2023100000,2023年度,2023,00001|H1102,観測値|H1102_居住世帯なし住宅数,戸,84900.0,84900
housing_stock,住宅ストック・空き家・持ち家,26000,京都府,pref,26,京都府,1978100000,1978年度,1978,00001|H1102,観測値|H1102_居住世帯なし住宅数,戸,78800.0,78800
housing_stock,住宅ストック・空き家・持ち家,26000,京都府,pref,26,京都府,1983100000,1983年度,1983,00001|H1102,観測値|H1102_居住世帯なし住宅数,戸,103900.0,103900
housing_stock,住宅ストック・空き家・持ち家,26000,京都府,pref,26,京都府,1988100000,1988年度,1988,00001|H1102,観測値|H1102_居住世帯なし住宅数,戸,118900.0,118900
housing_stock,住宅ストック・空き家・持ち家,26000,京都府,pref,26,京都府,1993100000,1993年度,1993,00001|H1102,観測値|H1102_居住世帯なし住宅数,戸,115400.0,115400
housing_stock,住宅ストック・空き家・持ち家,26000,京都府,pref,26,京都府,1998100000,1998年度,1998,00001|H1102,観測値|H1102_居住世帯なし住宅数,戸,147400.0,147400
housing_stock,住宅ストック・空き家・持ち家,26000,京都府,pref,26,京都府,2003100000,2003年度,2003,00001|H1102,観測値|H1102_居住世帯なし住宅数,戸,167000.0,167000
housing_stock,住宅ストック・空き家・持ち家,26000,京都府,pref,26,京都府,2008100000,2008年度,2008,00001|H1102,観測値|H1102_居住世帯なし住宅数,戸,183400.0,183400
housing_stock,住宅ストック・空き家・持ち家,26000,京都府,pref,26,京都府,2013100000,2013年度,2013,00001|H1102,観測値|H1102_居住世帯なし住宅数,戸,185200.0,185200
housing_stock,住宅ストック・空き家・持ち家,26000,京都府,pref,26,京都府,2018100000,2018年度,2018,00001|H1102,観測値|H1102_居住世帯なし住宅数,戸,179400.0,179400
housing_stock,住宅ストック・空き家・持ち家,26000,京都府,pref,26,京都府,2023100000,2023年度,2023,00001|H1102,観測値|H1102_居住世帯なし住宅数,戸,189300.0,189300
housing_stock,住宅ストック・空き家・持ち家,27000,大阪府,pref,27,大阪府,1978100000,1978年度,1978,00001|H1102,観測値|H1102_居住世帯なし住宅数,戸,340800.0,340800
housing_stock,住宅ストック・空き家・持ち家,27000,大阪府,pref,27,大阪府,1983100000,1983年度,1983,00001|H1102,観測値|H1102_居住世帯なし住宅数,戸,403600.0,403600
housing_stock,住宅ストック・空き家・持ち家,27000,大阪府,pref,27,大阪府,1988100000,1988年度,1988,00001|H1102,観測値|H1102_居住世帯なし住宅数,戸,451000.0,451000
housing_stock,住宅ストック・空き家・持ち家,27000,大阪府,pref,27,大阪府,1993100000,1993年度,1993,00001|H1102,観測値|H1102_居住世帯なし住宅数,戸,435000.0,435000
housing_stock,住宅ストック・空き家・持ち家,27000,大阪府,pref,27,大阪府,1998100000,1998年度,1998,00001|H1102,観測値|H1102_居住世帯なし住宅数,戸,562900.0,562900
housing_stock,住宅ストック・空き家・持ち家,27000,大阪府,pref,27,大阪府,2003100000,2003年度,2003,00001|H1102,観測値|H1102_居住世帯なし住宅数,戸,640400.0,640400
housing_stock,住宅ストック・空き家・持ち家,27000,大阪府,pref,27,大阪府,2008100000,2008年度,2008,00001|H1102,観測値|H1102_居住世帯なし住宅数,戸,660900.0,660900
housing_stock,住宅ストック・空き家・持ち家,27000,大阪府,pref,27,大阪府,2013100000,2013年度,2013,00001|H1102,観測値|H1102_居住世帯なし住宅数,戸,703600.0,703600
housing_stock,住宅ストック・空き家・持ち家,27000,大阪府,pref,27,大阪府,2018100000,2018年度,2018,00001|H1102,観測値|H1102_居住世帯なし住宅数,戸,730700.0,730700
housing_stock,住宅ストック・空き家・持ち家,27000,大阪府,pref,27,大阪府,2023100000,2023年度,2023,00001|H1102,観測値|H1102_居住世帯なし住宅数,戸,731600.0,731600
housing_stock,住宅ストック・空き家・持ち家,28000,兵庫県,pref,28,兵庫県,1978100000,1978年度,1978,00001|H1102,観測値|H1102_居住世帯なし住宅数,戸,174600.0,174600
housing_stock,住宅ストック・空き家・持ち家,28000,兵庫県,pref,28,兵庫県,1983100000,1983年度,1983,00001|H1102,観測値|H1102_居住世帯なし住宅数,戸,210700.0,210700
housing_stock,住宅ストック・空き家・持ち家,28000,兵庫県,pref,28,兵庫県,1988100000,1988年度,1988,00001|H1102,観測値|H1102_居住世帯なし住宅数,戸,230400.0,230400
housing_stock,住宅ストック・空き家・持ち家,28000,兵庫県,pref,28,兵庫県,1993100000,1993年度,1993,00001|H1102,観測値|H1102_居住世帯なし住宅数,戸,238600.0,238600
housing_stock,住宅ストック・空き家・持ち家,28000,兵庫県,pref,28,兵庫県,1998100000,1998年度,1998,00001|H1102,観測値|H1102_居住世帯なし住宅数,戸,324700.0,324700
housing_stock,住宅ストック・空き家・持ち家,28000,兵庫県,pref,28,兵庫県,2003100000,2003年度,2003,00001|H1102,観測値|H1102_居住世帯なし住宅数,戸,328400.0,328400
housing_stock,住宅ストック・空き家・持ち家,28000,兵庫県,pref,28,兵庫県,2008100000,2008年度,2008,00001|H1102,観測値|H1102_居住世帯なし住宅数,戸,351300.0,351300
housing_stock,住宅ストック・空き家・持ち家,28000,兵庫県,pref,28,兵庫県,2013100000,2013年度,2013,00001|H1102,観測値|H1102_居住世帯なし住宅数,戸,365400.0,365400
housing_stock,住宅ストック・空き家・持ち家,28000,兵庫県,pref,28,兵庫県,2018100000,2018年度,2018,00001|H1102,観測値|H1102_居住世帯なし住宅数,戸,372300.0,372300
housing_stock,住宅ストック・空き家・持ち家,28000,兵庫県,pref,28,兵庫県,2023100000,2023年度,2023,00001|H1102,観測値|H1102_居住世帯なし住宅数,戸,400600.0,400600
housing_stock,住宅ストック・空き家・持ち家,29000,奈良県,pref,29,奈良県,1978100000,1978年度,1978,00001|H1102,観測値|H1102_居住世帯なし住宅数,戸,31100.0,31100
housing_stock,住宅ストック・空き家・持ち家,29000,奈良県,pref,29,奈良県,1983100000,1983年度,1983,00001|H1102,観測値|H1102_居住世帯なし住宅数,戸,35500.0,35500
housing_stock,住宅ストック・空き家・持ち家,29000,奈良県,pref,29,奈良県,1988100000,1988年度,1988,00001|H1102,観測値|H1102_居住世帯なし住宅数,戸,43500.0,43500
housing_stock,住宅ストック・空き家・持ち家,29000,奈良県,pref,29,奈良県,1993100000,1993年度,1993,00001|H1102,観測値|H1102_居住世帯なし住宅数,戸,54100.0,54100
housing_stock,住宅ストック・空き家・持ち家,29000,奈良県,pref,29,奈良県,1998100000,1998年度,1998,00001|H1102,観測値|H1102_居住世帯なし住宅数,戸,68600.0,68600
housing_stock,住宅ストック・空き家・持ち家,29000,奈良県,pref,29,奈良県,2003100000,2003年度,2003,00001|H1102,観測値|H1102_居住世帯なし住宅数,戸,79600.0,79600
housing_stock,住宅ストック・空き家・持ち家,29000,奈良県,pref,29,奈良県,2008100000,2008年度,2008,00001|H1102,観測値|H1102_居住世帯なし住宅数,戸,90100.0,90100
housing_stock,住宅ストック・空き家・持ち家,29000,奈良県,pref,29,奈良県,2013100000,2013年度,2013,00001|H1102,観測値|H1102_居住世帯なし住宅数,戸,87300.0,87300
housing_stock,住宅ストック・空き家・持ち家,29000,奈良県,pref,29,奈良県,2018100000,2018年度,2018,00001|H1102,観測値|H1102_居住世帯なし住宅数,戸,88500.0,88500
housing_stock,住宅ストック・空き家・持ち家,29000,奈良県,pref,29,奈良県,2023100000,2023年度,2023,00001|H1102,観測値|H1102_居住世帯なし住宅数,戸,96600.0,96600
housing_stock,住宅ストック・空き家・持ち家,30000,和歌山県,pref,30,和歌山県,1978100000,1978年度,1978,00001|H1102,観測値|H1102_居住世帯なし住宅数,戸,38100.0,38100
housing_stock,住宅ストック・空き家・持ち家,30000,和歌山県,pref,30,和歌山県,1983100000,1983年度,1983,00001|H1102,観測値|H1102_居住世帯なし住宅数,戸,43700.0,43700
housing_stock,住宅ストック・空き家・持ち家,30000,和歌山県,pref,30,和歌山県,1988100000,1988年度,1988,00001|H1102,観測値|H1102_居住世帯なし住宅数,戸,53800.0,53800
housing_stock,住宅ストック・空き家・持ち家,30000,和歌山県,pref,30,和歌山県,1993100000,1993年度,1993,00001|H1102,観測値|H1102_居住世帯なし住宅数,戸,54100.0,54100
housing_stock,住宅ストック・空き家・持ち家,30000,和歌山県,pref,30,和歌山県,1998100000,1998年度,1998,00001|H1102,観測値|H1102_居住世帯なし住宅数,戸,66200.0,66200
housing_stock,住宅ストック・空き家・持ち家,30000,和歌山県,pref,30,和歌山県,2003100000,2003年度,2003,00001|H1102,観測値|H1102_居住世帯なし住宅数,戸,83600.0,83600
housing_stock,住宅ストック・空き家・持ち家,30000,和歌山県,pref,30,和歌山県,2008100000,2008年度,2008,00001|H1102,観測値|H1102_居住世帯なし住宅数,戸,85700.0,85700
housing_stock,住宅ストック・空き家・持ち家,30000,和歌山県,pref,30,和歌山県,2013100000,2013年度,2013,00001|H1102,観測値|H1102_居住世帯なし住宅数,戸,87800.0,87800
housing_stock,住宅ストック・空き家・持ち家,30000,和歌山県,pref,30,和歌山県,2018100000,2018年度,2018,00001|H1102,観測値|H1102_居住世帯なし住宅数,戸,101300.0,101300
housing_stock,住宅ストック・空き家・持ち家,30000,和歌山県,pref,30,和歌山県,2023100000,2023年度,2023,00001|H1102,観測値|H1102_居住世帯なし住宅数,戸,109000.0,109000
housing_stock,住宅ストック・空き家・持ち家,31000,鳥取県,pref,31,鳥取県,1978100000,1978年度,1978,00001|H1102,観測値|H1102_居住世帯なし住宅数,戸,11500.0,11500
housing_stock,住宅ストック・空き家・持ち家,31000,鳥取県,pref,31,鳥取県,1983100000,1983年度,1983,00001|H1102,観測値|H1102_居住世帯なし住宅数,戸,17000.0,17000
housing_stock,住宅ストック・空き家・持ち家,31000,鳥取県,pref,31,鳥取県,1988100000,1988年度,1988,00001|H1102,観測値|H1102_居住世帯なし住宅数,戸,20800.0,20800
housing_stock,住宅ストック・空き家・持ち家,31000,鳥取県,pref,31,鳥取県,1993100000,1993年度,1993,00001|H1102,観測値|H1102_居住世帯なし住宅数,戸,21600.0,21600
housing_stock,住宅ストック・空き家・持ち家,31000,鳥取県,pref,31,鳥取県,1998100000,1998年度,1998,00001|H1102,観測値|H1102_居住世帯なし住宅数,戸,24800.0,24800
housing_stock,住宅ストック・空き家・持ち家,31000,鳥取県,pref,31,鳥取県,2003100000,2003年度,2003,00001|H1102,観測値|H1102_居住世帯なし住宅数,戸,31400.0,31400
housing_stock,住宅ストック・空き家・持ち家,31000,鳥取県,pref,31,鳥取県,2008100000,2008年度,2008,00001|H1102,観測値|H1102_居住世帯なし住宅数,戸,38600.0,38600
housing_stock,住宅ストック・空き家・持ち家,31000,鳥取県,pref,31,鳥取県,2013100000,2013年度,2013,00001|H1102,観測値|H1102_居住世帯なし住宅数,戸,37000.0,37000
housing_stock,住宅ストック・空き家・持ち家,31000,鳥取県,pref,31,鳥取県,2018100000,2018年度,2018,00001|H1102,観測値|H1102_居住世帯なし住宅数,戸,41000.0,41000
housing_stock,住宅ストック・空き家・持ち家,31000,鳥取県,pref,31,鳥取県,2023100000,2023年度,2023,00001|H1102,観測値|H1102_居住世帯なし住宅数,戸,42800.0,42800
housing_stock,住宅ストック・空き家・持ち家,32000,島根県,pref,32,島根県,1978100000,1978年度,1978,00001|H1102,観測値|H1102_居住世帯なし住宅数,戸,15700.0,15700
housing_stock,住宅ストック・空き家・持ち家,32000,島根県,pref,32,島根県,1983100000,1983年度,1983,00001|H1102,観測値|H1102_居住世帯なし住宅数,戸,18500.0,18500
housing_stock,住宅ストック・空き家・持ち家,32000,島根県,pref,32,島根県,1988100000,1988年度,1988,00001|H1102,観測値|H1102_居住世帯なし住宅数,戸,20800.0,20800
housing_stock,住宅ストック・空き家・持ち家,32000,島根県,pref,32,島根県,1993100000,1993年度,1993,00001|H1102,観測値|H1102_居住世帯なし住宅数,戸,24500.0,24500
housing_stock,住宅ストック・空き家・持ち家,32000,島根県,pref,32,島根県,1998100000,1998年度,1998,00001|H1102,観測値|H1102_居住世帯なし住宅数,戸,29900.0,29900
housing_stock,住宅ストック・空き家・持ち家,32000,島根県,pref,32,島根県,2003100000,2003年度,2003,00001|H1102,観測値|H1102_居住世帯なし住宅数,戸,34000.0,34000
housing_stock,住宅ストック・空き家・持ち家,32000,島根県,pref,32,島根県,2008100000,2008年度,2008,00001|H1102,観測値|H1102_居住世帯なし住宅数,戸,45900.0,45900
housing_stock,住宅ストック・空き家・持ち家,32000,島根県,pref,32,島根県,2013100000,2013年度,2013,00001|H1102,観測値|H1102_居住世帯なし住宅数,戸,45900.0,45900
housing_stock,住宅ストック・空き家・持ち家,32000,島根県,pref,32,島根県,2018100000,2018年度,2018,00001|H1102,観測値|H1102_居住世帯なし住宅数,戸,49500.0,49500
housing_stock,住宅ストック・空き家・持ち家,32000,島根県,pref,32,島根県,2023100000,2023年度,2023,00001|H1102,観測値|H1102_居住世帯なし住宅数,戸,56500.0,56500
housing_stock,住宅ストック・空き家・持ち家,33000,岡山県,pref,33,岡山県,1978100000,1978年度,1978,00001|H1102,観測値|H1102_居住世帯なし住宅数,戸,52400.0,52400
housing_stock,住宅ストック・空き家・持ち家,33000,岡山県,pref,33,岡山県,1983100000,1983年度,1983,00001|H1102,観測値|H1102_居住世帯なし住宅数,戸,59800.0,59800
housing_stock,住宅ストック・空き家・持ち家,33000,岡山県,pref,33,岡山県,1988100000,1988年度,1988,00001|H1102,観測値|H1102_居住世帯なし住宅数,戸,82900.0,82900
housing_stock,住宅ストック・空き家・持ち家,33000,岡山県,pref,33,岡山県,1993100000,1993年度,1993,00001|H1102,観測値|H1102_居住世帯なし住宅数,戸,73100.0,73100
housing_stock,住宅ストック・空き家・持ち家,33000,岡山県,pref,33,岡山県,1998100000,1998年度,1998,00001|H1102,観測値|H1102_居住世帯なし住宅数,戸,106300.0,106300
housing_stock,住宅ストック・空き家・持ち家,33000,岡山県,pref,33,岡山県,2003100000,2003年度,2003,00001|H1102,観測値|H1102_居住世帯なし住宅数,戸,108400.0,108400
housing_stock,住宅ストック・空き家・持ち家,33000,岡山県,pref,33,岡山県,2008100000,2008年度,2008,00001|H1102,観測値|H1102_居住世帯なし住宅数,戸,131900.0,131900
housing_stock,住宅ストック・空き家・持ち家,33000,岡山県,pref,33,岡山県,2013100000,2013年度,2013,00001|H1102,観測値|H1102_居住世帯なし住宅数,戸,144900.0,144900
housing_stock,住宅ストック・空き家・持ち家,33000,岡山県,pref,33,岡山県,2018100000,2018年度,2018,00001|H1102,観測値|H1102_居住世帯なし住宅数,戸,145300.0,145300
housing_stock,住宅ストック・空き家・持ち家,33000,岡山県,pref,33,岡山県,2023100000,2023年度,2023,00001|H1102,観測値|H1102_居住世帯なし住宅数,戸,161500.0,161500
housing_stock,住宅ストック・空き家・持ち家,34000,広島県,pref,34,広島県,1978100000,1978年度,1978,00001|H1102,観測値|H1102_居住世帯なし住宅数,戸,81800.0,81800
housing_stock,住宅ストック・空き家・持ち家,34000,広島県,pref,34,広島県,1983100000,1983年度,1983,00001|H1102,観測値|H1102_居住世帯なし住宅数,戸,94200.0,94200
housing_stock,住宅ストック・空き家・持ち家,34000,広島県,pref,34,広島県,1988100000,1988年度,1988,00001|H1102,観測値|H1102_居住世帯なし住宅数,戸,118700.0,118700
housing_stock,住宅ストック・空き家・持ち家,34000,広島県,pref,34,広島県,1993100000,1993年度,1993,00001|H1102,観測値|H1102_居住世帯なし住宅数,戸,129400.0,129400
housing_stock,住宅ストック・空き家・持ち家,34000,広島県,pref,34,広島県,1998100000,1998年度,1998,00001|H1102,観測値|H1102_居住世帯なし住宅数,戸,165600.0,165600
housing_stock,住宅ストック・空き家・持ち家,34000,広島県,pref,34,広島県,2003100000,2003年度,2003,00001|H1102,観測値|H1102_居住世帯なし住宅数,戸,179000.0,179000
housing_stock,住宅ストック・空き家・持ち家,34000,広島県,pref,34,広島県,2008100000,2008年度,2008,00001|H1102,観測値|H1102_居住世帯なし住宅数,戸,208700.0,208700
housing_stock,住宅ストック・空き家・持ち家,34000,広島県,pref,34,広島県,2013100000,2013年度,2013,00001|H1102,観測値|H1102_居住世帯なし住宅数,戸,226800.0,226800
housing_stock,住宅ストック・空き家・持ち家,34000,広島県,pref,34,広島県,2018100000,2018年度,2018,00001|H1102,観測値|H1102_居住世帯なし住宅数,戸,221900.0,221900
housing_stock,住宅ストック・空き家・持ち家,34000,広島県,pref,34,広島県,2023100000,2023年度,2023,00001|H1102,観測値|H1102_居住世帯なし住宅数,戸,237100.0,237100
housing_stock,住宅ストック・空き家・持ち家,35000,山口県,pref,35,山口県,1978100000,1978年度,1978,00001|H1102,観測値|H1102_居住世帯なし住宅数,戸,41600.0,41600
housing_stock,住宅ストック・空き家・持ち家,35000,山口県,pref,35,山口県,1983100000,1983年度,1983,00001|H1102,観測値|H1102_居住世帯なし住宅数,戸,47500.0,47500
housing_stock,住宅ストック・空き家・持ち家,35000,山口県,pref,35,山口県,1988100000,1988年度,1988,00001|H1102,観測値|H1102_居住世帯なし住宅数,戸,59500.0,59500
housing_stock,住宅ストック・空き家・持ち家,35000,山口県,pref,35,山口県,1993100000,1993年度,1993,00001|H1102,観測値|H1102_居住世帯なし住宅数,戸,61200.0,61200
housing_stock,住宅ストック・空き家・持ち家,35000,山口県,pref,35,山口県,1998100000,1998年度,1998,00001|H1102,観測値|H1102_居住世帯なし住宅数,戸,75300.0,75300
housing_stock,住宅ストック・空き家・持ち家,35000,山口県,pref,35,山口県,2003100000,2003年度,2003,00001|H1102,観測値|H1102_居住世帯なし住宅数,戸,85000.0,85000
housing_stock,住宅ストック・空き家・持ち家,35000,山口県,pref,35,山口県,2008100000,2008年度,2008,00001|H1102,観測値|H1102_居住世帯なし住宅数,戸,107600.0,107600
housing_stock,住宅ストック・空き家・持ち家,35000,山口県,pref,35,山口県,2013100000,2013年度,2013,00001|H1102,観測値|H1102_居住世帯なし住宅数,戸,117700.0,117700
housing_stock,住宅ストック・空き家・持ち家,35000,山口県,pref,35,山口県,2018100000,2018年度,2018,00001|H1102,観測値|H1102_居住世帯なし住宅数,戸,128800.0,128800
housing_stock,住宅ストック・空き家・持ち家,35000,山口県,pref,35,山口県,2023100000,2023年度,2023,00001|H1102,観測値|H1102_居住世帯なし住宅数,戸,143400.0,143400
housing_stock,住宅ストック・空き家・持ち家,36000,徳島県,pref,36,徳島県,1978100000,1978年度,1978,00001|H1102,観測値|H1102_居住世帯なし住宅数,戸,21200.0,21200
housing_stock,住宅ストック・空き家・持ち家,36000,徳島県,pref,36,徳島県,1983100000,1983年度,1983,00001|H1102,観測値|H1102_居住世帯なし住宅数,戸,28500.0,28500
housing_stock,住宅ストック・空き家・持ち家,36000,徳島県,pref,36,徳島県,1988100000,1988年度,1988,00001|H1102,観測値|H1102_居住世帯なし住宅数,戸,34700.0,34700
housing_stock,住宅ストック・空き家・持ち家,36000,徳島県,pref,36,徳島県,1993100000,1993年度,1993,00001|H1102,観測値|H1102_居住世帯なし住宅数,戸,40100.0,40100
housing_stock,住宅ストック・空き家・持ち家,36000,徳島県,pref,36,徳島県,1998100000,1998年度,1998,00001|H1102,観測値|H1102_居住世帯なし住宅数,戸,44600.0,44600
housing_stock,住宅ストック・空き家・持ち家,36000,徳島県,pref,36,徳島県,2003100000,2003年度,2003,00001|H1102,観測値|H1102_居住世帯なし住宅数,戸,48300.0,48300
housing_stock,住宅ストック・空き家・持ち家,36000,徳島県,pref,36,徳島県,2008100000,2008年度,2008,00001|H1102,観測値|H1102_居住世帯なし住宅数,戸,58600.0,58600
housing_stock,住宅ストック・空き家・持ち家,36000,徳島県,pref,36,徳島県,2013100000,2013年度,2013,00001|H1102,観測値|H1102_居住世帯なし住宅数,戸,66000.0,66000
housing_stock,住宅ストック・空き家・持ち家,36000,徳島県,pref,36,徳島県,2018100000,2018年度,2018,00001|H1102,観測値|H1102_居住世帯なし住宅数,戸,75400.0,75400
housing_stock,住宅ストック・空き家・持ち家,36000,徳島県,pref,36,徳島県,2023100000,2023年度,2023,00001|H1102,観測値|H1102_居住世帯なし住宅数,戸,86100.0,86100
housing_stock,住宅ストック・空き家・持ち家,37000,香川県,pref,37,香川県,1978100000,1978年度,1978,00001|H1102,観測値|H1102_居住世帯なし住宅数,戸,29500.0,29500
housing_stock,住宅ストック・空き家・持ち家,37000,香川県,pref,37,香川県,1983100000,1983年度,1983,00001|H1102,観測値|H1102_居住世帯なし住宅数,戸,31200.0,31200
housing_stock,住宅ストック・空き家・持ち家,37000,香川県,pref,37,香川県,1988100000,1988年度,1988,00001|H1102,観測値|H1102_居住世帯なし住宅数,戸,38600.0,38600
housing_stock,住宅ストック・空き家・持ち家,37000,香川県,pref,37,香川県,1993100000,1993年度,1993,00001|H1102,観測値|H1102_居住世帯なし住宅数,戸,43300.0,43300
housing_stock,住宅ストック・空き家・持ち家,37000,香川県,pref,37,香川県,1998100000,1998年度,1998,00001|H1102,観測値|H1102_居住世帯なし住宅数,戸,57900.0,57900
housing_stock,住宅ストック・空き家・持ち家,37000,香川県,pref,37,香川県,2003100000,2003年度,2003,00001|H1102,観測値|H1102_居住世帯なし住宅数,戸,60800.0,60800
housing_stock,住宅ストック・空き家・持ち家,37000,香川県,pref,37,香川県,2008100000,2008年度,2008,00001|H1102,観測値|H1102_居住世帯なし住宅数,戸,73700.0,73700
housing_stock,住宅ストック・空き家・持ち家,37000,香川県,pref,37,香川県,2013100000,2013年度,2013,00001|H1102,観測値|H1102_居住世帯なし住宅数,戸,83100.0,83100
housing_stock,住宅ストック・空き家・持ち家,37000,香川県,pref,37,香川県,2018100000,2018年度,2018,00001|H1102,観測値|H1102_居住世帯なし住宅数,戸,90100.0,90100
housing_stock,住宅ストック・空き家・持ち家,37000,香川県,pref,37,香川県,2023100000,2023年度,2023,00001|H1102,観測値|H1102_居住世帯なし住宅数,戸,93900.0,93900
housing_stock,住宅ストック・空き家・持ち家,38000,愛媛県,pref,38,愛媛県,1978100000,1978年度,1978,00001|H1102,観測値|H1102_居住世帯なし住宅数,戸,42600.0,42600
housing_stock,住宅ストック・空き家・持ち家,38000,愛媛県,pref,38,愛媛県,1983100000,1983年度,1983,00001|H1102,観測値|H1102_居住世帯なし住宅数,戸,53700.0,53700
housing_stock,住宅ストック・空き家・持ち家,38000,愛媛県,pref,38,愛媛県,1988100000,1988年度,1988,00001|H1102,観測値|H1102_居住世帯なし住宅数,戸,66700.0,66700
housing_stock,住宅ストック・空き家・持ち家,38000,愛媛県,pref,38,愛媛県,1993100000,1993年度,1993,00001|H1102,観測値|H1102_居住世帯なし住宅数,戸,73500.0,73500
housing_stock,住宅ストック・空き家・持ち家,38000,愛媛県,pref,38,愛媛県,1998100000,1998年度,1998,00001|H1102,観測値|H1102_居住世帯なし住宅数,戸,79000.0,79000
housing_stock,住宅ストック・空き家・持ち家,38000,愛媛県,pref,38,愛媛県,2003100000,2003年度,2003,00001|H1102,観測値|H1102_居住世帯なし住宅数,戸,93000.0,93000
housing_stock,住宅ストック・空き家・持ち家,38000,愛媛県,pref,38,愛媛県,2008100000,2008年度,2008,00001|H1102,観測値|H1102_居住世帯なし住宅数,戸,107100.0,107100
housing_stock,住宅ストック・空き家・持ち家,38000,愛媛県,pref,38,愛媛県,2013100000,2013年度,2013,00001|H1102,観測値|H1102_居住世帯なし住宅数,戸,126300.0,126300
housing_stock,住宅ストック・空き家・持ち家,38000,愛媛県,pref,38,愛媛県,2018100000,2018年度,2018,00001|H1102,観測値|H1102_居住世帯なし住宅数,戸,132900.0,132900
housing_stock,住宅ストック・空き家・持ち家,38000,愛媛県,pref,38,愛媛県,2023100000,2023年度,2023,00001|H1102,観測値|H1102_居住世帯なし住宅数,戸,150500.0,150500
housing_stock,住宅ストック・空き家・持ち家,39000,高知県,pref,39,高知県,1978100000,1978年度,1978,00001|H1102,観測値|H1102_居住世帯なし住宅数,戸,26700.0,26700
housing_stock,住宅ストック・空き家・持ち家,39000,高知県,pref,39,高知県,1983100000,1983年度,1983,00001|H1102,観測値|H1102_居住世帯なし住宅数,戸,37700.0,37700
housing_stock,住宅ストック・空き家・持ち家,39000,高知県,pref,39,高知県,1988100000,1988年度,1988,00001|H1102,観測値|H1102_居住世帯なし住宅数,戸,46200.0,46200
housing_stock,住宅ストック・空き家・持ち家,39000,高知県,pref,39,高知県,1993100000,1993年度,1993,00001|H1102,観測値|H1102_居住世帯なし住宅数,戸,51500.0,51500
housing_stock,住宅ストック・空き家・持ち家,39000,高知県,pref,39,高知県,1998100000,1998年度,1998,00001|H1102,観測値|H1102_居住世帯なし住宅数,戸,48700.0,48700
housing_stock,住宅ストック・空き家・持ち家,39000,高知県,pref,39,高知県,2003100000,2003年度,2003,00001|H1102,観測値|H1102_居住世帯なし住宅数,戸,55000.0,55000
housing_stock,住宅ストック・空き家・持ち家,39000,高知県,pref,39,高知県,2008100000,2008年度,2008,00001|H1102,観測値|H1102_居住世帯なし住宅数,戸,64900.0,64900
housing_stock,住宅ストック・空き家・持ち家,39000,高知県,pref,39,高知県,2013100000,2013年度,2013,00001|H1102,観測値|H1102_居住世帯なし住宅数,戸,71500.0,71500
housing_stock,住宅ストック・空き家・持ち家,39000,高知県,pref,39,高知県,2018100000,2018年度,2018,00001|H1102,観測値|H1102_居住世帯なし住宅数,戸,76200.0,76200
housing_stock,住宅ストック・空き家・持ち家,39000,高知県,pref,39,高知県,2023100000,2023年度,2023,00001|H1102,観測値|H1102_居住世帯なし住宅数,戸,80800.0,80800
housing_stock,住宅ストック・空き家・持ち家,40000,福岡県,pref,40,福岡県,1978100000,1978年度,1978,00001|H1102,観測値|H1102_居住世帯なし住宅数,戸,126400.0,126400
housing_stock,住宅ストック・空き家・持ち家,40000,福岡県,pref,40,福岡県,1983100000,1983年度,1983,00001|H1102,観測値|H1102_居住世帯なし住宅数,戸,152100.0,152100
housing_stock,住宅ストック・空き家・持ち家,40000,福岡県,pref,40,福岡県,1988100000,1988年度,1988,00001|H1102,観測値|H1102_居住世帯なし住宅数,戸,193300.0,193300
housing_stock,住宅ストック・空き家・持ち家,40000,福岡県,pref,40,福岡県,1993100000,1993年度,1993,00001|H1102,観測値|H1102_居住世帯なし住宅数,戸,194800.0,194800
housing_stock,住宅ストック・空き家・持ち家,40000,福岡県,pref,40,福岡県,1998100000,1998年度,1998,00001|H1102,観測値|H1102_居住世帯なし住宅数,戸,220200.0,220200
housing_stock,住宅ストック・空き家・持ち家,40000,福岡県,pref,40,福岡県,2003100000,2003年度,2003,00001|H1102,観測値|H1102_居住世帯なし住宅数,戸,257800.0,257800
housing_stock,住宅ストック・空き家・持ち家,40000,福岡県,pref,40,福岡県,2008100000,2008年度,2008,00001|H1102,観測値|H1102_居住世帯なし住宅数,戸,340800.0,340800
housing_stock,住宅ストック・空き家・持ち家,40000,福岡県,pref,40,福岡県,2013100000,2013年度,2013,00001|H1102,観測値|H1102_居住世帯なし住宅数,戸,329500.0,329500
housing_stock,住宅ストック・空き家・持ち家,40000,福岡県,pref,40,福岡県,2018100000,2018年度,2018,00001|H1102,観測値|H1102_居住世帯なし住宅数,戸,342200.0,342200
housing_stock,住宅ストック・空き家・持ち家,40000,福岡県,pref,40,福岡県,2023100000,2023年度,2023,00001|H1102,観測値|H1102_居住世帯なし住宅数,戸,351500.0,351500
housing_stock,住宅ストック・空き家・持ち家,41000,佐賀県,pref,41,佐賀県,1978100000,1978年度,1978,00001|H1102,観測値|H1102_居住世帯なし住宅数,戸,11300.0,11300
housing_stock,住宅ストック・空き家・持ち家,41000,佐賀県,pref,41,佐賀県,1983100000,1983年度,1983,00001|H1102,観測値|H1102_居住世帯なし住宅数,戸,14500.0,14500
housing_stock,住宅ストック・空き家・持ち家,41000,佐賀県,pref,41,佐賀県,1988100000,1988年度,1988,00001|H1102,観測値|H1102_居住世帯なし住宅数,戸,18900.0,18900
housing_stock,住宅ストック・空き家・持ち家,41000,佐賀県,pref,41,佐賀県,1993100000,1993年度,1993,00001|H1102,観測値|H1102_居住世帯なし住宅数,戸,20300.0,20300
housing_stock,住宅ストック・空き家・持ち家,41000,佐賀県,pref,41,佐賀県,1998100000,1998年度,1998,00001|H1102,観測値|H1102_居住世帯なし住宅数,戸,26000.0,26000
housing_stock,住宅ストック・空き家・持ち家,41000,佐賀県,pref,41,佐賀県,2003100000,2003年度,2003,00001|H1102,観測値|H1102_居住世帯なし住宅数,戸,29800.0,29800
housing_stock,住宅ストック・空き家・持ち家,41000,佐賀県,pref,41,佐賀県,2008100000,2008年度,2008,00001|H1102,観測値|H1102_居住世帯なし住宅数,戸,36800.0,36800
housing_stock,住宅ストック・空き家・持ち家,41000,佐賀県,pref,41,佐賀県,2013100000,2013年度,2013,00001|H1102,観測値|H1102_居住世帯なし住宅数,戸,44900.0,44900
housing_stock,住宅ストック・空き家・持ち家,41000,佐賀県,pref,41,佐賀県,2018100000,2018年度,2018,00001|H1102,観測値|H1102_居住世帯なし住宅数,戸,51800.0,51800
housing_stock,住宅ストック・空き家・持ち家,41000,佐賀県,pref,41,佐賀県,2023100000,2023年度,2023,00001|H1102,観測値|H1102_居住世帯なし住宅数,戸,56000.0,56000
housing_stock,住宅ストック・空き家・持ち家,42000,長崎県,pref,42,長崎県,1978100000,1978年度,1978,00001|H1102,観測値|H1102_居住世帯なし住宅数,戸,32300.0,32300
housing_stock,住宅ストック・空き家・持ち家,42000,長崎県,pref,42,長崎県,1983100000,1983年度,1983,00001|H1102,観測値|H1102_居住世帯なし住宅数,戸,37400.0,37400
housing_stock,住宅ストック・空き家・持ち家,42000,長崎県,pref,42,長崎県,1988100000,1988年度,1988,00001|H1102,観測値|H1102_居住世帯なし住宅数,戸,56400.0,56400
housing_stock,住宅ストック・空き家・持ち家,42000,長崎県,pref,42,長崎県,1993100000,1993年度,1993,00001|H1102,観測値|H1102_居住世帯なし住宅数,戸,54600.0,54600
housing_stock,住宅ストック・空き家・持ち家,42000,長崎県,pref,42,長崎県,1998100000,1998年度,1998,00001|H1102,観測値|H1102_居住世帯なし住宅数,戸,67800.0,67800
housing_stock,住宅ストック・空き家・持ち家,42000,長崎県,pref,42,長崎県,2003100000,2003年度,2003,00001|H1102,観測値|H1102_居住世帯なし住宅数,戸,76800.0,76800
housing_stock,住宅ストック・空き家・持ち家,42000,長崎県,pref,42,長崎県,2008100000,2008年度,2008,00001|H1102,観測値|H1102_居住世帯なし住宅数,戸,91900.0,91900
housing_stock,住宅ストック・空き家・持ち家,42000,長崎県,pref,42,長崎県,2013100000,2013年度,2013,00001|H1102,観測値|H1102_居住世帯なし住宅数,戸,104900.0,104900
housing_stock,住宅ストック・空き家・持ち家,42000,長崎県,pref,42,長崎県,2018100000,2018年度,2018,00001|H1102,観測値|H1102_居住世帯なし住宅数,戸,104300.0,104300
housing_stock,住宅ストック・空き家・持ち家,42000,長崎県,pref,42,長崎県,2023100000,2023年度,2023,00001|H1102,観測値|H1102_居住世帯なし住宅数,戸,117200.0,117200
housing_stock,住宅ストック・空き家・持ち家,43000,熊本県,pref,43,熊本県,1978100000,1978年度,1978,00001|H1102,観測値|H1102_居住世帯なし住宅数,戸,34200.0,34200
housing_stock,住宅ストック・空き家・持ち家,43000,熊本県,pref,43,熊本県,1983100000,1983年度,1983,00001|H1102,観測値|H1102_居住世帯なし住宅数,戸,42400.0,42400
housing_stock,住宅ストック・空き家・持ち家,43000,熊本県,pref,43,熊本県,1988100000,1988年度,1988,00001|H1102,観測値|H1102_居住世帯なし住宅数,戸,55400.0,55400
housing_stock,住宅ストック・空き家・持ち家,43000,熊本県,pref,43,熊本県,1993100000,1993年度,1993,00001|H1102,観測値|H1102_居住世帯なし住宅数,戸,63200.0,63200
housing_stock,住宅ストック・空き家・持ち家,43000,熊本県,pref,43,熊本県,1998100000,1998年度,1998,00001|H1102,観測値|H1102_居住世帯なし住宅数,戸,71900.0,71900
housing_stock,住宅ストック・空き家・持ち家,43000,熊本県,pref,43,熊本県,2003100000,2003年度,2003,00001|H1102,観測値|H1102_居住世帯なし住宅数,戸,85600.0,85600
housing_stock,住宅ストック・空き家・持ち家,43000,熊本県,pref,43,熊本県,2008100000,2008年度,2008,00001|H1102,観測値|H1102_居住世帯なし住宅数,戸,105700.0,105700
housing_stock,住宅ストック・空き家・持ち家,43000,熊本県,pref,43,熊本県,2013100000,2013年度,2013,00001|H1102,観測値|H1102_居住世帯なし住宅数,戸,117200.0,117200
housing_stock,住宅ストック・空き家・持ち家,43000,熊本県,pref,43,熊本県,2018100000,2018年度,2018,00001|H1102,観測値|H1102_居住世帯なし住宅数,戸,115600.0,115600
housing_stock,住宅ストック・空き家・持ち家,43000,熊本県,pref,43,熊本県,2023100000,2023年度,2023,00001|H1102,観測値|H1102_居住世帯なし住宅数,戸,133500.0,133500
housing_stock,住宅ストック・空き家・持ち家,44000,大分県,pref,44,大分県,1978100000,1978年度,1978,00001|H1102,観測値|H1102_居住世帯なし住宅数,戸,29700.0,29700
housing_stock,住宅ストック・空き家・持ち家,44000,大分県,pref,44,大分県,1983100000,1983年度,1983,00001|H1102,観測値|H1102_居住世帯なし住宅数,戸,36400.0,36400
housing_stock,住宅ストック・空き家・持ち家,44000,大分県,pref,44,大分県,1988100000,1988年度,1988,00001|H1102,観測値|H1102_居住世帯なし住宅数,戸,45900.0,45900
housing_stock,住宅ストック・空き家・持ち家,44000,大分県,pref,44,大分県,1993100000,1993年度,1993,00001|H1102,観測値|H1102_居住世帯なし住宅数,戸,49400.0,49400
housing_stock,住宅ストック・空き家・持ち家,44000,大分県,pref,44,大分県,1998100000,1998年度,1998,00001|H1102,観測値|H1102_居住世帯なし住宅数,戸,61700.0,61700
housing_stock,住宅ストック・空き家・持ち家,44000,大分県,pref,44,大分県,2003100000,2003年度,2003,00001|H1102,観測値|H1102_居住世帯なし住宅数,戸,69000.0,69000
housing_stock,住宅ストック・空き家・持ち家,44000,大分県,pref,44,大分県,2008100000,2008年度,2008,00001|H1102,観測値|H1102_居住世帯なし住宅数,戸,79300.0,79300
housing_stock,住宅ストック・空き家・持ち家,44000,大分県,pref,44,大分県,2013100000,2013年度,2013,00001|H1102,観測値|H1102_居住世帯なし住宅数,戸,92100.0,92100
housing_stock,住宅ストック・空き家・持ち家,44000,大分県,pref,44,大分県,2018100000,2018年度,2018,00001|H1102,観測値|H1102_居住世帯なし住宅数,戸,100000.0,100000
housing_stock,住宅ストック・空き家・持ち家,44000,大分県,pref,44,大分県,2023100000,2023年度,2023,00001|H1102,観測値|H1102_居住世帯なし住宅数,戸,117500.0,117500
housing_stock,住宅ストック・空き家・持ち家,45000,宮崎県,pref,45,宮崎県,1978100000,1978年度,1978,00001|H1102,観測値|H1102_居住世帯なし住宅数,戸,25900.0,25900
housing_stock,住宅ストック・空き家・持ち家,45000,宮崎県,pref,45,宮崎県,1983100000,1983年度,1983,00001|H1102,観測値|H1102_居住世帯なし住宅数,戸,30300.0,30300
housing_stock,住宅ストック・空き家・持ち家,45000,宮崎県,pref,45,宮崎県,1988100000,1988年度,1988,00001|H1102,観測値|H1102_居住世帯なし住宅数,戸,37800.0,37800
housing_stock,住宅ストック・空き家・持ち家,45000,宮崎県,pref,45,宮崎県,1993100000,1993年度,1993,00001|H1102,観測値|H1102_居住世帯なし住宅数,戸,41100.0,41100
housing_stock,住宅ストック・空き家・持ち家,45000,宮崎県,pref,45,宮崎県,1998100000,1998年度,1998,00001|H1102,観測値|H1102_居住世帯なし住宅数,戸,51200.0,51200
housing_stock,住宅ストック・空き家・持ち家,45000,宮崎県,pref,45,宮崎県,2003100000,2003年度,2003,00001|H1102,観測値|H1102_居住世帯なし住宅数,戸,55100.0,55100
housing_stock,住宅ストック・空き家・持ち家,45000,宮崎県,pref,45,宮崎県,2008100000,2008年度,2008,00001|H1102,観測値|H1102_居住世帯なし住宅数,戸,65900.0,65900
housing_stock,住宅ストック・空き家・持ち家,45000,宮崎県,pref,45,宮崎県,2013100000,2013年度,2013,00001|H1102,観測値|H1102_居住世帯なし住宅数,戸,75800.0,75800
housing_stock,住宅ストック・空き家・持ち家,45000,宮崎県,pref,45,宮崎県,2018100000,2018年度,2018,00001|H1102,観測値|H1102_居住世帯なし住宅数,戸,86200.0,86200
housing_stock,住宅ストック・空き家・持ち家,45000,宮崎県,pref,45,宮崎県,2023100000,2023年度,2023,00001|H1102,観測値|H1102_居住世帯なし住宅数,戸,93500.0,93500
housing_stock,住宅ストック・空き家・持ち家,46000,鹿児島県,pref,46,鹿児島県,1978100000,1978年度,1978,00001|H1102,観測値|H1102_居住世帯なし住宅数,戸,45300.0,45300
housing_stock,住宅ストック・空き家・持ち家,46000,鹿児島県,pref,46,鹿児島県,1983100000,1983年度,1983,00001|H1102,観測値|H1102_居住世帯なし住宅数,戸,60300.0,60300
housing_stock,住宅ストック・空き家・持ち家,46000,鹿児島県,pref,46,鹿児島県,1988100000,1988年度,1988,00001|H1102,観測値|H1102_居住世帯なし住宅数,戸,86600.0,86600
housing_stock,住宅ストック・空き家・持ち家,46000,鹿児島県,pref,46,鹿児島県,1993100000,1993年度,1993,00001|H1102,観測値|H1102_居住世帯なし住宅数,戸,89900.0,89900
housing_stock,住宅ストック・空き家・持ち家,46000,鹿児島県,pref,46,鹿児島県,1998100000,1998年度,1998,00001|H1102,観測値|H1102_居住世帯なし住宅数,戸,96200.0,96200
housing_stock,住宅ストック・空き家・持ち家,46000,鹿児島県,pref,46,鹿児島県,2003100000,2003年度,2003,00001|H1102,観測値|H1102_居住世帯なし住宅数,戸,110000.0,110000
housing_stock,住宅ストック・空き家・持ち家,46000,鹿児島県,pref,46,鹿児島県,2008100000,2008年度,2008,00001|H1102,観測値|H1102_居住世帯なし住宅数,戸,133100.0,133100
housing_stock,住宅ストック・空き家・持ち家,46000,鹿児島県,pref,46,鹿児島県,2013100000,2013年度,2013,00001|H1102,観測値|H1102_居住世帯なし住宅数,戸,151000.0,151000
housing_stock,住宅ストック・空き家・持ち家,46000,鹿児島県,pref,46,鹿児島県,2018100000,2018年度,2018,00001|H1102,観測値|H1102_居住世帯なし住宅数,戸,170400.0,170400
housing_stock,住宅ストック・空き家・持ち家,46000,鹿児島県,pref,46,鹿児島県,2023100000,2023年度,2023,00001|H1102,観測値|H1102_居住世帯なし住宅数,戸,188700.0,188700
housing_stock,住宅ストック・空き家・持ち家,47000,沖縄県,pref,47,沖縄県,1978100000,1978年度,1978,00001|H1102,観測値|H1102_居住世帯なし住宅数,戸,26500.0,26500
housing_stock,住宅ストック・空き家・持ち家,47000,沖縄県,pref,47,沖縄県,1983100000,1983年度,1983,00001|H1102,観測値|H1102_居住世帯なし住宅数,戸,23600.0,23600
housing_stock,住宅ストック・空き家・持ち家,47000,沖縄県,pref,47,沖縄県,1988100000,1988年度,1988,00001|H1102,観測値|H1102_居住世帯なし住宅数,戸,41000.0,41000
housing_stock,住宅ストック・空き家・持ち家,47000,沖縄県,pref,47,沖縄県,1993100000,1993年度,1993,00001|H1102,観測値|H1102_居住世帯なし住宅数,戸,47700.0,47700
housing_stock,住宅ストック・空き家・持ち家,47000,沖縄県,pref,47,沖縄県,1998100000,1998年度,1998,00001|H1102,観測値|H1102_居住世帯なし住宅数,戸,56200.0,56200
housing_stock,住宅ストック・空き家・持ち家,47000,沖縄県,pref,47,沖縄県,2003100000,2003年度,2003,00001|H1102,観測値|H1102_居住世帯なし住宅数,戸,54600.0,54600
housing_stock,住宅ストック・空き家・持ち家,47000,沖縄県,pref,47,沖縄県,2008100000,2008年度,2008,00001|H1102,観測値|H1102_居住世帯なし住宅数,戸,62100.0,62100
housing_stock,住宅ストック・空き家・持ち家,47000,沖縄県,pref,47,沖縄県,2013100000,2013年度,2013,00001|H1102,観測値|H1102_居住世帯なし住宅数,戸,65500.0,65500
housing_stock,住宅ストック・空き家・持ち家,47000,沖縄県,pref,47,沖縄県,2018100000,2018年度,2018,00001|H1102,観測値|H1102_居住世帯なし住宅数,戸,75600.0,75600
housing_stock,住宅ストック・空き家・持ち家,47000,沖縄県,pref,47,沖縄県,2023100000,2023年度,2023,00001|H1102,観測値|H1102_居住世帯なし住宅数,戸,72000.0,72000
housing_stock,住宅ストック・空き家・持ち家,00000,全国,national,,,1978100000,1978年度,1978,00001|H110202,観測値|H110202_空き家数,戸,2679200.0,2679200
housing_stock,住宅ストック・空き家・持ち家,00000,全国,national,,,1983100000,1983年度,1983,00001|H110202,観測値|H110202_空き家数,戸,3301800.0,3301800
housing_stock,住宅ストック・空き家・持ち家,00000,全国,national,,,1988100000,1988年度,1988,00001|H110202,観測値|H110202_空き家数,戸,3940400.0,3940400
housing_stock,住宅ストック・空き家・持ち家,00000,全国,national,,,1993100000,1993年度,1993,00001|H110202,観測値|H110202_空き家数,戸,4475800.0,4475800
housing_stock,住宅ストック・空き家・持ち家,00000,全国,national,,,1998100000,1998年度,1998,00001|H110202,観測値|H110202_空き家数,戸,5764100.0,5764100
housing_stock,住宅ストック・空き家・持ち家,00000,全国,national,,,2003100000,2003年度,2003,00001|H110202,観測値|H110202_空き家数,戸,6593300.0,6593300
housing_stock,住宅ストック・空き家・持ち家,00000,全国,national,,,2008100000,2008年度,2008,00001|H110202,観測値|H110202_空き家数,戸,7567900.0,7567900
housing_stock,住宅ストック・空き家・持ち家,00000,全国,national,,,2013100000,2013年度,2013,00001|H110202,観測値|H110202_空き家数,戸,8195600.0,8195600
housing_stock,住宅ストック・空き家・持ち家,00000,全国,national,,,2018100000,2018年度,2018,00001|H110202,観測値|H110202_空き家数,戸,8488600.0,8488600
housing_stock,住宅ストック・空き家・持ち家,00000,全国,national,,,2023100000,2023年度,2023,00001|H110202,観測値|H110202_空き家数,戸,9001600.0,9001600
housing_stock,住宅ストック・空き家・持ち家,01000,北海道,pref,01,北海道,1978100000,1978年度,1978,00001|H110202,観測値|H110202_空き家数,戸,118100.0,118100
housing_stock,住宅ストック・空き家・持ち家,01000,北海道,pref,01,北海道,1983100000,1983年度,1983,00001|H110202,観測値|H110202_空き家数,戸,166500.0,166500
housing_stock,住宅ストック・空き家・持ち家,01000,北海道,pref,01,北海道,1988100000,1988年度,1988,00001|H110202,観測値|H110202_空き家数,戸,220300.0,220300
housing_stock,住宅ストック・空き家・持ち家,01000,北海道,pref,01,北海道,1993100000,1993年度,1993,00001|H110202,観測値|H110202_空き家数,戸,230400.0,230400
housing_stock,住宅ストック・空き家・持ち家,01000,北海道,pref,01,北海道,1998100000,1998年度,1998,00001|H110202,観測値|H110202_空き家数,戸,273400.0,273400
housing_stock,住宅ストック・空き家・持ち家,01000,北海道,pref,01,北海道,2003100000,2003年度,2003,00001|H110202,観測値|H110202_空き家数,戸,303800.0,303800
housing_stock,住宅ストック・空き家・持ち家,01000,北海道,pref,01,北海道,2008100000,2008年度,2008,00001|H110202,観測値|H110202_空き家数,戸,374400.0,374400
housing_stock,住宅ストック・空き家・持ち家,01000,北海道,pref,01,北海道,2013100000,2013年度,2013,00001|H110202,観測値|H110202_空き家数,戸,388200.0,388200
housing_stock,住宅ストック・空き家・持ち家,01000,北海道,pref,01,北海道,2018100000,2018年度,2018,00001|H110202,観測値|H110202_空き家数,戸,379800.0,379800
housing_stock,住宅ストック・空き家・持ち家,01000,北海道,pref,01,北海道,2023100000,2023年度,2023,00001|H110202,観測値|H110202_空き家数,戸,451900.0,451900
housing_stock,住宅ストック・空き家・持ち家,02000,青森県,pref,02,青森県,1978100000,1978年度,1978,00001|H110202,観測値|H110202_空き家数,戸,21200.0,21200
housing_stock,住宅ストック・空き家・持ち家,02000,青森県,pref,02,青森県,1983100000,1983年度,1983,00001|H110202,観測値|H110202_空き家数,戸,31000.0,31000
housing_stock,住宅ストック・空き家・持ち家,02000,青森県,pref,02,青森県,1988100000,1988年度,1988,00001|H110202,観測値|H110202_空き家数,戸,44200.0,44200
housing_stock,住宅ストック・空き家・持ち家,02000,青森県,pref,02,青森県,1993100000,1993年度,1993,00001|H110202,観測値|H110202_空き家数,戸,51000.0,51000
housing_stock,住宅ストック・空き家・持ち家,02000,青森県,pref,02,青森県,1998100000,1998年度,1998,00001|H110202,観測値|H110202_空き家数,戸,58500.0,58500
housing_stock,住宅ストック・空き家・持ち家,02000,青森県,pref,02,青森県,2003100000,2003年度,2003,00001|H110202,観測値|H110202_空き家数,戸,70100.0,70100
housing_stock,住宅ストック・空き家・持ち家,02000,青森県,pref,02,青森県,2008100000,2008年度,2008,00001|H110202,観測値|H110202_空き家数,戸,84700.0,84700
housing_stock,住宅ストック・空き家・持ち家,02000,青森県,pref,02,青森県,2013100000,2013年度,2013,00001|H110202,観測値|H110202_空き家数,戸,81200.0,81200
housing_stock,住宅ストック・空き家・持ち家,02000,青森県,pref,02,青森県,2018100000,2018年度,2018,00001|H110202,観測値|H110202_空き家数,戸,88700.0,88700
housing_stock,住宅ストック・空き家・持ち家,02000,青森県,pref,02,青森県,2023100000,2023年度,2023,00001|H110202,観測値|H110202_空き家数,戸,98800.0,98800
housing_stock,住宅ストック・空き家・持ち家,03000,岩手県,pref,03,岩手県,1978100000,1978年度,1978,00001|H110202,観測値|H110202_空き家数,戸,19400.0,19400
housing_stock,住宅ストック・空き家・持ち家,03000,岩手県,pref,03,岩手県,1983100000,1983年度,1983,00001|H110202,観測値|H110202_空き家数,戸,29200.0,29200
housing_stock,住宅ストック・空き家・持ち家,03000,岩手県,pref,03,岩手県,1988100000,1988年度,1988,00001|H110202,観測値|H110202_空き家数,戸,38000.0,38000
housing_stock,住宅ストック・空き家・持ち家,03000,岩手県,pref,03,岩手県,1993100000,1993年度,1993,00001|H110202,観測値|H110202_空き家数,戸,40200.0,40200
housing_stock,住宅ストック・空き家・持ち家,03000,岩手県,pref,03,岩手県,1998100000,1998年度,1998,00001|H110202,観測値|H110202_空き家数,戸,51100.0,51100
housing_stock,住宅ストック・空き家・持ち家,03000,岩手県,pref,03,岩手県,2003100000,2003年度,2003,00001|H110202,観測値|H110202_空き家数,戸,60800.0,60800
housing_stock,住宅ストック・空き家・持ち家,03000,岩手県,pref,03,岩手県,2008100000,2008年度,2008,00001|H110202,観測値|H110202_空き家数,戸,77300.0,77300
housing_stock,住宅ストック・空き家・持ち家,03000,岩手県,pref,03,岩手県,2013100000,2013年度,2013,00001|H110202,観測値|H110202_空き家数,戸,76300.0,76300
housing_stock,住宅ストック・空き家・持ち家,03000,岩手県,pref,03,岩手県,2018100000,2018年度,2018,00001|H110202,観測値|H110202_空き家数,戸,93500.0,93500
housing_stock,住宅ストック・空き家・持ち家,03000,岩手県,pref,03,岩手県,2023100000,2023年度,2023,00001|H110202,観測値|H110202_空き家数,戸,100400.0,100400
housing_stock,住宅ストック・空き家・持ち家,04000,宮城県,pref,04,宮城県,1978100000,1978年度,1978,00001|H110202,観測値|H110202_空き家数,戸,33100.0,33100
housing_stock,住宅ストック・空き家・持ち家,04000,宮城県,pref,04,宮城県,1983100000,1983年度,1983,00001|H110202,観測値|H110202_空き家数,戸,42800.0,42800
housing_stock,住宅ストック・空き家・持ち家,04000,宮城県,pref,04,宮城県,1988100000,1988年度,1988,00001|H110202,観測値|H110202_空き家数,戸,55800.0,55800
housing_stock,住宅ストック・空き家・持ち家,04000,宮城県,pref,04,宮城県,1993100000,1993年度,1993,00001|H110202,観測値|H110202_空き家数,戸,72600.0,72600
housing_stock,住宅ストック・空き家・持ち家,04000,宮城県,pref,04,宮城県,1998100000,1998年度,1998,00001|H110202,観測値|H110202_空き家数,戸,98600.0,98600
housing_stock,住宅ストック・空き家・持ち家,04000,宮城県,pref,04,宮城県,2003100000,2003年度,2003,00001|H110202,観測値|H110202_空き家数,戸,106300.0,106300
housing_stock,住宅ストック・空き家・持ち家,04000,宮城県,pref,04,宮城県,2008100000,2008年度,2008,00001|H110202,観測値|H110202_空き家数,戸,138400.0,138400
housing_stock,住宅ストック・空き家・持ち家,04000,宮城県,pref,04,宮城県,2013100000,2013年度,2013,00001|H110202,観測値|H110202_空き家数,戸,96900.0,96900
housing_stock,住宅ストック・空き家・持ち家,04000,宮城県,pref,04,宮城県,2018100000,2018年度,2018,00001|H110202,観測値|H110202_空き家数,戸,130500.0,130500
housing_stock,住宅ストック・空き家・持ち家,04000,宮城県,pref,04,宮城県,2023100000,2023年度,2023,00001|H110202,観測値|H110202_空き家数,戸,140300.0,140300
housing_stock,住宅ストック・空き家・持ち家,05000,秋田県,pref,05,秋田県,1978100000,1978年度,1978,00001|H110202,観測値|H110202_空き家数,戸,16100.0,16100
housing_stock,住宅ストック・空き家・持ち家,05000,秋田県,pref,05,秋田県,1983100000,1983年度,1983,00001|H110202,観測値|H110202_空き家数,戸,21500.0,21500
housing_stock,住宅ストック・空き家・持ち家,05000,秋田県,pref,05,秋田県,1988100000,1988年度,1988,00001|H110202,観測値|H110202_空き家数,戸,27800.0,27800
housing_stock,住宅ストック・空き家・持ち家,05000,秋田県,pref,05,秋田県,1993100000,1993年度,1993,00001|H110202,観測値|H110202_空き家数,戸,29300.0,29300
housing_stock,住宅ストック・空き家・持ち家,05000,秋田県,pref,05,秋田県,1998100000,1998年度,1998,00001|H110202,観測値|H110202_空き家数,戸,37200.0,37200
housing_stock,住宅ストック・空き家・持ち家,05000,秋田県,pref,05,秋田県,2003100000,2003年度,2003,00001|H110202,観測値|H110202_空き家数,戸,44200.0,44200
housing_stock,住宅ストック・空き家・持ち家,05000,秋田県,pref,05,秋田県,2008100000,2008年度,2008,00001|H110202,観測値|H110202_空き家数,戸,55300.0,55300
housing_stock,住宅ストック・空き家・持ち家,05000,秋田県,pref,05,秋田県,2013100000,2013年度,2013,00001|H110202,観測値|H110202_空き家数,戸,56600.0,56600
housing_stock,住宅ストック・空き家・持ち家,05000,秋田県,pref,05,秋田県,2018100000,2018年度,2018,00001|H110202,観測値|H110202_空き家数,戸,60800.0,60800
housing_stock,住宅ストック・空き家・持ち家,05000,秋田県,pref,05,秋田県,2023100000,2023年度,2023,00001|H110202,観測値|H110202_空き家数,戸,69500.0,69500
housing_stock,住宅ストック・空き家・持ち家,06000,山形県,pref,06,山形県,1978100000,1978年度,1978,00001|H110202,観測値|H110202_空き家数,戸,14100.0,14100
housing_stock,住宅ストック・空き家・持ち家,06000,山形県,pref,06,山形県,1983100000,1983年度,1983,00001|H110202,観測値|H110202_空き家数,戸,18700.0,18700
housing_stock,住宅ストック・空き家・持ち家,06000,山形県,pref,06,山形県,1988100000,1988年度,1988,00001|H110202,観測値|H110202_空き家数,戸,18300.0,18300
housing_stock,住宅ストック・空き家・持ち家,06000,山形県,pref,06,山形県,1993100000,1993年度,1993,00001|H110202,観測値|H110202_空き家数,戸,20700.0,20700
housing_stock,住宅ストック・空き家・持ち家,06000,山形県,pref,06,山形県,1998100000,1998年度,1998,00001|H110202,観測値|H110202_空き家数,戸,27800.0,27800
housing_stock,住宅ストック・空き家・持ち家,06000,山形県,pref,06,山形県,2003100000,2003年度,2003,00001|H110202,観測値|H110202_空き家数,戸,40000.0,40000
housing_stock,住宅ストック・空き家・持ち家,06000,山形県,pref,06,山形県,2008100000,2008年度,2008,00001|H110202,観測値|H110202_空き家数,戸,47500.0,47500
housing_stock,住宅ストック・空き家・持ち家,06000,山形県,pref,06,山形県,2013100000,2013年度,2013,00001|H110202,観測値|H110202_空き家数,戸,46100.0,46100
housing_stock,住宅ストック・空き家・持ち家,06000,山形県,pref,06,山形県,2018100000,2018年度,2018,00001|H110202,観測値|H110202_空き家数,戸,54200.0,54200
housing_stock,住宅ストック・空き家・持ち家,06000,山形県,pref,06,山形県,2023100000,2023年度,2023,00001|H110202,観測値|H110202_空き家数,戸,61700.0,61700
housing_stock,住宅ストック・空き家・持ち家,07000,福島県,pref,07,福島県,1978100000,1978年度,1978,00001|H110202,観測値|H110202_空き家数,戸,28400.0,28400
housing_stock,住宅ストック・空き家・持ち家,07000,福島県,pref,07,福島県,1983100000,1983年度,1983,00001|H110202,観測値|H110202_空き家数,戸,36800.0,36800
housing_stock,住宅ストック・空き家・持ち家,07000,福島県,pref,07,福島県,1988100000,1988年度,1988,00001|H110202,観測値|H110202_空き家数,戸,51400.0,51400
housing_stock,住宅ストック・空き家・持ち家,07000,福島県,pref,07,福島県,1993100000,1993年度,1993,00001|H110202,観測値|H110202_空き家数,戸,53500.0,53500
housing_stock,住宅ストック・空き家・持ち家,07000,福島県,pref,07,福島県,1998100000,1998年度,1998,00001|H110202,観測値|H110202_空き家数,戸,72000.0,72000
housing_stock,住宅ストック・空き家・持ち家,07000,福島県,pref,07,福島県,2003100000,2003年度,2003,00001|H110202,観測値|H110202_空き家数,戸,96200.0,96200
housing_stock,住宅ストック・空き家・持ち家,07000,福島県,pref,07,福島県,2008100000,2008年度,2008,00001|H110202,観測値|H110202_空き家数,戸,105000.0,105000
housing_stock,住宅ストック・空き家・持ち家,07000,福島県,pref,07,福島県,2013100000,2013年度,2013,00001|H110202,観測値|H110202_空き家数,戸,91800.0,91800
housing_stock,住宅ストック・空き家・持ち家,07000,福島県,pref,07,福島県,2018100000,2018年度,2018,00001|H110202,観測値|H110202_空き家数,戸,123500.0,123500
housing_stock,住宅ストック・空き家・持ち家,07000,福島県,pref,07,福島県,2023100000,2023年度,2023,00001|H110202,観測値|H110202_空き家数,戸,131000.0,131000
housing_stock,住宅ストック・空き家・持ち家,08000,茨城県,pref,08,茨城県,1978100000,1978年度,1978,00001|H110202,観測値|H110202_空き家数,戸,42900.0,42900
housing_stock,住宅ストック・空き家・持ち家,08000,茨城県,pref,08,茨城県,1983100000,1983年度,1983,00001|H110202,観測値|H110202_空き家数,戸,52800.0,52800
housing_stock,住宅ストック・空き家・持ち家,08000,茨城県,pref,08,茨城県,1988100000,1988年度,1988,00001|H110202,観測値|H110202_空き家数,戸,74000.0,74000
housing_stock,住宅ストック・空き家・持ち家,08000,茨城県,pref,08,茨城県,1993100000,1993年度,1993,00001|H110202,観測値|H110202_空き家数,戸,92600.0,92600
housing_stock,住宅ストック・空き家・持ち家,08000,茨城県,pref,08,茨城県,1998100000,1998年度,1998,00001|H110202,観測値|H110202_空き家数,戸,129400.0,129400
housing_stock,住宅ストック・空き家・持ち家,08000,茨城県,pref,08,茨城県,2003100000,2003年度,2003,00001|H110202,観測値|H110202_空き家数,戸,146700.0,146700
housing_stock,住宅ストック・空き家・持ち家,08000,茨城県,pref,08,茨城県,2008100000,2008年度,2008,00001|H110202,観測値|H110202_空き家数,戸,178400.0,178400
housing_stock,住宅ストック・空き家・持ち家,08000,茨城県,pref,08,茨城県,2013100000,2013年度,2013,00001|H110202,観測値|H110202_空き家数,戸,184700.0,184700
housing_stock,住宅ストック・空き家・持ち家,08000,茨城県,pref,08,茨城県,2018100000,2018年度,2018,00001|H110202,観測値|H110202_空き家数,戸,197200.0,197200
housing_stock,住宅ストック・空き家・持ち家,08000,茨城県,pref,08,茨城県,2023100000,2023年度,2023,00001|H110202,観測値|H110202_空き家数,戸,196200.0,196200
housing_stock,住宅ストック・空き家・持ち家,09000,栃木県,pref,09,栃木県,1978100000,1978年度,1978,00001|H110202,観測値|H110202_空き家数,戸,36100.0,36100
housing_stock,住宅ストック・空き家・持ち家,09000,栃木県,pref,09,栃木県,1983100000,1983年度,1983,00001|H110202,観測値|H110202_空き家数,戸,41900.0,41900
housing_stock,住宅ストック・空き家・持ち家,09000,栃木県,pref,09,栃木県,1988100000,1988年度,1988,00001|H110202,観測値|H110202_空き家数,戸,54300.0,54300
housing_stock,住宅ストック・空き家・持ち家,09000,栃木県,pref,09,栃木県,1993100000,1993年度,1993,00001|H110202,観測値|H110202_空き家数,戸,69700.0,69700
housing_stock,住宅ストック・空き家・持ち家,09000,栃木県,pref,09,栃木県,1998100000,1998年度,1998,00001|H110202,観測値|H110202_空き家数,戸,88600.0,88600
housing_stock,住宅ストック・空き家・持ち家,09000,栃木県,pref,09,栃木県,2003100000,2003年度,2003,00001|H110202,観測値|H110202_空き家数,戸,103700.0,103700
housing_stock,住宅ストック・空き家・持ち家,09000,栃木県,pref,09,栃木県,2008100000,2008年度,2008,00001|H110202,観測値|H110202_空き家数,戸,126300.0,126300
housing_stock,住宅ストック・空き家・持ち家,09000,栃木県,pref,09,栃木県,2013100000,2013年度,2013,00001|H110202,観測値|H110202_空き家数,戸,143400.0,143400
housing_stock,住宅ストック・空き家・持ち家,09000,栃木県,pref,09,栃木県,2018100000,2018年度,2018,00001|H110202,観測値|H110202_空き家数,戸,160700.0,160700
housing_stock,住宅ストック・空き家・持ち家,09000,栃木県,pref,09,栃木県,2023100000,2023年度,2023,00001|H110202,観測値|H110202_空き家数,戸,163700.0,163700
housing_stock,住宅ストック・空き家・持ち家,10000,群馬県,pref,10,群馬県,1978100000,1978年度,1978,00001|H110202,観測値|H110202_空き家数,戸,34800.0,34800
housing_stock,住宅ストック・空き家・持ち家,10000,群馬県,pref,10,群馬県,1983100000,1983年度,1983,00001|H110202,観測値|H110202_空き家数,戸,42300.0,42300
housing_stock,住宅ストック・空き家・持ち家,10000,群馬県,pref,10,群馬県,1988100000,1988年度,1988,00001|H110202,観測値|H110202_空き家数,戸,58200.0,58200
housing_stock,住宅ストック・空き家・持ち家,10000,群馬県,pref,10,群馬県,1993100000,1993年度,1993,00001|H110202,観測値|H110202_空き家数,戸,73800.0,73800
housing_stock,住宅ストック・空き家・持ち家,10000,群馬県,pref,10,群馬県,1998100000,1998年度,1998,00001|H110202,観測値|H110202_空き家数,戸,92600.0,92600
housing_stock,住宅ストック・空き家・持ち家,10000,群馬県,pref,10,群馬県,2003100000,2003年度,2003,00001|H110202,観測値|H110202_空き家数,戸,108900.0,108900
housing_stock,住宅ストック・空き家・持ち家,10000,群馬県,pref,10,群馬県,2008100000,2008年度,2008,00001|H110202,観測値|H110202_空き家数,戸,123100.0,123100
housing_stock,住宅ストック・空き家・持ち家,10000,群馬県,pref,10,群馬県,2013100000,2013年度,2013,00001|H110202,観測値|H110202_空き家数,戸,150100.0,150100
housing_stock,住宅ストック・空き家・持ち家,10000,群馬県,pref,10,群馬県,2018100000,2018年度,2018,00001|H110202,観測値|H110202_空き家数,戸,158300.0,158300
housing_stock,住宅ストック・空き家・持ち家,10000,群馬県,pref,10,群馬県,2023100000,2023年度,2023,00001|H110202,観測値|H110202_空き家数,戸,161300.0,161300
housing_stock,住宅ストック・空き家・持ち家,11000,埼玉県,pref,11,埼玉県,1978100000,1978年度,1978,00001|H110202,観測値|H110202_空き家数,戸,118500.0,118500
housing_stock,住宅ストック・空き家・持ち家,11000,埼玉県,pref,11,埼玉県,1983100000,1983年度,1983,00001|H110202,観測値|H110202_空き家数,戸,138900.0,138900
housing_stock,住宅ストック・空き家・持ち家,11000,埼玉県,pref,11,埼玉県,1988100000,1988年度,1988,00001|H110202,観測値|H110202_空き家数,戸,157900.0,157900
housing_stock,住宅ストック・空き家・持ち家,11000,埼玉県,pref,11,埼玉県,1993100000,1993年度,1993,00001|H110202,観測値|H110202_空き家数,戸,197900.0,197900
housing_stock,住宅ストック・空き家・持ち家,11000,埼玉県,pref,11,埼玉県,1998100000,1998年度,1998,00001|H110202,観測値|H110202_空き家数,戸,257400.0,257400
housing_stock,住宅ストック・空き家・持ち家,11000,埼玉県,pref,11,埼玉県,2003100000,2003年度,2003,00001|H110202,観測値|H110202_空き家数,戸,273100.0,273100
housing_stock,住宅ストック・空き家・持ち家,11000,埼玉県,pref,11,埼玉県,2008100000,2008年度,2008,00001|H110202,観測値|H110202_空き家数,戸,322600.0,322600
housing_stock,住宅ストック・空き家・持ち家,11000,埼玉県,pref,11,埼玉県,2013100000,2013年度,2013,00001|H110202,観測値|H110202_空き家数,戸,355000.0,355000
housing_stock,住宅ストック・空き家・持ち家,11000,埼玉県,pref,11,埼玉県,2018100000,2018年度,2018,00001|H110202,観測値|H110202_空き家数,戸,346200.0,346200
housing_stock,住宅ストック・空き家・持ち家,11000,埼玉県,pref,11,埼玉県,2023100000,2023年度,2023,00001|H110202,観測値|H110202_空き家数,戸,330400.0,330400
housing_stock,住宅ストック・空き家・持ち家,12000,千葉県,pref,12,千葉県,1978100000,1978年度,1978,00001|H110202,観測値|H110202_空き家数,戸,119900.0,119900
housing_stock,住宅ストック・空き家・持ち家,12000,千葉県,pref,12,千葉県,1983100000,1983年度,1983,00001|H110202,観測値|H110202_空き家数,戸,154400.0,154400
housing_stock,住宅ストック・空き家・持ち家,12000,千葉県,pref,12,千葉県,1988100000,1988年度,1988,00001|H110202,観測値|H110202_空き家数,戸,159800.0,159800
housing_stock,住宅ストック・空き家・持ち家,12000,千葉県,pref,12,千葉県,1993100000,1993年度,1993,00001|H110202,観測値|H110202_空き家数,戸,203900.0,203900
housing_stock,住宅ストック・空き家・持ち家,12000,千葉県,pref,12,千葉県,1998100000,1998年度,1998,00001|H110202,観測値|H110202_空き家数,戸,294700.0,294700
housing_stock,住宅ストック・空き家・持ち家,12000,千葉県,pref,12,千葉県,2003100000,2003年度,2003,00001|H110202,観測値|H110202_空き家数,戸,321900.0,321900
housing_stock,住宅ストック・空き家・持ち家,12000,千葉県,pref,12,千葉県,2008100000,2008年度,2008,00001|H110202,観測値|H110202_空き家数,戸,355900.0,355900
housing_stock,住宅ストック・空き家・持ち家,12000,千葉県,pref,12,千葉県,2013100000,2013年度,2013,00001|H110202,観測値|H110202_空き家数,戸,367200.0,367200
housing_stock,住宅ストック・空き家・持ち家,12000,千葉県,pref,12,千葉県,2018100000,2018年度,2018,00001|H110202,観測値|H110202_空き家数,戸,382500.0,382500
housing_stock,住宅ストック・空き家・持ち家,12000,千葉県,pref,12,千葉県,2023100000,2023年度,2023,00001|H110202,観測値|H110202_空き家数,戸,394100.0,394100
housing_stock,住宅ストック・空き家・持ち家,13000,東京都,pref,13,東京都,1978100000,1978年度,1978,00001|H110202,観測値|H110202_空き家数,戸,341800.0,341800
housing_stock,住宅ストック・空き家・持ち家,13000,東京都,pref,13,東京都,1983100000,1983年度,1983,00001|H110202,観測値|H110202_空き家数,戸,395200.0,395200
housing_stock,住宅ストック・空き家・持ち家,13000,東京都,pref,13,東京都,1988100000,1988年度,1988,00001|H110202,観測値|H110202_空き家数,戸,411100.0,411100
housing_stock,住宅ストック・空き家・持ち家,13000,東京都,pref,13,東京都,1993100000,1993年度,1993,00001|H110202,観測値|H110202_空き家数,戸,527100.0,527100
housing_stock,住宅ストック・空き家・持ち家,13000,東京都,pref,13,東京都,1998100000,1998年度,1998,00001|H110202,観測値|H110202_空き家数,戸,624400.0,624400
housing_stock,住宅ストック・空き家・持ち家,13000,東京都,pref,13,東京都,2003100000,2003年度,2003,00001|H110202,観測値|H110202_空き家数,戸,665400.0,665400
housing_stock,住宅ストック・空き家・持ち家,13000,東京都,pref,13,東京都,2008100000,2008年度,2008,00001|H110202,観測値|H110202_空き家数,戸,750300.0,750300
housing_stock,住宅ストック・空き家・持ち家,13000,東京都,pref,13,東京都,2013100000,2013年度,2013,00001|H110202,観測値|H110202_空き家数,戸,817100.0,817100
housing_stock,住宅ストック・空き家・持ち家,13000,東京都,pref,13,東京都,2018100000,2018年度,2018,00001|H110202,観測値|H110202_空き家数,戸,809900.0,809900
housing_stock,住宅ストック・空き家・持ち家,13000,東京都,pref,13,東京都,2023100000,2023年度,2023,00001|H110202,観測値|H110202_空き家数,戸,896500.0,896500
housing_stock,住宅ストック・空き家・持ち家,14000,神奈川県,pref,14,神奈川県,1978100000,1978年度,1978,00001|H110202,観測値|H110202_空き家数,戸,154200.0,154200
housing_stock,住宅ストック・空き家・持ち家,14000,神奈川県,pref,14,神奈川県,1983100000,1983年度,1983,00001|H110202,観測値|H110202_空き家数,戸,182300.0,182300
housing_stock,住宅ストック・空き家・持ち家,14000,神奈川県,pref,14,神奈川県,1988100000,1988年度,1988,00001|H110202,観測値|H110202_空き家数,戸,195700.0,195700
housing_stock,住宅ストック・空き家・持ち家,14000,神奈川県,pref,14,神奈川県,1993100000,1993年度,1993,00001|H110202,観測値|H110202_空き家数,戸,271200.0,271200
housing_stock,住宅ストック・空き家・持ち家,14000,神奈川県,pref,14,神奈川県,1998100000,1998年度,1998,00001|H110202,観測値|H110202_空き家数,戸,349100.0,349100
housing_stock,住宅ストック・空き家・持ち家,14000,神奈川県,pref,14,神奈川県,2003100000,2003年度,2003,00001|H110202,観測値|H110202_空き家数,戸,391600.0,391600
housing_stock,住宅ストック・空き家・持ち家,14000,神奈川県,pref,14,神奈川県,2008100000,2008年度,2008,00001|H110202,観測値|H110202_空き家数,戸,428600.0,428600
housing_stock,住宅ストック・空き家・持ち家,14000,神奈川県,pref,14,神奈川県,2013100000,2013年度,2013,00001|H110202,観測値|H110202_空き家数,戸,486700.0,486700
housing_stock,住宅ストック・空き家・持ち家,14000,神奈川県,pref,14,神奈川県,2018100000,2018年度,2018,00001|H110202,観測値|H110202_空き家数,戸,484700.0,484700
housing_stock,住宅ストック・空き家・持ち家,14000,神奈川県,pref,14,神奈川県,2023100000,2023年度,2023,00001|H110202,観測値|H110202_空き家数,戸,467100.0,467100
housing_stock,住宅ストック・空き家・持ち家,15000,新潟県,pref,15,新潟県,1978100000,1978年度,1978,00001|H110202,観測値|H110202_空き家数,戸,32500.0,32500
housing_stock,住宅ストック・空き家・持ち家,15000,新潟県,pref,15,新潟県,1983100000,1983年度,1983,00001|H110202,観測値|H110202_空き家数,戸,43500.0,43500
housing_stock,住宅ストック・空き家・持ち家,15000,新潟県,pref,15,新潟県,1988100000,1988年度,1988,00001|H110202,観測値|H110202_空き家数,戸,57100.0,57100
housing_stock,住宅ストック・空き家・持ち家,15000,新潟県,pref,15,新潟県,1993100000,1993年度,1993,00001|H110202,観測値|H110202_空き家数,戸,60900.0,60900
housing_stock,住宅ストック・空き家・持ち家,15000,新潟県,pref,15,新潟県,1998100000,1998年度,1998,00001|H110202,観測値|H110202_空き家数,戸,76000.0,76000
housing_stock,住宅ストック・空き家・持ち家,15000,新潟県,pref,15,新潟県,2003100000,2003年度,2003,00001|H110202,観測値|H110202_空き家数,戸,92100.0,92100
housing_stock,住宅ストック・空き家・持ち家,15000,新潟県,pref,15,新潟県,2008100000,2008年度,2008,00001|H110202,観測値|H110202_空き家数,戸,112800.0,112800
housing_stock,住宅ストック・空き家・持ち家,15000,新潟県,pref,15,新潟県,2013100000,2013年度,2013,00001|H110202,観測値|H110202_空き家数,戸,132000.0,132000
housing_stock,住宅ストック・空き家・持ち家,15000,新潟県,pref,15,新潟県,2018100000,2018年度,2018,00001|H110202,観測値|H110202_空き家数,戸,146200.0,146200
housing_stock,住宅ストック・空き家・持ち家,15000,新潟県,pref,15,新潟県,2023100000,2023年度,2023,00001|H110202,観測値|H110202_空き家数,戸,155300.0,155300
housing_stock,住宅ストック・空き家・持ち家,16000,富山県,pref,16,富山県,1978100000,1978年度,1978,00001|H110202,観測値|H110202_空き家数,戸,16100.0,16100
housing_stock,住宅ストック・空き家・持ち家,16000,富山県,pref,16,富山県,1983100000,1983年度,1983,00001|H110202,観測値|H110202_空き家数,戸,20000.0,20000
housing_stock,住宅ストック・空き家・持ち家,16000,富山県,pref,16,富山県,1988100000,1988年度,1988,00001|H110202,観測値|H110202_空き家数,戸,22600.0,22600
housing_stock,住宅ストック・空き家・持ち家,16000,富山県,pref,16,富山県,1993100000,1993年度,1993,00001|H110202,観測値|H110202_空き家数,戸,27000.0,27000
housing_stock,住宅ストック・空き家・持ち家,16000,富山県,pref,16,富山県,1998100000,1998年度,1998,00001|H110202,観測値|H110202_空き家数,戸,37100.0,37100
housing_stock,住宅ストック・空き家・持ち家,16000,富山県,pref,16,富山県,2003100000,2003年度,2003,00001|H110202,観測値|H110202_空き家数,戸,47300.0,47300
housing_stock,住宅ストック・空き家・持ち家,16000,富山県,pref,16,富山県,2008100000,2008年度,2008,00001|H110202,観測値|H110202_空き家数,戸,52200.0,52200
housing_stock,住宅ストック・空き家・持ち家,16000,富山県,pref,16,富山県,2013100000,2013年度,2013,00001|H110202,観測値|H110202_空き家数,戸,56200.0,56200
housing_stock,住宅ストック・空き家・持ち家,16000,富山県,pref,16,富山県,2018100000,2018年度,2018,00001|H110202,観測値|H110202_空き家数,戸,60000.0,60000
housing_stock,住宅ストック・空き家・持ち家,16000,富山県,pref,16,富山県,2023100000,2023年度,2023,00001|H110202,観測値|H110202_空き家数,戸,69700.0,69700
housing_stock,住宅ストック・空き家・持ち家,17000,石川県,pref,17,石川県,1978100000,1978年度,1978,00001|H110202,観測値|H110202_空き家数,戸,23000.0,23000
housing_stock,住宅ストック・空き家・持ち家,17000,石川県,pref,17,石川県,1983100000,1983年度,1983,00001|H110202,観測値|H110202_空き家数,戸,26500.0,26500
housing_stock,住宅ストック・空き家・持ち家,17000,石川県,pref,17,石川県,1988100000,1988年度,1988,00001|H110202,観測値|H110202_空き家数,戸,33300.0,33300
housing_stock,住宅ストック・空き家・持ち家,17000,石川県,pref,17,石川県,1993100000,1993年度,1993,00001|H110202,観測値|H110202_空き家数,戸,37500.0,37500
housing_stock,住宅ストック・空き家・持ち家,17000,石川県,pref,17,石川県,1998100000,1998年度,1998,00001|H110202,観測値|H110202_空き家数,戸,47600.0,47600
housing_stock,住宅ストック・空き家・持ち家,17000,石川県,pref,17,石川県,2003100000,2003年度,2003,00001|H110202,観測値|H110202_空き家数,戸,63500.0,63500
housing_stock,住宅ストック・空き家・持ち家,17000,石川県,pref,17,石川県,2008100000,2008年度,2008,00001|H110202,観測値|H110202_空き家数,戸,72700.0,72700
housing_stock,住宅ストック・空き家・持ち家,17000,石川県,pref,17,石川県,2013100000,2013年度,2013,00001|H110202,観測値|H110202_空き家数,戸,76900.0,76900
housing_stock,住宅ストック・空き家・持ち家,17000,石川県,pref,17,石川県,2018100000,2018年度,2018,00001|H110202,観測値|H110202_空き家数,戸,77800.0,77800
housing_stock,住宅ストック・空き家・持ち家,17000,石川県,pref,17,石川県,2023100000,2023年度,2023,00001|H110202,観測値|H110202_空き家数,戸,86400.0,86400
housing_stock,住宅ストック・空き家・持ち家,18000,福井県,pref,18,福井県,1978100000,1978年度,1978,00001|H110202,観測値|H110202_空き家数,戸,13600.0,13600
housing_stock,住宅ストック・空き家・持ち家,18000,福井県,pref,18,福井県,1983100000,1983年度,1983,00001|H110202,観測値|H110202_空き家数,戸,16200.0,16200
housing_stock,住宅ストック・空き家・持ち家,18000,福井県,pref,18,福井県,1988100000,1988年度,1988,00001|H110202,観測値|H110202_空き家数,戸,19100.0,19100
housing_stock,住宅ストック・空き家・持ち家,18000,福井県,pref,18,福井県,1993100000,1993年度,1993,00001|H110202,観測値|H110202_空き家数,戸,20600.0,20600
housing_stock,住宅ストック・空き家・持ち家,18000,福井県,pref,18,福井県,1998100000,1998年度,1998,00001|H110202,観測値|H110202_空き家数,戸,28100.0,28100
housing_stock,住宅ストック・空き家・持ち家,18000,福井県,pref,18,福井県,2003100000,2003年度,2003,00001|H110202,観測値|H110202_空き家数,戸,38300.0,38300
housing_stock,住宅ストック・空き家・持ち家,18000,福井県,pref,18,福井県,2008100000,2008年度,2008,00001|H110202,観測値|H110202_空き家数,戸,46700.0,46700
housing_stock,住宅ストック・空き家・持ち家,18000,福井県,pref,18,福井県,2013100000,2013年度,2013,00001|H110202,観測値|H110202_空き家数,戸,43000.0,43000
housing_stock,住宅ストック・空き家・持ち家,18000,福井県,pref,18,福井県,2018100000,2018年度,2018,00001|H110202,観測値|H110202_空き家数,戸,45000.0,45000
housing_stock,住宅ストック・空き家・持ち家,18000,福井県,pref,18,福井県,2023100000,2023年度,2023,00001|H110202,観測値|H110202_空き家数,戸,53100.0,53100
housing_stock,住宅ストック・空き家・持ち家,19000,山梨県,pref,19,山梨県,1978100000,1978年度,1978,00001|H110202,観測値|H110202_空き家数,戸,14000.0,14000
housing_stock,住宅ストック・空き家・持ち家,19000,山梨県,pref,19,山梨県,1983100000,1983年度,1983,00001|H110202,観測値|H110202_空き家数,戸,24700.0,24700
housing_stock,住宅ストック・空き家・持ち家,19000,山梨県,pref,19,山梨県,1988100000,1988年度,1988,00001|H110202,観測値|H110202_空き家数,戸,35100.0,35100
housing_stock,住宅ストック・空き家・持ち家,19000,山梨県,pref,19,山梨県,1993100000,1993年度,1993,00001|H110202,観測値|H110202_空き家数,戸,41200.0,41200
housing_stock,住宅ストック・空き家・持ち家,19000,山梨県,pref,19,山梨県,1998100000,1998年度,1998,00001|H110202,観測値|H110202_空き家数,戸,52300.0,52300
housing_stock,住宅ストック・空き家・持ち家,19000,山梨県,pref,19,山梨県,2003100000,2003年度,2003,00001|H110202,観測値|H110202_空き家数,戸,73600.0,73600
housing_stock,住宅ストック・空き家・持ち家,19000,山梨県,pref,19,山梨県,2008100000,2008年度,2008,00001|H110202,観測値|H110202_空き家数,戸,80900.0,80900
housing_stock,住宅ストック・空き家・持ち家,19000,山梨県,pref,19,山梨県,2013100000,2013年度,2013,00001|H110202,観測値|H110202_空き家数,戸,92900.0,92900
housing_stock,住宅ストック・空き家・持ち家,19000,山梨県,pref,19,山梨県,2018100000,2018年度,2018,00001|H110202,観測値|H110202_空き家数,戸,90000.0,90000
housing_stock,住宅ストック・空き家・持ち家,19000,山梨県,pref,19,山梨県,2023100000,2023年度,2023,00001|H110202,観測値|H110202_空き家数,戸,87200.0,87200
housing_stock,住宅ストック・空き家・持ち家,20000,長野県,pref,20,長野県,1978100000,1978年度,1978,00001|H110202,観測値|H110202_空き家数,戸,47300.0,47300
housing_stock,住宅ストック・空き家・持ち家,20000,長野県,pref,20,長野県,1983100000,1983年度,1983,00001|H110202,観測値|H110202_空き家数,戸,72600.0,72600
housing_stock,住宅ストック・空き家・持ち家,20000,長野県,pref,20,長野県,1988100000,1988年度,1988,00001|H110202,観測値|H110202_空き家数,戸,83000.0,83000
housing_stock,住宅ストック・空き家・持ち家,20000,長野県,pref,20,長野県,1993100000,1993年度,1993,00001|H110202,観測値|H110202_空き家数,戸,94700.0,94700
housing_stock,住宅ストック・空き家・持ち家,20000,長野県,pref,20,長野県,1998100000,1998年度,1998,00001|H110202,観測値|H110202_空き家数,戸,129800.0,129800
housing_stock,住宅ストック・空き家・持ち家,20000,長野県,pref,20,長野県,2003100000,2003年度,2003,00001|H110202,観測値|H110202_空き家数,戸,148900.0,148900
housing_stock,住宅ストック・空き家・持ち家,20000,長野県,pref,20,長野県,2008100000,2008年度,2008,00001|H110202,観測値|H110202_空き家数,戸,183000.0,183000
housing_stock,住宅ストック・空き家・持ち家,20000,長野県,pref,20,長野県,2013100000,2013年度,2013,00001|H110202,観測値|H110202_空き家数,戸,194000.0,194000
housing_stock,住宅ストック・空き家・持ち家,20000,長野県,pref,20,長野県,2018100000,2018年度,2018,00001|H110202,観測値|H110202_空き家数,戸,197300.0,197300
housing_stock,住宅ストック・空き家・持ち家,20000,長野県,pref,20,長野県,2023100000,2023年度,2023,00001|H110202,観測値|H110202_空き家数,戸,208500.0,208500
housing_stock,住宅ストック・空き家・持ち家,21000,岐阜県,pref,21,岐阜県,1978100000,1978年度,1978,00001|H110202,観測値|H110202_空き家数,戸,38400.0,38400
housing_stock,住宅ストック・空き家・持ち家,21000,岐阜県,pref,21,岐阜県,1983100000,1983年度,1983,00001|H110202,観測値|H110202_空き家数,戸,48600.0,48600
housing_stock,住宅ストック・空き家・持ち家,21000,岐阜県,pref,21,岐阜県,1988100000,1988年度,1988,00001|H110202,観測値|H110202_空き家数,戸,55900.0,55900
housing_stock,住宅ストック・空き家・持ち家,21000,岐阜県,pref,21,岐阜県,1993100000,1993年度,1993,00001|H110202,観測値|H110202_空き家数,戸,62000.0,62000
housing_stock,住宅ストック・空き家・持ち家,21000,岐阜県,pref,21,岐阜県,1998100000,1998年度,1998,00001|H110202,観測値|H110202_空き家数,戸,84800.0,84800
housing_stock,住宅ストック・空き家・持ち家,21000,岐阜県,pref,21,岐阜県,2003100000,2003年度,2003,00001|H110202,観測値|H110202_空き家数,戸,101900.0,101900
housing_stock,住宅ストック・空き家・持ち家,21000,岐阜県,pref,21,岐阜県,2008100000,2008年度,2008,00001|H110202,観測値|H110202_空き家数,戸,117900.0,117900
housing_stock,住宅ストック・空き家・持ち家,21000,岐阜県,pref,21,岐阜県,2013100000,2013年度,2013,00001|H110202,観測値|H110202_空き家数,戸,133400.0,133400
housing_stock,住宅ストック・空き家・持ち家,21000,岐阜県,pref,21,岐阜県,2018100000,2018年度,2018,00001|H110202,観測値|H110202_空き家数,戸,139800.0,139800
housing_stock,住宅ストック・空き家・持ち家,21000,岐阜県,pref,21,岐阜県,2023100000,2023年度,2023,00001|H110202,観測値|H110202_空き家数,戸,148400.0,148400
housing_stock,住宅ストック・空き家・持ち家,22000,静岡県,pref,22,静岡県,1978100000,1978年度,1978,00001|H110202,観測値|H110202_空き家数,戸,80100.0,80100
housing_stock,住宅ストック・空き家・持ち家,22000,静岡県,pref,22,静岡県,1983100000,1983年度,1983,00001|H110202,観測値|H110202_空き家数,戸,94000.0,94000
housing_stock,住宅ストック・空き家・持ち家,22000,静岡県,pref,22,静岡県,1988100000,1988年度,1988,00001|H110202,観測値|H110202_空き家数,戸,108900.0,108900
housing_stock,住宅ストック・空き家・持ち家,22000,静岡県,pref,22,静岡県,1993100000,1993年度,1993,00001|H110202,観測値|H110202_空き家数,戸,121200.0,121200
housing_stock,住宅ストック・空き家・持ち家,22000,静岡県,pref,22,静岡県,1998100000,1998年度,1998,00001|H110202,観測値|H110202_空き家数,戸,165700.0,165700
housing_stock,住宅ストック・空き家・持ち家,22000,静岡県,pref,22,静岡県,2003100000,2003年度,2003,00001|H110202,観測値|H110202_空き家数,戸,201000.0,201000
housing_stock,住宅ストック・空き家・持ち家,22000,静岡県,pref,22,静岡県,2008100000,2008年度,2008,00001|H110202,観測値|H110202_空き家数,戸,226800.0,226800
housing_stock,住宅ストック・空き家・持ち家,22000,静岡県,pref,22,静岡県,2013100000,2013年度,2013,00001|H110202,観測値|H110202_空き家数,戸,270900.0,270900
housing_stock,住宅ストック・空き家・持ち家,22000,静岡県,pref,22,静岡県,2018100000,2018年度,2018,00001|H110202,観測値|H110202_空き家数,戸,281600.0,281600
housing_stock,住宅ストック・空き家・持ち家,22000,静岡県,pref,22,静岡県,2023100000,2023年度,2023,00001|H110202,観測値|H110202_空き家数,戸,296300.0,296300
housing_stock,住宅ストック・空き家・持ち家,23000,愛知県,pref,23,愛知県,1978100000,1978年度,1978,00001|H110202,観測値|H110202_空き家数,戸,167100.0,167100
housing_stock,住宅ストック・空き家・持ち家,23000,愛知県,pref,23,愛知県,1983100000,1983年度,1983,00001|H110202,観測値|H110202_空き家数,戸,184600.0,184600
housing_stock,住宅ストック・空き家・持ち家,23000,愛知県,pref,23,愛知県,1988100000,1988年度,1988,00001|H110202,観測値|H110202_空き家数,戸,210900.0,210900
housing_stock,住宅ストック・空き家・持ち家,23000,愛知県,pref,23,愛知県,1993100000,1993年度,1993,00001|H110202,観測値|H110202_空き家数,戸,228900.0,228900
housing_stock,住宅ストック・空き家・持ち家,23000,愛知県,pref,23,愛知県,1998100000,1998年度,1998,00001|H110202,観測値|H110202_空き家数,戸,298900.0,298900
housing_stock,住宅ストック・空き家・持ち家,23000,愛知県,pref,23,愛知県,2003100000,2003年度,2003,00001|H110202,観測値|H110202_空き家数,戸,333400.0,333400
housing_stock,住宅ストック・空き家・持ち家,23000,愛知県,pref,23,愛知県,2008100000,2008年度,2008,00001|H110202,観測値|H110202_空き家数,戸,343600.0,343600
housing_stock,住宅ストック・空き家・持ち家,23000,愛知県,pref,23,愛知県,2013100000,2013年度,2013,00001|H110202,観測値|H110202_空き家数,戸,422000.0,422000
housing_stock,住宅ストック・空き家・持ち家,23000,愛知県,pref,23,愛知県,2018100000,2018年度,2018,00001|H110202,観測値|H110202_空き家数,戸,393800.0,393800
housing_stock,住宅ストック・空き家・持ち家,23000,愛知県,pref,23,愛知県,2023100000,2023年度,2023,00001|H110202,観測値|H110202_空き家数,戸,433000.0,433000
housing_stock,住宅ストック・空き家・持ち家,24000,三重県,pref,24,三重県,1978100000,1978年度,1978,00001|H110202,観測値|H110202_空き家数,戸,35100.0,35100
housing_stock,住宅ストック・空き家・持ち家,24000,三重県,pref,24,三重県,1983100000,1983年度,1983,00001|H110202,観測値|H110202_空き家数,戸,44100.0,44100
housing_stock,住宅ストック・空き家・持ち家,24000,三重県,pref,24,三重県,1988100000,1988年度,1988,00001|H110202,観測値|H110202_空き家数,戸,54600.0,54600
housing_stock,住宅ストック・空き家・持ち家,24000,三重県,pref,24,三重県,1993100000,1993年度,1993,00001|H110202,観測値|H110202_空き家数,戸,59800.0,59800
housing_stock,住宅ストック・空き家・持ち家,24000,三重県,pref,24,三重県,1998100000,1998年度,1998,00001|H110202,観測値|H110202_空き家数,戸,84800.0,84800
housing_stock,住宅ストック・空き家・持ち家,24000,三重県,pref,24,三重県,2003100000,2003年度,2003,00001|H110202,観測値|H110202_空き家数,戸,101200.0,101200
housing_stock,住宅ストック・空き家・持ち家,24000,三重県,pref,24,三重県,2008100000,2008年度,2008,00001|H110202,観測値|H110202_空き家数,戸,104600.0,104600
housing_stock,住宅ストック・空き家・持ち家,24000,三重県,pref,24,三重県,2013100000,2013年度,2013,00001|H110202,観測値|H110202_空き家数,戸,128500.0,128500
housing_stock,住宅ストック・空き家・持ち家,24000,三重県,pref,24,三重県,2018100000,2018年度,2018,00001|H110202,観測値|H110202_空き家数,戸,129600.0,129600
housing_stock,住宅ストック・空き家・持ち家,24000,三重県,pref,24,三重県,2023100000,2023年度,2023,00001|H110202,観測値|H110202_空き家数,戸,142700.0,142700
housing_stock,住宅ストック・空き家・持ち家,25000,滋賀県,pref,25,滋賀県,1978100000,1978年度,1978,00001|H110202,観測値|H110202_空き家数,戸,28500.0,28500
housing_stock,住宅ストック・空き家・持ち家,25000,滋賀県,pref,25,滋賀県,1983100000,1983年度,1983,00001|H110202,観測値|H110202_空き家数,戸,28800.0,28800
housing_stock,住宅ストック・空き家・持ち家,25000,滋賀県,pref,25,滋賀県,1988100000,1988年度,1988,00001|H110202,観測値|H110202_空き家数,戸,31700.0,31700
housing_stock,住宅ストック・空き家・持ち家,25000,滋賀県,pref,25,滋賀県,1993100000,1993年度,1993,00001|H110202,観測値|H110202_空き家数,戸,38900.0,38900
housing_stock,住宅ストック・空き家・持ち家,25000,滋賀県,pref,25,滋賀県,1998100000,1998年度,1998,00001|H110202,観測値|H110202_空き家数,戸,50200.0,50200
housing_stock,住宅ストック・空き家・持ち家,25000,滋賀県,pref,25,滋賀県,2003100000,2003年度,2003,00001|H110202,観測値|H110202_空き家数,戸,63800.0,63800
housing_stock,住宅ストック・空き家・持ち家,25000,滋賀県,pref,25,滋賀県,2008100000,2008年度,2008,00001|H110202,観測値|H110202_空き家数,戸,73300.0,73300
housing_stock,住宅ストック・空き家・持ち家,25000,滋賀県,pref,25,滋賀県,2013100000,2013年度,2013,00001|H110202,観測値|H110202_空き家数,戸,77800.0,77800
housing_stock,住宅ストック・空き家・持ち家,25000,滋賀県,pref,25,滋賀県,2018100000,2018年度,2018,00001|H110202,観測値|H110202_空き家数,戸,81200.0,81200
housing_stock,住宅ストック・空き家・持ち家,25000,滋賀県,pref,25,滋賀県,2023100000,2023年度,2023,00001|H110202,観測値|H110202_空き家数,戸,81600.0,81600
housing_stock,住宅ストック・空き家・持ち家,26000,京都府,pref,26,京都府,1978100000,1978年度,1978,00001|H110202,観測値|H110202_空き家数,戸,62700.0,62700
housing_stock,住宅ストック・空き家・持ち家,26000,京都府,pref,26,京都府,1983100000,1983年度,1983,00001|H110202,観測値|H110202_空き家数,戸,85800.0,85800
housing_stock,住宅ストック・空き家・持ち家,26000,京都府,pref,26,京都府,1988100000,1988年度,1988,00001|H110202,観測値|H110202_空き家数,戸,98900.0,98900
housing_stock,住宅ストック・空き家・持ち家,26000,京都府,pref,26,京都府,1993100000,1993年度,1993,00001|H110202,観測値|H110202_空き家数,戸,99800.0,99800
housing_stock,住宅ストック・空き家・持ち家,26000,京都府,pref,26,京都府,1998100000,1998年度,1998,00001|H110202,観測値|H110202_空き家数,戸,135100.0,135100
housing_stock,住宅ストック・空き家・持ち家,26000,京都府,pref,26,京都府,2003100000,2003年度,2003,00001|H110202,観測値|H110202_空き家数,戸,153100.0,153100
housing_stock,住宅ストック・空き家・持ち家,26000,京都府,pref,26,京都府,2008100000,2008年度,2008,00001|H110202,観測値|H110202_空き家数,戸,167000.0,167000
housing_stock,住宅ストック・空き家・持ち家,26000,京都府,pref,26,京都府,2013100000,2013年度,2013,00001|H110202,観測値|H110202_空き家数,戸,175300.0,175300
housing_stock,住宅ストック・空き家・持ち家,26000,京都府,pref,26,京都府,2018100000,2018年度,2018,00001|H110202,観測値|H110202_空き家数,戸,171800.0,171800
housing_stock,住宅ストック・空き家・持ち家,26000,京都府,pref,26,京都府,2023100000,2023年度,2023,00001|H110202,観測値|H110202_空き家数,戸,180400.0,180400
housing_stock,住宅ストック・空き家・持ち家,27000,大阪府,pref,27,大阪府,1978100000,1978年度,1978,00001|H110202,観測値|H110202_空き家数,戸,279100.0,279100
housing_stock,住宅ストック・空き家・持ち家,27000,大阪府,pref,27,大阪府,1983100000,1983年度,1983,00001|H110202,観測値|H110202_空き家数,戸,327600.0,327600
housing_stock,住宅ストック・空き家・持ち家,27000,大阪府,pref,27,大阪府,1988100000,1988年度,1988,00001|H110202,観測値|H110202_空き家数,戸,364200.0,364200
housing_stock,住宅ストック・空き家・持ち家,27000,大阪府,pref,27,大阪府,1993100000,1993年度,1993,00001|H110202,観測値|H110202_空き家数,戸,369400.0,369400
housing_stock,住宅ストック・空き家・持ち家,27000,大阪府,pref,27,大阪府,1998100000,1998年度,1998,00001|H110202,観測値|H110202_空き家数,戸,501300.0,501300
housing_stock,住宅ストック・空き家・持ち家,27000,大阪府,pref,27,大阪府,2003100000,2003年度,2003,00001|H110202,観測値|H110202_空き家数,戸,603300.0,603300
housing_stock,住宅ストック・空き家・持ち家,27000,大阪府,pref,27,大阪府,2008100000,2008年度,2008,00001|H110202,観測値|H110202_空き家数,戸,625100.0,625100
housing_stock,住宅ストック・空き家・持ち家,27000,大阪府,pref,27,大阪府,2013100000,2013年度,2013,00001|H110202,観測値|H110202_空き家数,戸,678800.0,678800
housing_stock,住宅ストック・空き家・持ち家,27000,大阪府,pref,27,大阪府,2018100000,2018年度,2018,00001|H110202,観測値|H110202_空き家数,戸,709400.0,709400
housing_stock,住宅ストック・空き家・持ち家,27000,大阪府,pref,27,大阪府,2023100000,2023年度,2023,00001|H110202,観測値|H110202_空き家数,戸,701900.0,701900
housing_stock,住宅ストック・空き家・持ち家,28000,兵庫県,pref,28,兵庫県,1978100000,1978年度,1978,00001|H110202,観測値|H110202_空き家数,戸,139200.0,139200
housing_stock,住宅ストック・空き家・持ち家,28000,兵庫県,pref,28,兵庫県,1983100000,1983年度,1983,00001|H110202,観測値|H110202_空き家数,戸,173100.0,173100
housing_stock,住宅ストック・空き家・持ち家,28000,兵庫県,pref,28,兵庫県,1988100000,1988年度,1988,00001|H110202,観測値|H110202_空き家数,戸,195800.0,195800
housing_stock,住宅ストック・空き家・持ち家,28000,兵庫県,pref,28,兵庫県,1993100000,1993年度,1993,00001|H110202,観測値|H110202_空き家数,戸,202000.0,202000
housing_stock,住宅ストック・空き家・持ち家,28000,兵庫県,pref,28,兵庫県,1998100000,1998年度,1998,00001|H110202,観測値|H110202_空き家数,戸,299100.0,299100
housing_stock,住宅ストック・空き家・持ち家,28000,兵庫県,pref,28,兵庫県,2003100000,2003年度,2003,00001|H110202,観測値|H110202_空き家数,戸,313600.0,313600
housing_stock,住宅ストック・空き家・持ち家,28000,兵庫県,pref,28,兵庫県,2008100000,2008年度,2008,00001|H110202,観測値|H110202_空き家数,戸,336200.0,336200
housing_stock,住宅ストック・空き家・持ち家,28000,兵庫県,pref,28,兵庫県,2013100000,2013年度,2013,00001|H110202,観測値|H110202_空き家数,戸,356500.0,356500
housing_stock,住宅ストック・空き家・持ち家,28000,兵庫県,pref,28,兵庫県,2018100000,2018年度,2018,00001|H110202,観測値|H110202_空き家数,戸,360200.0,360200
housing_stock,住宅ストック・空き家・持ち家,28000,兵庫県,pref,28,兵庫県,2023100000,2023年度,2023,00001|H110202,観測値|H110202_空き家数,戸,386900.0,386900
housing_stock,住宅ストック・空き家・持ち家,29000,奈良県,pref,29,奈良県,1978100000,1978年度,1978,00001|H110202,観測値|H110202_空き家数,戸,25700.0,25700
housing_stock,住宅ストック・空き家・持ち家,29000,奈良県,pref,29,奈良県,1983100000,1983年度,1983,00001|H110202,観測値|H110202_空き家数,戸,30800.0,30800
housing_stock,住宅ストック・空き家・持ち家,29000,奈良県,pref,29,奈良県,1988100000,1988年度,1988,00001|H110202,観測値|H110202_空き家数,戸,38900.0,38900
housing_stock,住宅ストック・空き家・持ち家,29000,奈良県,pref,29,奈良県,1993100000,1993年度,1993,00001|H110202,観測値|H110202_空き家数,戸,46100.0,46100
housing_stock,住宅ストック・空き家・持ち家,29000,奈良県,pref,29,奈良県,1998100000,1998年度,1998,00001|H110202,観測値|H110202_空き家数,戸,64200.0,64200
housing_stock,住宅ストック・空き家・持ち家,29000,奈良県,pref,29,奈良県,2003100000,2003年度,2003,00001|H110202,観測値|H110202_空き家数,戸,75700.0,75700
housing_stock,住宅ストック・空き家・持ち家,29000,奈良県,pref,29,奈良県,2008100000,2008年度,2008,00001|H110202,観測値|H110202_空き家数,戸,86400.0,86400
housing_stock,住宅ストック・空き家・持ち家,29000,奈良県,pref,29,奈良県,2013100000,2013年度,2013,00001|H110202,観測値|H110202_空き家数,戸,84500.0,84500
housing_stock,住宅ストック・空き家・持ち家,29000,奈良県,pref,29,奈良県,2018100000,2018年度,2018,00001|H110202,観測値|H110202_空き家数,戸,87200.0,87200
housing_stock,住宅ストック・空き家・持ち家,29000,奈良県,pref,29,奈良県,2023100000,2023年度,2023,00001|H110202,観測値|H110202_空き家数,戸,93600.0,93600
housing_stock,住宅ストック・空き家・持ち家,30000,和歌山県,pref,30,和歌山県,1978100000,1978年度,1978,00001|H110202,観測値|H110202_空き家数,戸,31700.0,31700
housing_stock,住宅ストック・空き家・持ち家,30000,和歌山県,pref,30,和歌山県,1983100000,1983年度,1983,00001|H110202,観測値|H110202_空き家数,戸,38500.0,38500
housing_stock,住宅ストック・空き家・持ち家,30000,和歌山県,pref,30,和歌山県,1988100000,1988年度,1988,00001|H110202,観測値|H110202_空き家数,戸,49600.0,49600
housing_stock,住宅ストック・空き家・持ち家,30000,和歌山県,pref,30,和歌山県,1993100000,1993年度,1993,00001|H110202,観測値|H110202_空き家数,戸,50800.0,50800
housing_stock,住宅ストック・空き家・持ち家,30000,和歌山県,pref,30,和歌山県,1998100000,1998年度,1998,00001|H110202,観測値|H110202_空き家数,戸,62600.0,62600
housing_stock,住宅ストック・空き家・持ち家,30000,和歌山県,pref,30,和歌山県,2003100000,2003年度,2003,00001|H110202,観測値|H110202_空き家数,戸,80400.0,80400
housing_stock,住宅ストック・空き家・持ち家,30000,和歌山県,pref,30,和歌山県,2008100000,2008年度,2008,00001|H110202,観測値|H110202_空き家数,戸,83700.0,83700
housing_stock,住宅ストック・空き家・持ち家,30000,和歌山県,pref,30,和歌山県,2013100000,2013年度,2013,00001|H110202,観測値|H110202_空き家数,戸,86000.0,86000
housing_stock,住宅ストック・空き家・持ち家,30000,和歌山県,pref,30,和歌山県,2018100000,2018年度,2018,00001|H110202,観測値|H110202_空き家数,戸,98400.0,98400
housing_stock,住宅ストック・空き家・持ち家,30000,和歌山県,pref,30,和歌山県,2023100000,2023年度,2023,00001|H110202,観測値|H110202_空き家数,戸,105300.0,105300
housing_stock,住宅ストック・空き家・持ち家,31000,鳥取県,pref,31,鳥取県,1978100000,1978年度,1978,00001|H110202,観測値|H110202_空き家数,戸,9300.0,9300
housing_stock,住宅ストック・空き家・持ち家,31000,鳥取県,pref,31,鳥取県,1983100000,1983年度,1983,00001|H110202,観測値|H110202_空き家数,戸,14600.0,14600
housing_stock,住宅ストック・空き家・持ち家,31000,鳥取県,pref,31,鳥取県,1988100000,1988年度,1988,00001|H110202,観測値|H110202_空き家数,戸,18500.0,18500
housing_stock,住宅ストック・空き家・持ち家,31000,鳥取県,pref,31,鳥取県,1993100000,1993年度,1993,00001|H110202,観測値|H110202_空き家数,戸,19500.0,19500
housing_stock,住宅ストック・空き家・持ち家,31000,鳥取県,pref,31,鳥取県,1998100000,1998年度,1998,00001|H110202,観測値|H110202_空き家数,戸,23100.0,23100
housing_stock,住宅ストック・空き家・持ち家,31000,鳥取県,pref,31,鳥取県,2003100000,2003年度,2003,00001|H110202,観測値|H110202_空き家数,戸,30000.0,30000
housing_stock,住宅ストック・空き家・持ち家,31000,鳥取県,pref,31,鳥取県,2008100000,2008年度,2008,00001|H110202,観測値|H110202_空き家数,戸,38000.0,38000
housing_stock,住宅ストック・空き家・持ち家,31000,鳥取県,pref,31,鳥取県,2013100000,2013年度,2013,00001|H110202,観測値|H110202_空き家数,戸,35900.0,35900
housing_stock,住宅ストック・空き家・持ち家,31000,鳥取県,pref,31,鳥取県,2018100000,2018年度,2018,00001|H110202,観測値|H110202_空き家数,戸,39900.0,39900
housing_stock,住宅ストック・空き家・持ち家,31000,鳥取県,pref,31,鳥取県,2023100000,2023年度,2023,00001|H110202,観測値|H110202_空き家数,戸,41300.0,41300
housing_stock,住宅ストック・空き家・持ち家,32000,島根県,pref,32,島根県,1978100000,1978年度,1978,00001|H110202,観測値|H110202_空き家数,戸,13100.0,13100
housing_stock,住宅ストック・空き家・持ち家,32000,島根県,pref,32,島根県,1983100000,1983年度,1983,00001|H110202,観測値|H110202_空き家数,戸,16100.0,16100
housing_stock,住宅ストック・空き家・持ち家,32000,島根県,pref,32,島根県,1988100000,1988年度,1988,00001|H110202,観測値|H110202_空き家数,戸,19200.0,19200
housing_stock,住宅ストック・空き家・持ち家,32000,島根県,pref,32,島根県,1993100000,1993年度,1993,00001|H110202,観測値|H110202_空き家数,戸,22600.0,22600
housing_stock,住宅ストック・空き家・持ち家,32000,島根県,pref,32,島根県,1998100000,1998年度,1998,00001|H110202,観測値|H110202_空き家数,戸,28100.0,28100
housing_stock,住宅ストック・空き家・持ち家,32000,島根県,pref,32,島根県,2003100000,2003年度,2003,00001|H110202,観測値|H110202_空き家数,戸,31500.0,31500
housing_stock,住宅ストック・空き家・持ち家,32000,島根県,pref,32,島根県,2008100000,2008年度,2008,00001|H110202,観測値|H110202_空き家数,戸,44200.0,44200
housing_stock,住宅ストック・空き家・持ち家,32000,島根県,pref,32,島根県,2013100000,2013年度,2013,00001|H110202,観測値|H110202_空き家数,戸,44800.0,44800
housing_stock,住宅ストック・空き家・持ち家,32000,島根県,pref,32,島根県,2018100000,2018年度,2018,00001|H110202,観測値|H110202_空き家数,戸,48300.0,48300
housing_stock,住宅ストック・空き家・持ち家,32000,島根県,pref,32,島根県,2023100000,2023年度,2023,00001|H110202,観測値|H110202_空き家数,戸,54600.0,54600
housing_stock,住宅ストック・空き家・持ち家,33000,岡山県,pref,33,岡山県,1978100000,1978年度,1978,00001|H110202,観測値|H110202_空き家数,戸,43700.0,43700
housing_stock,住宅ストック・空き家・持ち家,33000,岡山県,pref,33,岡山県,1983100000,1983年度,1983,00001|H110202,観測値|H110202_空き家数,戸,51800.0,51800
housing_stock,住宅ストック・空き家・持ち家,33000,岡山県,pref,33,岡山県,1988100000,1988年度,1988,00001|H110202,観測値|H110202_空き家数,戸,73100.0,73100
housing_stock,住宅ストック・空き家・持ち家,33000,岡山県,pref,33,岡山県,1993100000,1993年度,1993,00001|H110202,観測値|H110202_空き家数,戸,65100.0,65100
housing_stock,住宅ストック・空き家・持ち家,33000,岡山県,pref,33,岡山県,1998100000,1998年度,1998,00001|H110202,観測値|H110202_空き家数,戸,100200.0,100200
housing_stock,住宅ストック・空き家・持ち家,33000,岡山県,pref,33,岡山県,2003100000,2003年度,2003,00001|H110202,観測値|H110202_空き家数,戸,104200.0,104200
housing_stock,住宅ストック・空き家・持ち家,33000,岡山県,pref,33,岡山県,2008100000,2008年度,2008,00001|H110202,観測値|H110202_空き家数,戸,128300.0,128300
housing_stock,住宅ストック・空き家・持ち家,33000,岡山県,pref,33,岡山県,2013100000,2013年度,2013,00001|H110202,観測値|H110202_空き家数,戸,140100.0,140100
housing_stock,住宅ストック・空き家・持ち家,33000,岡山県,pref,33,岡山県,2018100000,2018年度,2018,00001|H110202,観測値|H110202_空き家数,戸,142500.0,142500
housing_stock,住宅ストック・空き家・持ち家,33000,岡山県,pref,33,岡山県,2023100000,2023年度,2023,00001|H110202,観測値|H110202_空き家数,戸,157200.0,157200
housing_stock,住宅ストック・空き家・持ち家,34000,広島県,pref,34,広島県,1978100000,1978年度,1978,00001|H110202,観測値|H110202_空き家数,戸,66400.0,66400
housing_stock,住宅ストック・空き家・持ち家,34000,広島県,pref,34,広島県,1983100000,1983年度,1983,00001|H110202,観測値|H110202_空き家数,戸,80100.0,80100
housing_stock,住宅ストック・空き家・持ち家,34000,広島県,pref,34,広島県,1988100000,1988年度,1988,00001|H110202,観測値|H110202_空き家数,戸,100500.0,100500
housing_stock,住宅ストック・空き家・持ち家,34000,広島県,pref,34,広島県,1993100000,1993年度,1993,00001|H110202,観測値|H110202_空き家数,戸,117800.0,117800
housing_stock,住宅ストック・空き家・持ち家,34000,広島県,pref,34,広島県,1998100000,1998年度,1998,00001|H110202,観測値|H110202_空き家数,戸,156600.0,156600
housing_stock,住宅ストック・空き家・持ち家,34000,広島県,pref,34,広島県,2003100000,2003年度,2003,00001|H110202,観測値|H110202_空き家数,戸,171600.0,171600
housing_stock,住宅ストック・空き家・持ち家,34000,広島県,pref,34,広島県,2008100000,2008年度,2008,00001|H110202,観測値|H110202_空き家数,戸,198300.0,198300
housing_stock,住宅ストック・空き家・持ち家,34000,広島県,pref,34,広島県,2013100000,2013年度,2013,00001|H110202,観測値|H110202_空き家数,戸,221300.0,221300
housing_stock,住宅ストック・空き家・持ち家,34000,広島県,pref,34,広島県,2018100000,2018年度,2018,00001|H110202,観測値|H110202_空き家数,戸,215600.0,215600
housing_stock,住宅ストック・空き家・持ち家,34000,広島県,pref,34,広島県,2023100000,2023年度,2023,00001|H110202,観測値|H110202_空き家数,戸,231400.0,231400
housing_stock,住宅ストック・空き家・持ち家,35000,山口県,pref,35,山口県,1978100000,1978年度,1978,00001|H110202,観測値|H110202_空き家数,戸,35300.0,35300
housing_stock,住宅ストック・空き家・持ち家,35000,山口県,pref,35,山口県,1983100000,1983年度,1983,00001|H110202,観測値|H110202_空き家数,戸,41700.0,41700
housing_stock,住宅ストック・空き家・持ち家,35000,山口県,pref,35,山口県,1988100000,1988年度,1988,00001|H110202,観測値|H110202_空き家数,戸,53900.0,53900
housing_stock,住宅ストック・空き家・持ち家,35000,山口県,pref,35,山口県,1993100000,1993年度,1993,00001|H110202,観測値|H110202_空き家数,戸,56300.0,56300
housing_stock,住宅ストック・空き家・持ち家,35000,山口県,pref,35,山口県,1998100000,1998年度,1998,00001|H110202,観測値|H110202_空き家数,戸,70500.0,70500
housing_stock,住宅ストック・空き家・持ち家,35000,山口県,pref,35,山口県,2003100000,2003年度,2003,00001|H110202,観測値|H110202_空き家数,戸,82200.0,82200
housing_stock,住宅ストック・空き家・持ち家,35000,山口県,pref,35,山口県,2008100000,2008年度,2008,00001|H110202,観測値|H110202_空き家数,戸,104600.0,104600
housing_stock,住宅ストック・空き家・持ち家,35000,山口県,pref,35,山口県,2013100000,2013年度,2013,00001|H110202,観測値|H110202_空き家数,戸,114400.0,114400
housing_stock,住宅ストック・空き家・持ち家,35000,山口県,pref,35,山口県,2018100000,2018年度,2018,00001|H110202,観測値|H110202_空き家数,戸,126800.0,126800
housing_stock,住宅ストック・空き家・持ち家,35000,山口県,pref,35,山口県,2023100000,2023年度,2023,00001|H110202,観測値|H110202_空き家数,戸,140700.0,140700
housing_stock,住宅ストック・空き家・持ち家,36000,徳島県,pref,36,徳島県,1978100000,1978年度,1978,00001|H110202,観測値|H110202_空き家数,戸,17600.0,17600
housing_stock,住宅ストック・空き家・持ち家,36000,徳島県,pref,36,徳島県,1983100000,1983年度,1983,00001|H110202,観測値|H110202_空き家数,戸,25000.0,25000
housing_stock,住宅ストック・空き家・持ち家,36000,徳島県,pref,36,徳島県,1988100000,1988年度,1988,00001|H110202,観測値|H110202_空き家数,戸,30000.0,30000
housing_stock,住宅ストック・空き家・持ち家,36000,徳島県,pref,36,徳島県,1993100000,1993年度,1993,00001|H110202,観測値|H110202_空き家数,戸,36700.0,36700
housing_stock,住宅ストック・空き家・持ち家,36000,徳島県,pref,36,徳島県,1998100000,1998年度,1998,00001|H110202,観測値|H110202_空き家数,戸,40800.0,40800
housing_stock,住宅ストック・空き家・持ち家,36000,徳島県,pref,36,徳島県,2003100000,2003年度,2003,00001|H110202,観測値|H110202_空き家数,戸,46100.0,46100
housing_stock,住宅ストック・空き家・持ち家,36000,徳島県,pref,36,徳島県,2008100000,2008年度,2008,00001|H110202,観測値|H110202_空き家数,戸,56500.0,56500
housing_stock,住宅ストック・空き家・持ち家,36000,徳島県,pref,36,徳島県,2013100000,2013年度,2013,00001|H110202,観測値|H110202_空き家数,戸,64000.0,64000
housing_stock,住宅ストック・空き家・持ち家,36000,徳島県,pref,36,徳島県,2018100000,2018年度,2018,00001|H110202,観測値|H110202_空き家数,戸,74100.0,74100
housing_stock,住宅ストック・空き家・持ち家,36000,徳島県,pref,36,徳島県,2023100000,2023年度,2023,00001|H110202,観測値|H110202_空き家数,戸,83000.0,83000
housing_stock,住宅ストック・空き家・持ち家,37000,香川県,pref,37,香川県,1978100000,1978年度,1978,00001|H110202,観測値|H110202_空き家数,戸,25600.0,25600
housing_stock,住宅ストック・空き家・持ち家,37000,香川県,pref,37,香川県,1983100000,1983年度,1983,00001|H110202,観測値|H110202_空き家数,戸,27600.0,27600
housing_stock,住宅ストック・空き家・持ち家,37000,香川県,pref,37,香川県,1988100000,1988年度,1988,00001|H110202,観測値|H110202_空き家数,戸,34800.0,34800
housing_stock,住宅ストック・空き家・持ち家,37000,香川県,pref,37,香川県,1993100000,1993年度,1993,00001|H110202,観測値|H110202_空き家数,戸,39400.0,39400
housing_stock,住宅ストック・空き家・持ち家,37000,香川県,pref,37,香川県,1998100000,1998年度,1998,00001|H110202,観測値|H110202_空き家数,戸,49800.0,49800
housing_stock,住宅ストック・空き家・持ち家,37000,香川県,pref,37,香川県,2003100000,2003年度,2003,00001|H110202,観測値|H110202_空き家数,戸,58400.0,58400
housing_stock,住宅ストック・空き家・持ち家,37000,香川県,pref,37,香川県,2008100000,2008年度,2008,00001|H110202,観測値|H110202_空き家数,戸,71400.0,71400
housing_stock,住宅ストック・空き家・持ち家,37000,香川県,pref,37,香川県,2013100000,2013年度,2013,00001|H110202,観測値|H110202_空き家数,戸,80900.0,80900
housing_stock,住宅ストック・空き家・持ち家,37000,香川県,pref,37,香川県,2018100000,2018年度,2018,00001|H110202,観測値|H110202_空き家数,戸,88200.0,88200
housing_stock,住宅ストック・空き家・持ち家,37000,香川県,pref,37,香川県,2023100000,2023年度,2023,00001|H110202,観測値|H110202_空き家数,戸,91500.0,91500
housing_stock,住宅ストック・空き家・持ち家,38000,愛媛県,pref,38,愛媛県,1978100000,1978年度,1978,00001|H110202,観測値|H110202_空き家数,戸,35500.0,35500
housing_stock,住宅ストック・空き家・持ち家,38000,愛媛県,pref,38,愛媛県,1983100000,1983年度,1983,00001|H110202,観測値|H110202_空き家数,戸,48300.0,48300
housing_stock,住宅ストック・空き家・持ち家,38000,愛媛県,pref,38,愛媛県,1988100000,1988年度,1988,00001|H110202,観測値|H110202_空き家数,戸,60000.0,60000
housing_stock,住宅ストック・空き家・持ち家,38000,愛媛県,pref,38,愛媛県,1993100000,1993年度,1993,00001|H110202,観測値|H110202_空き家数,戸,67500.0,67500
housing_stock,住宅ストック・空き家・持ち家,38000,愛媛県,pref,38,愛媛県,1998100000,1998年度,1998,00001|H110202,観測値|H110202_空き家数,戸,71500.0,71500
housing_stock,住宅ストック・空き家・持ち家,38000,愛媛県,pref,38,愛媛県,2003100000,2003年度,2003,00001|H110202,観測値|H110202_空き家数,戸,88900.0,88900
housing_stock,住宅ストック・空き家・持ち家,38000,愛媛県,pref,38,愛媛県,2008100000,2008年度,2008,00001|H110202,観測値|H110202_空き家数,戸,102800.0,102800
housing_stock,住宅ストック・空き家・持ち家,38000,愛媛県,pref,38,愛媛県,2013100000,2013年度,2013,00001|H110202,観測値|H110202_空き家数,戸,123400.0,123400
housing_stock,住宅ストック・空き家・持ち家,38000,愛媛県,pref,38,愛媛県,2018100000,2018年度,2018,00001|H110202,観測値|H110202_空き家数,戸,129800.0,129800
housing_stock,住宅ストック・空き家・持ち家,38000,愛媛県,pref,38,愛媛県,2023100000,2023年度,2023,00001|H110202,観測値|H110202_空き家数,戸,145600.0,145600
housing_stock,住宅ストック・空き家・持ち家,39000,高知県,pref,39,高知県,1978100000,1978年度,1978,00001|H110202,観測値|H110202_空き家数,戸,23000.0,23000
housing_stock,住宅ストック・空き家・持ち家,39000,高知県,pref,39,高知県,1983100000,1983年度,1983,00001|H110202,観測値|H110202_空き家数,戸,33700.0,33700
housing_stock,住宅ストック・空き家・持ち家,39000,高知県,pref,39,高知県,1988100000,1988年度,1988,00001|H110202,観測値|H110202_空き家数,戸,43200.0,43200
housing_stock,住宅ストック・空き家・持ち家,39000,高知県,pref,39,高知県,1993100000,1993年度,1993,00001|H110202,観測値|H110202_空き家数,戸,48500.0,48500
housing_stock,住宅ストック・空き家・持ち家,39000,高知県,pref,39,高知県,1998100000,1998年度,1998,00001|H110202,観測値|H110202_空き家数,戸,46100.0,46100
housing_stock,住宅ストック・空き家・持ち家,39000,高知県,pref,39,高知県,2003100000,2003年度,2003,00001|H110202,観測値|H110202_空き家数,戸,52500.0,52500
housing_stock,住宅ストック・空き家・持ち家,39000,高知県,pref,39,高知県,2008100000,2008年度,2008,00001|H110202,観測値|H110202_空き家数,戸,62600.0,62600
housing_stock,住宅ストック・空き家・持ち家,39000,高知県,pref,39,高知県,2013100000,2013年度,2013,00001|H110202,観測値|H110202_空き家数,戸,69800.0,69800
housing_stock,住宅ストック・空き家・持ち家,39000,高知県,pref,39,高知県,2018100000,2018年度,2018,00001|H110202,観測値|H110202_空き家数,戸,74600.0,74600
housing_stock,住宅ストック・空き家・持ち家,39000,高知県,pref,39,高知県,2023100000,2023年度,2023,00001|H110202,観測値|H110202_空き家数,戸,78700.0,78700
housing_stock,住宅ストック・空き家・持ち家,40000,福岡県,pref,40,福岡県,1978100000,1978年度,1978,00001|H110202,観測値|H110202_空き家数,戸,105100.0,105100
housing_stock,住宅ストック・空き家・持ち家,40000,福岡県,pref,40,福岡県,1983100000,1983年度,1983,00001|H110202,観測値|H110202_空き家数,戸,132300.0,132300
housing_stock,住宅ストック・空き家・持ち家,40000,福岡県,pref,40,福岡県,1988100000,1988年度,1988,00001|H110202,観測値|H110202_空き家数,戸,170400.0,170400
housing_stock,住宅ストック・空き家・持ち家,40000,福岡県,pref,40,福岡県,1993100000,1993年度,1993,00001|H110202,観測値|H110202_空き家数,戸,172500.0,172500
housing_stock,住宅ストック・空き家・持ち家,40000,福岡県,pref,40,福岡県,1998100000,1998年度,1998,00001|H110202,観測値|H110202_空き家数,戸,199100.0,199100
housing_stock,住宅ストック・空き家・持ち家,40000,福岡県,pref,40,福岡県,2003100000,2003年度,2003,00001|H110202,観測値|H110202_空き家数,戸,242600.0,242600
housing_stock,住宅ストック・空き家・持ち家,40000,福岡県,pref,40,福岡県,2008100000,2008年度,2008,00001|H110202,観測値|H110202_空き家数,戸,324600.0,324600
housing_stock,住宅ストック・空き家・持ち家,40000,福岡県,pref,40,福岡県,2013100000,2013年度,2013,00001|H110202,観測値|H110202_空き家数,戸,316800.0,316800
housing_stock,住宅ストック・空き家・持ち家,40000,福岡県,pref,40,福岡県,2018100000,2018年度,2018,00001|H110202,観測値|H110202_空き家数,戸,328600.0,328600
housing_stock,住宅ストック・空き家・持ち家,40000,福岡県,pref,40,福岡県,2023100000,2023年度,2023,00001|H110202,観測値|H110202_空き家数,戸,335300.0,335300
housing_stock,住宅ストック・空き家・持ち家,41000,佐賀県,pref,41,佐賀県,1978100000,1978年度,1978,00001|H110202,観測値|H110202_空き家数,戸,9300.0,9300
housing_stock,住宅ストック・空き家・持ち家,41000,佐賀県,pref,41,佐賀県,1983100000,1983年度,1983,00001|H110202,観測値|H110202_空き家数,戸,12800.0,12800
housing_stock,住宅ストック・空き家・持ち家,41000,佐賀県,pref,41,佐賀県,1988100000,1988年度,1988,00001|H110202,観測値|H110202_空き家数,戸,16700.0,16700
housing_stock,住宅ストック・空き家・持ち家,41000,佐賀県,pref,41,佐賀県,1993100000,1993年度,1993,00001|H110202,観測値|H110202_空き家数,戸,18300.0,18300
housing_stock,住宅ストック・空き家・持ち家,41000,佐賀県,pref,41,佐賀県,1998100000,1998年度,1998,00001|H110202,観測値|H110202_空き家数,戸,24700.0,24700
housing_stock,住宅ストック・空き家・持ち家,41000,佐賀県,pref,41,佐賀県,2003100000,2003年度,2003,00001|H110202,観測値|H110202_空き家数,戸,28400.0,28400
housing_stock,住宅ストック・空き家・持ち家,41000,佐賀県,pref,41,佐賀県,2008100000,2008年度,2008,00001|H110202,観測値|H110202_空き家数,戸,35700.0,35700
housing_stock,住宅ストック・空き家・持ち家,41000,佐賀県,pref,41,佐賀県,2013100000,2013年度,2013,00001|H110202,観測値|H110202_空き家数,戸,43300.0,43300
housing_stock,住宅ストック・空き家・持ち家,41000,佐賀県,pref,41,佐賀県,2018100000,2018年度,2018,00001|H110202,観測値|H110202_空き家数,戸,50500.0,50500
housing_stock,住宅ストック・空き家・持ち家,41000,佐賀県,pref,41,佐賀県,2023100000,2023年度,2023,00001|H110202,観測値|H110202_空き家数,戸,53300.0,53300
housing_stock,住宅ストック・空き家・持ち家,42000,長崎県,pref,42,長崎県,1978100000,1978年度,1978,00001|H110202,観測値|H110202_空き家数,戸,26800.0,26800
housing_stock,住宅ストック・空き家・持ち家,42000,長崎県,pref,42,長崎県,1983100000,1983年度,1983,00001|H110202,観測値|H110202_空き家数,戸,33200.0,33200
housing_stock,住宅ストック・空き家・持ち家,42000,長崎県,pref,42,長崎県,1988100000,1988年度,1988,00001|H110202,観測値|H110202_空き家数,戸,50500.0,50500
housing_stock,住宅ストック・空き家・持ち家,42000,長崎県,pref,42,長崎県,1993100000,1993年度,1993,00001|H110202,観測値|H110202_空き家数,戸,48900.0,48900
housing_stock,住宅ストック・空き家・持ち家,42000,長崎県,pref,42,長崎県,1998100000,1998年度,1998,00001|H110202,観測値|H110202_空き家数,戸,64500.0,64500
housing_stock,住宅ストック・空き家・持ち家,42000,長崎県,pref,42,長崎県,2003100000,2003年度,2003,00001|H110202,観測値|H110202_空き家数,戸,74500.0,74500
housing_stock,住宅ストック・空き家・持ち家,42000,長崎県,pref,42,長崎県,2008100000,2008年度,2008,00001|H110202,観測値|H110202_空き家数,戸,88800.0,88800
housing_stock,住宅ストック・空き家・持ち家,42000,長崎県,pref,42,長崎県,2013100000,2013年度,2013,00001|H110202,観測値|H110202_空き家数,戸,101800.0,101800
housing_stock,住宅ストック・空き家・持ち家,42000,長崎県,pref,42,長崎県,2018100000,2018年度,2018,00001|H110202,観測値|H110202_空き家数,戸,101500.0,101500
housing_stock,住宅ストック・空き家・持ち家,42000,長崎県,pref,42,長崎県,2023100000,2023年度,2023,00001|H110202,観測値|H110202_空き家数,戸,113000.0,113000
housing_stock,住宅ストック・空き家・持ち家,43000,熊本県,pref,43,熊本県,1978100000,1978年度,1978,00001|H110202,観測値|H110202_空き家数,戸,28800.0,28800
housing_stock,住宅ストック・空き家・持ち家,43000,熊本県,pref,43,熊本県,1983100000,1983年度,1983,00001|H110202,観測値|H110202_空き家数,戸,36900.0,36900
housing_stock,住宅ストック・空き家・持ち家,43000,熊本県,pref,43,熊本県,1988100000,1988年度,1988,00001|H110202,観測値|H110202_空き家数,戸,49100.0,49100
housing_stock,住宅ストック・空き家・持ち家,43000,熊本県,pref,43,熊本県,1993100000,1993年度,1993,00001|H110202,観測値|H110202_空き家数,戸,57800.0,57800
housing_stock,住宅ストック・空き家・持ち家,43000,熊本県,pref,43,熊本県,1998100000,1998年度,1998,00001|H110202,観測値|H110202_空き家数,戸,68100.0,68100
housing_stock,住宅ストック・空き家・持ち家,43000,熊本県,pref,43,熊本県,2003100000,2003年度,2003,00001|H110202,観測値|H110202_空き家数,戸,81400.0,81400
housing_stock,住宅ストック・空き家・持ち家,43000,熊本県,pref,43,熊本県,2008100000,2008年度,2008,00001|H110202,観測値|H110202_空き家数,戸,102800.0,102800
housing_stock,住宅ストック・空き家・持ち家,43000,熊本県,pref,43,熊本県,2013100000,2013年度,2013,00001|H110202,観測値|H110202_空き家数,戸,114800.0,114800
housing_stock,住宅ストック・空き家・持ち家,43000,熊本県,pref,43,熊本県,2018100000,2018年度,2018,00001|H110202,観測値|H110202_空き家数,戸,111900.0,111900
housing_stock,住宅ストック・空き家・持ち家,43000,熊本県,pref,43,熊本県,2023100000,2023年度,2023,00001|H110202,観測値|H110202_空き家数,戸,127100.0,127100
housing_stock,住宅ストック・空き家・持ち家,44000,大分県,pref,44,大分県,1978100000,1978年度,1978,00001|H110202,観測値|H110202_空き家数,戸,26100.0,26100
housing_stock,住宅ストック・空き家・持ち家,44000,大分県,pref,44,大分県,1983100000,1983年度,1983,00001|H110202,観測値|H110202_空き家数,戸,31900.0,31900
housing_stock,住宅ストック・空き家・持ち家,44000,大分県,pref,44,大分県,1988100000,1988年度,1988,00001|H110202,観測値|H110202_空き家数,戸,42600.0,42600
housing_stock,住宅ストック・空き家・持ち家,44000,大分県,pref,44,大分県,1993100000,1993年度,1993,00001|H110202,観測値|H110202_空き家数,戸,44500.0,44500
housing_stock,住宅ストック・空き家・持ち家,44000,大分県,pref,44,大分県,1998100000,1998年度,1998,00001|H110202,観測値|H110202_空き家数,戸,58800.0,58800
housing_stock,住宅ストック・空き家・持ち家,44000,大分県,pref,44,大分県,2003100000,2003年度,2003,00001|H110202,観測値|H110202_空き家数,戸,65700.0,65700
housing_stock,住宅ストック・空き家・持ち家,44000,大分県,pref,44,大分県,2008100000,2008年度,2008,00001|H110202,観測値|H110202_空き家数,戸,77200.0,77200
housing_stock,住宅ストック・空き家・持ち家,44000,大分県,pref,44,大分県,2013100000,2013年度,2013,00001|H110202,観測値|H110202_空き家数,戸,89900.0,89900
housing_stock,住宅ストック・空き家・持ち家,44000,大分県,pref,44,大分県,2018100000,2018年度,2018,00001|H110202,観測値|H110202_空き家数,戸,97700.0,97700
housing_stock,住宅ストック・空き家・持ち家,44000,大分県,pref,44,大分県,2023100000,2023年度,2023,00001|H110202,観測値|H110202_空き家数,戸,115500.0,115500
housing_stock,住宅ストック・空き家・持ち家,45000,宮崎県,pref,45,宮崎県,1978100000,1978年度,1978,00001|H110202,観測値|H110202_空き家数,戸,20900.0,20900
housing_stock,住宅ストック・空き家・持ち家,45000,宮崎県,pref,45,宮崎県,1983100000,1983年度,1983,00001|H110202,観測値|H110202_空き家数,戸,26700.0,26700
housing_stock,住宅ストック・空き家・持ち家,45000,宮崎県,pref,45,宮崎県,1988100000,1988年度,1988,00001|H110202,観測値|H110202_空き家数,戸,34300.0,34300
housing_stock,住宅ストック・空き家・持ち家,45000,宮崎県,pref,45,宮崎県,1993100000,1993年度,1993,00001|H110202,観測値|H110202_空き家数,戸,37900.0,37900
housing_stock,住宅ストック・空き家・持ち家,45000,宮崎県,pref,45,宮崎県,1998100000,1998年度,1998,00001|H110202,観測値|H110202_空き家数,戸,48300.0,48300
housing_stock,住宅ストック・空き家・持ち家,45000,宮崎県,pref,45,宮崎県,2003100000,2003年度,2003,00001|H110202,観測値|H110202_空き家数,戸,53500.0,53500
housing_stock,住宅ストック・空き家・持ち家,45000,宮崎県,pref,45,宮崎県,2008100000,2008年度,2008,00001|H110202,観測値|H110202_空き家数,戸,62900.0,62900
housing_stock,住宅ストック・空き家・持ち家,45000,宮崎県,pref,45,宮崎県,2013100000,2013年度,2013,00001|H110202,観測値|H110202_空き家数,戸,74200.0,74200
housing_stock,住宅ストック・空き家・持ち家,45000,宮崎県,pref,45,宮崎県,2018100000,2018年度,2018,00001|H110202,観測値|H110202_空き家数,戸,84200.0,84200
housing_stock,住宅ストック・空き家・持ち家,45000,宮崎県,pref,45,宮崎県,2023100000,2023年度,2023,00001|H110202,観測値|H110202_空き家数,戸,90700.0,90700
housing_stock,住宅ストック・空き家・持ち家,46000,鹿児島県,pref,46,鹿児島県,1978100000,1978年度,1978,00001|H110202,観測値|H110202_空き家数,戸,38200.0,38200
housing_stock,住宅ストック・空き家・持ち家,46000,鹿児島県,pref,46,鹿児島県,1983100000,1983年度,1983,00001|H110202,観測値|H110202_空き家数,戸,54700.0,54700
housing_stock,住宅ストック・空き家・持ち家,46000,鹿児島県,pref,46,鹿児島県,1988100000,1988年度,1988,00001|H110202,観測値|H110202_空き家数,戸,80900.0,80900
housing_stock,住宅ストック・空き家・持ち家,46000,鹿児島県,pref,46,鹿児島県,1993100000,1993年度,1993,00001|H110202,観測値|H110202_空き家数,戸,83800.0,83800
housing_stock,住宅ストック・空き家・持ち家,46000,鹿児島県,pref,46,鹿児島県,1998100000,1998年度,1998,00001|H110202,観測値|H110202_空き家数,戸,89400.0,89400
housing_stock,住宅ストック・空き家・持ち家,46000,鹿児島県,pref,46,鹿児島県,2003100000,2003年度,2003,00001|H110202,観測値|H110202_空き家数,戸,106400.0,106400
housing_stock,住宅ストック・空き家・持ち家,46000,鹿児島県,pref,46,鹿児島県,2008100000,2008年度,2008,00001|H110202,観測値|H110202_空き家数,戸,129900.0,129900
housing_stock,住宅ストック・空き家・持ち家,46000,鹿児島県,pref,46,鹿児島県,2013100000,2013年度,2013,00001|H110202,観測値|H110202_空き家数,戸,147300.0,147300
housing_stock,住宅ストック・空き家・持ち家,46000,鹿児島県,pref,46,鹿児島県,2018100000,2018年度,2018,00001|H110202,観測値|H110202_空き家数,戸,167000.0,167000
housing_stock,住宅ストック・空き家・持ち家,46000,鹿児島県,pref,46,鹿児島県,2023100000,2023年度,2023,00001|H110202,観測値|H110202_空き家数,戸,184200.0,184200
housing_stock,住宅ストック・空き家・持ち家,47000,沖縄県,pref,47,沖縄県,1978100000,1978年度,1978,00001|H110202,観測値|H110202_空き家数,戸,21800.0,21800
housing_stock,住宅ストック・空き家・持ち家,47000,沖縄県,pref,47,沖縄県,1983100000,1983年度,1983,00001|H110202,観測値|H110202_空き家数,戸,20800.0,20800
housing_stock,住宅ストック・空き家・持ち家,47000,沖縄県,pref,47,沖縄県,1988100000,1988年度,1988,00001|H110202,観測値|H110202_空き家数,戸,36200.0,36200
housing_stock,住宅ストック・空き家・持ち家,47000,沖縄県,pref,47,沖縄県,1993100000,1993年度,1993,00001|H110202,観測値|H110202_空き家数,戸,43700.0,43700
housing_stock,住宅ストック・空き家・持ち家,47000,沖縄県,pref,47,沖縄県,1998100000,1998年度,1998,00001|H110202,観測値|H110202_空き家数,戸,52100.0,52100
housing_stock,住宅ストック・空き家・持ち家,47000,沖縄県,pref,47,沖縄県,2003100000,2003年度,2003,00001|H110202,観測値|H110202_空き家数,戸,51800.0,51800
housing_stock,住宅ストック・空き家・持ち家,47000,沖縄県,pref,47,沖縄県,2008100000,2008年度,2008,00001|H110202,観測値|H110202_空き家数,戸,58400.0,58400
housing_stock,住宅ストック・空き家・持ち家,47000,沖縄県,pref,47,沖縄県,2013100000,2013年度,2013,00001|H110202,観測値|H110202_空き家数,戸,62400.0,62400
housing_stock,住宅ストック・空き家・持ち家,47000,沖縄県,pref,47,沖縄県,2018100000,2018年度,2018,00001|H110202,観測値|H110202_空き家数,戸,67900.0,67900
housing_stock,住宅ストック・空き家・持ち家,47000,沖縄県,pref,47,沖縄県,2023100000,2023年度,2023,00001|H110202,観測値|H110202_空き家数,戸,65400.0,65400
housing_stock,住宅ストック・空き家・持ち家,00000,全国,national,,,1978100000,1978年度,1978,00001|H1310,観測値|H1310_持ち家数,戸,19428400.0,19428400
housing_stock,住宅ストック・空き家・持ち家,00000,全国,national,,,1983100000,1983年度,1983,00001|H1310,観測値|H1310_持ち家数,戸,21649600.0,21649600
housing_stock,住宅ストック・空き家・持ち家,00000,全国,national,,,1988100000,1988年度,1988,00001|H1310,観測値|H1310_持ち家数,戸,22948200.0,22948200
housing_stock,住宅ストック・空き家・持ち家,00000,全国,national,,,1993100000,1993年度,1993,00001|H1310,観測値|H1310_持ち家数,戸,24376200.0,24376200
housing_stock,住宅ストック・空き家・持ち家,00000,全国,national,,,1998100000,1998年度,1998,00001|H1310,観測値|H1310_持ち家数,戸,26467800.0,26467800
housing_stock,住宅ストック・空き家・持ち家,00000,全国,national,,,2003100000,2003年度,2003,00001|H1310,観測値|H1310_持ち家数,戸,28665900.0,28665900
housing_stock,住宅ストック・空き家・持ち家,00000,全国,national,,,2008100000,2008年度,2008,00001|H1310,観測値|H1310_持ち家数,戸,30316100.0,30316100
housing_stock,住宅ストック・空き家・持ち家,00000,全国,national,,,2013100000,2013年度,2013,00001|H1310,観測値|H1310_持ち家数,戸,32165800.0,32165800
housing_stock,住宅ストック・空き家・持ち家,00000,全国,national,,,2018100000,2018年度,2018,00001|H1310,観測値|H1310_持ち家数,戸,32801500.0,32801500
housing_stock,住宅ストック・空き家・持ち家,00000,全国,national,,,2023100000,2023年度,2023,00001|H1310,観測値|H1310_持ち家数,戸,33875500.0,33875500
housing_stock,住宅ストック・空き家・持ち家,01000,北海道,pref,01,北海道,1978100000,1978年度,1978,00001|H1310,観測値|H1310_持ち家数,戸,811100.0,811100
housing_stock,住宅ストック・空き家・持ち家,01000,北海道,pref,01,北海道,1983100000,1983年度,1983,00001|H1310,観測値|H1310_持ち家数,戸,920000.0,920000
housing_stock,住宅ストック・空き家・持ち家,01000,北海道,pref,01,北海道,1988100000,1988年度,1988,00001|H1310,観測値|H1310_持ち家数,戸,988200.0,988200
housing_stock,住宅ストック・空き家・持ち家,01000,北海道,pref,01,北海道,1993100000,1993年度,1993,00001|H1310,観測値|H1310_持ち家数,戸,1084500.0,1084500
housing_stock,住宅ストック・空き家・持ち家,01000,北海道,pref,01,北海道,1998100000,1998年度,1998,00001|H1310,観測値|H1310_持ち家数,戸,1193300.0,1193300
housing_stock,住宅ストック・空き家・持ち家,01000,北海道,pref,01,北海道,2003100000,2003年度,2003,00001|H1310,観測値|H1310_持ち家数,戸,1277700.0,1277700
housing_stock,住宅ストック・空き家・持ち家,01000,北海道,pref,01,北海道,2008100000,2008年度,2008,00001|H1310,観測値|H1310_持ち家数,戸,1339200.0,1339200
housing_stock,住宅ストック・空き家・持ち家,01000,北海道,pref,01,北海道,2013100000,2013年度,2013,00001|H1310,観測値|H1310_持ち家数,戸,1353900.0,1353900
housing_stock,住宅ストック・空き家・持ち家,01000,北海道,pref,01,北海道,2018100000,2018年度,2018,00001|H1310,観測値|H1310_持ち家数,戸,1359400.0,1359400
housing_stock,住宅ストック・空き家・持ち家,01000,北海道,pref,01,北海道,2023100000,2023年度,2023,00001|H1310,観測値|H1310_持ち家数,戸,1381200.0,1381200
housing_stock,住宅ストック・空き家・持ち家,02000,青森県,pref,02,青森県,1978100000,1978年度,1978,00001|H1310,観測値|H1310_持ち家数,戸,272500.0,272500
housing_stock,住宅ストック・空き家・持ち家,02000,青森県,pref,02,青森県,1983100000,1983年度,1983,00001|H1310,観測値|H1310_持ち家数,戸,292200.0,292200
housing_stock,住宅ストック・空き家・持ち家,02000,青森県,pref,02,青森県,1988100000,1988年度,1988,00001|H1310,観測値|H1310_持ち家数,戸,306100.0,306100
housing_stock,住宅ストック・空き家・持ち家,02000,青森県,pref,02,青森県,1993100000,1993年度,1993,00001|H1310,観測値|H1310_持ち家数,戸,317900.0,317900
housing_stock,住宅ストック・空き家・持ち家,02000,青森県,pref,02,青森県,1998100000,1998年度,1998,00001|H1310,観測値|H1310_持ち家数,戸,335000.0,335000
housing_stock,住宅ストック・空き家・持ち家,02000,青森県,pref,02,青森県,2003100000,2003年度,2003,00001|H1310,観測値|H1310_持ち家数,戸,343900.0,343900
housing_stock,住宅ストック・空き家・持ち家,02000,青森県,pref,02,青森県,2008100000,2008年度,2008,00001|H1310,観測値|H1310_持ち家数,戸,353900.0,353900
housing_stock,住宅ストック・空き家・持ち家,02000,青森県,pref,02,青森県,2013100000,2013年度,2013,00001|H1310,観測値|H1310_持ち家数,戸,358600.0,358600
housing_stock,住宅ストック・空き家・持ち家,02000,青森県,pref,02,青森県,2018100000,2018年度,2018,00001|H1310,観測値|H1310_持ち家数,戸,352800.0,352800
housing_stock,住宅ストック・空き家・持ち家,02000,青森県,pref,02,青森県,2023100000,2023年度,2023,00001|H1310,観測値|H1310_持ち家数,戸,349100.0,349100
housing_stock,住宅ストック・空き家・持ち家,03000,岩手県,pref,03,岩手県,1978100000,1978年度,1978,00001|H1310,観測値|H1310_持ち家数,戸,262200.0,262200
housing_stock,住宅ストック・空き家・持ち家,03000,岩手県,pref,03,岩手県,1983100000,1983年度,1983,00001|H1310,観測値|H1310_持ち家数,戸,276500.0,276500
housing_stock,住宅ストック・空き家・持ち家,03000,岩手県,pref,03,岩手県,1988100000,1988年度,1988,00001|H1310,観測値|H1310_持ち家数,戸,288300.0,288300
housing_stock,住宅ストック・空き家・持ち家,03000,岩手県,pref,03,岩手県,1993100000,1993年度,1993,00001|H1310,観測値|H1310_持ち家数,戸,305600.0,305600
housing_stock,住宅ストック・空き家・持ち家,03000,岩手県,pref,03,岩手県,1998100000,1998年度,1998,00001|H1310,観測値|H1310_持ち家数,戸,317000.0,317000
housing_stock,住宅ストック・空き家・持ち家,03000,岩手県,pref,03,岩手県,2003100000,2003年度,2003,00001|H1310,観測値|H1310_持ち家数,戸,325500.0,325500
housing_stock,住宅ストック・空き家・持ち家,03000,岩手県,pref,03,岩手県,2008100000,2008年度,2008,00001|H1310,観測値|H1310_持ち家数,戸,338600.0,338600
housing_stock,住宅ストック・空き家・持ち家,03000,岩手県,pref,03,岩手県,2013100000,2013年度,2013,00001|H1310,観測値|H1310_持ち家数,戸,325900.0,325900
housing_stock,住宅ストック・空き家・持ち家,03000,岩手県,pref,03,岩手県,2018100000,2018年度,2018,00001|H1310,観測値|H1310_持ち家数,戸,338100.0,338100
housing_stock,住宅ストック・空き家・持ち家,03000,岩手県,pref,03,岩手県,2023100000,2023年度,2023,00001|H1310,観測値|H1310_持ち家数,戸,334900.0,334900
housing_stock,住宅ストック・空き家・持ち家,04000,宮城県,pref,04,宮城県,1978100000,1978年度,1978,00001|H1310,観測値|H1310_持ち家数,戸,333800.0,333800
housing_stock,住宅ストック・空き家・持ち家,04000,宮城県,pref,04,宮城県,1983100000,1983年度,1983,00001|H1310,観測値|H1310_持ち家数,戸,371900.0,371900
housing_stock,住宅ストック・空き家・持ち家,04000,宮城県,pref,04,宮城県,1988100000,1988年度,1988,00001|H1310,観測値|H1310_持ち家数,戸,393500.0,393500
housing_stock,住宅ストック・空き家・持ち家,04000,宮城県,pref,04,宮城県,1993100000,1993年度,1993,00001|H1310,観測値|H1310_持ち家数,戸,430700.0,430700
housing_stock,住宅ストック・空き家・持ち家,04000,宮城県,pref,04,宮城県,1998100000,1998年度,1998,00001|H1310,観測値|H1310_持ち家数,戸,470500.0,470500
housing_stock,住宅ストック・空き家・持ち家,04000,宮城県,pref,04,宮城県,2003100000,2003年度,2003,00001|H1310,観測値|H1310_持ち家数,戸,504000.0,504000
housing_stock,住宅ストック・空き家・持ち家,04000,宮城県,pref,04,宮城県,2008100000,2008年度,2008,00001|H1310,観測値|H1310_持ち家数,戸,529000.0,529000
housing_stock,住宅ストック・空き家・持ち家,04000,宮城県,pref,04,宮城県,2013100000,2013年度,2013,00001|H1310,観測値|H1310_持ち家数,戸,540000.0,540000
housing_stock,住宅ストック・空き家・持ち家,04000,宮城県,pref,04,宮城県,2018100000,2018年度,2018,00001|H1310,観測値|H1310_持ち家数,戸,554300.0,554300
housing_stock,住宅ストック・空き家・持ち家,04000,宮城県,pref,04,宮城県,2023100000,2023年度,2023,00001|H1310,観測値|H1310_持ち家数,戸,590100.0,590100
housing_stock,住宅ストック・空き家・持ち家,05000,秋田県,pref,05,秋田県,1978100000,1978年度,1978,00001|H1310,観測値|H1310_持ち家数,戸,259200.0,259200
housing_stock,住宅ストック・空き家・持ち家,05000,秋田県,pref,05,秋田県,1983100000,1983年度,1983,00001|H1310,観測値|H1310_持ち家数,戸,268000.0,268000
housing_stock,住宅ストック・空き家・持ち家,05000,秋田県,pref,05,秋田県,1988100000,1988年度,1988,00001|H1310,観測値|H1310_持ち家数,戸,274400.0,274400
housing_stock,住宅ストック・空き家・持ち家,05000,秋田県,pref,05,秋田県,1993100000,1993年度,1993,00001|H1310,観測値|H1310_持ち家数,戸,279800.0,279800
housing_stock,住宅ストック・空き家・持ち家,05000,秋田県,pref,05,秋田県,1998100000,1998年度,1998,00001|H1310,観測値|H1310_持ち家数,戸,289500.0,289500
housing_stock,住宅ストック・空き家・持ち家,05000,秋田県,pref,05,秋田県,2003100000,2003年度,2003,00001|H1310,観測値|H1310_持ち家数,戸,296600.0,296600
housing_stock,住宅ストック・空き家・持ち家,05000,秋田県,pref,05,秋田県,2008100000,2008年度,2008,00001|H1310,観測値|H1310_持ち家数,戸,298100.0,298100
housing_stock,住宅ストック・空き家・持ち家,05000,秋田県,pref,05,秋田県,2013100000,2013年度,2013,00001|H1310,観測値|H1310_持ち家数,戸,303800.0,303800
housing_stock,住宅ストック・空き家・持ち家,05000,秋田県,pref,05,秋田県,2018100000,2018年度,2018,00001|H1310,観測値|H1310_持ち家数,戸,296500.0,296500
housing_stock,住宅ストック・空き家・持ち家,05000,秋田県,pref,05,秋田県,2023100000,2023年度,2023,00001|H1310,観測値|H1310_持ち家数,戸,284800.0,284800
housing_stock,住宅ストック・空き家・持ち家,06000,山形県,pref,06,山形県,1978100000,1978年度,1978,00001|H1310,観測値|H1310_持ち家数,戸,243200.0,243200
housing_stock,住宅ストック・空き家・持ち家,06000,山形県,pref,06,山形県,1983100000,1983年度,1983,00001|H1310,観測値|H1310_持ち家数,戸,255200.0,255200
housing_stock,住宅ストック・空き家・持ち家,06000,山形県,pref,06,山形県,1988100000,1988年度,1988,00001|H1310,観測値|H1310_持ち家数,戸,261800.0,261800
housing_stock,住宅ストック・空き家・持ち家,06000,山形県,pref,06,山形県,1993100000,1993年度,1993,00001|H1310,観測値|H1310_持ち家数,戸,267200.0,267200
housing_stock,住宅ストック・空き家・持ち家,06000,山形県,pref,06,山形県,1998100000,1998年度,1998,00001|H1310,観測値|H1310_持ち家数,戸,278000.0,278000
housing_stock,住宅ストック・空き家・持ち家,06000,山形県,pref,06,山形県,2003100000,2003年度,2003,00001|H1310,観測値|H1310_持ち家数,戸,282600.0,282600
housing_stock,住宅ストック・空き家・持ち家,06000,山形県,pref,06,山形県,2008100000,2008年度,2008,00001|H1310,観測値|H1310_持ち家数,戸,289100.0,289100
housing_stock,住宅ストック・空き家・持ち家,06000,山形県,pref,06,山形県,2013100000,2013年度,2013,00001|H1310,観測値|H1310_持ち家数,戸,294600.0,294600
housing_stock,住宅ストック・空き家・持ち家,06000,山形県,pref,06,山形県,2018100000,2018年度,2018,00001|H1310,観測値|H1310_持ち家数,戸,294600.0,294600
housing_stock,住宅ストック・空き家・持ち家,06000,山形県,pref,06,山形県,2023100000,2023年度,2023,00001|H1310,観測値|H1310_持ち家数,戸,293600.0,293600
housing_stock,住宅ストック・空き家・持ち家,07000,福島県,pref,07,福島県,1978100000,1978年度,1978,00001|H1310,観測値|H1310_持ち家数,戸,353900.0,353900
housing_stock,住宅ストック・空き家・持ち家,07000,福島県,pref,07,福島県,1983100000,1983年度,1983,00001|H1310,観測値|H1310_持ち家数,戸,379200.0,379200
housing_stock,住宅ストック・空き家・持ち家,07000,福島県,pref,07,福島県,1988100000,1988年度,1988,00001|H1310,観測値|H1310_持ち家数,戸,396300.0,396300
housing_stock,住宅ストック・空き家・持ち家,07000,福島県,pref,07,福島県,1993100000,1993年度,1993,00001|H1310,観測値|H1310_持ち家数,戸,416800.0,416800
housing_stock,住宅ストック・空き家・持ち家,07000,福島県,pref,07,福島県,1998100000,1998年度,1998,00001|H1310,観測値|H1310_持ち家数,戸,447200.0,447200
housing_stock,住宅ストック・空き家・持ち家,07000,福島県,pref,07,福島県,2003100000,2003年度,2003,00001|H1310,観測値|H1310_持ち家数,戸,466800.0,466800
housing_stock,住宅ストック・空き家・持ち家,07000,福島県,pref,07,福島県,2008100000,2008年度,2008,00001|H1310,観測値|H1310_持ち家数,戸,481200.0,481200
housing_stock,住宅ストック・空き家・持ち家,07000,福島県,pref,07,福島県,2013100000,2013年度,2013,00001|H1310,観測値|H1310_持ち家数,戸,456300.0,456300
housing_stock,住宅ストック・空き家・持ち家,07000,福島県,pref,07,福島県,2018100000,2018年度,2018,00001|H1310,観測値|H1310_持ち家数,戸,494900.0,494900
housing_stock,住宅ストック・空き家・持ち家,07000,福島県,pref,07,福島県,2023100000,2023年度,2023,00001|H1310,観測値|H1310_持ち家数,戸,496500.0,496500
housing_stock,住宅ストック・空き家・持ち家,08000,茨城県,pref,08,茨城県,1978100000,1978年度,1978,00001|H1310,観測値|H1310_持ち家数,戸,460800.0,460800
housing_stock,住宅ストック・空き家・持ち家,08000,茨城県,pref,08,茨城県,1983100000,1983年度,1983,00001|H1310,観測値|H1310_持ち家数,戸,516800.0,516800
housing_stock,住宅ストック・空き家・持ち家,08000,茨城県,pref,08,茨城県,1988100000,1988年度,1988,00001|H1310,観測値|H1310_持ち家数,戸,557500.0,557500
housing_stock,住宅ストック・空き家・持ち家,08000,茨城県,pref,08,茨城県,1993100000,1993年度,1993,00001|H1310,観測値|H1310_持ち家数,戸,597200.0,597200
housing_stock,住宅ストック・空き家・持ち家,08000,茨城県,pref,08,茨城県,1998100000,1998年度,1998,00001|H1310,観測値|H1310_持ち家数,戸,652800.0,652800
housing_stock,住宅ストック・空き家・持ち家,08000,茨城県,pref,08,茨城県,2003100000,2003年度,2003,00001|H1310,観測値|H1310_持ち家数,戸,688800.0,688800
housing_stock,住宅ストック・空き家・持ち家,08000,茨城県,pref,08,茨城県,2008100000,2008年度,2008,00001|H1310,観測値|H1310_持ち家数,戸,732900.0,732900
housing_stock,住宅ストック・空き家・持ち家,08000,茨城県,pref,08,茨城県,2013100000,2013年度,2013,00001|H1310,観測値|H1310_持ち家数,戸,767700.0,767700
housing_stock,住宅ストック・空き家・持ち家,08000,茨城県,pref,08,茨城県,2018100000,2018年度,2018,00001|H1310,観測値|H1310_持ち家数,戸,801700.0,801700
housing_stock,住宅ストック・空き家・持ち家,08000,茨城県,pref,08,茨城県,2023100000,2023年度,2023,00001|H1310,観測値|H1310_持ち家数,戸,823500.0,823500
housing_stock,住宅ストック・空き家・持ち家,09000,栃木県,pref,09,栃木県,1978100000,1978年度,1978,00001|H1310,観測値|H1310_持ち家数,戸,320800.0,320800
housing_stock,住宅ストック・空き家・持ち家,09000,栃木県,pref,09,栃木県,1983100000,1983年度,1983,00001|H1310,観測値|H1310_持ち家数,戸,351000.0,351000
housing_stock,住宅ストック・空き家・持ち家,09000,栃木県,pref,09,栃木県,1988100000,1988年度,1988,00001|H1310,観測値|H1310_持ち家数,戸,373400.0,373400
housing_stock,住宅ストック・空き家・持ち家,09000,栃木県,pref,09,栃木県,1993100000,1993年度,1993,00001|H1310,観測値|H1310_持ち家数,戸,400500.0,400500
housing_stock,住宅ストック・空き家・持ち家,09000,栃木県,pref,09,栃木県,1998100000,1998年度,1998,00001|H1310,観測値|H1310_持ち家数,戸,434600.0,434600
housing_stock,住宅ストック・空き家・持ち家,09000,栃木県,pref,09,栃木県,2003100000,2003年度,2003,00001|H1310,観測値|H1310_持ち家数,戸,456100.0,456100
housing_stock,住宅ストック・空き家・持ち家,09000,栃木県,pref,09,栃木県,2008100000,2008年度,2008,00001|H1310,観測値|H1310_持ち家数,戸,486500.0,486500
housing_stock,住宅ストック・空き家・持ち家,09000,栃木県,pref,09,栃木県,2013100000,2013年度,2013,00001|H1310,観測値|H1310_持ち家数,戸,515200.0,515200
housing_stock,住宅ストック・空き家・持ち家,09000,栃木県,pref,09,栃木県,2018100000,2018年度,2018,00001|H1310,観測値|H1310_持ち家数,戸,526100.0,526100
housing_stock,住宅ストック・空き家・持ち家,09000,栃木県,pref,09,栃木県,2023100000,2023年度,2023,00001|H1310,観測値|H1310_持ち家数,戸,554700.0,554700
housing_stock,住宅ストック・空き家・持ち家,10000,群馬県,pref,10,群馬県,1978100000,1978年度,1978,00001|H1310,観測値|H1310_持ち家数,戸,341600.0,341600
housing_stock,住宅ストック・空き家・持ち家,10000,群馬県,pref,10,群馬県,1983100000,1983年度,1983,00001|H1310,観測値|H1310_持ち家数,戸,374800.0,374800
housing_stock,住宅ストック・空き家・持ち家,10000,群馬県,pref,10,群馬県,1988100000,1988年度,1988,00001|H1310,観測値|H1310_持ち家数,戸,398600.0,398600
housing_stock,住宅ストック・空き家・持ち家,10000,群馬県,pref,10,群馬県,1993100000,1993年度,1993,00001|H1310,観測値|H1310_持ち家数,戸,426900.0,426900
housing_stock,住宅ストック・空き家・持ち家,10000,群馬県,pref,10,群馬県,1998100000,1998年度,1998,00001|H1310,観測値|H1310_持ち家数,戸,462100.0,462100
housing_stock,住宅ストック・空き家・持ち家,10000,群馬県,pref,10,群馬県,2003100000,2003年度,2003,00001|H1310,観測値|H1310_持ち家数,戸,482900.0,482900
housing_stock,住宅ストック・空き家・持ち家,10000,群馬県,pref,10,群馬県,2008100000,2008年度,2008,00001|H1310,観測値|H1310_持ち家数,戸,512800.0,512800
housing_stock,住宅ストック・空き家・持ち家,10000,群馬県,pref,10,群馬県,2013100000,2013年度,2013,00001|H1310,観測値|H1310_持ち家数,戸,528200.0,528200
housing_stock,住宅ストック・空き家・持ち家,10000,群馬県,pref,10,群馬県,2018100000,2018年度,2018,00001|H1310,観測値|H1310_持ち家数,戸,561700.0,561700
housing_stock,住宅ストック・空き家・持ち家,10000,群馬県,pref,10,群馬県,2023100000,2023年度,2023,00001|H1310,観測値|H1310_持ち家数,戸,570200.0,570200
housing_stock,住宅ストック・空き家・持ち家,11000,埼玉県,pref,11,埼玉県,1978100000,1978年度,1978,00001|H1310,観測値|H1310_持ち家数,戸,901600.0,901600
housing_stock,住宅ストック・空き家・持ち家,11000,埼玉県,pref,11,埼玉県,1983100000,1983年度,1983,00001|H1310,観測値|H1310_持ち家数,戸,1059300.0,1059300
housing_stock,住宅ストック・空き家・持ち家,11000,埼玉県,pref,11,埼玉県,1988100000,1988年度,1988,00001|H1310,観測値|H1310_持ち家数,戸,1183100.0,1183100
housing_stock,住宅ストック・空き家・持ち家,11000,埼玉県,pref,11,埼玉県,1993100000,1993年度,1993,00001|H1310,観測値|H1310_持ち家数,戸,1302700.0,1302700
housing_stock,住宅ストック・空き家・持ち家,11000,埼玉県,pref,11,埼玉県,1998100000,1998年度,1998,00001|H1310,観測値|H1310_持ち家数,戸,1458000.0,1458000
housing_stock,住宅ストック・空き家・持ち家,11000,埼玉県,pref,11,埼玉県,2003100000,2003年度,2003,00001|H1310,観測値|H1310_持ち家数,戸,1623800.0,1623800
housing_stock,住宅ストック・空き家・持ち家,11000,埼玉県,pref,11,埼玉県,2008100000,2008年度,2008,00001|H1310,観測値|H1310_持ち家数,戸,1755100.0,1755100
housing_stock,住宅ストック・空き家・持ち家,11000,埼玉県,pref,11,埼玉県,2013100000,2013年度,2013,00001|H1310,観測値|H1310_持ち家数,戸,1914000.0,1914000
housing_stock,住宅ストック・空き家・持ち家,11000,埼玉県,pref,11,埼玉県,2018100000,2018年度,2018,00001|H1310,観測値|H1310_持ち家数,戸,1987700.0,1987700
housing_stock,住宅ストック・空き家・持ち家,11000,埼玉県,pref,11,埼玉県,2023100000,2023年度,2023,00001|H1310,観測値|H1310_持ち家数,戸,2086700.0,2086700
housing_stock,住宅ストック・空き家・持ち家,12000,千葉県,pref,12,千葉県,1978100000,1978年度,1978,00001|H1310,観測値|H1310_持ち家数,戸,752900.0,752900
housing_stock,住宅ストック・空き家・持ち家,12000,千葉県,pref,12,千葉県,1983100000,1983年度,1983,00001|H1310,観測値|H1310_持ち家数,戸,924300.0,924300
housing_stock,住宅ストック・空き家・持ち家,12000,千葉県,pref,12,千葉県,1988100000,1988年度,1988,00001|H1310,観測値|H1310_持ち家数,戸,1008700.0,1008700
housing_stock,住宅ストック・空き家・持ち家,12000,千葉県,pref,12,千葉県,1993100000,1993年度,1993,00001|H1310,観測値|H1310_持ち家数,戸,1111900.0,1111900
housing_stock,住宅ストック・空き家・持ち家,12000,千葉県,pref,12,千葉県,1998100000,1998年度,1998,00001|H1310,観測値|H1310_持ち家数,戸,1245800.0,1245800
housing_stock,住宅ストック・空き家・持ち家,12000,千葉県,pref,12,千葉県,2003100000,2003年度,2003,00001|H1310,観測値|H1310_持ち家数,戸,1404700.0,1404700
housing_stock,住宅ストック・空き家・持ち家,12000,千葉県,pref,12,千葉県,2008100000,2008年度,2008,00001|H1310,観測値|H1310_持ち家数,戸,1510900.0,1510900
housing_stock,住宅ストック・空き家・持ち家,12000,千葉県,pref,12,千葉県,2013100000,2013年度,2013,00001|H1310,観測値|H1310_持ち家数,戸,1667700.0,1667700
housing_stock,住宅ストック・空き家・持ち家,12000,千葉県,pref,12,千葉県,2018100000,2018年度,2018,00001|H1310,観測値|H1310_持ち家数,戸,1724100.0,1724100
housing_stock,住宅ストック・空き家・持ち家,12000,千葉県,pref,12,千葉県,2023100000,2023年度,2023,00001|H1310,観測値|H1310_持ち家数,戸,1799500.0,1799500
housing_stock,住宅ストック・空き家・持ち家,13000,東京都,pref,13,東京都,1978100000,1978年度,1978,00001|H1310,観測値|H1310_持ち家数,戸,1540900.0,1540900
housing_stock,住宅ストック・空き家・持ち家,13000,東京都,pref,13,東京都,1983100000,1983年度,1983,00001|H1310,観測値|H1310_持ち家数,戸,1762100.0,1762100
housing_stock,住宅ストック・空き家・持ち家,13000,東京都,pref,13,東京都,1988100000,1988年度,1988,00001|H1310,観測値|H1310_持ち家数,戸,1782500.0,1782500
housing_stock,住宅ストック・空き家・持ち家,13000,東京都,pref,13,東京都,1993100000,1993年度,1993,00001|H1310,観測値|H1310_持ち家数,戸,1845400.0,1845400
housing_stock,住宅ストック・空き家・持ち家,13000,東京都,pref,13,東京都,1998100000,1998年度,1998,00001|H1310,観測値|H1310_持ち家数,戸,2051300.0,2051300
housing_stock,住宅ストック・空き家・持ち家,13000,東京都,pref,13,東京都,2003100000,2003年度,2003,00001|H1310,観測値|H1310_持ち家数,戸,2432900.0,2432900
housing_stock,住宅ストック・空き家・持ち家,13000,東京都,pref,13,東京都,2008100000,2008年度,2008,00001|H1310,観測値|H1310_持ち家数,戸,2650900.0,2650900
housing_stock,住宅ストック・空き家・持ち家,13000,東京都,pref,13,東京都,2013100000,2013年度,2013,00001|H1310,観測値|H1310_持ち家数,戸,2962100.0,2962100
housing_stock,住宅ストック・空き家・持ち家,13000,東京都,pref,13,東京都,2018100000,2018年度,2018,00001|H1310,観測値|H1310_持ち家数,戸,3063000.0,3063000
housing_stock,住宅ストック・空き家・持ち家,13000,東京都,pref,13,東京都,2023100000,2023年度,2023,00001|H1310,観測値|H1310_持ち家数,戸,3235200.0,3235200
housing_stock,住宅ストック・空き家・持ち家,14000,神奈川県,pref,14,神奈川県,1978100000,1978年度,1978,00001|H1310,観測値|H1310_持ち家数,戸,992100.0,992100
housing_stock,住宅ストック・空き家・持ち家,14000,神奈川県,pref,14,神奈川県,1983100000,1983年度,1983,00001|H1310,観測値|H1310_持ち家数,戸,1195800.0,1195800
housing_stock,住宅ストック・空き家・持ち家,14000,神奈川県,pref,14,神奈川県,1988100000,1988年度,1988,00001|H1310,観測値|H1310_持ち家数,戸,1321000.0,1321000
housing_stock,住宅ストック・空き家・持ち家,14000,神奈川県,pref,14,神奈川県,1993100000,1993年度,1993,00001|H1310,観測値|H1310_持ち家数,戸,1420600.0,1420600
housing_stock,住宅ストック・空き家・持ち家,14000,神奈川県,pref,14,神奈川県,1998100000,1998年度,1998,00001|H1310,観測値|H1310_持ち家数,戸,1627800.0,1627800
housing_stock,住宅ストック・空き家・持ち家,14000,神奈川県,pref,14,神奈川県,2003100000,2003年度,2003,00001|H1310,観測値|H1310_持ち家数,戸,1872100.0,1872100
housing_stock,住宅ストック・空き家・持ち家,14000,神奈川県,pref,14,神奈川県,2008100000,2008年度,2008,00001|H1310,観測値|H1310_持ち家数,戸,2066600.0,2066600
housing_stock,住宅ストック・空き家・持ち家,14000,神奈川県,pref,14,神奈川県,2013100000,2013年度,2013,00001|H1310,観測値|H1310_持ち家数,戸,2252300.0,2252300
housing_stock,住宅ストック・空き家・持ち家,14000,神奈川県,pref,14,神奈川県,2018100000,2018年度,2018,00001|H1310,観測値|H1310_持ち家数,戸,2362000.0,2362000
housing_stock,住宅ストック・空き家・持ち家,14000,神奈川県,pref,14,神奈川県,2023100000,2023年度,2023,00001|H1310,観測値|H1310_持ち家数,戸,2507900.0,2507900
housing_stock,住宅ストック・空き家・持ち家,15000,新潟県,pref,15,新潟県,1978100000,1978年度,1978,00001|H1310,観測値|H1310_持ち家数,戸,479200.0,479200
housing_stock,住宅ストック・空き家・持ち家,15000,新潟県,pref,15,新潟県,1983100000,1983年度,1983,00001|H1310,観測値|H1310_持ち家数,戸,511300.0,511300
housing_stock,住宅ストック・空き家・持ち家,15000,新潟県,pref,15,新潟県,1988100000,1988年度,1988,00001|H1310,観測値|H1310_持ち家数,戸,519900.0,519900
housing_stock,住宅ストック・空き家・持ち家,15000,新潟県,pref,15,新潟県,1993100000,1993年度,1993,00001|H1310,観測値|H1310_持ち家数,戸,545600.0,545600
housing_stock,住宅ストック・空き家・持ち家,15000,新潟県,pref,15,新潟県,1998100000,1998年度,1998,00001|H1310,観測値|H1310_持ち家数,戸,573200.0,573200
housing_stock,住宅ストック・空き家・持ち家,15000,新潟県,pref,15,新潟県,2003100000,2003年度,2003,00001|H1310,観測値|H1310_持ち家数,戸,591100.0,591100
housing_stock,住宅ストック・空き家・持ち家,15000,新潟県,pref,15,新潟県,2008100000,2008年度,2008,00001|H1310,観測値|H1310_持ち家数,戸,599400.0,599400
housing_stock,住宅ストック・空き家・持ち家,15000,新潟県,pref,15,新潟県,2013100000,2013年度,2013,00001|H1310,観測値|H1310_持ち家数,戸,630800.0,630800
housing_stock,住宅ストック・空き家・持ち家,15000,新潟県,pref,15,新潟県,2018100000,2018年度,2018,00001|H1310,観測値|H1310_持ち家数,戸,625000.0,625000
housing_stock,住宅ストック・空き家・持ち家,15000,新潟県,pref,15,新潟県,2023100000,2023年度,2023,00001|H1310,観測値|H1310_持ち家数,戸,629900.0,629900
housing_stock,住宅ストック・空き家・持ち家,16000,富山県,pref,16,富山県,1978100000,1978年度,1978,00001|H1310,観測値|H1310_持ち家数,戸,229300.0,229300
housing_stock,住宅ストック・空き家・持ち家,16000,富山県,pref,16,富山県,1983100000,1983年度,1983,00001|H1310,観測値|H1310_持ち家数,戸,239700.0,239700
housing_stock,住宅ストック・空き家・持ち家,16000,富山県,pref,16,富山県,1988100000,1988年度,1988,00001|H1310,観測値|H1310_持ち家数,戸,247300.0,247300
housing_stock,住宅ストック・空き家・持ち家,16000,富山県,pref,16,富山県,1993100000,1993年度,1993,00001|H1310,観測値|H1310_持ち家数,戸,253500.0,253500
housing_stock,住宅ストック・空き家・持ち家,16000,富山県,pref,16,富山県,1998100000,1998年度,1998,00001|H1310,観測値|H1310_持ち家数,戸,272000.0,272000
housing_stock,住宅ストック・空き家・持ち家,16000,富山県,pref,16,富山県,2003100000,2003年度,2003,00001|H1310,観測値|H1310_持ち家数,戸,283200.0,283200
housing_stock,住宅ストック・空き家・持ち家,16000,富山県,pref,16,富山県,2008100000,2008年度,2008,00001|H1310,観測値|H1310_持ち家数,戸,285700.0,285700
housing_stock,住宅ストック・空き家・持ち家,16000,富山県,pref,16,富山県,2013100000,2013年度,2013,00001|H1310,観測値|H1310_持ち家数,戸,301600.0,301600
housing_stock,住宅ストック・空き家・持ち家,16000,富山県,pref,16,富山県,2018100000,2018年度,2018,00001|H1310,観測値|H1310_持ち家数,戸,300100.0,300100
housing_stock,住宅ストック・空き家・持ち家,16000,富山県,pref,16,富山県,2023100000,2023年度,2023,00001|H1310,観測値|H1310_持ち家数,戸,301100.0,301100
housing_stock,住宅ストック・空き家・持ち家,17000,石川県,pref,17,石川県,1978100000,1978年度,1978,00001|H1310,観測値|H1310_持ち家数,戸,217900.0,217900
housing_stock,住宅ストック・空き家・持ち家,17000,石川県,pref,17,石川県,1983100000,1983年度,1983,00001|H1310,観測値|H1310_持ち家数,戸,234000.0,234000
housing_stock,住宅ストック・空き家・持ち家,17000,石川県,pref,17,石川県,1988100000,1988年度,1988,00001|H1310,観測値|H1310_持ち家数,戸,239400.0,239400
housing_stock,住宅ストック・空き家・持ち家,17000,石川県,pref,17,石川県,1993100000,1993年度,1993,00001|H1310,観測値|H1310_持ち家数,戸,250400.0,250400
housing_stock,住宅ストック・空き家・持ち家,17000,石川県,pref,17,石川県,1998100000,1998年度,1998,00001|H1310,観測値|H1310_持ち家数,戸,265000.0,265000
housing_stock,住宅ストック・空き家・持ち家,17000,石川県,pref,17,石川県,2003100000,2003年度,2003,00001|H1310,観測値|H1310_持ち家数,戸,277600.0,277600
housing_stock,住宅ストック・空き家・持ち家,17000,石川県,pref,17,石川県,2008100000,2008年度,2008,00001|H1310,観測値|H1310_持ち家数,戸,291400.0,291400
housing_stock,住宅ストック・空き家・持ち家,17000,石川県,pref,17,石川県,2013100000,2013年度,2013,00001|H1310,観測値|H1310_持ち家数,戸,311400.0,311400
housing_stock,住宅ストック・空き家・持ち家,17000,石川県,pref,17,石川県,2018100000,2018年度,2018,00001|H1310,観測値|H1310_持ち家数,戸,315500.0,315500
housing_stock,住宅ストック・空き家・持ち家,17000,石川県,pref,17,石川県,2023100000,2023年度,2023,00001|H1310,観測値|H1310_持ち家数,戸,315000.0,315000
housing_stock,住宅ストック・空き家・持ち家,18000,福井県,pref,18,福井県,1978100000,1978年度,1978,00001|H1310,観測値|H1310_持ち家数,戸,159100.0,159100
housing_stock,住宅ストック・空き家・持ち家,18000,福井県,pref,18,福井県,1983100000,1983年度,1983,00001|H1310,観測値|H1310_持ち家数,戸,163100.0,163100
housing_stock,住宅ストック・空き家・持ち家,18000,福井県,pref,18,福井県,1988100000,1988年度,1988,00001|H1310,観測値|H1310_持ち家数,戸,170900.0,170900
housing_stock,住宅ストック・空き家・持ち家,18000,福井県,pref,18,福井県,1993100000,1993年度,1993,00001|H1310,観測値|H1310_持ち家数,戸,174400.0,174400
housing_stock,住宅ストック・空き家・持ち家,18000,福井県,pref,18,福井県,1998100000,1998年度,1998,00001|H1310,観測値|H1310_持ち家数,戸,184500.0,184500
housing_stock,住宅ストック・空き家・持ち家,18000,福井県,pref,18,福井県,2003100000,2003年度,2003,00001|H1310,観測値|H1310_持ち家数,戸,192200.0,192200
housing_stock,住宅ストック・空き家・持ち家,18000,福井県,pref,18,福井県,2008100000,2008年度,2008,00001|H1310,観測値|H1310_持ち家数,戸,200900.0,200900
housing_stock,住宅ストック・空き家・持ち家,18000,福井県,pref,18,福井県,2013100000,2013年度,2013,00001|H1310,観測値|H1310_持ち家数,戸,203000.0,203000
housing_stock,住宅ストック・空き家・持ち家,18000,福井県,pref,18,福井県,2018100000,2018年度,2018,00001|H1310,観測値|H1310_持ち家数,戸,209200.0,209200
housing_stock,住宅ストック・空き家・持ち家,18000,福井県,pref,18,福井県,2023100000,2023年度,2023,00001|H1310,観測値|H1310_持ち家数,戸,210600.0,210600
housing_stock,住宅ストック・空き家・持ち家,19000,山梨県,pref,19,山梨県,1978100000,1978年度,1978,00001|H1310,観測値|H1310_持ち家数,戸,157600.0,157600
housing_stock,住宅ストック・空き家・持ち家,19000,山梨県,pref,19,山梨県,1983100000,1983年度,1983,00001|H1310,観測値|H1310_持ち家数,戸,163800.0,163800
housing_stock,住宅ストック・空き家・持ち家,19000,山梨県,pref,19,山梨県,1988100000,1988年度,1988,00001|H1310,観測値|H1310_持ち家数,戸,172100.0,172100
housing_stock,住宅ストック・空き家・持ち家,19000,山梨県,pref,19,山梨県,1993100000,1993年度,1993,00001|H1310,観測値|H1310_持ち家数,戸,185800.0,185800
housing_stock,住宅ストック・空き家・持ち家,19000,山梨県,pref,19,山梨県,1998100000,1998年度,1998,00001|H1310,観測値|H1310_持ち家数,戸,200400.0,200400
housing_stock,住宅ストック・空き家・持ち家,19000,山梨県,pref,19,山梨県,2003100000,2003年度,2003,00001|H1310,観測値|H1310_持ち家数,戸,211900.0,211900
housing_stock,住宅ストック・空き家・持ち家,19000,山梨県,pref,19,山梨県,2008100000,2008年度,2008,00001|H1310,観測値|H1310_持ち家数,戸,218300.0,218300
housing_stock,住宅ストック・空き家・持ち家,19000,山梨県,pref,19,山梨県,2013100000,2013年度,2013,00001|H1310,観測値|H1310_持ち家数,戸,231700.0,231700
housing_stock,住宅ストック・空き家・持ち家,19000,山梨県,pref,19,山梨県,2018100000,2018年度,2018,00001|H1310,観測値|H1310_持ち家数,戸,231000.0,231000
housing_stock,住宅ストック・空き家・持ち家,19000,山梨県,pref,19,山梨県,2023100000,2023年度,2023,00001|H1310,観測値|H1310_持ち家数,戸,231100.0,231100
housing_stock,住宅ストック・空き家・持ち家,20000,長野県,pref,20,長野県,1978100000,1978年度,1978,00001|H1310,観測値|H1310_持ち家数,戸,411900.0,411900
housing_stock,住宅ストック・空き家・持ち家,20000,長野県,pref,20,長野県,1983100000,1983年度,1983,00001|H1310,観測値|H1310_持ち家数,戸,436000.0,436000
housing_stock,住宅ストック・空き家・持ち家,20000,長野県,pref,20,長野県,1988100000,1988年度,1988,00001|H1310,観測値|H1310_持ち家数,戸,458600.0,458600
housing_stock,住宅ストック・空き家・持ち家,20000,長野県,pref,20,長野県,1993100000,1993年度,1993,00001|H1310,観測値|H1310_持ち家数,戸,472300.0,472300
housing_stock,住宅ストック・空き家・持ち家,20000,長野県,pref,20,長野県,1998100000,1998年度,1998,00001|H1310,観測値|H1310_持ち家数,戸,510500.0,510500
housing_stock,住宅ストック・空き家・持ち家,20000,長野県,pref,20,長野県,2003100000,2003年度,2003,00001|H1310,観測値|H1310_持ち家数,戸,531000.0,531000
housing_stock,住宅ストック・空き家・持ち家,20000,長野県,pref,20,長野県,2008100000,2008年度,2008,00001|H1310,観測値|H1310_持ち家数,戸,549100.0,549100
housing_stock,住宅ストック・空き家・持ち家,20000,長野県,pref,20,長野県,2013100000,2013年度,2013,00001|H1310,観測値|H1310_持ち家数,戸,571400.0,571400
housing_stock,住宅ストック・空き家・持ち家,20000,長野県,pref,20,長野県,2018100000,2018年度,2018,00001|H1310,観測値|H1310_持ち家数,戸,574700.0,574700
housing_stock,住宅ストック・空き家・持ち家,20000,長野県,pref,20,長野県,2023100000,2023年度,2023,00001|H1310,観測値|H1310_持ち家数,戸,591500.0,591500
housing_stock,住宅ストック・空き家・持ち家,21000,岐阜県,pref,21,岐阜県,1978100000,1978年度,1978,00001|H1310,観測値|H1310_持ち家数,戸,368700.0,368700
housing_stock,住宅ストック・空き家・持ち家,21000,岐阜県,pref,21,岐阜県,1983100000,1983年度,1983,00001|H1310,観測値|H1310_持ち家数,戸,404000.0,404000
housing_stock,住宅ストック・空き家・持ち家,21000,岐阜県,pref,21,岐阜県,1988100000,1988年度,1988,00001|H1310,観測値|H1310_持ち家数,戸,421300.0,421300
housing_stock,住宅ストック・空き家・持ち家,21000,岐阜県,pref,21,岐阜県,1993100000,1993年度,1993,00001|H1310,観測値|H1310_持ち家数,戸,444800.0,444800
housing_stock,住宅ストック・空き家・持ち家,21000,岐阜県,pref,21,岐阜県,1998100000,1998年度,1998,00001|H1310,観測値|H1310_持ち家数,戸,476800.0,476800
housing_stock,住宅ストック・空き家・持ち家,21000,岐阜県,pref,21,岐阜県,2003100000,2003年度,2003,00001|H1310,観測値|H1310_持ち家数,戸,495100.0,495100
housing_stock,住宅ストック・空き家・持ち家,21000,岐阜県,pref,21,岐阜県,2008100000,2008年度,2008,00001|H1310,観測値|H1310_持ち家数,戸,526300.0,526300
housing_stock,住宅ストック・空き家・持ち家,21000,岐阜県,pref,21,岐阜県,2013100000,2013年度,2013,00001|H1310,観測値|H1310_持ち家数,戸,551100.0,551100
housing_stock,住宅ストック・空き家・持ち家,21000,岐阜県,pref,21,岐阜県,2018100000,2018年度,2018,00001|H1310,観測値|H1310_持ち家数,戸,557100.0,557100
housing_stock,住宅ストック・空き家・持ち家,21000,岐阜県,pref,21,岐阜県,2023100000,2023年度,2023,00001|H1310,観測値|H1310_持ち家数,戸,567700.0,567700
housing_stock,住宅ストック・空き家・持ち家,22000,静岡県,pref,22,静岡県,1978100000,1978年度,1978,00001|H1310,観測値|H1310_持ち家数,戸,603400.0,603400
housing_stock,住宅ストック・空き家・持ち家,22000,静岡県,pref,22,静岡県,1983100000,1983年度,1983,00001|H1310,観測値|H1310_持ち家数,戸,651900.0,651900
housing_stock,住宅ストック・空き家・持ち家,22000,静岡県,pref,22,静岡県,1988100000,1988年度,1988,00001|H1310,観測値|H1310_持ち家数,戸,690600.0,690600
housing_stock,住宅ストック・空き家・持ち家,22000,静岡県,pref,22,静岡県,1993100000,1993年度,1993,00001|H1310,観測値|H1310_持ち家数,戸,729500.0,729500
housing_stock,住宅ストック・空き家・持ち家,22000,静岡県,pref,22,静岡県,1998100000,1998年度,1998,00001|H1310,観測値|H1310_持ち家数,戸,783500.0,783500
housing_stock,住宅ストック・空き家・持ち家,22000,静岡県,pref,22,静岡県,2003100000,2003年度,2003,00001|H1310,観測値|H1310_持ち家数,戸,835100.0,835100
housing_stock,住宅ストック・空き家・持ち家,22000,静岡県,pref,22,静岡県,2008100000,2008年度,2008,00001|H1310,観測値|H1310_持ち家数,戸,881400.0,881400
housing_stock,住宅ストック・空き家・持ち家,22000,静岡県,pref,22,静岡県,2013100000,2013年度,2013,00001|H1310,観測値|H1310_持ち家数,戸,934800.0,934800
housing_stock,住宅ストック・空き家・持ち家,22000,静岡県,pref,22,静岡県,2018100000,2018年度,2018,00001|H1310,観測値|H1310_持ち家数,戸,955300.0,955300
housing_stock,住宅ストック・空き家・持ち家,22000,静岡県,pref,22,静岡県,2023100000,2023年度,2023,00001|H1310,観測値|H1310_持ち家数,戸,989600.0,989600
housing_stock,住宅ストック・空き家・持ち家,23000,愛知県,pref,23,愛知県,1978100000,1978年度,1978,00001|H1310,観測値|H1310_持ち家数,戸,939300.0,939300
housing_stock,住宅ストック・空き家・持ち家,23000,愛知県,pref,23,愛知県,1983100000,1983年度,1983,00001|H1310,観測値|H1310_持ち家数,戸,1063100.0,1063100
housing_stock,住宅ストック・空き家・持ち家,23000,愛知県,pref,23,愛知県,1988100000,1988年度,1988,00001|H1310,観測値|H1310_持ち家数,戸,1157300.0,1157300
housing_stock,住宅ストック・空き家・持ち家,23000,愛知県,pref,23,愛知県,1993100000,1993年度,1993,00001|H1310,観測値|H1310_持ち家数,戸,1239500.0,1239500
housing_stock,住宅ストック・空き家・持ち家,23000,愛知県,pref,23,愛知県,1998100000,1998年度,1998,00001|H1310,観測値|H1310_持ち家数,戸,1355700.0,1355700
housing_stock,住宅ストック・空き家・持ち家,23000,愛知県,pref,23,愛知県,2003100000,2003年度,2003,00001|H1310,観測値|H1310_持ち家数,戸,1488400.0,1488400
housing_stock,住宅ストック・空き家・持ち家,23000,愛知県,pref,23,愛知県,2008100000,2008年度,2008,00001|H1310,観測値|H1310_持ち家数,戸,1599000.0,1599000
housing_stock,住宅ストック・空き家・持ち家,23000,愛知県,pref,23,愛知県,2013100000,2013年度,2013,00001|H1310,観測値|H1310_持ち家数,戸,1758500.0,1758500
housing_stock,住宅ストック・空き家・持ち家,23000,愛知県,pref,23,愛知県,2018100000,2018年度,2018,00001|H1310,観測値|H1310_持ち家数,戸,1826000.0,1826000
housing_stock,住宅ストック・空き家・持ち家,23000,愛知県,pref,23,愛知県,2023100000,2023年度,2023,00001|H1310,観測値|H1310_持ち家数,戸,1913500.0,1913500
housing_stock,住宅ストック・空き家・持ち家,24000,三重県,pref,24,三重県,1978100000,1978年度,1978,00001|H1310,観測値|H1310_持ち家数,戸,336500.0,336500
housing_stock,住宅ストック・空き家・持ち家,24000,三重県,pref,24,三重県,1983100000,1983年度,1983,00001|H1310,観測値|H1310_持ち家数,戸,366400.0,366400
housing_stock,住宅ストック・空き家・持ち家,24000,三重県,pref,24,三重県,1988100000,1988年度,1988,00001|H1310,観測値|H1310_持ち家数,戸,393900.0,393900
housing_stock,住宅ストック・空き家・持ち家,24000,三重県,pref,24,三重県,1993100000,1993年度,1993,00001|H1310,観測値|H1310_持ち家数,戸,420700.0,420700
housing_stock,住宅ストック・空き家・持ち家,24000,三重県,pref,24,三重県,1998100000,1998年度,1998,00001|H1310,観測値|H1310_持ち家数,戸,454500.0,454500
housing_stock,住宅ストック・空き家・持ち家,24000,三重県,pref,24,三重県,2003100000,2003年度,2003,00001|H1310,観測値|H1310_持ち家数,戸,474100.0,474100
housing_stock,住宅ストック・空き家・持ち家,24000,三重県,pref,24,三重県,2008100000,2008年度,2008,00001|H1310,観測値|H1310_持ち家数,戸,497000.0,497000
housing_stock,住宅ストック・空き家・持ち家,24000,三重県,pref,24,三重県,2013100000,2013年度,2013,00001|H1310,観測値|H1310_持ち家数,戸,511900.0,511900
housing_stock,住宅ストック・空き家・持ち家,24000,三重県,pref,24,三重県,2018100000,2018年度,2018,00001|H1310,観測値|H1310_持ち家数,戸,518700.0,518700
housing_stock,住宅ストック・空き家・持ち家,24000,三重県,pref,24,三重県,2023100000,2023年度,2023,00001|H1310,観測値|H1310_持ち家数,戸,526100.0,526100
housing_stock,住宅ストック・空き家・持ち家,25000,滋賀県,pref,25,滋賀県,1978100000,1978年度,1978,00001|H1310,観測値|H1310_持ち家数,戸,204600.0,204600
housing_stock,住宅ストック・空き家・持ち家,25000,滋賀県,pref,25,滋賀県,1983100000,1983年度,1983,00001|H1310,観測値|H1310_持ち家数,戸,228400.0,228400
housing_stock,住宅ストック・空き家・持ち家,25000,滋賀県,pref,25,滋賀県,1988100000,1988年度,1988,00001|H1310,観測値|H1310_持ち家数,戸,244900.0,244900
housing_stock,住宅ストック・空き家・持ち家,25000,滋賀県,pref,25,滋賀県,1993100000,1993年度,1993,00001|H1310,観測値|H1310_持ち家数,戸,265800.0,265800
housing_stock,住宅ストック・空き家・持ち家,25000,滋賀県,pref,25,滋賀県,1998100000,1998年度,1998,00001|H1310,観測値|H1310_持ち家数,戸,297800.0,297800
housing_stock,住宅ストック・空き家・持ち家,25000,滋賀県,pref,25,滋賀県,2003100000,2003年度,2003,00001|H1310,観測値|H1310_持ち家数,戸,318500.0,318500
housing_stock,住宅ストック・空き家・持ち家,25000,滋賀県,pref,25,滋賀県,2008100000,2008年度,2008,00001|H1310,観測値|H1310_持ち家数,戸,346000.0,346000
housing_stock,住宅ストック・空き家・持ち家,25000,滋賀県,pref,25,滋賀県,2013100000,2013年度,2013,00001|H1310,観測値|H1310_持ち家数,戸,378400.0,378400
housing_stock,住宅ストック・空き家・持ち家,25000,滋賀県,pref,25,滋賀県,2018100000,2018年度,2018,00001|H1310,観測値|H1310_持ち家数,戸,389000.0,389000
housing_stock,住宅ストック・空き家・持ち家,25000,滋賀県,pref,25,滋賀県,2023100000,2023年度,2023,00001|H1310,観測値|H1310_持ち家数,戸,410400.0,410400
housing_stock,住宅ストック・空き家・持ち家,26000,京都府,pref,26,京都府,1978100000,1978年度,1978,00001|H1310,観測値|H1310_持ち家数,戸,432100.0,432100
housing_stock,住宅ストック・空き家・持ち家,26000,京都府,pref,26,京都府,1983100000,1983年度,1983,00001|H1310,観測値|H1310_持ち家数,戸,483300.0,483300
housing_stock,住宅ストック・空き家・持ち家,26000,京都府,pref,26,京都府,1988100000,1988年度,1988,00001|H1310,観測値|H1310_持ち家数,戸,505000.0,505000
housing_stock,住宅ストック・空き家・持ち家,26000,京都府,pref,26,京都府,1993100000,1993年度,1993,00001|H1310,観測値|H1310_持ち家数,戸,527400.0,527400
housing_stock,住宅ストック・空き家・持ち家,26000,京都府,pref,26,京都府,1998100000,1998年度,1998,00001|H1310,観測値|H1310_持ち家数,戸,572000.0,572000
housing_stock,住宅ストック・空き家・持ち家,26000,京都府,pref,26,京都府,2003100000,2003年度,2003,00001|H1310,観測値|H1310_持ち家数,戸,630300.0,630300
housing_stock,住宅ストック・空き家・持ち家,26000,京都府,pref,26,京都府,2008100000,2008年度,2008,00001|H1310,観測値|H1310_持ち家数,戸,660500.0,660500
housing_stock,住宅ストック・空き家・持ち家,26000,京都府,pref,26,京都府,2013100000,2013年度,2013,00001|H1310,観測値|H1310_持ち家数,戸,690300.0,690300
housing_stock,住宅ストック・空き家・持ち家,26000,京都府,pref,26,京都府,2018100000,2018年度,2018,00001|H1310,観測値|H1310_持ち家数,戸,710400.0,710400
housing_stock,住宅ストック・空き家・持ち家,26000,京都府,pref,26,京都府,2023100000,2023年度,2023,00001|H1310,観測値|H1310_持ち家数,戸,717700.0,717700
housing_stock,住宅ストック・空き家・持ち家,27000,大阪府,pref,27,大阪府,1978100000,1978年度,1978,00001|H1310,観測値|H1310_持ち家数,戸,1106400.0,1106400
housing_stock,住宅ストック・空き家・持ち家,27000,大阪府,pref,27,大阪府,1983100000,1983年度,1983,00001|H1310,観測値|H1310_持ち家数,戸,1313300.0,1313300
housing_stock,住宅ストック・空き家・持ち家,27000,大阪府,pref,27,大阪府,1988100000,1988年度,1988,00001|H1310,観測値|H1310_持ち家数,戸,1410400.0,1410400
housing_stock,住宅ストック・空き家・持ち家,27000,大阪府,pref,27,大阪府,1993100000,1993年度,1993,00001|H1310,観測値|H1310_持ち家数,戸,1467400.0,1467400
housing_stock,住宅ストック・空き家・持ち家,27000,大阪府,pref,27,大阪府,1998100000,1998年度,1998,00001|H1310,観測値|H1310_持ち家数,戸,1631400.0,1631400
housing_stock,住宅ストック・空き家・持ち家,27000,大阪府,pref,27,大阪府,2003100000,2003年度,2003,00001|H1310,観測値|H1310_持ち家数,戸,1812100.0,1812100
housing_stock,住宅ストック・空き家・持ち家,27000,大阪府,pref,27,大阪府,2008100000,2008年度,2008,00001|H1310,観測値|H1310_持ち家数,戸,1951800.0,1951800
housing_stock,住宅ストック・空き家・持ち家,27000,大阪府,pref,27,大阪府,2013100000,2013年度,2013,00001|H1310,観測値|H1310_持ち家数,戸,2104300.0,2104300
housing_stock,住宅ストック・空き家・持ち家,27000,大阪府,pref,27,大阪府,2018100000,2018年度,2018,00001|H1310,観測値|H1310_持ち家数,戸,2160900.0,2160900
housing_stock,住宅ストック・空き家・持ち家,27000,大阪府,pref,27,大阪府,2023100000,2023年度,2023,00001|H1310,観測値|H1310_持ち家数,戸,2285500.0,2285500
housing_stock,住宅ストック・空き家・持ち家,28000,兵庫県,pref,28,兵庫県,1978100000,1978年度,1978,00001|H1310,観測値|H1310_持ち家数,戸,802900.0,802900
housing_stock,住宅ストック・空き家・持ち家,28000,兵庫県,pref,28,兵庫県,1983100000,1983年度,1983,00001|H1310,観測値|H1310_持ち家数,戸,909900.0,909900
housing_stock,住宅ストック・空き家・持ち家,28000,兵庫県,pref,28,兵庫県,1988100000,1988年度,1988,00001|H1310,観測値|H1310_持ち家数,戸,983100.0,983100
housing_stock,住宅ストック・空き家・持ち家,28000,兵庫県,pref,28,兵庫県,1993100000,1993年度,1993,00001|H1310,観測値|H1310_持ち家数,戸,1064900.0,1064900
housing_stock,住宅ストック・空き家・持ち家,28000,兵庫県,pref,28,兵庫県,1998100000,1998年度,1998,00001|H1310,観測値|H1310_持ち家数,戸,1151700.0,1151700
housing_stock,住宅ストック・空き家・持ち家,28000,兵庫県,pref,28,兵庫県,2003100000,2003年度,2003,00001|H1310,観測値|H1310_持ち家数,戸,1301700.0,1301700
housing_stock,住宅ストック・空き家・持ち家,28000,兵庫県,pref,28,兵庫県,2008100000,2008年度,2008,00001|H1310,観測値|H1310_持ち家数,戸,1379000.0,1379000
housing_stock,住宅ストック・空き家・持ち家,28000,兵庫県,pref,28,兵庫県,2013100000,2013年度,2013,00001|H1310,観測値|H1310_持ち家数,戸,1505300.0,1505300
housing_stock,住宅ストック・空き家・持ち家,28000,兵庫県,pref,28,兵庫県,2018100000,2018年度,2018,00001|H1310,観測値|H1310_持ち家数,戸,1495900.0,1495900
housing_stock,住宅ストック・空き家・持ち家,28000,兵庫県,pref,28,兵庫県,2023100000,2023年度,2023,00001|H1310,観測値|H1310_持ち家数,戸,1545000.0,1545000
housing_stock,住宅ストック・空き家・持ち家,29000,奈良県,pref,29,奈良県,1978100000,1978年度,1978,00001|H1310,観測値|H1310_持ち家数,戸,201100.0,201100
housing_stock,住宅ストック・空き家・持ち家,29000,奈良県,pref,29,奈良県,1983100000,1983年度,1983,00001|H1310,観測値|H1310_持ち家数,戸,244400.0,244400
housing_stock,住宅ストック・空き家・持ち家,29000,奈良県,pref,29,奈良県,1988100000,1988年度,1988,00001|H1310,観測値|H1310_持ち家数,戸,269800.0,269800
housing_stock,住宅ストック・空き家・持ち家,29000,奈良県,pref,29,奈良県,1993100000,1993年度,1993,00001|H1310,観測値|H1310_持ち家数,戸,293100.0,293100
housing_stock,住宅ストック・空き家・持ち家,29000,奈良県,pref,29,奈良県,1998100000,1998年度,1998,00001|H1310,観測値|H1310_持ち家数,戸,324700.0,324700
housing_stock,住宅ストック・空き家・持ち家,29000,奈良県,pref,29,奈良県,2003100000,2003年度,2003,00001|H1310,観測値|H1310_持ち家数,戸,348300.0,348300
housing_stock,住宅ストック・空き家・持ち家,29000,奈良県,pref,29,奈良県,2008100000,2008年度,2008,00001|H1310,観測値|H1310_持ち家数,戸,364600.0,364600
housing_stock,住宅ストック・空き家・持ち家,29000,奈良県,pref,29,奈良県,2013100000,2013年度,2013,00001|H1310,観測値|H1310_持ち家数,戸,389400.0,389400
housing_stock,住宅ストック・空き家・持ち家,29000,奈良県,pref,29,奈良県,2018100000,2018年度,2018,00001|H1310,観測値|H1310_持ち家数,戸,392000.0,392000
housing_stock,住宅ストック・空き家・持ち家,29000,奈良県,pref,29,奈良県,2023100000,2023年度,2023,00001|H1310,観測値|H1310_持ち家数,戸,397300.0,397300
housing_stock,住宅ストック・空き家・持ち家,30000,和歌山県,pref,30,和歌山県,1978100000,1978年度,1978,00001|H1310,観測値|H1310_持ち家数,戸,210500.0,210500
housing_stock,住宅ストック・空き家・持ち家,30000,和歌山県,pref,30,和歌山県,1983100000,1983年度,1983,00001|H1310,観測値|H1310_持ち家数,戸,227600.0,227600
housing_stock,住宅ストック・空き家・持ち家,30000,和歌山県,pref,30,和歌山県,1988100000,1988年度,1988,00001|H1310,観測値|H1310_持ち家数,戸,229300.0,229300
housing_stock,住宅ストック・空き家・持ち家,30000,和歌山県,pref,30,和歌山県,1993100000,1993年度,1993,00001|H1310,観測値|H1310_持ち家数,戸,252200.0,252200
housing_stock,住宅ストック・空き家・持ち家,30000,和歌山県,pref,30,和歌山県,1998100000,1998年度,1998,00001|H1310,観測値|H1310_持ち家数,戸,263200.0,263200
housing_stock,住宅ストック・空き家・持ち家,30000,和歌山県,pref,30,和歌山県,2003100000,2003年度,2003,00001|H1310,観測値|H1310_持ち家数,戸,273600.0,273600
housing_stock,住宅ストック・空き家・持ち家,30000,和歌山県,pref,30,和歌山県,2008100000,2008年度,2008,00001|H1310,観測値|H1310_持ち家数,戸,278200.0,278200
housing_stock,住宅ストック・空き家・持ち家,30000,和歌山県,pref,30,和歌山県,2013100000,2013年度,2013,00001|H1310,観測値|H1310_持ち家数,戸,290200.0,290200
housing_stock,住宅ストック・空き家・持ち家,30000,和歌山県,pref,30,和歌山県,2018100000,2018年度,2018,00001|H1310,観測値|H1310_持ち家数,戸,280300.0,280300
housing_stock,住宅ストック・空き家・持ち家,30000,和歌山県,pref,30,和歌山県,2023100000,2023年度,2023,00001|H1310,観測値|H1310_持ち家数,戸,285200.0,285200
housing_stock,住宅ストック・空き家・持ち家,31000,鳥取県,pref,31,鳥取県,1978100000,1978年度,1978,00001|H1310,観測値|H1310_持ち家数,戸,116900.0,116900
housing_stock,住宅ストック・空き家・持ち家,31000,鳥取県,pref,31,鳥取県,1983100000,1983年度,1983,00001|H1310,観測値|H1310_持ち家数,戸,124600.0,124600
housing_stock,住宅ストック・空き家・持ち家,31000,鳥取県,pref,31,鳥取県,1988100000,1988年度,1988,00001|H1310,観測値|H1310_持ち家数,戸,125900.0,125900
housing_stock,住宅ストック・空き家・持ち家,31000,鳥取県,pref,31,鳥取県,1993100000,1993年度,1993,00001|H1310,観測値|H1310_持ち家数,戸,132600.0,132600
housing_stock,住宅ストック・空き家・持ち家,31000,鳥取県,pref,31,鳥取県,1998100000,1998年度,1998,00001|H1310,観測値|H1310_持ち家数,戸,137500.0,137500
housing_stock,住宅ストック・空き家・持ち家,31000,鳥取県,pref,31,鳥取県,2003100000,2003年度,2003,00001|H1310,観測値|H1310_持ち家数,戸,141400.0,141400
housing_stock,住宅ストック・空き家・持ち家,31000,鳥取県,pref,31,鳥取県,2008100000,2008年度,2008,00001|H1310,観測値|H1310_持ち家数,戸,146000.0,146000
housing_stock,住宅ストック・空き家・持ち家,31000,鳥取県,pref,31,鳥取県,2013100000,2013年度,2013,00001|H1310,観測値|H1310_持ち家数,戸,148700.0,148700
housing_stock,住宅ストック・空き家・持ち家,31000,鳥取県,pref,31,鳥取県,2018100000,2018年度,2018,00001|H1310,観測値|H1310_持ち家数,戸,148400.0,148400
housing_stock,住宅ストック・空き家・持ち家,31000,鳥取県,pref,31,鳥取県,2023100000,2023年度,2023,00001|H1310,観測値|H1310_持ち家数,戸,152700.0,152700
housing_stock,住宅ストック・空き家・持ち家,32000,島根県,pref,32,島根県,1978100000,1978年度,1978,00001|H1310,観測値|H1310_持ち家数,戸,162900.0,162900
housing_stock,住宅ストック・空き家・持ち家,32000,島根県,pref,32,島根県,1983100000,1983年度,1983,00001|H1310,観測値|H1310_持ち家数,戸,156400.0,156400
housing_stock,住宅ストック・空き家・持ち家,32000,島根県,pref,32,島根県,1988100000,1988年度,1988,00001|H1310,観測値|H1310_持ち家数,戸,173700.0,173700
housing_stock,住宅ストック・空き家・持ち家,32000,島根県,pref,32,島根県,1993100000,1993年度,1993,00001|H1310,観測値|H1310_持ち家数,戸,175100.0,175100
housing_stock,住宅ストック・空き家・持ち家,32000,島根県,pref,32,島根県,1998100000,1998年度,1998,00001|H1310,観測値|H1310_持ち家数,戸,177600.0,177600
housing_stock,住宅ストック・空き家・持ち家,32000,島根県,pref,32,島根県,2003100000,2003年度,2003,00001|H1310,観測値|H1310_持ち家数,戸,182000.0,182000
housing_stock,住宅ストック・空き家・持ち家,32000,島根県,pref,32,島根県,2008100000,2008年度,2008,00001|H1310,観測値|H1310_持ち家数,戸,182400.0,182400
housing_stock,住宅ストック・空き家・持ち家,32000,島根県,pref,32,島根県,2013100000,2013年度,2013,00001|H1310,観測値|H1310_持ち家数,戸,185400.0,185400
housing_stock,住宅ストック・空き家・持ち家,32000,島根県,pref,32,島根県,2018100000,2018年度,2018,00001|H1310,観測値|H1310_持ち家数,戸,185800.0,185800
housing_stock,住宅ストック・空き家・持ち家,32000,島根県,pref,32,島根県,2023100000,2023年度,2023,00001|H1310,観測値|H1310_持ち家数,戸,183600.0,183600
housing_stock,住宅ストック・空き家・持ち家,33000,岡山県,pref,33,岡山県,1978100000,1978年度,1978,00001|H1310,観測値|H1310_持ち家数,戸,353700.0,353700
housing_stock,住宅ストック・空き家・持ち家,33000,岡山県,pref,33,岡山県,1983100000,1983年度,1983,00001|H1310,観測値|H1310_持ち家数,戸,383800.0,383800
housing_stock,住宅ストック・空き家・持ち家,33000,岡山県,pref,33,岡山県,1988100000,1988年度,1988,00001|H1310,観測値|H1310_持ち家数,戸,393900.0,393900
housing_stock,住宅ストック・空き家・持ち家,33000,岡山県,pref,33,岡山県,1993100000,1993年度,1993,00001|H1310,観測値|H1310_持ち家数,戸,413400.0,413400
housing_stock,住宅ストック・空き家・持ち家,33000,岡山県,pref,33,岡山県,1998100000,1998年度,1998,00001|H1310,観測値|H1310_持ち家数,戸,438600.0,438600
housing_stock,住宅ストック・空き家・持ち家,33000,岡山県,pref,33,岡山県,2003100000,2003年度,2003,00001|H1310,観測値|H1310_持ち家数,戸,459000.0,459000
housing_stock,住宅ストック・空き家・持ち家,33000,岡山県,pref,33,岡山県,2008100000,2008年度,2008,00001|H1310,観測値|H1310_持ち家数,戸,488800.0,488800
housing_stock,住宅ストック・空き家・持ち家,33000,岡山県,pref,33,岡山県,2013100000,2013年度,2013,00001|H1310,観測値|H1310_持ち家数,戸,500800.0,500800
housing_stock,住宅ストック・空き家・持ち家,33000,岡山県,pref,33,岡山県,2018100000,2018年度,2018,00001|H1310,観測値|H1310_持ち家数,戸,500100.0,500100
housing_stock,住宅ストック・空き家・持ち家,33000,岡山県,pref,33,岡山県,2023100000,2023年度,2023,00001|H1310,観測値|H1310_持ち家数,戸,521000.0,521000
housing_stock,住宅ストック・空き家・持ち家,34000,広島県,pref,34,広島県,1978100000,1978年度,1978,00001|H1310,観測値|H1310_持ち家数,戸,461600.0,461600
housing_stock,住宅ストック・空き家・持ち家,34000,広島県,pref,34,広島県,1983100000,1983年度,1983,00001|H1310,観測値|H1310_持ち家数,戸,510400.0,510400
housing_stock,住宅ストック・空き家・持ち家,34000,広島県,pref,34,広島県,1988100000,1988年度,1988,00001|H1310,観測値|H1310_持ち家数,戸,546900.0,546900
housing_stock,住宅ストック・空き家・持ち家,34000,広島県,pref,34,広島県,1993100000,1993年度,1993,00001|H1310,観測値|H1310_持ち家数,戸,589700.0,589700
housing_stock,住宅ストック・空き家・持ち家,34000,広島県,pref,34,広島県,1998100000,1998年度,1998,00001|H1310,観測値|H1310_持ち家数,戸,620000.0,620000
housing_stock,住宅ストック・空き家・持ち家,34000,広島県,pref,34,広島県,2003100000,2003年度,2003,00001|H1310,観測値|H1310_持ち家数,戸,661500.0,661500
housing_stock,住宅ストック・空き家・持ち家,34000,広島県,pref,34,広島県,2008100000,2008年度,2008,00001|H1310,観測値|H1310_持ち家数,戸,701800.0,701800
housing_stock,住宅ストック・空き家・持ち家,34000,広島県,pref,34,広島県,2013100000,2013年度,2013,00001|H1310,観測値|H1310_持ち家数,戸,729800.0,729800
housing_stock,住宅ストック・空き家・持ち家,34000,広島県,pref,34,広島県,2018100000,2018年度,2018,00001|H1310,観測値|H1310_持ち家数,戸,742600.0,742600
housing_stock,住宅ストック・空き家・持ち家,34000,広島県,pref,34,広島県,2023100000,2023年度,2023,00001|H1310,観測値|H1310_持ち家数,戸,760900.0,760900
housing_stock,住宅ストック・空き家・持ち家,35000,山口県,pref,35,山口県,1978100000,1978年度,1978,00001|H1310,観測値|H1310_持ち家数,戸,297600.0,297600
housing_stock,住宅ストック・空き家・持ち家,35000,山口県,pref,35,山口県,1983100000,1983年度,1983,00001|H1310,観測値|H1310_持ち家数,戸,325000.0,325000
housing_stock,住宅ストック・空き家・持ち家,35000,山口県,pref,35,山口県,1988100000,1988年度,1988,00001|H1310,観測値|H1310_持ち家数,戸,331600.0,331600
housing_stock,住宅ストック・空き家・持ち家,35000,山口県,pref,35,山口県,1993100000,1993年度,1993,00001|H1310,観測値|H1310_持ち家数,戸,353300.0,353300
housing_stock,住宅ストック・空き家・持ち家,35000,山口県,pref,35,山口県,1998100000,1998年度,1998,00001|H1310,観測値|H1310_持ち家数,戸,363700.0,363700
housing_stock,住宅ストック・空き家・持ち家,35000,山口県,pref,35,山口県,2003100000,2003年度,2003,00001|H1310,観測値|H1310_持ち家数,戸,376700.0,376700
housing_stock,住宅ストック・空き家・持ち家,35000,山口県,pref,35,山口県,2008100000,2008年度,2008,00001|H1310,観測値|H1310_持ち家数,戸,387800.0,387800
housing_stock,住宅ストック・空き家・持ち家,35000,山口県,pref,35,山口県,2013100000,2013年度,2013,00001|H1310,観測値|H1310_持ち家数,戸,396100.0,396100
housing_stock,住宅ストック・空き家・持ち家,35000,山口県,pref,35,山口県,2018100000,2018年度,2018,00001|H1310,観測値|H1310_持ち家数,戸,396500.0,396500
housing_stock,住宅ストック・空き家・持ち家,35000,山口県,pref,35,山口県,2023100000,2023年度,2023,00001|H1310,観測値|H1310_持ち家数,戸,390500.0,390500
housing_stock,住宅ストック・空き家・持ち家,36000,徳島県,pref,36,徳島県,1978100000,1978年度,1978,00001|H1310,観測値|H1310_持ち家数,戸,163400.0,163400
housing_stock,住宅ストック・空き家・持ち家,36000,徳島県,pref,36,徳島県,1983100000,1983年度,1983,00001|H1310,観測値|H1310_持ち家数,戸,168800.0,168800
housing_stock,住宅ストック・空き家・持ち家,36000,徳島県,pref,36,徳島県,1988100000,1988年度,1988,00001|H1310,観測値|H1310_持ち家数,戸,178700.0,178700
housing_stock,住宅ストック・空き家・持ち家,36000,徳島県,pref,36,徳島県,1993100000,1993年度,1993,00001|H1310,観測値|H1310_持ち家数,戸,185000.0,185000
housing_stock,住宅ストック・空き家・持ち家,36000,徳島県,pref,36,徳島県,1998100000,1998年度,1998,00001|H1310,観測値|H1310_持ち家数,戸,192800.0,192800
housing_stock,住宅ストック・空き家・持ち家,36000,徳島県,pref,36,徳島県,2003100000,2003年度,2003,00001|H1310,観測値|H1310_持ち家数,戸,204000.0,204000
housing_stock,住宅ストック・空き家・持ち家,36000,徳島県,pref,36,徳島県,2008100000,2008年度,2008,00001|H1310,観測値|H1310_持ち家数,戸,204900.0,204900
housing_stock,住宅ストック・空き家・持ち家,36000,徳島県,pref,36,徳島県,2013100000,2013年度,2013,00001|H1310,観測値|H1310_持ち家数,戸,214500.0,214500
housing_stock,住宅ストック・空き家・持ち家,36000,徳島県,pref,36,徳島県,2018100000,2018年度,2018,00001|H1310,観測値|H1310_持ち家数,戸,211300.0,211300
housing_stock,住宅ストック・空き家・持ち家,36000,徳島県,pref,36,徳島県,2023100000,2023年度,2023,00001|H1310,観測値|H1310_持ち家数,戸,206300.0,206300
housing_stock,住宅ストック・空き家・持ち家,37000,香川県,pref,37,香川県,1978100000,1978年度,1978,00001|H1310,観測値|H1310_持ち家数,戸,196600.0,196600
housing_stock,住宅ストック・空き家・持ち家,37000,香川県,pref,37,香川県,1983100000,1983年度,1983,00001|H1310,観測値|H1310_持ち家数,戸,205900.0,205900
housing_stock,住宅ストック・空き家・持ち家,37000,香川県,pref,37,香川県,1988100000,1988年度,1988,00001|H1310,観測値|H1310_持ち家数,戸,215700.0,215700
housing_stock,住宅ストック・空き家・持ち家,37000,香川県,pref,37,香川県,1993100000,1993年度,1993,00001|H1310,観測値|H1310_持ち家数,戸,226400.0,226400
housing_stock,住宅ストック・空き家・持ち家,37000,香川県,pref,37,香川県,1998100000,1998年度,1998,00001|H1310,観測値|H1310_持ち家数,戸,239700.0,239700
housing_stock,住宅ストック・空き家・持ち家,37000,香川県,pref,37,香川県,2003100000,2003年度,2003,00001|H1310,観測値|H1310_持ち家数,戸,252800.0,252800
housing_stock,住宅ストック・空き家・持ち家,37000,香川県,pref,37,香川県,2008100000,2008年度,2008,00001|H1310,観測値|H1310_持ち家数,戸,264400.0,264400
housing_stock,住宅ストック・空き家・持ち家,37000,香川県,pref,37,香川県,2013100000,2013年度,2013,00001|H1310,観測値|H1310_持ち家数,戸,275100.0,275100
housing_stock,住宅ストック・空き家・持ち家,37000,香川県,pref,37,香川県,2018100000,2018年度,2018,00001|H1310,観測値|H1310_持ち家数,戸,275400.0,275400
housing_stock,住宅ストック・空き家・持ち家,37000,香川県,pref,37,香川県,2023100000,2023年度,2023,00001|H1310,観測値|H1310_持ち家数,戸,276800.0,276800
housing_stock,住宅ストック・空き家・持ち家,38000,愛媛県,pref,38,愛媛県,1978100000,1978年度,1978,00001|H1310,観測値|H1310_持ち家数,戸,300800.0,300800
housing_stock,住宅ストック・空き家・持ち家,38000,愛媛県,pref,38,愛媛県,1983100000,1983年度,1983,00001|H1310,観測値|H1310_持ち家数,戸,313400.0,313400
housing_stock,住宅ストック・空き家・持ち家,38000,愛媛県,pref,38,愛媛県,1988100000,1988年度,1988,00001|H1310,観測値|H1310_持ち家数,戸,331400.0,331400
housing_stock,住宅ストック・空き家・持ち家,38000,愛媛県,pref,38,愛媛県,1993100000,1993年度,1993,00001|H1310,観測値|H1310_持ち家数,戸,345800.0,345800
housing_stock,住宅ストック・空き家・持ち家,38000,愛媛県,pref,38,愛媛県,1998100000,1998年度,1998,00001|H1310,観測値|H1310_持ち家数,戸,354600.0,354600
housing_stock,住宅ストック・空き家・持ち家,38000,愛媛県,pref,38,愛媛県,2003100000,2003年度,2003,00001|H1310,観測値|H1310_持ち家数,戸,371000.0,371000
housing_stock,住宅ストック・空き家・持ち家,38000,愛媛県,pref,38,愛媛県,2008100000,2008年度,2008,00001|H1310,観測値|H1310_持ち家数,戸,376600.0,376600
housing_stock,住宅ストック・空き家・持ち家,38000,愛媛県,pref,38,愛媛県,2013100000,2013年度,2013,00001|H1310,観測値|H1310_持ち家数,戸,384000.0,384000
housing_stock,住宅ストック・空き家・持ち家,38000,愛媛県,pref,38,愛媛県,2018100000,2018年度,2018,00001|H1310,観測値|H1310_持ち家数,戸,386400.0,386400
housing_stock,住宅ストック・空き家・持ち家,38000,愛媛県,pref,38,愛媛県,2023100000,2023年度,2023,00001|H1310,観測値|H1310_持ち家数,戸,381300.0,381300
housing_stock,住宅ストック・空き家・持ち家,39000,高知県,pref,39,高知県,1978100000,1978年度,1978,00001|H1310,観測値|H1310_持ち家数,戸,173000.0,173000
housing_stock,住宅ストック・空き家・持ち家,39000,高知県,pref,39,高知県,1983100000,1983年度,1983,00001|H1310,観測値|H1310_持ち家数,戸,179100.0,179100
housing_stock,住宅ストック・空き家・持ち家,39000,高知県,pref,39,高知県,1988100000,1988年度,1988,00001|H1310,観測値|H1310_持ち家数,戸,186700.0,186700
housing_stock,住宅ストック・空き家・持ち家,39000,高知県,pref,39,高知県,1993100000,1993年度,1993,00001|H1310,観測値|H1310_持ち家数,戸,192500.0,192500
housing_stock,住宅ストック・空き家・持ち家,39000,高知県,pref,39,高知県,1998100000,1998年度,1998,00001|H1310,観測値|H1310_持ち家数,戸,202200.0,202200
housing_stock,住宅ストック・空き家・持ち家,39000,高知県,pref,39,高知県,2003100000,2003年度,2003,00001|H1310,観測値|H1310_持ち家数,戸,205900.0,205900
housing_stock,住宅ストック・空き家・持ち家,39000,高知県,pref,39,高知県,2008100000,2008年度,2008,00001|H1310,観測値|H1310_持ち家数,戸,208900.0,208900
housing_stock,住宅ストック・空き家・持ち家,39000,高知県,pref,39,高知県,2013100000,2013年度,2013,00001|H1310,観測値|H1310_持ち家数,戸,211100.0,211100
housing_stock,住宅ストック・空き家・持ち家,39000,高知県,pref,39,高知県,2018100000,2018年度,2018,00001|H1310,観測値|H1310_持ち家数,戸,204700.0,204700
housing_stock,住宅ストック・空き家・持ち家,39000,高知県,pref,39,高知県,2023100000,2023年度,2023,00001|H1310,観測値|H1310_持ち家数,戸,202900.0,202900
housing_stock,住宅ストック・空き家・持ち家,40000,福岡県,pref,40,福岡県,1978100000,1978年度,1978,00001|H1310,観測値|H1310_持ち家数,戸,682800.0,682800
housing_stock,住宅ストック・空き家・持ち家,40000,福岡県,pref,40,福岡県,1983100000,1983年度,1983,00001|H1310,観測値|H1310_持ち家数,戸,763900.0,763900
housing_stock,住宅ストック・空き家・持ち家,40000,福岡県,pref,40,福岡県,1988100000,1988年度,1988,00001|H1310,観測値|H1310_持ち家数,戸,819500.0,819500
housing_stock,住宅ストック・空き家・持ち家,40000,福岡県,pref,40,福岡県,1993100000,1993年度,1993,00001|H1310,観測値|H1310_持ち家数,戸,878000.0,878000
housing_stock,住宅ストック・空き家・持ち家,40000,福岡県,pref,40,福岡県,1998100000,1998年度,1998,00001|H1310,観測値|H1310_持ち家数,戸,964500.0,964500
housing_stock,住宅ストック・空き家・持ち家,40000,福岡県,pref,40,福岡県,2003100000,2003年度,2003,00001|H1310,観測値|H1310_持ち家数,戸,1051400.0,1051400
housing_stock,住宅ストック・空き家・持ち家,40000,福岡県,pref,40,福岡県,2008100000,2008年度,2008,00001|H1310,観測値|H1310_持ち家数,戸,1090400.0,1090400
housing_stock,住宅ストック・空き家・持ち家,40000,福岡県,pref,40,福岡県,2013100000,2013年度,2013,00001|H1310,観測値|H1310_持ち家数,戸,1163500.0,1163500
housing_stock,住宅ストック・空き家・持ち家,40000,福岡県,pref,40,福岡県,2018100000,2018年度,2018,00001|H1310,観測値|H1310_持ち家数,戸,1182600.0,1182600
housing_stock,住宅ストック・空き家・持ち家,40000,福岡県,pref,40,福岡県,2023100000,2023年度,2023,00001|H1310,観測値|H1310_持ち家数,戸,1238700.0,1238700
housing_stock,住宅ストック・空き家・持ち家,41000,佐賀県,pref,41,佐賀県,1978100000,1978年度,1978,00001|H1310,観測値|H1310_持ち家数,戸,158700.0,158700
housing_stock,住宅ストック・空き家・持ち家,41000,佐賀県,pref,41,佐賀県,1983100000,1983年度,1983,00001|H1310,観測値|H1310_持ち家数,戸,169800.0,169800
housing_stock,住宅ストック・空き家・持ち家,41000,佐賀県,pref,41,佐賀県,1988100000,1988年度,1988,00001|H1310,観測値|H1310_持ち家数,戸,173900.0,173900
housing_stock,住宅ストック・空き家・持ち家,41000,佐賀県,pref,41,佐賀県,1993100000,1993年度,1993,00001|H1310,観測値|H1310_持ち家数,戸,180700.0,180700
housing_stock,住宅ストック・空き家・持ち家,41000,佐賀県,pref,41,佐賀県,1998100000,1998年度,1998,00001|H1310,観測値|H1310_持ち家数,戸,191000.0,191000
housing_stock,住宅ストック・空き家・持ち家,41000,佐賀県,pref,41,佐賀県,2003100000,2003年度,2003,00001|H1310,観測値|H1310_持ち家数,戸,193900.0,193900
housing_stock,住宅ストック・空き家・持ち家,41000,佐賀県,pref,41,佐賀県,2008100000,2008年度,2008,00001|H1310,観測値|H1310_持ち家数,戸,198200.0,198200
housing_stock,住宅ストック・空き家・持ち家,41000,佐賀県,pref,41,佐賀県,2013100000,2013年度,2013,00001|H1310,観測値|H1310_持ち家数,戸,206700.0,206700
housing_stock,住宅ストック・空き家・持ち家,41000,佐賀県,pref,41,佐賀県,2018100000,2018年度,2018,00001|H1310,観測値|H1310_持ち家数,戸,201000.0,201000
housing_stock,住宅ストック・空き家・持ち家,41000,佐賀県,pref,41,佐賀県,2023100000,2023年度,2023,00001|H1310,観測値|H1310_持ち家数,戸,211800.0,211800
housing_stock,住宅ストック・空き家・持ち家,42000,長崎県,pref,42,長崎県,1978100000,1978年度,1978,00001|H1310,観測値|H1310_持ち家数,戸,279900.0,279900
housing_stock,住宅ストック・空き家・持ち家,42000,長崎県,pref,42,長崎県,1983100000,1983年度,1983,00001|H1310,観測値|H1310_持ち家数,戸,301400.0,301400
housing_stock,住宅ストック・空き家・持ち家,42000,長崎県,pref,42,長崎県,1988100000,1988年度,1988,00001|H1310,観測値|H1310_持ち家数,戸,319600.0,319600
housing_stock,住宅ストック・空き家・持ち家,42000,長崎県,pref,42,長崎県,1993100000,1993年度,1993,00001|H1310,観測値|H1310_持ち家数,戸,317900.0,317900
housing_stock,住宅ストック・空き家・持ち家,42000,長崎県,pref,42,長崎県,1998100000,1998年度,1998,00001|H1310,観測値|H1310_持ち家数,戸,339600.0,339600
housing_stock,住宅ストック・空き家・持ち家,42000,長崎県,pref,42,長崎県,2003100000,2003年度,2003,00001|H1310,観測値|H1310_持ち家数,戸,342300.0,342300
housing_stock,住宅ストック・空き家・持ち家,42000,長崎県,pref,42,長崎県,2008100000,2008年度,2008,00001|H1310,観測値|H1310_持ち家数,戸,354100.0,354100
housing_stock,住宅ストック・空き家・持ち家,42000,長崎県,pref,42,長崎県,2013100000,2013年度,2013,00001|H1310,観測値|H1310_持ち家数,戸,366300.0,366300
housing_stock,住宅ストック・空き家・持ち家,42000,長崎県,pref,42,長崎県,2018100000,2018年度,2018,00001|H1310,観測値|H1310_持ち家数,戸,353900.0,353900
housing_stock,住宅ストック・空き家・持ち家,42000,長崎県,pref,42,長崎県,2023100000,2023年度,2023,00001|H1310,観測値|H1310_持ち家数,戸,348100.0,348100
housing_stock,住宅ストック・空き家・持ち家,43000,熊本県,pref,43,熊本県,1978100000,1978年度,1978,00001|H1310,観測値|H1310_持ち家数,戸,325800.0,325800
housing_stock,住宅ストック・空き家・持ち家,43000,熊本県,pref,43,熊本県,1983100000,1983年度,1983,00001|H1310,観測値|H1310_持ち家数,戸,350500.0,350500
housing_stock,住宅ストック・空き家・持ち家,43000,熊本県,pref,43,熊本県,1988100000,1988年度,1988,00001|H1310,観測値|H1310_持ち家数,戸,357000.0,357000
housing_stock,住宅ストック・空き家・持ち家,43000,熊本県,pref,43,熊本県,1993100000,1993年度,1993,00001|H1310,観測値|H1310_持ち家数,戸,383900.0,383900
housing_stock,住宅ストック・空き家・持ち家,43000,熊本県,pref,43,熊本県,1998100000,1998年度,1998,00001|H1310,観測値|H1310_持ち家数,戸,406400.0,406400
housing_stock,住宅ストック・空き家・持ち家,43000,熊本県,pref,43,熊本県,2003100000,2003年度,2003,00001|H1310,観測値|H1310_持ち家数,戸,411100.0,411100
housing_stock,住宅ストック・空き家・持ち家,43000,熊本県,pref,43,熊本県,2008100000,2008年度,2008,00001|H1310,観測値|H1310_持ち家数,戸,426800.0,426800
housing_stock,住宅ストック・空き家・持ち家,43000,熊本県,pref,43,熊本県,2013100000,2013年度,2013,00001|H1310,観測値|H1310_持ち家数,戸,440800.0,440800
housing_stock,住宅ストック・空き家・持ち家,43000,熊本県,pref,43,熊本県,2018100000,2018年度,2018,00001|H1310,観測値|H1310_持ち家数,戸,432300.0,432300
housing_stock,住宅ストック・空き家・持ち家,43000,熊本県,pref,43,熊本県,2023100000,2023年度,2023,00001|H1310,観測値|H1310_持ち家数,戸,451200.0,451200
housing_stock,住宅ストック・空き家・持ち家,44000,大分県,pref,44,大分県,1978100000,1978年度,1978,00001|H1310,観測値|H1310_持ち家数,戸,225900.0,225900
housing_stock,住宅ストック・空き家・持ち家,44000,大分県,pref,44,大分県,1983100000,1983年度,1983,00001|H1310,観測値|H1310_持ち家数,戸,243000.0,243000
housing_stock,住宅ストック・空き家・持ち家,44000,大分県,pref,44,大分県,1988100000,1988年度,1988,00001|H1310,観測値|H1310_持ち家数,戸,250000.0,250000
housing_stock,住宅ストック・空き家・持ち家,44000,大分県,pref,44,大分県,1993100000,1993年度,1993,00001|H1310,観測値|H1310_持ち家数,戸,263700.0,263700
housing_stock,住宅ストック・空き家・持ち家,44000,大分県,pref,44,大分県,1998100000,1998年度,1998,00001|H1310,観測値|H1310_持ち家数,戸,278700.0,278700
housing_stock,住宅ストック・空き家・持ち家,44000,大分県,pref,44,大分県,2003100000,2003年度,2003,00001|H1310,観測値|H1310_持ち家数,戸,284300.0,284300
housing_stock,住宅ストック・空き家・持ち家,44000,大分県,pref,44,大分県,2008100000,2008年度,2008,00001|H1310,観測値|H1310_持ち家数,戸,292700.0,292700
housing_stock,住宅ストック・空き家・持ち家,44000,大分県,pref,44,大分県,2013100000,2013年度,2013,00001|H1310,観測値|H1310_持ち家数,戸,304000.0,304000
housing_stock,住宅ストック・空き家・持ち家,44000,大分県,pref,44,大分県,2018100000,2018年度,2018,00001|H1310,観測値|H1310_持ち家数,戸,306300.0,306300
housing_stock,住宅ストック・空き家・持ち家,44000,大分県,pref,44,大分県,2023100000,2023年度,2023,00001|H1310,観測値|H1310_持ち家数,戸,302800.0,302800
housing_stock,住宅ストック・空き家・持ち家,45000,宮崎県,pref,45,宮崎県,1978100000,1978年度,1978,00001|H1310,観測値|H1310_持ち家数,戸,235400.0,235400
housing_stock,住宅ストック・空き家・持ち家,45000,宮崎県,pref,45,宮崎県,1983100000,1983年度,1983,00001|H1310,観測値|H1310_持ち家数,戸,249200.0,249200
housing_stock,住宅ストック・空き家・持ち家,45000,宮崎県,pref,45,宮崎県,1988100000,1988年度,1988,00001|H1310,観測値|H1310_持ち家数,戸,260600.0,260600
housing_stock,住宅ストック・空き家・持ち家,45000,宮崎県,pref,45,宮崎県,1993100000,1993年度,1993,00001|H1310,観測値|H1310_持ち家数,戸,274000.0,274000
housing_stock,住宅ストック・空き家・持ち家,45000,宮崎県,pref,45,宮崎県,1998100000,1998年度,1998,00001|H1310,観測値|H1310_持ち家数,戸,288300.0,288300
housing_stock,住宅ストック・空き家・持ち家,45000,宮崎県,pref,45,宮崎県,2003100000,2003年度,2003,00001|H1310,観測値|H1310_持ち家数,戸,292100.0,292100
housing_stock,住宅ストック・空き家・持ち家,45000,宮崎県,pref,45,宮崎県,2008100000,2008年度,2008,00001|H1310,観測値|H1310_持ち家数,戸,292900.0,292900
housing_stock,住宅ストック・空き家・持ち家,45000,宮崎県,pref,45,宮崎県,2013100000,2013年度,2013,00001|H1310,観測値|H1310_持ち家数,戸,309000.0,309000
housing_stock,住宅ストック・空き家・持ち家,45000,宮崎県,pref,45,宮崎県,2018100000,2018年度,2018,00001|H1310,観測値|H1310_持ち家数,戸,302300.0,302300
housing_stock,住宅ストック・空き家・持ち家,45000,宮崎県,pref,45,宮崎県,2023100000,2023年度,2023,00001|H1310,観測値|H1310_持ち家数,戸,304400.0,304400
housing_stock,住宅ストック・空き家・持ち家,46000,鹿児島県,pref,46,鹿児島県,1978100000,1978年度,1978,00001|H1310,観測値|H1310_持ち家数,戸,411100.0,411100
housing_stock,住宅ストック・空き家・持ち家,46000,鹿児島県,pref,46,鹿児島県,1983100000,1983年度,1983,00001|H1310,観測値|H1310_持ち家数,戸,429500.0,429500
housing_stock,住宅ストック・空き家・持ち家,46000,鹿児島県,pref,46,鹿児島県,1988100000,1988年度,1988,00001|H1310,観測値|H1310_持ち家数,戸,435300.0,435300
housing_stock,住宅ストック・空き家・持ち家,46000,鹿児島県,pref,46,鹿児島県,1993100000,1993年度,1993,00001|H1310,観測値|H1310_持ち家数,戸,455900.0,455900
housing_stock,住宅ストック・空き家・持ち家,46000,鹿児島県,pref,46,鹿児島県,1998100000,1998年度,1998,00001|H1310,観測値|H1310_持ち家数,戸,463900.0,463900
housing_stock,住宅ストック・空き家・持ち家,46000,鹿児島県,pref,46,鹿児島県,2003100000,2003年度,2003,00001|H1310,観測値|H1310_持ち家数,戸,470800.0,470800
housing_stock,住宅ストック・空き家・持ち家,46000,鹿児島県,pref,46,鹿児島県,2008100000,2008年度,2008,00001|H1310,観測値|H1310_持ち家数,戸,472400.0,472400
housing_stock,住宅ストック・空き家・持ち家,46000,鹿児島県,pref,46,鹿児島県,2013100000,2013年度,2013,00001|H1310,観測値|H1310_持ち家数,戸,467100.0,467100
housing_stock,住宅ストック・空き家・持ち家,46000,鹿児島県,pref,46,鹿児島県,2018100000,2018年度,2018,00001|H1310,観測値|H1310_持ち家数,戸,458100.0,458100
housing_stock,住宅ストック・空き家・持ち家,46000,鹿児島県,pref,46,鹿児島県,2023100000,2023年度,2023,00001|H1310,観測値|H1310_持ち家数,戸,450300.0,450300
housing_stock,住宅ストック・空き家・持ち家,47000,沖縄県,pref,47,沖縄県,1978100000,1978年度,1978,00001|H1310,観測値|H1310_持ち家数,戸,175000.0,175000
housing_stock,住宅ストック・空き家・持ち家,47000,沖縄県,pref,47,沖縄県,1983100000,1983年度,1983,00001|H1310,観測値|H1310_持ち家数,戸,187600.0,187600
housing_stock,住宅ストック・空き家・持ち家,47000,沖縄県,pref,47,沖縄県,1988100000,1988年度,1988,00001|H1310,観測値|H1310_持ち家数,戸,200600.0,200600
housing_stock,住宅ストック・空き家・持ち家,47000,沖縄県,pref,47,沖縄県,1993100000,1993年度,1993,00001|H1310,観測値|H1310_持ち家数,戸,212800.0,212800
housing_stock,住宅ストック・空き家・持ち家,47000,沖縄県,pref,47,沖縄県,1998100000,1998年度,1998,00001|H1310,観測値|H1310_持ち家数,戸,228900.0,228900
housing_stock,住宅ストック・空き家・持ち家,47000,沖縄県,pref,47,沖縄県,2003100000,2003年度,2003,00001|H1310,観測値|H1310_持ち家数,戸,243100.0,243100
housing_stock,住宅ストック・空き家・持ち家,47000,沖縄県,pref,47,沖縄県,2008100000,2008年度,2008,00001|H1310,観測値|H1310_持ち家数,戸,253000.0,253000
housing_stock,住宅ストック・空き家・持ち家,47000,沖縄県,pref,47,沖縄県,2013100000,2013年度,2013,00001|H1310,観測値|H1310_持ち家数,戸,258100.0,258100
housing_stock,住宅ストック・空き家・持ち家,47000,沖縄県,pref,47,沖縄県,2018100000,2018年度,2018,00001|H1310,観測値|H1310_持ち家数,戸,255900.0,255900
housing_stock,住宅ストック・空き家・持ち家,47000,沖縄県,pref,47,沖縄県,2023100000,2023年度,2023,00001|H1310,観測値|H1310_持ち家数,戸,267100.0,267100
housing_stock,住宅ストック・空き家・持ち家,00000,全国,national,,,1978100000,1978年度,1978,00001|H1320,観測値|H1320_借家数,戸,12689200.0,12689200
housing_stock,住宅ストック・空き家・持ち家,00000,全国,national,,,1983100000,1983年度,1983,00001|H1320,観測値|H1320_借家数,戸,12951000.0,12951000
housing_stock,住宅ストック・空き家・持ち家,00000,全国,national,,,1988100000,1988年度,1988,00001|H1320,観測値|H1320_借家数,戸,14014600.0,14014600
housing_stock,住宅ストック・空き家・持ち家,00000,全国,national,,,1993100000,1993年度,1993,00001|H1320,観測値|H1320_借家数,戸,15691000.0,15691000
housing_stock,住宅ストック・空き家・持ち家,00000,全国,national,,,1998100000,1998年度,1998,00001|H1320,観測値|H1320_借家数,戸,16730000.0,16730000
housing_stock,住宅ストック・空き家・持ち家,00000,全国,national,,,2003100000,2003年度,2003,00001|H1320,観測値|H1320_借家数,戸,17166000.0,17166000
housing_stock,住宅ストック・空き家・持ち家,00000,全国,national,,,2008100000,2008年度,2008,00001|H1320,観測値|H1320_借家数,戸,17770000.0,17770000
housing_stock,住宅ストック・空き家・持ち家,00000,全国,national,,,2013100000,2013年度,2013,00001|H1320,観測値|H1320_借家数,戸,18518900.0,18518900
housing_stock,住宅ストック・空き家・持ち家,00000,全国,national,,,2018100000,2018年度,2018,00001|H1320,観測値|H1320_借家数,戸,19064700.0,19064700
housing_stock,住宅ストック・空き家・持ち家,00000,全国,national,,,2023100000,2023年度,2023,00001|H1320,観測値|H1320_借家数,戸,19461700.0,19461700
housing_stock,住宅ストック・空き家・持ち家,01000,北海道,pref,01,北海道,1978100000,1978年度,1978,00001|H1320,観測値|H1320_借家数,戸,792900.0,792900
housing_stock,住宅ストック・空き家・持ち家,01000,北海道,pref,01,北海道,1983100000,1983年度,1983,00001|H1320,観測値|H1320_借家数,戸,819200.0,819200
housing_stock,住宅ストック・空き家・持ち家,01000,北海道,pref,01,北海道,1988100000,1988年度,1988,00001|H1320,観測値|H1320_借家数,戸,861400.0,861400
housing_stock,住宅ストック・空き家・持ち家,01000,北海道,pref,01,北海道,1993100000,1993年度,1993,00001|H1320,観測値|H1320_借家数,戸,893500.0,893500
housing_stock,住宅ストック・空き家・持ち家,01000,北海道,pref,01,北海道,1998100000,1998年度,1998,00001|H1320,観測値|H1320_借家数,戸,915400.0,915400
housing_stock,住宅ストック・空き家・持ち家,01000,北海道,pref,01,北海道,2003100000,2003年度,2003,00001|H1320,観測値|H1320_借家数,戸,938400.0,938400
housing_stock,住宅ストック・空き家・持ち家,01000,北海道,pref,01,北海道,2008100000,2008年度,2008,00001|H1320,観測値|H1320_借家数,戸,955600.0,955600
housing_stock,住宅ストック・空き家・持ち家,01000,北海道,pref,01,北海道,2013100000,2013年度,2013,00001|H1320,観測値|H1320_借家数,戸,945900.0,945900
housing_stock,住宅ストック・空き家・持ち家,01000,北海道,pref,01,北海道,2018100000,2018年度,2018,00001|H1320,観測値|H1320_借家数,戸,998600.0,998600
housing_stock,住宅ストック・空き家・持ち家,01000,北海道,pref,01,北海道,2023100000,2023年度,2023,00001|H1320,観測値|H1320_借家数,戸,961400.0,961400
housing_stock,住宅ストック・空き家・持ち家,02000,青森県,pref,02,青森県,1978100000,1978年度,1978,00001|H1320,観測値|H1320_借家数,戸,113100.0,113100
housing_stock,住宅ストック・空き家・持ち家,02000,青森県,pref,02,青森県,1983100000,1983年度,1983,00001|H1320,観測値|H1320_借家数,戸,118000.0,118000
housing_stock,住宅ストック・空き家・持ち家,02000,青森県,pref,02,青森県,1988100000,1988年度,1988,00001|H1320,観測値|H1320_借家数,戸,122900.0,122900
housing_stock,住宅ストック・空き家・持ち家,02000,青森県,pref,02,青森県,1993100000,1993年度,1993,00001|H1320,観測値|H1320_借家数,戸,124700.0,124700
housing_stock,住宅ストック・空き家・持ち家,02000,青森県,pref,02,青森県,1998100000,1998年度,1998,00001|H1320,観測値|H1320_借家数,戸,134700.0,134700
housing_stock,住宅ストック・空き家・持ち家,02000,青森県,pref,02,青森県,2003100000,2003年度,2003,00001|H1320,観測値|H1320_借家数,戸,137000.0,137000
housing_stock,住宅ストック・空き家・持ち家,02000,青森県,pref,02,青森県,2008100000,2008年度,2008,00001|H1320,観測値|H1320_借家数,戸,139500.0,139500
housing_stock,住宅ストック・空き家・持ち家,02000,青森県,pref,02,青森県,2013100000,2013年度,2013,00001|H1320,観測値|H1320_借家数,戸,137900.0,137900
housing_stock,住宅ストック・空き家・持ち家,02000,青森県,pref,02,青森県,2018100000,2018年度,2018,00001|H1320,観測値|H1320_借家数,戸,141300.0,141300
housing_stock,住宅ストック・空き家・持ち家,02000,青森県,pref,02,青森県,2023100000,2023年度,2023,00001|H1320,観測値|H1320_借家数,戸,126000.0,126000
housing_stock,住宅ストック・空き家・持ち家,03000,岩手県,pref,03,岩手県,1978100000,1978年度,1978,00001|H1320,観測値|H1320_借家数,戸,96900.0,96900
housing_stock,住宅ストック・空き家・持ち家,03000,岩手県,pref,03,岩手県,1983100000,1983年度,1983,00001|H1320,観測値|H1320_借家数,戸,104500.0,104500
housing_stock,住宅ストック・空き家・持ち家,03000,岩手県,pref,03,岩手県,1988100000,1988年度,1988,00001|H1320,観測値|H1320_借家数,戸,104800.0,104800
housing_stock,住宅ストック・空き家・持ち家,03000,岩手県,pref,03,岩手県,1993100000,1993年度,1993,00001|H1320,観測値|H1320_借家数,戸,113900.0,113900
housing_stock,住宅ストック・空き家・持ち家,03000,岩手県,pref,03,岩手県,1998100000,1998年度,1998,00001|H1320,観測値|H1320_借家数,戸,129200.0,129200
housing_stock,住宅ストック・空き家・持ち家,03000,岩手県,pref,03,岩手県,2003100000,2003年度,2003,00001|H1320,観測値|H1320_借家数,戸,135800.0,135800
housing_stock,住宅ストック・空き家・持ち家,03000,岩手県,pref,03,岩手県,2008100000,2008年度,2008,00001|H1320,観測値|H1320_借家数,戸,128200.0,128200
housing_stock,住宅ストック・空き家・持ち家,03000,岩手県,pref,03,岩手県,2013100000,2013年度,2013,00001|H1320,観測値|H1320_借家数,戸,144500.0,144500
housing_stock,住宅ストック・空き家・持ち家,03000,岩手県,pref,03,岩手県,2018100000,2018年度,2018,00001|H1320,観測値|H1320_借家数,戸,138400.0,138400
housing_stock,住宅ストック・空き家・持ち家,03000,岩手県,pref,03,岩手県,2023100000,2023年度,2023,00001|H1320,観測値|H1320_借家数,戸,131800.0,131800
housing_stock,住宅ストック・空き家・持ち家,04000,宮城県,pref,04,宮城県,1978100000,1978年度,1978,00001|H1320,観測値|H1320_借家数,戸,201000.0,201000
housing_stock,住宅ストック・空き家・持ち家,04000,宮城県,pref,04,宮城県,1983100000,1983年度,1983,00001|H1320,観測値|H1320_借家数,戸,211100.0,211100
housing_stock,住宅ストック・空き家・持ち家,04000,宮城県,pref,04,宮城県,1988100000,1988年度,1988,00001|H1320,観測値|H1320_借家数,戸,237700.0,237700
housing_stock,住宅ストック・空き家・持ち家,04000,宮城県,pref,04,宮城県,1993100000,1993年度,1993,00001|H1320,観測値|H1320_借家数,戸,277400.0,277400
housing_stock,住宅ストック・空き家・持ち家,04000,宮城県,pref,04,宮城県,1998100000,1998年度,1998,00001|H1320,観測値|H1320_借家数,戸,298600.0,298600
housing_stock,住宅ストック・空き家・持ち家,04000,宮城県,pref,04,宮城県,2003100000,2003年度,2003,00001|H1320,観測値|H1320_借家数,戸,309900.0,309900
housing_stock,住宅ストック・空き家・持ち家,04000,宮城県,pref,04,宮城県,2008100000,2008年度,2008,00001|H1320,観測値|H1320_借家数,戸,328000.0,328000
housing_stock,住宅ストック・空き家・持ち家,04000,宮城県,pref,04,宮城県,2013100000,2013年度,2013,00001|H1320,観測値|H1320_借家数,戸,376300.0,376300
housing_stock,住宅ストック・空き家・持ち家,04000,宮城県,pref,04,宮城県,2018100000,2018年度,2018,00001|H1320,観測値|H1320_借家数,戸,368700.0,368700
housing_stock,住宅ストック・空き家・持ち家,04000,宮城県,pref,04,宮城県,2023100000,2023年度,2023,00001|H1320,観測値|H1320_借家数,戸,357400.0,357400
housing_stock,住宅ストック・空き家・持ち家,05000,秋田県,pref,05,秋田県,1978100000,1978年度,1978,00001|H1320,観測値|H1320_借家数,戸,58500.0,58500
housing_stock,住宅ストック・空き家・持ち家,05000,秋田県,pref,05,秋田県,1983100000,1983年度,1983,00001|H1320,観測値|H1320_借家数,戸,61600.0,61600
housing_stock,住宅ストック・空き家・持ち家,05000,秋田県,pref,05,秋田県,1988100000,1988年度,1988,00001|H1320,観測値|H1320_借家数,戸,64500.0,64500
housing_stock,住宅ストック・空き家・持ち家,05000,秋田県,pref,05,秋田県,1993100000,1993年度,1993,00001|H1320,観測値|H1320_借家数,戸,70500.0,70500
housing_stock,住宅ストック・空き家・持ち家,05000,秋田県,pref,05,秋田県,1998100000,1998年度,1998,00001|H1320,観測値|H1320_借家数,戸,81000.0,81000
housing_stock,住宅ストック・空き家・持ち家,05000,秋田県,pref,05,秋田県,2003100000,2003年度,2003,00001|H1320,観測値|H1320_借家数,戸,83400.0,83400
housing_stock,住宅ストック・空き家・持ち家,05000,秋田県,pref,05,秋田県,2008100000,2008年度,2008,00001|H1320,観測値|H1320_借家数,戸,79800.0,79800
housing_stock,住宅ストック・空き家・持ち家,05000,秋田県,pref,05,秋田県,2013100000,2013年度,2013,00001|H1320,観測値|H1320_借家数,戸,81500.0,81500
housing_stock,住宅ストック・空き家・持ち家,05000,秋田県,pref,05,秋田県,2018100000,2018年度,2018,00001|H1320,観測値|H1320_借家数,戸,83000.0,83000
housing_stock,住宅ストック・空き家・持ち家,05000,秋田県,pref,05,秋田県,2023100000,2023年度,2023,00001|H1320,観測値|H1320_借家数,戸,77200.0,77200
housing_stock,住宅ストック・空き家・持ち家,06000,山形県,pref,06,山形県,1978100000,1978年度,1978,00001|H1320,観測値|H1320_借家数,戸,56200.0,56200
housing_stock,住宅ストック・空き家・持ち家,06000,山形県,pref,06,山形県,1983100000,1983年度,1983,00001|H1320,観測値|H1320_借家数,戸,56800.0,56800
housing_stock,住宅ストック・空き家・持ち家,06000,山形県,pref,06,山形県,1988100000,1988年度,1988,00001|H1320,観測値|H1320_借家数,戸,61800.0,61800
housing_stock,住宅ストック・空き家・持ち家,06000,山形県,pref,06,山形県,1993100000,1993年度,1993,00001|H1320,観測値|H1320_借家数,戸,69800.0,69800
housing_stock,住宅ストック・空き家・持ち家,06000,山形県,pref,06,山形県,1998100000,1998年度,1998,00001|H1320,観測値|H1320_借家数,戸,83600.0,83600
housing_stock,住宅ストック・空き家・持ち家,06000,山形県,pref,06,山形県,2003100000,2003年度,2003,00001|H1320,観測値|H1320_借家数,戸,87700.0,87700
housing_stock,住宅ストック・空き家・持ち家,06000,山形県,pref,06,山形県,2008100000,2008年度,2008,00001|H1320,観測値|H1320_借家数,戸,90400.0,90400
housing_stock,住宅ストック・空き家・持ち家,06000,山形県,pref,06,山形県,2013100000,2013年度,2013,00001|H1320,観測値|H1320_借家数,戸,86300.0,86300
housing_stock,住宅ストック・空き家・持ち家,06000,山形県,pref,06,山形県,2018100000,2018年度,2018,00001|H1320,観測値|H1320_借家数,戸,90900.0,90900
housing_stock,住宅ストック・空き家・持ち家,06000,山形県,pref,06,山形県,2023100000,2023年度,2023,00001|H1320,観測値|H1320_借家数,戸,88600.0,88600
housing_stock,住宅ストック・空き家・持ち家,07000,福島県,pref,07,福島県,1978100000,1978年度,1978,00001|H1320,観測値|H1320_借家数,戸,151000.0,151000
housing_stock,住宅ストック・空き家・持ち家,07000,福島県,pref,07,福島県,1983100000,1983年度,1983,00001|H1320,観測値|H1320_借家数,戸,155400.0,155400
housing_stock,住宅ストック・空き家・持ち家,07000,福島県,pref,07,福島県,1988100000,1988年度,1988,00001|H1320,観測値|H1320_借家数,戸,170200.0,170200
housing_stock,住宅ストック・空き家・持ち家,07000,福島県,pref,07,福島県,1993100000,1993年度,1993,00001|H1320,観測値|H1320_借家数,戸,188400.0,188400
housing_stock,住宅ストック・空き家・持ち家,07000,福島県,pref,07,福島県,1998100000,1998年度,1998,00001|H1320,観測値|H1320_借家数,戸,199000.0,199000
housing_stock,住宅ストック・空き家・持ち家,07000,福島県,pref,07,福島県,2003100000,2003年度,2003,00001|H1320,観測値|H1320_借家数,戸,205100.0,205100
housing_stock,住宅ストック・空き家・持ち家,07000,福島県,pref,07,福島県,2008100000,2008年度,2008,00001|H1320,観測値|H1320_借家数,戸,207600.0,207600
housing_stock,住宅ストック・空き家・持ち家,07000,福島県,pref,07,福島県,2013100000,2013年度,2013,00001|H1320,観測値|H1320_借家数,戸,222000.0,222000
housing_stock,住宅ストック・空き家・持ち家,07000,福島県,pref,07,福島県,2018100000,2018年度,2018,00001|H1320,観測値|H1320_借家数,戸,217100.0,217100
housing_stock,住宅ストック・空き家・持ち家,07000,福島県,pref,07,福島県,2023100000,2023年度,2023,00001|H1320,観測値|H1320_借家数,戸,199800.0,199800
housing_stock,住宅ストック・空き家・持ち家,08000,茨城県,pref,08,茨城県,1978100000,1978年度,1978,00001|H1320,観測値|H1320_借家数,戸,152300.0,152300
housing_stock,住宅ストック・空き家・持ち家,08000,茨城県,pref,08,茨城県,1983100000,1983年度,1983,00001|H1320,観測値|H1320_借家数,戸,181300.0,181300
housing_stock,住宅ストック・空き家・持ち家,08000,茨城県,pref,08,茨城県,1988100000,1988年度,1988,00001|H1320,観測値|H1320_借家数,戸,198200.0,198200
housing_stock,住宅ストック・空き家・持ち家,08000,茨城県,pref,08,茨城県,1993100000,1993年度,1993,00001|H1320,観測値|H1320_借家数,戸,245600.0,245600
housing_stock,住宅ストック・空き家・持ち家,08000,茨城県,pref,08,茨城県,1998100000,1998年度,1998,00001|H1320,観測値|H1320_借家数,戸,265800.0,265800
housing_stock,住宅ストック・空き家・持ち家,08000,茨城県,pref,08,茨城県,2003100000,2003年度,2003,00001|H1320,観測値|H1320_借家数,戸,278700.0,278700
housing_stock,住宅ストック・空き家・持ち家,08000,茨城県,pref,08,茨城県,2008100000,2008年度,2008,00001|H1320,観測値|H1320_借家数,戸,285300.0,285300
housing_stock,住宅ストック・空き家・持ち家,08000,茨城県,pref,08,茨城県,2013100000,2013年度,2013,00001|H1320,観測値|H1320_借家数,戸,287800.0,287800
housing_stock,住宅ストック・空き家・持ち家,08000,茨城県,pref,08,茨城県,2018100000,2018年度,2018,00001|H1320,観測値|H1320_借家数,戸,291600.0,291600
housing_stock,住宅ストック・空き家・持ち家,08000,茨城県,pref,08,茨城県,2023100000,2023年度,2023,00001|H1320,観測値|H1320_借家数,戸,312000.0,312000
housing_stock,住宅ストック・空き家・持ち家,09000,栃木県,pref,09,栃木県,1978100000,1978年度,1978,00001|H1320,観測値|H1320_借家数,戸,123900.0,123900
housing_stock,住宅ストック・空き家・持ち家,09000,栃木県,pref,09,栃木県,1983100000,1983年度,1983,00001|H1320,観測値|H1320_借家数,戸,127900.0,127900
housing_stock,住宅ストック・空き家・持ち家,09000,栃木県,pref,09,栃木県,1988100000,1988年度,1988,00001|H1320,観測値|H1320_借家数,戸,145400.0,145400
housing_stock,住宅ストック・空き家・持ち家,09000,栃木県,pref,09,栃木県,1993100000,1993年度,1993,00001|H1320,観測値|H1320_借家数,戸,171800.0,171800
housing_stock,住宅ストック・空き家・持ち家,09000,栃木県,pref,09,栃木県,1998100000,1998年度,1998,00001|H1320,観測値|H1320_借家数,戸,186500.0,186500
housing_stock,住宅ストック・空き家・持ち家,09000,栃木県,pref,09,栃木県,2003100000,2003年度,2003,00001|H1320,観測値|H1320_借家数,戸,189800.0,189800
housing_stock,住宅ストック・空き家・持ち家,09000,栃木県,pref,09,栃木県,2008100000,2008年度,2008,00001|H1320,観測値|H1320_借家数,戸,209700.0,209700
housing_stock,住宅ストック・空き家・持ち家,09000,栃木県,pref,09,栃木県,2013100000,2013年度,2013,00001|H1320,観測値|H1320_借家数,戸,200500.0,200500
housing_stock,住宅ストック・空き家・持ち家,09000,栃木県,pref,09,栃木県,2018100000,2018年度,2018,00001|H1320,観測値|H1320_借家数,戸,216000.0,216000
housing_stock,住宅ストック・空き家・持ち家,09000,栃木県,pref,09,栃木県,2023100000,2023年度,2023,00001|H1320,観測値|H1320_借家数,戸,214800.0,214800
housing_stock,住宅ストック・空き家・持ち家,10000,群馬県,pref,10,群馬県,1978100000,1978年度,1978,00001|H1320,観測値|H1320_借家数,戸,129500.0,129500
housing_stock,住宅ストック・空き家・持ち家,10000,群馬県,pref,10,群馬県,1983100000,1983年度,1983,00001|H1320,観測値|H1320_借家数,戸,139500.0,139500
housing_stock,住宅ストック・空き家・持ち家,10000,群馬県,pref,10,群馬県,1988100000,1988年度,1988,00001|H1320,観測値|H1320_借家数,戸,153300.0,153300
housing_stock,住宅ストック・空き家・持ち家,10000,群馬県,pref,10,群馬県,1993100000,1993年度,1993,00001|H1320,観測値|H1320_借家数,戸,177900.0,177900
housing_stock,住宅ストック・空き家・持ち家,10000,群馬県,pref,10,群馬県,1998100000,1998年度,1998,00001|H1320,観測値|H1320_借家数,戸,190400.0,190400
housing_stock,住宅ストック・空き家・持ち家,10000,群馬県,pref,10,群馬県,2003100000,2003年度,2003,00001|H1320,観測値|H1320_借家数,戸,191800.0,191800
housing_stock,住宅ストック・空き家・持ち家,10000,群馬県,pref,10,群馬県,2008100000,2008年度,2008,00001|H1320,観測値|H1320_借家数,戸,202200.0,202200
housing_stock,住宅ストック・空き家・持ち家,10000,群馬県,pref,10,群馬県,2013100000,2013年度,2013,00001|H1320,観測値|H1320_借家数,戸,203000.0,203000
housing_stock,住宅ストック・空き家・持ち家,10000,群馬県,pref,10,群馬県,2018100000,2018年度,2018,00001|H1320,観測値|H1320_借家数,戸,208500.0,208500
housing_stock,住宅ストック・空き家・持ち家,10000,群馬県,pref,10,群馬県,2023100000,2023年度,2023,00001|H1320,観測値|H1320_借家数,戸,200500.0,200500
housing_stock,住宅ストック・空き家・持ち家,11000,埼玉県,pref,11,埼玉県,1978100000,1978年度,1978,00001|H1320,観測値|H1320_借家数,戸,505000.0,505000
housing_stock,住宅ストック・空き家・持ち家,11000,埼玉県,pref,11,埼玉県,1983100000,1983年度,1983,00001|H1320,観測値|H1320_借家数,戸,524200.0,524200
housing_stock,住宅ストック・空き家・持ち家,11000,埼玉県,pref,11,埼玉県,1988100000,1988年度,1988,00001|H1320,観測値|H1320_借家数,戸,627900.0,627900
housing_stock,住宅ストック・空き家・持ち家,11000,埼玉県,pref,11,埼玉県,1993100000,1993年度,1993,00001|H1320,観測値|H1320_借家数,戸,759900.0,759900
housing_stock,住宅ストック・空き家・持ち家,11000,埼玉県,pref,11,埼玉県,1998100000,1998年度,1998,00001|H1320,観測値|H1320_借家数,戸,792200.0,792200
housing_stock,住宅ストック・空き家・持ち家,11000,埼玉県,pref,11,埼玉県,2003100000,2003年度,2003,00001|H1320,観測値|H1320_借家数,戸,833700.0,833700
housing_stock,住宅ストック・空き家・持ち家,11000,埼玉県,pref,11,埼玉県,2008100000,2008年度,2008,00001|H1320,観測値|H1320_借家数,戸,854500.0,854500
housing_stock,住宅ストック・空き家・持ち家,11000,埼玉県,pref,11,埼玉県,2013100000,2013年度,2013,00001|H1320,観測値|H1320_借家数,戸,909700.0,909700
housing_stock,住宅ストック・空き家・持ち家,11000,埼玉県,pref,11,埼玉県,2018100000,2018年度,2018,00001|H1320,観測値|H1320_借家数,戸,936600.0,936600
housing_stock,住宅ストック・空き家・持ち家,11000,埼玉県,pref,11,埼玉県,2023100000,2023年度,2023,00001|H1320,観測値|H1320_借家数,戸,984000.0,984000
housing_stock,住宅ストック・空き家・持ち家,12000,千葉県,pref,12,千葉県,1978100000,1978年度,1978,00001|H1320,観測値|H1320_借家数,戸,476500.0,476500
housing_stock,住宅ストック・空き家・持ち家,12000,千葉県,pref,12,千葉県,1983100000,1983年度,1983,00001|H1320,観測値|H1320_借家数,戸,475100.0,475100
housing_stock,住宅ストック・空き家・持ち家,12000,千葉県,pref,12,千葉県,1988100000,1988年度,1988,00001|H1320,観測値|H1320_借家数,戸,560900.0,560900
housing_stock,住宅ストック・空き家・持ち家,12000,千葉県,pref,12,千葉県,1993100000,1993年度,1993,00001|H1320,観測値|H1320_借家数,戸,681200.0,681200
housing_stock,住宅ストック・空き家・持ち家,12000,千葉県,pref,12,千葉県,1998100000,1998年度,1998,00001|H1320,観測値|H1320_借家数,戸,714900.0,714900
housing_stock,住宅ストック・空き家・持ち家,12000,千葉県,pref,12,千葉県,2003100000,2003年度,2003,00001|H1320,観測値|H1320_借家数,戸,720000.0,720000
housing_stock,住宅ストック・空き家・持ち家,12000,千葉県,pref,12,千葉県,2008100000,2008年度,2008,00001|H1320,観測値|H1320_借家数,戸,740200.0,740200
housing_stock,住宅ストック・空き家・持ち家,12000,千葉県,pref,12,千葉県,2013100000,2013年度,2013,00001|H1320,観測値|H1320_借家数,戸,780900.0,780900
housing_stock,住宅ストック・空き家・持ち家,12000,千葉県,pref,12,千葉県,2018100000,2018年度,2018,00001|H1320,観測値|H1320_借家数,戸,832100.0,832100
housing_stock,住宅ストック・空き家・持ち家,12000,千葉県,pref,12,千葉県,2023100000,2023年度,2023,00001|H1320,観測値|H1320_借家数,戸,865300.0,865300
housing_stock,住宅ストック・空き家・持ち家,13000,東京都,pref,13,東京都,1978100000,1978年度,1978,00001|H1320,観測値|H1320_借家数,戸,2231300.0,2231300
housing_stock,住宅ストック・空き家・持ち家,13000,東京都,pref,13,東京都,1983100000,1983年度,1983,00001|H1320,観測値|H1320_借家数,戸,2238300.0,2238300
housing_stock,住宅ストック・空き家・持ち家,13000,東京都,pref,13,東京都,1988100000,1988年度,1988,00001|H1320,観測値|H1320_借家数,戸,2331100.0,2331100
housing_stock,住宅ストック・空き家・持ち家,13000,東京都,pref,13,東京都,1993100000,1993年度,1993,00001|H1320,観測値|H1320_借家数,戸,2547400.0,2547400
housing_stock,住宅ストック・空き家・持ち家,13000,東京都,pref,13,東京都,1998100000,1998年度,1998,00001|H1320,観測値|H1320_借家数,戸,2743300.0,2743300
housing_stock,住宅ストック・空き家・持ち家,13000,東京都,pref,13,東京都,2003100000,2003年度,2003,00001|H1320,観測値|H1320_借家数,戸,2719100.0,2719100
housing_stock,住宅ストック・空き家・持ち家,13000,東京都,pref,13,東京都,2008100000,2008年度,2008,00001|H1320,観測値|H1320_借家数,戸,2909300.0,2909300
housing_stock,住宅ストック・空き家・持ち家,13000,東京都,pref,13,東京都,2013100000,2013年度,2013,00001|H1320,観測値|H1320_借家数,戸,3100300.0,3100300
housing_stock,住宅ストック・空き家・持ち家,13000,東京都,pref,13,東京都,2018100000,2018年度,2018,00001|H1320,観測値|H1320_借家数,戸,3343300.0,3343300
housing_stock,住宅ストック・空き家・持ち家,13000,東京都,pref,13,東京都,2023100000,2023年度,2023,00001|H1320,観測値|H1320_借家数,戸,3538800.0,3538800
housing_stock,住宅ストック・空き家・持ち家,14000,神奈川県,pref,14,神奈川県,1978100000,1978年度,1978,00001|H1320,観測値|H1320_借家数,戸,947600.0,947600
housing_stock,住宅ストック・空き家・持ち家,14000,神奈川県,pref,14,神奈川県,1983100000,1983年度,1983,00001|H1320,観測値|H1320_借家数,戸,954100.0,954100
housing_stock,住宅ストック・空き家・持ち家,14000,神奈川県,pref,14,神奈川県,1988100000,1988年度,1988,00001|H1320,観測値|H1320_借家数,戸,1105400.0,1105400
housing_stock,住宅ストック・空き家・持ち家,14000,神奈川県,pref,14,神奈川県,1993100000,1993年度,1993,00001|H1320,観測値|H1320_借家数,戸,1296300.0,1296300
housing_stock,住宅ストック・空き家・持ち家,14000,神奈川県,pref,14,神奈川県,1998100000,1998年度,1998,00001|H1320,観測値|H1320_借家数,戸,1328600.0,1328600
housing_stock,住宅ストック・空き家・持ち家,14000,神奈川県,pref,14,神奈川県,2003100000,2003年度,2003,00001|H1320,観測値|H1320_借家数,戸,1362600.0,1362600
housing_stock,住宅ストック・空き家・持ち家,14000,神奈川県,pref,14,神奈川県,2008100000,2008年度,2008,00001|H1320,観測値|H1320_借家数,戸,1357000.0,1357000
housing_stock,住宅ストック・空き家・持ち家,14000,神奈川県,pref,14,神奈川県,2013100000,2013年度,2013,00001|H1320,観測値|H1320_借家数,戸,1456300.0,1456300
housing_stock,住宅ストック・空き家・持ち家,14000,神奈川県,pref,14,神奈川県,2018100000,2018年度,2018,00001|H1320,観測値|H1320_借家数,戸,1486200.0,1486200
housing_stock,住宅ストック・空き家・持ち家,14000,神奈川県,pref,14,神奈川県,2023100000,2023年度,2023,00001|H1320,観測値|H1320_借家数,戸,1556400.0,1556400
housing_stock,住宅ストック・空き家・持ち家,15000,新潟県,pref,15,新潟県,1978100000,1978年度,1978,00001|H1320,観測値|H1320_借家数,戸,115800.0,115800
housing_stock,住宅ストック・空き家・持ち家,15000,新潟県,pref,15,新潟県,1983100000,1983年度,1983,00001|H1320,観測値|H1320_借家数,戸,130200.0,130200
housing_stock,住宅ストック・空き家・持ち家,15000,新潟県,pref,15,新潟県,1988100000,1988年度,1988,00001|H1320,観測値|H1320_借家数,戸,142100.0,142100
housing_stock,住宅ストック・空き家・持ち家,15000,新潟県,pref,15,新潟県,1993100000,1993年度,1993,00001|H1320,観測値|H1320_借家数,戸,156300.0,156300
housing_stock,住宅ストック・空き家・持ち家,15000,新潟県,pref,15,新潟県,1998100000,1998年度,1998,00001|H1320,観測値|H1320_借家数,戸,182000.0,182000
housing_stock,住宅ストック・空き家・持ち家,15000,新潟県,pref,15,新潟県,2003100000,2003年度,2003,00001|H1320,観測値|H1320_借家数,戸,190400.0,190400
housing_stock,住宅ストック・空き家・持ち家,15000,新潟県,pref,15,新潟県,2008100000,2008年度,2008,00001|H1320,観測値|H1320_借家数,戸,198200.0,198200
housing_stock,住宅ストック・空き家・持ち家,15000,新潟県,pref,15,新潟県,2013100000,2013年度,2013,00001|H1320,観測値|H1320_借家数,戸,194800.0,194800
housing_stock,住宅ストック・空き家・持ち家,15000,新潟県,pref,15,新潟県,2018100000,2018年度,2018,00001|H1320,観測値|H1320_借家数,戸,205100.0,205100
housing_stock,住宅ストック・空き家・持ち家,15000,新潟県,pref,15,新潟県,2023100000,2023年度,2023,00001|H1320,観測値|H1320_借家数,戸,196900.0,196900
housing_stock,住宅ストック・空き家・持ち家,16000,富山県,pref,16,富山県,1978100000,1978年度,1978,00001|H1320,観測値|H1320_借家数,戸,40500.0,40500
housing_stock,住宅ストック・空き家・持ち家,16000,富山県,pref,16,富山県,1983100000,1983年度,1983,00001|H1320,観測値|H1320_借家数,戸,40000.0,40000
housing_stock,住宅ストック・空き家・持ち家,16000,富山県,pref,16,富山県,1988100000,1988年度,1988,00001|H1320,観測値|H1320_借家数,戸,43800.0,43800
housing_stock,住宅ストック・空き家・持ち家,16000,富山県,pref,16,富山県,1993100000,1993年度,1993,00001|H1320,観測値|H1320_借家数,戸,62200.0,62200
housing_stock,住宅ストック・空き家・持ち家,16000,富山県,pref,16,富山県,1998100000,1998年度,1998,00001|H1320,観測値|H1320_借家数,戸,64800.0,64800
housing_stock,住宅ストック・空き家・持ち家,16000,富山県,pref,16,富山県,2003100000,2003年度,2003,00001|H1320,観測値|H1320_借家数,戸,71200.0,71200
housing_stock,住宅ストック・空き家・持ち家,16000,富山県,pref,16,富山県,2008100000,2008年度,2008,00001|H1320,観測値|H1320_借家数,戸,79700.0,79700
housing_stock,住宅ストック・空き家・持ち家,16000,富山県,pref,16,富山県,2013100000,2013年度,2013,00001|H1320,観測値|H1320_借家数,戸,74800.0,74800
housing_stock,住宅ストック・空き家・持ち家,16000,富山県,pref,16,富山県,2018100000,2018年度,2018,00001|H1320,観測値|H1320_借家数,戸,84500.0,84500
housing_stock,住宅ストック・空き家・持ち家,16000,富山県,pref,16,富山県,2023100000,2023年度,2023,00001|H1320,観測値|H1320_借家数,戸,90900.0,90900
housing_stock,住宅ストック・空き家・持ち家,17000,石川県,pref,17,石川県,1978100000,1978年度,1978,00001|H1320,観測値|H1320_借家数,戸,64800.0,64800
housing_stock,住宅ストック・空き家・持ち家,17000,石川県,pref,17,石川県,1983100000,1983年度,1983,00001|H1320,観測値|H1320_借家数,戸,76700.0,76700
housing_stock,住宅ストック・空き家・持ち家,17000,石川県,pref,17,石川県,1988100000,1988年度,1988,00001|H1320,観測値|H1320_借家数,戸,88700.0,88700
housing_stock,住宅ストック・空き家・持ち家,17000,石川県,pref,17,石川県,1993100000,1993年度,1993,00001|H1320,観測値|H1320_借家数,戸,106200.0,106200
housing_stock,住宅ストック・空き家・持ち家,17000,石川県,pref,17,石川県,1998100000,1998年度,1998,00001|H1320,観測値|H1320_借家数,戸,120100.0,120100
housing_stock,住宅ストック・空き家・持ち家,17000,石川県,pref,17,石川県,2003100000,2003年度,2003,00001|H1320,観測値|H1320_借家数,戸,122600.0,122600
housing_stock,住宅ストック・空き家・持ち家,17000,石川県,pref,17,石川県,2008100000,2008年度,2008,00001|H1320,観測値|H1320_借家数,戸,124700.0,124700
housing_stock,住宅ストック・空き家・持ち家,17000,石川県,pref,17,石川県,2013100000,2013年度,2013,00001|H1320,観測値|H1320_借家数,戸,123400.0,123400
housing_stock,住宅ストック・空き家・持ち家,17000,石川県,pref,17,石川県,2018100000,2018年度,2018,00001|H1320,観測値|H1320_借家数,戸,129900.0,129900
housing_stock,住宅ストック・空き家・持ち家,17000,石川県,pref,17,石川県,2023100000,2023年度,2023,00001|H1320,観測値|H1320_借家数,戸,128600.0,128600
housing_stock,住宅ストック・空き家・持ち家,18000,福井県,pref,18,福井県,1978100000,1978年度,1978,00001|H1320,観測値|H1320_借家数,戸,35400.0,35400
housing_stock,住宅ストック・空き家・持ち家,18000,福井県,pref,18,福井県,1983100000,1983年度,1983,00001|H1320,観測値|H1320_借家数,戸,39500.0,39500
housing_stock,住宅ストック・空き家・持ち家,18000,福井県,pref,18,福井県,1988100000,1988年度,1988,00001|H1320,観測値|H1320_借家数,戸,44400.0,44400
housing_stock,住宅ストック・空き家・持ち家,18000,福井県,pref,18,福井県,1993100000,1993年度,1993,00001|H1320,観測値|H1320_借家数,戸,53500.0,53500
housing_stock,住宅ストック・空き家・持ち家,18000,福井県,pref,18,福井県,1998100000,1998年度,1998,00001|H1320,観測値|H1320_借家数,戸,59100.0,59100
housing_stock,住宅ストック・空き家・持ち家,18000,福井県,pref,18,福井県,2003100000,2003年度,2003,00001|H1320,観測値|H1320_借家数,戸,57500.0,57500
housing_stock,住宅ストック・空き家・持ち家,18000,福井県,pref,18,福井県,2008100000,2008年度,2008,00001|H1320,観測値|H1320_借家数,戸,54200.0,54200
housing_stock,住宅ストック・空き家・持ち家,18000,福井県,pref,18,福井県,2013100000,2013年度,2013,00001|H1320,観測値|H1320_借家数,戸,59000.0,59000
housing_stock,住宅ストック・空き家・持ち家,18000,福井県,pref,18,福井県,2018100000,2018年度,2018,00001|H1320,観測値|H1320_借家数,戸,63700.0,63700
housing_stock,住宅ストック・空き家・持ち家,18000,福井県,pref,18,福井県,2023100000,2023年度,2023,00001|H1320,観測値|H1320_借家数,戸,66500.0,66500
housing_stock,住宅ストック・空き家・持ち家,19000,山梨県,pref,19,山梨県,1978100000,1978年度,1978,00001|H1320,観測値|H1320_借家数,戸,54400.0,54400
housing_stock,住宅ストック・空き家・持ち家,19000,山梨県,pref,19,山梨県,1983100000,1983年度,1983,00001|H1320,観測値|H1320_借家数,戸,60400.0,60400
housing_stock,住宅ストック・空き家・持ち家,19000,山梨県,pref,19,山梨県,1988100000,1988年度,1988,00001|H1320,観測値|H1320_借家数,戸,66000.0,66000
housing_stock,住宅ストック・空き家・持ち家,19000,山梨県,pref,19,山梨県,1993100000,1993年度,1993,00001|H1320,観測値|H1320_借家数,戸,79700.0,79700
housing_stock,住宅ストック・空き家・持ち家,19000,山梨県,pref,19,山梨県,1998100000,1998年度,1998,00001|H1320,観測値|H1320_借家数,戸,95000.0,95000
housing_stock,住宅ストック・空き家・持ち家,19000,山梨県,pref,19,山梨県,2003100000,2003年度,2003,00001|H1320,観測値|H1320_借家数,戸,89800.0,89800
housing_stock,住宅ストック・空き家・持ち家,19000,山梨県,pref,19,山梨県,2008100000,2008年度,2008,00001|H1320,観測値|H1320_借家数,戸,90800.0,90800
housing_stock,住宅ストック・空き家・持ち家,19000,山梨県,pref,19,山梨県,2013100000,2013年度,2013,00001|H1320,観測値|H1320_借家数,戸,90600.0,90600
housing_stock,住宅ストック・空き家・持ち家,19000,山梨県,pref,19,山梨県,2018100000,2018年度,2018,00001|H1320,観測値|H1320_借家数,戸,88200.0,88200
housing_stock,住宅ストック・空き家・持ち家,19000,山梨県,pref,19,山梨県,2023100000,2023年度,2023,00001|H1320,観測値|H1320_借家数,戸,89000.0,89000
housing_stock,住宅ストック・空き家・持ち家,20000,長野県,pref,20,長野県,1978100000,1978年度,1978,00001|H1320,観測値|H1320_借家数,戸,129100.0,129100
housing_stock,住宅ストック・空き家・持ち家,20000,長野県,pref,20,長野県,1983100000,1983年度,1983,00001|H1320,観測値|H1320_借家数,戸,130600.0,130600
housing_stock,住宅ストック・空き家・持ち家,20000,長野県,pref,20,長野県,1988100000,1988年度,1988,00001|H1320,観測値|H1320_借家数,戸,147700.0,147700
housing_stock,住宅ストック・空き家・持ち家,20000,長野県,pref,20,長野県,1993100000,1993年度,1993,00001|H1320,観測値|H1320_借家数,戸,174800.0,174800
housing_stock,住宅ストック・空き家・持ち家,20000,長野県,pref,20,長野県,1998100000,1998年度,1998,00001|H1320,観測値|H1320_借家数,戸,198900.0,198900
housing_stock,住宅ストック・空き家・持ち家,20000,長野県,pref,20,長野県,2003100000,2003年度,2003,00001|H1320,観測値|H1320_借家数,戸,197600.0,197600
housing_stock,住宅ストック・空き家・持ち家,20000,長野県,pref,20,長野県,2008100000,2008年度,2008,00001|H1320,観測値|H1320_借家数,戸,201300.0,201300
housing_stock,住宅ストック・空き家・持ち家,20000,長野県,pref,20,長野県,2013100000,2013年度,2013,00001|H1320,観測値|H1320_借家数,戸,203800.0,203800
housing_stock,住宅ストック・空き家・持ち家,20000,長野県,pref,20,長野県,2018100000,2018年度,2018,00001|H1320,観測値|H1320_借家数,戸,215000.0,215000
housing_stock,住宅ストック・空き家・持ち家,20000,長野県,pref,20,長野県,2023100000,2023年度,2023,00001|H1320,観測値|H1320_借家数,戸,209600.0,209600
housing_stock,住宅ストック・空き家・持ち家,21000,岐阜県,pref,21,岐阜県,1978100000,1978年度,1978,00001|H1320,観測値|H1320_借家数,戸,121300.0,121300
housing_stock,住宅ストック・空き家・持ち家,21000,岐阜県,pref,21,岐阜県,1983100000,1983年度,1983,00001|H1320,観測値|H1320_借家数,戸,115100.0,115100
housing_stock,住宅ストック・空き家・持ち家,21000,岐阜県,pref,21,岐阜県,1988100000,1988年度,1988,00001|H1320,観測値|H1320_借家数,戸,133400.0,133400
housing_stock,住宅ストック・空き家・持ち家,21000,岐阜県,pref,21,岐阜県,1993100000,1993年度,1993,00001|H1320,観測値|H1320_借家数,戸,155700.0,155700
housing_stock,住宅ストック・空き家・持ち家,21000,岐阜県,pref,21,岐阜県,1998100000,1998年度,1998,00001|H1320,観測値|H1320_借家数,戸,166900.0,166900
housing_stock,住宅ストック・空き家・持ち家,21000,岐阜県,pref,21,岐阜県,2003100000,2003年度,2003,00001|H1320,観測値|H1320_借家数,戸,174400.0,174400
housing_stock,住宅ストック・空き家・持ち家,21000,岐阜県,pref,21,岐阜県,2008100000,2008年度,2008,00001|H1320,観測値|H1320_借家数,戸,177300.0,177300
housing_stock,住宅ストック・空き家・持ち家,21000,岐阜県,pref,21,岐阜県,2013100000,2013年度,2013,00001|H1320,観測値|H1320_借家数,戸,178600.0,178600
housing_stock,住宅ストック・空き家・持ち家,21000,岐阜県,pref,21,岐阜県,2018100000,2018年度,2018,00001|H1320,観測値|H1320_借家数,戸,174000.0,174000
housing_stock,住宅ストック・空き家・持ち家,21000,岐阜県,pref,21,岐阜県,2023100000,2023年度,2023,00001|H1320,観測値|H1320_借家数,戸,176800.0,176800
housing_stock,住宅ストック・空き家・持ち家,22000,静岡県,pref,22,静岡県,1978100000,1978年度,1978,00001|H1320,観測値|H1320_借家数,戸,271400.0,271400
housing_stock,住宅ストック・空き家・持ち家,22000,静岡県,pref,22,静岡県,1983100000,1983年度,1983,00001|H1320,観測値|H1320_借家数,戸,290200.0,290200
housing_stock,住宅ストック・空き家・持ち家,22000,静岡県,pref,22,静岡県,1988100000,1988年度,1988,00001|H1320,観測値|H1320_借家数,戸,319300.0,319300
housing_stock,住宅ストック・空き家・持ち家,22000,静岡県,pref,22,静岡県,1993100000,1993年度,1993,00001|H1320,観測値|H1320_借家数,戸,367100.0,367100
housing_stock,住宅ストック・空き家・持ち家,22000,静岡県,pref,22,静岡県,1998100000,1998年度,1998,00001|H1320,観測値|H1320_借家数,戸,410000.0,410000
housing_stock,住宅ストック・空き家・持ち家,22000,静岡県,pref,22,静岡県,2003100000,2003年度,2003,00001|H1320,観測値|H1320_借家数,戸,422000.0,422000
housing_stock,住宅ストック・空き家・持ち家,22000,静岡県,pref,22,静岡県,2008100000,2008年度,2008,00001|H1320,観測値|H1320_借家数,戸,452500.0,452500
housing_stock,住宅ストック・空き家・持ち家,22000,静岡県,pref,22,静岡県,2013100000,2013年度,2013,00001|H1320,観測値|H1320_借家数,戸,420200.0,420200
housing_stock,住宅ストック・空き家・持ち家,22000,静岡県,pref,22,静岡県,2018100000,2018年度,2018,00001|H1320,観測値|H1320_借家数,戸,428600.0,428600
housing_stock,住宅ストック・空き家・持ち家,22000,静岡県,pref,22,静岡県,2023100000,2023年度,2023,00001|H1320,観測値|H1320_借家数,戸,431400.0,431400
housing_stock,住宅ストック・空き家・持ち家,23000,愛知県,pref,23,愛知県,1978100000,1978年度,1978,00001|H1320,観測値|H1320_借家数,戸,699800.0,699800
housing_stock,住宅ストック・空き家・持ち家,23000,愛知県,pref,23,愛知県,1983100000,1983年度,1983,00001|H1320,観測値|H1320_借家数,戸,705400.0,705400
housing_stock,住宅ストック・空き家・持ち家,23000,愛知県,pref,23,愛知県,1988100000,1988年度,1988,00001|H1320,観測値|H1320_借家数,戸,753300.0,753300
housing_stock,住宅ストック・空き家・持ち家,23000,愛知県,pref,23,愛知県,1993100000,1993年度,1993,00001|H1320,観測値|H1320_借家数,戸,861700.0,861700
housing_stock,住宅ストック・空き家・持ち家,23000,愛知県,pref,23,愛知県,1998100000,1998年度,1998,00001|H1320,観測値|H1320_借家数,戸,935400.0,935400
housing_stock,住宅ストック・空き家・持ち家,23000,愛知県,pref,23,愛知県,2003100000,2003年度,2003,00001|H1320,観測値|H1320_借家数,戸,999900.0,999900
housing_stock,住宅ストック・空き家・持ち家,23000,愛知県,pref,23,愛知県,2008100000,2008年度,2008,00001|H1320,観測値|H1320_借家数,戸,1083000.0,1083000
housing_stock,住宅ストック・空き家・持ち家,23000,愛知県,pref,23,愛知県,2013100000,2013年度,2013,00001|H1320,観測値|H1320_借家数,戸,1160400.0,1160400
housing_stock,住宅ストック・空き家・持ち家,23000,愛知県,pref,23,愛知県,2018100000,2018年度,2018,00001|H1320,観測値|H1320_借家数,戸,1156800.0,1156800
housing_stock,住宅ストック・空き家・持ち家,23000,愛知県,pref,23,愛知県,2023100000,2023年度,2023,00001|H1320,観測値|H1320_借家数,戸,1162000.0,1162000
housing_stock,住宅ストック・空き家・持ち家,24000,三重県,pref,24,三重県,1978100000,1978年度,1978,00001|H1320,観測値|H1320_借家数,戸,99100.0,99100
housing_stock,住宅ストック・空き家・持ち家,24000,三重県,pref,24,三重県,1983100000,1983年度,1983,00001|H1320,観測値|H1320_借家数,戸,102000.0,102000
housing_stock,住宅ストック・空き家・持ち家,24000,三重県,pref,24,三重県,1988100000,1988年度,1988,00001|H1320,観測値|H1320_借家数,戸,101300.0,101300
housing_stock,住宅ストック・空き家・持ち家,24000,三重県,pref,24,三重県,1993100000,1993年度,1993,00001|H1320,観測値|H1320_借家数,戸,118400.0,118400
housing_stock,住宅ストック・空き家・持ち家,24000,三重県,pref,24,三重県,1998100000,1998年度,1998,00001|H1320,観測値|H1320_借家数,戸,135900.0,135900
housing_stock,住宅ストック・空き家・持ち家,24000,三重県,pref,24,三重県,2003100000,2003年度,2003,00001|H1320,観測値|H1320_借家数,戸,147300.0,147300
housing_stock,住宅ストック・空き家・持ち家,24000,三重県,pref,24,三重県,2008100000,2008年度,2008,00001|H1320,観測値|H1320_借家数,戸,160000.0,160000
housing_stock,住宅ストック・空き家・持ち家,24000,三重県,pref,24,三重県,2013100000,2013年度,2013,00001|H1320,観測値|H1320_借家数,戸,177900.0,177900
housing_stock,住宅ストック・空き家・持ち家,24000,三重県,pref,24,三重県,2018100000,2018年度,2018,00001|H1320,観測値|H1320_借家数,戸,184600.0,184600
housing_stock,住宅ストック・空き家・持ち家,24000,三重県,pref,24,三重県,2023100000,2023年度,2023,00001|H1320,観測値|H1320_借家数,戸,178400.0,178400
housing_stock,住宅ストック・空き家・持ち家,25000,滋賀県,pref,25,滋賀県,1978100000,1978年度,1978,00001|H1320,観測値|H1320_借家数,戸,55800.0,55800
housing_stock,住宅ストック・空き家・持ち家,25000,滋賀県,pref,25,滋賀県,1983100000,1983年度,1983,00001|H1320,観測値|H1320_借家数,戸,58600.0,58600
housing_stock,住宅ストック・空き家・持ち家,25000,滋賀県,pref,25,滋賀県,1988100000,1988年度,1988,00001|H1320,観測値|H1320_借家数,戸,67800.0,67800
housing_stock,住宅ストック・空き家・持ち家,25000,滋賀県,pref,25,滋賀県,1993100000,1993年度,1993,00001|H1320,観測値|H1320_借家数,戸,80000.0,80000
housing_stock,住宅ストック・空き家・持ち家,25000,滋賀県,pref,25,滋賀県,1998100000,1998年度,1998,00001|H1320,観測値|H1320_借家数,戸,100500.0,100500
housing_stock,住宅ストック・空き家・持ち家,25000,滋賀県,pref,25,滋賀県,2003100000,2003年度,2003,00001|H1320,観測値|H1320_借家数,戸,112800.0,112800
housing_stock,住宅ストック・空き家・持ち家,25000,滋賀県,pref,25,滋賀県,2008100000,2008年度,2008,00001|H1320,観測値|H1320_借家数,戸,133900.0,133900
housing_stock,住宅ストック・空き家・持ち家,25000,滋賀県,pref,25,滋賀県,2013100000,2013年度,2013,00001|H1320,観測値|H1320_借家数,戸,131200.0,131200
housing_stock,住宅ストック・空き家・持ち家,25000,滋賀県,pref,25,滋賀県,2018100000,2018年度,2018,00001|H1320,観測値|H1320_借家数,戸,140900.0,140900
housing_stock,住宅ストック・空き家・持ち家,25000,滋賀県,pref,25,滋賀県,2023100000,2023年度,2023,00001|H1320,観測値|H1320_借家数,戸,151000.0,151000
housing_stock,住宅ストック・空き家・持ち家,26000,京都府,pref,26,京都府,1978100000,1978年度,1978,00001|H1320,観測値|H1320_借家数,戸,275200.0,275200
housing_stock,住宅ストック・空き家・持ち家,26000,京都府,pref,26,京都府,1983100000,1983年度,1983,00001|H1320,観測値|H1320_借家数,戸,295200.0,295200
housing_stock,住宅ストック・空き家・持ち家,26000,京都府,pref,26,京都府,1988100000,1988年度,1988,00001|H1320,観測値|H1320_借家数,戸,316300.0,316300
housing_stock,住宅ストック・空き家・持ち家,26000,京都府,pref,26,京都府,1993100000,1993年度,1993,00001|H1320,観測値|H1320_借家数,戸,351200.0,351200
housing_stock,住宅ストック・空き家・持ち家,26000,京都府,pref,26,京都府,1998100000,1998年度,1998,00001|H1320,観測値|H1320_借家数,戸,372900.0,372900
housing_stock,住宅ストック・空き家・持ち家,26000,京都府,pref,26,京都府,2003100000,2003年度,2003,00001|H1320,観測値|H1320_借家数,戸,368300.0,368300
housing_stock,住宅ストック・空き家・持ち家,26000,京都府,pref,26,京都府,2008100000,2008年度,2008,00001|H1320,観測値|H1320_借家数,戸,378900.0,378900
housing_stock,住宅ストック・空き家・持ち家,26000,京都府,pref,26,京都府,2013100000,2013年度,2013,00001|H1320,観測値|H1320_借家数,戸,407600.0,407600
housing_stock,住宅ストック・空き家・持ち家,26000,京都府,pref,26,京都府,2018100000,2018年度,2018,00001|H1320,観測値|H1320_借家数,戸,401700.0,401700
housing_stock,住宅ストック・空き家・持ち家,26000,京都府,pref,26,京都府,2023100000,2023年度,2023,00001|H1320,観測値|H1320_借家数,戸,416200.0,416200
housing_stock,住宅ストック・空き家・持ち家,27000,大阪府,pref,27,大阪府,1978100000,1978年度,1978,00001|H1320,観測値|H1320_借家数,戸,1394600.0,1394600
housing_stock,住宅ストック・空き家・持ち家,27000,大阪府,pref,27,大阪府,1983100000,1983年度,1983,00001|H1320,観測値|H1320_借家数,戸,1324500.0,1324500
housing_stock,住宅ストック・空き家・持ち家,27000,大阪府,pref,27,大阪府,1988100000,1988年度,1988,00001|H1320,観測値|H1320_借家数,戸,1393100.0,1393100
housing_stock,住宅ストック・空き家・持ち家,27000,大阪府,pref,27,大阪府,1993100000,1993年度,1993,00001|H1320,観測値|H1320_借家数,戸,1523100.0,1523100
housing_stock,住宅ストック・空き家・持ち家,27000,大阪府,pref,27,大阪府,1998100000,1998年度,1998,00001|H1320,観測値|H1320_借家数,戸,1591900.0,1591900
housing_stock,住宅ストック・空き家・持ち家,27000,大阪府,pref,27,大阪府,2003100000,2003年度,2003,00001|H1320,観測値|H1320_借家数,戸,1567700.0,1567700
housing_stock,住宅ストック・空き家・持ち家,27000,大阪府,pref,27,大阪府,2008100000,2008年度,2008,00001|H1320,観測値|H1320_借家数,戸,1575100.0,1575100
housing_stock,住宅ストック・空き家・持ち家,27000,大阪府,pref,27,大阪府,2013100000,2013年度,2013,00001|H1320,観測値|H1320_借家数,戸,1654700.0,1654700
housing_stock,住宅ストック・空き家・持ち家,27000,大阪府,pref,27,大阪府,2018100000,2018年度,2018,00001|H1320,観測値|H1320_借家数,戸,1627400.0,1627400
housing_stock,住宅ストック・空き家・持ち家,27000,大阪府,pref,27,大阪府,2023100000,2023年度,2023,00001|H1320,観測値|H1320_借家数,戸,1718000.0,1718000
housing_stock,住宅ストック・空き家・持ち家,28000,兵庫県,pref,28,兵庫県,1978100000,1978年度,1978,00001|H1320,観測値|H1320_借家数,戸,636700.0,636700
housing_stock,住宅ストック・空き家・持ち家,28000,兵庫県,pref,28,兵庫県,1983100000,1983年度,1983,00001|H1320,観測値|H1320_借家数,戸,615600.0,615600
housing_stock,住宅ストック・空き家・持ち家,28000,兵庫県,pref,28,兵庫県,1988100000,1988年度,1988,00001|H1320,観測値|H1320_借家数,戸,624000.0,624000
housing_stock,住宅ストック・空き家・持ち家,28000,兵庫県,pref,28,兵庫県,1993100000,1993年度,1993,00001|H1320,観測値|H1320_借家数,戸,699500.0,699500
housing_stock,住宅ストック・空き家・持ち家,28000,兵庫県,pref,28,兵庫県,1998100000,1998年度,1998,00001|H1320,観測値|H1320_借家数,戸,709400.0,709400
housing_stock,住宅ストック・空き家・持ち家,28000,兵庫県,pref,28,兵庫県,2003100000,2003年度,2003,00001|H1320,観測値|H1320_借家数,戸,723500.0,723500
housing_stock,住宅ストック・空き家・持ち家,28000,兵庫県,pref,28,兵庫県,2008100000,2008年度,2008,00001|H1320,観測値|H1320_借家数,戸,723400.0,723400
housing_stock,住宅ストック・空き家・持ち家,28000,兵庫県,pref,28,兵庫県,2013100000,2013年度,2013,00001|H1320,観測値|H1320_借家数,戸,767200.0,767200
housing_stock,住宅ストック・空き家・持ち家,28000,兵庫県,pref,28,兵庫県,2018100000,2018年度,2018,00001|H1320,観測値|H1320_借家数,戸,755600.0,755600
housing_stock,住宅ストック・空き家・持ち家,28000,兵庫県,pref,28,兵庫県,2023100000,2023年度,2023,00001|H1320,観測値|H1320_借家数,戸,759900.0,759900
housing_stock,住宅ストック・空き家・持ち家,29000,奈良県,pref,29,奈良県,1978100000,1978年度,1978,00001|H1320,観測値|H1320_借家数,戸,99700.0,99700
housing_stock,住宅ストック・空き家・持ち家,29000,奈良県,pref,29,奈良県,1983100000,1983年度,1983,00001|H1320,観測値|H1320_借家数,戸,92700.0,92700
housing_stock,住宅ストック・空き家・持ち家,29000,奈良県,pref,29,奈良県,1988100000,1988年度,1988,00001|H1320,観測値|H1320_借家数,戸,98100.0,98100
housing_stock,住宅ストック・空き家・持ち家,29000,奈良県,pref,29,奈良県,1993100000,1993年度,1993,00001|H1320,観測値|H1320_借家数,戸,117400.0,117400
housing_stock,住宅ストック・空き家・持ち家,29000,奈良県,pref,29,奈良県,1998100000,1998年度,1998,00001|H1320,観測値|H1320_借家数,戸,127100.0,127100
housing_stock,住宅ストック・空き家・持ち家,29000,奈良県,pref,29,奈良県,2003100000,2003年度,2003,00001|H1320,観測値|H1320_借家数,戸,131100.0,131100
housing_stock,住宅ストック・空き家・持ち家,29000,奈良県,pref,29,奈良県,2008100000,2008年度,2008,00001|H1320,観測値|H1320_借家数,戸,125800.0,125800
housing_stock,住宅ストック・空き家・持ち家,29000,奈良県,pref,29,奈良県,2013100000,2013年度,2013,00001|H1320,観測値|H1320_借家数,戸,127500.0,127500
housing_stock,住宅ストック・空き家・持ち家,29000,奈良県,pref,29,奈良県,2018100000,2018年度,2018,00001|H1320,観測値|H1320_借家数,戸,127500.0,127500
housing_stock,住宅ストック・空き家・持ち家,29000,奈良県,pref,29,奈良県,2023100000,2023年度,2023,00001|H1320,観測値|H1320_借家数,戸,127800.0,127800
housing_stock,住宅ストック・空き家・持ち家,30000,和歌山県,pref,30,和歌山県,1978100000,1978年度,1978,00001|H1320,観測値|H1320_借家数,戸,100800.0,100800
housing_stock,住宅ストック・空き家・持ち家,30000,和歌山県,pref,30,和歌山県,1983100000,1983年度,1983,00001|H1320,観測値|H1320_借家数,戸,92900.0,92900
housing_stock,住宅ストック・空き家・持ち家,30000,和歌山県,pref,30,和歌山県,1988100000,1988年度,1988,00001|H1320,観測値|H1320_借家数,戸,99400.0,99400
housing_stock,住宅ストック・空き家・持ち家,30000,和歌山県,pref,30,和歌山県,1993100000,1993年度,1993,00001|H1320,観測値|H1320_借家数,戸,93300.0,93300
housing_stock,住宅ストック・空き家・持ち家,30000,和歌山県,pref,30,和歌山県,1998100000,1998年度,1998,00001|H1320,観測値|H1320_借家数,戸,97000.0,97000
housing_stock,住宅ストック・空き家・持ち家,30000,和歌山県,pref,30,和歌山県,2003100000,2003年度,2003,00001|H1320,観測値|H1320_借家数,戸,96000.0,96000
housing_stock,住宅ストック・空き家・持ち家,30000,和歌山県,pref,30,和歌山県,2008100000,2008年度,2008,00001|H1320,観測値|H1320_借家数,戸,98800.0,98800
housing_stock,住宅ストック・空き家・持ち家,30000,和歌山県,pref,30,和歌山県,2013100000,2013年度,2013,00001|H1320,観測値|H1320_借家数,戸,91700.0,91700
housing_stock,住宅ストック・空き家・持ち家,30000,和歌山県,pref,30,和歌山県,2018100000,2018年度,2018,00001|H1320,観測値|H1320_借家数,戸,95500.0,95500
housing_stock,住宅ストック・空き家・持ち家,30000,和歌山県,pref,30,和歌山県,2023100000,2023年度,2023,00001|H1320,観測値|H1320_借家数,戸,87300.0,87300
housing_stock,住宅ストック・空き家・持ち家,31000,鳥取県,pref,31,鳥取県,1978100000,1978年度,1978,00001|H1320,観測値|H1320_借家数,戸,36700.0,36700
housing_stock,住宅ストック・空き家・持ち家,31000,鳥取県,pref,31,鳥取県,1983100000,1983年度,1983,00001|H1320,観測値|H1320_借家数,戸,38400.0,38400
housing_stock,住宅ストック・空き家・持ち家,31000,鳥取県,pref,31,鳥取県,1988100000,1988年度,1988,00001|H1320,観測値|H1320_借家数,戸,42800.0,42800
housing_stock,住宅ストック・空き家・持ち家,31000,鳥取県,pref,31,鳥取県,1993100000,1993年度,1993,00001|H1320,観測値|H1320_借家数,戸,45900.0,45900
housing_stock,住宅ストック・空き家・持ち家,31000,鳥取県,pref,31,鳥取県,1998100000,1998年度,1998,00001|H1320,観測値|H1320_借家数,戸,51200.0,51200
housing_stock,住宅ストック・空き家・持ち家,31000,鳥取県,pref,31,鳥取県,2003100000,2003年度,2003,00001|H1320,観測値|H1320_借家数,戸,55900.0,55900
housing_stock,住宅ストック・空き家・持ち家,31000,鳥取県,pref,31,鳥取県,2008100000,2008年度,2008,00001|H1320,観測値|H1320_借家数,戸,59400.0,59400
housing_stock,住宅ストック・空き家・持ち家,31000,鳥取県,pref,31,鳥取県,2013100000,2013年度,2013,00001|H1320,観測値|H1320_借家数,戸,60800.0,60800
housing_stock,住宅ストック・空き家・持ち家,31000,鳥取県,pref,31,鳥取県,2018100000,2018年度,2018,00001|H1320,観測値|H1320_借家数,戸,62600.0,62600
housing_stock,住宅ストック・空き家・持ち家,31000,鳥取県,pref,31,鳥取県,2023100000,2023年度,2023,00001|H1320,観測値|H1320_借家数,戸,59300.0,59300
housing_stock,住宅ストック・空き家・持ち家,32000,島根県,pref,32,島根県,1978100000,1978年度,1978,00001|H1320,観測値|H1320_借家数,戸,44900.0,44900
housing_stock,住宅ストック・空き家・持ち家,32000,島根県,pref,32,島根県,1983100000,1983年度,1983,00001|H1320,観測値|H1320_借家数,戸,44200.0,44200
housing_stock,住宅ストック・空き家・持ち家,32000,島根県,pref,32,島根県,1988100000,1988年度,1988,00001|H1320,観測値|H1320_借家数,戸,50600.0,50600
housing_stock,住宅ストック・空き家・持ち家,32000,島根県,pref,32,島根県,1993100000,1993年度,1993,00001|H1320,観測値|H1320_借家数,戸,54100.0,54100
housing_stock,住宅ストック・空き家・持ち家,32000,島根県,pref,32,島根県,1998100000,1998年度,1998,00001|H1320,観測値|H1320_借家数,戸,69500.0,69500
housing_stock,住宅ストック・空き家・持ち家,32000,島根県,pref,32,島根県,2003100000,2003年度,2003,00001|H1320,観測値|H1320_借家数,戸,66400.0,66400
housing_stock,住宅ストック・空き家・持ち家,32000,島根県,pref,32,島根県,2008100000,2008年度,2008,00001|H1320,観測値|H1320_借家数,戸,65700.0,65700
housing_stock,住宅ストック・空き家・持ち家,32000,島根県,pref,32,島根県,2013100000,2013年度,2013,00001|H1320,観測値|H1320_借家数,戸,69300.0,69300
housing_stock,住宅ストック・空き家・持ち家,32000,島根県,pref,32,島根県,2018100000,2018年度,2018,00001|H1320,観測値|H1320_借家数,戸,75100.0,75100
housing_stock,住宅ストック・空き家・持ち家,32000,島根県,pref,32,島根県,2023100000,2023年度,2023,00001|H1320,観測値|H1320_借家数,戸,74100.0,74100
housing_stock,住宅ストック・空き家・持ち家,33000,岡山県,pref,33,岡山県,1978100000,1978年度,1978,00001|H1320,観測値|H1320_借家数,戸,150400.0,150400
housing_stock,住宅ストック・空き家・持ち家,33000,岡山県,pref,33,岡山県,1983100000,1983年度,1983,00001|H1320,観測値|H1320_借家数,戸,150500.0,150500
housing_stock,住宅ストック・空き家・持ち家,33000,岡山県,pref,33,岡山県,1988100000,1988年度,1988,00001|H1320,観測値|H1320_借家数,戸,170100.0,170100
housing_stock,住宅ストック・空き家・持ち家,33000,岡山県,pref,33,岡山県,1993100000,1993年度,1993,00001|H1320,観測値|H1320_借家数,戸,195800.0,195800
housing_stock,住宅ストック・空き家・持ち家,33000,岡山県,pref,33,岡山県,1998100000,1998年度,1998,00001|H1320,観測値|H1320_借家数,戸,212800.0,212800
housing_stock,住宅ストック・空き家・持ち家,33000,岡山県,pref,33,岡山県,2003100000,2003年度,2003,00001|H1320,観測値|H1320_借家数,戸,222700.0,222700
housing_stock,住宅ストック・空き家・持ち家,33000,岡山県,pref,33,岡山県,2008100000,2008年度,2008,00001|H1320,観測値|H1320_借家数,戸,233900.0,233900
housing_stock,住宅ストック・空き家・持ち家,33000,岡山県,pref,33,岡山県,2013100000,2013年度,2013,00001|H1320,観測値|H1320_借家数,戸,224200.0,224200
housing_stock,住宅ストック・空き家・持ち家,33000,岡山県,pref,33,岡山県,2018100000,2018年度,2018,00001|H1320,観測値|H1320_借家数,戸,243000.0,243000
housing_stock,住宅ストック・空き家・持ち家,33000,岡山県,pref,33,岡山県,2023100000,2023年度,2023,00001|H1320,観測値|H1320_借家数,戸,245700.0,245700
housing_stock,住宅ストック・空き家・持ち家,34000,広島県,pref,34,広島県,1978100000,1978年度,1978,00001|H1320,観測値|H1320_借家数,戸,319500.0,319500
housing_stock,住宅ストック・空き家・持ち家,34000,広島県,pref,34,広島県,1983100000,1983年度,1983,00001|H1320,観測値|H1320_借家数,戸,330000.0,330000
housing_stock,住宅ストック・空き家・持ち家,34000,広島県,pref,34,広島県,1988100000,1988年度,1988,00001|H1320,観測値|H1320_借家数,戸,343500.0,343500
housing_stock,住宅ストック・空き家・持ち家,34000,広島県,pref,34,広島県,1993100000,1993年度,1993,00001|H1320,観測値|H1320_借家数,戸,380500.0,380500
housing_stock,住宅ストック・空き家・持ち家,34000,広島県,pref,34,広島県,1998100000,1998年度,1998,00001|H1320,観測値|H1320_借家数,戸,397800.0,397800
housing_stock,住宅ストック・空き家・持ち家,34000,広島県,pref,34,広島県,2003100000,2003年度,2003,00001|H1320,観測値|H1320_借家数,戸,415300.0,415300
housing_stock,住宅ストック・空き家・持ち家,34000,広島県,pref,34,広島県,2008100000,2008年度,2008,00001|H1320,観測値|H1320_借家数,戸,429900.0,429900
housing_stock,住宅ストック・空き家・持ち家,34000,広島県,pref,34,広島県,2013100000,2013年度,2013,00001|H1320,観測値|H1320_借家数,戸,413100.0,413100
housing_stock,住宅ストック・空き家・持ち家,34000,広島県,pref,34,広島県,2018100000,2018年度,2018,00001|H1320,観測値|H1320_借家数,戸,431800.0,431800
housing_stock,住宅ストック・空き家・持ち家,34000,広島県,pref,34,広島県,2023100000,2023年度,2023,00001|H1320,観測値|H1320_借家数,戸,424900.0,424900
housing_stock,住宅ストック・空き家・持ち家,35000,山口県,pref,35,山口県,1978100000,1978年度,1978,00001|H1320,観測値|H1320_借家数,戸,158500.0,158500
housing_stock,住宅ストック・空き家・持ち家,35000,山口県,pref,35,山口県,1983100000,1983年度,1983,00001|H1320,観測値|H1320_借家数,戸,159100.0,159100
housing_stock,住宅ストック・空き家・持ち家,35000,山口県,pref,35,山口県,1988100000,1988年度,1988,00001|H1320,観測値|H1320_借家数,戸,173700.0,173700
housing_stock,住宅ストック・空き家・持ち家,35000,山口県,pref,35,山口県,1993100000,1993年度,1993,00001|H1320,観測値|H1320_借家数,戸,176700.0,176700
housing_stock,住宅ストック・空き家・持ち家,35000,山口県,pref,35,山口県,1998100000,1998年度,1998,00001|H1320,観測値|H1320_借家数,戸,187200.0,187200
housing_stock,住宅ストック・空き家・持ち家,35000,山口県,pref,35,山口県,2003100000,2003年度,2003,00001|H1320,観測値|H1320_借家数,戸,188200.0,188200
housing_stock,住宅ストック・空き家・持ち家,35000,山口県,pref,35,山口県,2008100000,2008年度,2008,00001|H1320,観測値|H1320_借家数,戸,188600.0,188600
housing_stock,住宅ストック・空き家・持ち家,35000,山口県,pref,35,山口県,2013100000,2013年度,2013,00001|H1320,観測値|H1320_借家数,戸,185000.0,185000
housing_stock,住宅ストック・空き家・持ち家,35000,山口県,pref,35,山口県,2018100000,2018年度,2018,00001|H1320,観測値|H1320_借家数,戸,179900.0,179900
housing_stock,住宅ストック・空き家・持ち家,35000,山口県,pref,35,山口県,2023100000,2023年度,2023,00001|H1320,観測値|H1320_借家数,戸,174900.0,174900
housing_stock,住宅ストック・空き家・持ち家,36000,徳島県,pref,36,徳島県,1978100000,1978年度,1978,00001|H1320,観測値|H1320_借家数,戸,59200.0,59200
housing_stock,住宅ストック・空き家・持ち家,36000,徳島県,pref,36,徳島県,1983100000,1983年度,1983,00001|H1320,観測値|H1320_借家数,戸,66100.0,66100
housing_stock,住宅ストック・空き家・持ち家,36000,徳島県,pref,36,徳島県,1988100000,1988年度,1988,00001|H1320,観測値|H1320_借家数,戸,66200.0,66200
housing_stock,住宅ストック・空き家・持ち家,36000,徳島県,pref,36,徳島県,1993100000,1993年度,1993,00001|H1320,観測値|H1320_借家数,戸,76200.0,76200
housing_stock,住宅ストック・空き家・持ち家,36000,徳島県,pref,36,徳島県,1998100000,1998年度,1998,00001|H1320,観測値|H1320_借家数,戸,80500.0,80500
housing_stock,住宅ストック・空き家・持ち家,36000,徳島県,pref,36,徳島県,2003100000,2003年度,2003,00001|H1320,観測値|H1320_借家数,戸,80400.0,80400
housing_stock,住宅ストック・空き家・持ち家,36000,徳島県,pref,36,徳島県,2008100000,2008年度,2008,00001|H1320,観測値|H1320_借家数,戸,88100.0,88100
housing_stock,住宅ストック・空き家・持ち家,36000,徳島県,pref,36,徳島県,2013100000,2013年度,2013,00001|H1320,観測値|H1320_借家数,戸,80000.0,80000
housing_stock,住宅ストック・空き家・持ち家,36000,徳島県,pref,36,徳島県,2018100000,2018年度,2018,00001|H1320,観測値|H1320_借家数,戸,84500.0,84500
housing_stock,住宅ストック・空き家・持ち家,36000,徳島県,pref,36,徳島県,2023100000,2023年度,2023,00001|H1320,観測値|H1320_借家数,戸,80500.0,80500
housing_stock,住宅ストック・空き家・持ち家,37000,香川県,pref,37,香川県,1978100000,1978年度,1978,00001|H1320,観測値|H1320_借家数,戸,74700.0,74700
housing_stock,住宅ストック・空き家・持ち家,37000,香川県,pref,37,香川県,1983100000,1983年度,1983,00001|H1320,観測値|H1320_借家数,戸,83200.0,83200
housing_stock,住宅ストック・空き家・持ち家,37000,香川県,pref,37,香川県,1988100000,1988年度,1988,00001|H1320,観測値|H1320_借家数,戸,86200.0,86200
housing_stock,住宅ストック・空き家・持ち家,37000,香川県,pref,37,香川県,1993100000,1993年度,1993,00001|H1320,観測値|H1320_借家数,戸,92700.0,92700
housing_stock,住宅ストック・空き家・持ち家,37000,香川県,pref,37,香川県,1998100000,1998年度,1998,00001|H1320,観測値|H1320_借家数,戸,102900.0,102900
housing_stock,住宅ストック・空き家・持ち家,37000,香川県,pref,37,香川県,2003100000,2003年度,2003,00001|H1320,観測値|H1320_借家数,戸,103100.0,103100
housing_stock,住宅ストック・空き家・持ち家,37000,香川県,pref,37,香川県,2008100000,2008年度,2008,00001|H1320,観測値|H1320_借家数,戸,102700.0,102700
housing_stock,住宅ストック・空き家・持ち家,37000,香川県,pref,37,香川県,2013100000,2013年度,2013,00001|H1320,観測値|H1320_借家数,戸,106900.0,106900
housing_stock,住宅ストック・空き家・持ち家,37000,香川県,pref,37,香川県,2018100000,2018年度,2018,00001|H1320,観測値|H1320_借家数,戸,115200.0,115200
housing_stock,住宅ストック・空き家・持ち家,37000,香川県,pref,37,香川県,2023100000,2023年度,2023,00001|H1320,観測値|H1320_借家数,戸,107900.0,107900
housing_stock,住宅ストック・空き家・持ち家,38000,愛媛県,pref,38,愛媛県,1978100000,1978年度,1978,00001|H1320,観測値|H1320_借家数,戸,134000.0,134000
housing_stock,住宅ストック・空き家・持ち家,38000,愛媛県,pref,38,愛媛県,1983100000,1983年度,1983,00001|H1320,観測値|H1320_借家数,戸,145300.0,145300
housing_stock,住宅ストック・空き家・持ち家,38000,愛媛県,pref,38,愛媛県,1988100000,1988年度,1988,00001|H1320,観測値|H1320_借家数,戸,158700.0,158700
housing_stock,住宅ストック・空き家・持ち家,38000,愛媛県,pref,38,愛媛県,1993100000,1993年度,1993,00001|H1320,観測値|H1320_借家数,戸,172100.0,172100
housing_stock,住宅ストック・空き家・持ち家,38000,愛媛県,pref,38,愛媛県,1998100000,1998年度,1998,00001|H1320,観測値|H1320_借家数,戸,184300.0,184300
housing_stock,住宅ストック・空き家・持ち家,38000,愛媛県,pref,38,愛媛県,2003100000,2003年度,2003,00001|H1320,観測値|H1320_借家数,戸,183300.0,183300
housing_stock,住宅ストック・空き家・持ち家,38000,愛媛県,pref,38,愛媛県,2008100000,2008年度,2008,00001|H1320,観測値|H1320_借家数,戸,186500.0,186500
housing_stock,住宅ストック・空き家・持ち家,38000,愛媛県,pref,38,愛媛県,2013100000,2013年度,2013,00001|H1320,観測値|H1320_借家数,戸,185400.0,185400
housing_stock,住宅ストック・空き家・持ち家,38000,愛媛県,pref,38,愛媛県,2018100000,2018年度,2018,00001|H1320,観測値|H1320_借家数,戸,182800.0,182800
housing_stock,住宅ストック・空き家・持ち家,38000,愛媛県,pref,38,愛媛県,2023100000,2023年度,2023,00001|H1320,観測値|H1320_借家数,戸,181600.0,181600
housing_stock,住宅ストック・空き家・持ち家,39000,高知県,pref,39,高知県,1978100000,1978年度,1978,00001|H1320,観測値|H1320_借家数,戸,78900.0,78900
housing_stock,住宅ストック・空き家・持ち家,39000,高知県,pref,39,高知県,1983100000,1983年度,1983,00001|H1320,観測値|H1320_借家数,戸,81500.0,81500
housing_stock,住宅ストック・空き家・持ち家,39000,高知県,pref,39,高知県,1988100000,1988年度,1988,00001|H1320,観測値|H1320_借家数,戸,89500.0,89500
housing_stock,住宅ストック・空き家・持ち家,39000,高知県,pref,39,高知県,1993100000,1993年度,1993,00001|H1320,観測値|H1320_借家数,戸,87800.0,87800
housing_stock,住宅ストック・空き家・持ち家,39000,高知県,pref,39,高知県,1998100000,1998年度,1998,00001|H1320,観測値|H1320_借家数,戸,92700.0,92700
housing_stock,住宅ストック・空き家・持ち家,39000,高知県,pref,39,高知県,2003100000,2003年度,2003,00001|H1320,観測値|H1320_借家数,戸,107800.0,107800
housing_stock,住宅ストック・空き家・持ち家,39000,高知県,pref,39,高知県,2008100000,2008年度,2008,00001|H1320,観測値|H1320_借家数,戸,98100.0,98100
housing_stock,住宅ストック・空き家・持ち家,39000,高知県,pref,39,高知県,2013100000,2013年度,2013,00001|H1320,観測値|H1320_借家数,戸,104300.0,104300
housing_stock,住宅ストック・空き家・持ち家,39000,高知県,pref,39,高知県,2018100000,2018年度,2018,00001|H1320,観測値|H1320_借家数,戸,100200.0,100200
housing_stock,住宅ストック・空き家・持ち家,39000,高知県,pref,39,高知県,2023100000,2023年度,2023,00001|H1320,観測値|H1320_借家数,戸,95900.0,95900
housing_stock,住宅ストック・空き家・持ち家,40000,福岡県,pref,40,福岡県,1978100000,1978年度,1978,00001|H1320,観測値|H1320_借家数,戸,588200.0,588200
housing_stock,住宅ストック・空き家・持ち家,40000,福岡県,pref,40,福岡県,1983100000,1983年度,1983,00001|H1320,観測値|H1320_借家数,戸,626500.0,626500
housing_stock,住宅ストック・空き家・持ち家,40000,福岡県,pref,40,福岡県,1988100000,1988年度,1988,00001|H1320,観測値|H1320_借家数,戸,657200.0,657200
housing_stock,住宅ストック・空き家・持ち家,40000,福岡県,pref,40,福岡県,1993100000,1993年度,1993,00001|H1320,観測値|H1320_借家数,戸,732800.0,732800
housing_stock,住宅ストック・空き家・持ち家,40000,福岡県,pref,40,福岡県,1998100000,1998年度,1998,00001|H1320,観測値|H1320_借家数,戸,780300.0,780300
housing_stock,住宅ストック・空き家・持ち家,40000,福岡県,pref,40,福岡県,2003100000,2003年度,2003,00001|H1320,観測値|H1320_借家数,戸,850600.0,850600
housing_stock,住宅ストック・空き家・持ち家,40000,福岡県,pref,40,福岡県,2008100000,2008年度,2008,00001|H1320,観測値|H1320_借家数,戸,879600.0,879600
housing_stock,住宅ストック・空き家・持ち家,40000,福岡県,pref,40,福岡県,2013100000,2013年度,2013,00001|H1320,観測値|H1320_借家数,戸,963700.0,963700
housing_stock,住宅ストック・空き家・持ち家,40000,福岡県,pref,40,福岡県,2018100000,2018年度,2018,00001|H1320,観測値|H1320_借家数,戸,993400.0,993400
housing_stock,住宅ストック・空き家・持ち家,40000,福岡県,pref,40,福岡県,2023100000,2023年度,2023,00001|H1320,観測値|H1320_借家数,戸,1030900.0,1030900
housing_stock,住宅ストック・空き家・持ち家,41000,佐賀県,pref,41,佐賀県,1978100000,1978年度,1978,00001|H1320,観測値|H1320_借家数,戸,51600.0,51600
housing_stock,住宅ストック・空き家・持ち家,41000,佐賀県,pref,41,佐賀県,1983100000,1983年度,1983,00001|H1320,観測値|H1320_借家数,戸,53400.0,53400
housing_stock,住宅ストック・空き家・持ち家,41000,佐賀県,pref,41,佐賀県,1988100000,1988年度,1988,00001|H1320,観測値|H1320_借家数,戸,63000.0,63000
housing_stock,住宅ストック・空き家・持ち家,41000,佐賀県,pref,41,佐賀県,1993100000,1993年度,1993,00001|H1320,観測値|H1320_借家数,戸,68500.0,68500
housing_stock,住宅ストック・空き家・持ち家,41000,佐賀県,pref,41,佐賀県,1998100000,1998年度,1998,00001|H1320,観測値|H1320_借家数,戸,81900.0,81900
housing_stock,住宅ストック・空き家・持ち家,41000,佐賀県,pref,41,佐賀県,2003100000,2003年度,2003,00001|H1320,観測値|H1320_借家数,戸,78100.0,78100
housing_stock,住宅ストック・空き家・持ち家,41000,佐賀県,pref,41,佐賀県,2008100000,2008年度,2008,00001|H1320,観測値|H1320_借家数,戸,85600.0,85600
housing_stock,住宅ストック・空き家・持ち家,41000,佐賀県,pref,41,佐賀県,2013100000,2013年度,2013,00001|H1320,観測値|H1320_借家数,戸,84500.0,84500
housing_stock,住宅ストック・空き家・持ち家,41000,佐賀県,pref,41,佐賀県,2018100000,2018年度,2018,00001|H1320,観測値|H1320_借家数,戸,93800.0,93800
housing_stock,住宅ストック・空き家・持ち家,41000,佐賀県,pref,41,佐賀県,2023100000,2023年度,2023,00001|H1320,観測値|H1320_借家数,戸,91300.0,91300
housing_stock,住宅ストック・空き家・持ち家,42000,長崎県,pref,42,長崎県,1978100000,1978年度,1978,00001|H1320,観測値|H1320_借家数,戸,147000.0,147000
housing_stock,住宅ストック・空き家・持ち家,42000,長崎県,pref,42,長崎県,1983100000,1983年度,1983,00001|H1320,観測値|H1320_借家数,戸,156500.0,156500
housing_stock,住宅ストック・空き家・持ち家,42000,長崎県,pref,42,長崎県,1988100000,1988年度,1988,00001|H1320,観測値|H1320_借家数,戸,153700.0,153700
housing_stock,住宅ストック・空き家・持ち家,42000,長崎県,pref,42,長崎県,1993100000,1993年度,1993,00001|H1320,観測値|H1320_借家数,戸,169100.0,169100
housing_stock,住宅ストック・空き家・持ち家,42000,長崎県,pref,42,長崎県,1998100000,1998年度,1998,00001|H1320,観測値|H1320_借家数,戸,171600.0,171600
housing_stock,住宅ストック・空き家・持ち家,42000,長崎県,pref,42,長崎県,2003100000,2003年度,2003,00001|H1320,観測値|H1320_借家数,戸,180800.0,180800
housing_stock,住宅ストック・空き家・持ち家,42000,長崎県,pref,42,長崎県,2008100000,2008年度,2008,00001|H1320,観測値|H1320_借家数,戸,178600.0,178600
housing_stock,住宅ストック・空き家・持ち家,42000,長崎県,pref,42,長崎県,2013100000,2013年度,2013,00001|H1320,観測値|H1320_借家数,戸,187400.0,187400
housing_stock,住宅ストック・空き家・持ち家,42000,長崎県,pref,42,長崎県,2018100000,2018年度,2018,00001|H1320,観測値|H1320_借家数,戸,189700.0,189700
housing_stock,住宅ストック・空き家・持ち家,42000,長崎県,pref,42,長崎県,2023100000,2023年度,2023,00001|H1320,観測値|H1320_借家数,戸,176300.0,176300
housing_stock,住宅ストック・空き家・持ち家,43000,熊本県,pref,43,熊本県,1978100000,1978年度,1978,00001|H1320,観測値|H1320_借家数,戸,147100.0,147100
housing_stock,住宅ストック・空き家・持ち家,43000,熊本県,pref,43,熊本県,1983100000,1983年度,1983,00001|H1320,観測値|H1320_借家数,戸,152600.0,152600
housing_stock,住宅ストック・空き家・持ち家,43000,熊本県,pref,43,熊本県,1988100000,1988年度,1988,00001|H1320,観測値|H1320_借家数,戸,185000.0,185000
housing_stock,住宅ストック・空き家・持ち家,43000,熊本県,pref,43,熊本県,1993100000,1993年度,1993,00001|H1320,観測値|H1320_借家数,戸,188300.0,188300
housing_stock,住宅ストック・空き家・持ち家,43000,熊本県,pref,43,熊本県,1998100000,1998年度,1998,00001|H1320,観測値|H1320_借家数,戸,204200.0,204200
housing_stock,住宅ストック・空き家・持ち家,43000,熊本県,pref,43,熊本県,2003100000,2003年度,2003,00001|H1320,観測値|H1320_借家数,戸,225300.0,225300
housing_stock,住宅ストック・空き家・持ち家,43000,熊本県,pref,43,熊本県,2008100000,2008年度,2008,00001|H1320,観測値|H1320_借家数,戸,227800.0,227800
housing_stock,住宅ストック・空き家・持ち家,43000,熊本県,pref,43,熊本県,2013100000,2013年度,2013,00001|H1320,観測値|H1320_借家数,戸,237500.0,237500
housing_stock,住宅ストック・空き家・持ち家,43000,熊本県,pref,43,熊本県,2018100000,2018年度,2018,00001|H1320,観測値|H1320_借家数,戸,240600.0,240600
housing_stock,住宅ストック・空き家・持ち家,43000,熊本県,pref,43,熊本県,2023100000,2023年度,2023,00001|H1320,観測値|H1320_借家数,戸,244100.0,244100
housing_stock,住宅ストック・空き家・持ち家,44000,大分県,pref,44,大分県,1978100000,1978年度,1978,00001|H1320,観測値|H1320_借家数,戸,119800.0,119800
housing_stock,住宅ストック・空き家・持ち家,44000,大分県,pref,44,大分県,1983100000,1983年度,1983,00001|H1320,観測値|H1320_借家数,戸,119700.0,119700
housing_stock,住宅ストック・空き家・持ち家,44000,大分県,pref,44,大分県,1988100000,1988年度,1988,00001|H1320,観測値|H1320_借家数,戸,134000.0,134000
housing_stock,住宅ストック・空き家・持ち家,44000,大分県,pref,44,大分県,1993100000,1993年度,1993,00001|H1320,観測値|H1320_借家数,戸,143000.0,143000
housing_stock,住宅ストック・空き家・持ち家,44000,大分県,pref,44,大分県,1998100000,1998年度,1998,00001|H1320,観測値|H1320_借家数,戸,151300.0,151300
housing_stock,住宅ストック・空き家・持ち家,44000,大分県,pref,44,大分県,2003100000,2003年度,2003,00001|H1320,観測値|H1320_借家数,戸,161000.0,161000
housing_stock,住宅ストック・空き家・持ち家,44000,大分県,pref,44,大分県,2008100000,2008年度,2008,00001|H1320,観測値|H1320_借家数,戸,171100.0,171100
housing_stock,住宅ストック・空き家・持ち家,44000,大分県,pref,44,大分県,2013100000,2013年度,2013,00001|H1320,観測値|H1320_借家数,戸,168900.0,168900
housing_stock,住宅ストック・空き家・持ち家,44000,大分県,pref,44,大分県,2018100000,2018年度,2018,00001|H1320,観測値|H1320_借家数,戸,163700.0,163700
housing_stock,住宅ストック・空き家・持ち家,44000,大分県,pref,44,大分県,2023100000,2023年度,2023,00001|H1320,観測値|H1320_借家数,戸,163300.0,163300
housing_stock,住宅ストック・空き家・持ち家,45000,宮崎県,pref,45,宮崎県,1978100000,1978年度,1978,00001|H1320,観測値|H1320_借家数,戸,94400.0,94400
housing_stock,住宅ストック・空き家・持ち家,45000,宮崎県,pref,45,宮崎県,1983100000,1983年度,1983,00001|H1320,観測値|H1320_借家数,戸,108100.0,108100
housing_stock,住宅ストック・空き家・持ち家,45000,宮崎県,pref,45,宮崎県,1988100000,1988年度,1988,00001|H1320,観測値|H1320_借家数,戸,113000.0,113000
housing_stock,住宅ストック・空き家・持ち家,45000,宮崎県,pref,45,宮崎県,1993100000,1993年度,1993,00001|H1320,観測値|H1320_借家数,戸,122000.0,122000
housing_stock,住宅ストック・空き家・持ち家,45000,宮崎県,pref,45,宮崎県,1998100000,1998年度,1998,00001|H1320,観測値|H1320_借家数,戸,131500.0,131500
housing_stock,住宅ストック・空き家・持ち家,45000,宮崎県,pref,45,宮崎県,2003100000,2003年度,2003,00001|H1320,観測値|H1320_借家数,戸,141500.0,141500
housing_stock,住宅ストック・空き家・持ち家,45000,宮崎県,pref,45,宮崎県,2008100000,2008年度,2008,00001|H1320,観測値|H1320_借家数,戸,145500.0,145500
housing_stock,住宅ストック・空き家・持ち家,45000,宮崎県,pref,45,宮崎県,2013100000,2013年度,2013,00001|H1320,観測値|H1320_借家数,戸,144700.0,144700
housing_stock,住宅ストック・空き家・持ち家,45000,宮崎県,pref,45,宮崎県,2018100000,2018年度,2018,00001|H1320,観測値|H1320_借家数,戸,151500.0,151500
housing_stock,住宅ストック・空き家・持ち家,45000,宮崎県,pref,45,宮崎県,2023100000,2023年度,2023,00001|H1320,観測値|H1320_借家数,戸,146700.0,146700
housing_stock,住宅ストック・空き家・持ち家,46000,鹿児島県,pref,46,鹿児島県,1978100000,1978年度,1978,00001|H1320,観測値|H1320_借家数,戸,153000.0,153000
housing_stock,住宅ストック・空き家・持ち家,46000,鹿児島県,pref,46,鹿児島県,1983100000,1983年度,1983,00001|H1320,観測値|H1320_借家数,戸,173700.0,173700
housing_stock,住宅ストック・空き家・持ち家,46000,鹿児島県,pref,46,鹿児島県,1988100000,1988年度,1988,00001|H1320,観測値|H1320_借家数,戸,196500.0,196500
housing_stock,住宅ストック・空き家・持ち家,46000,鹿児島県,pref,46,鹿児島県,1993100000,1993年度,1993,00001|H1320,観測値|H1320_借家数,戸,201200.0,201200
housing_stock,住宅ストック・空き家・持ち家,46000,鹿児島県,pref,46,鹿児島県,1998100000,1998年度,1998,00001|H1320,観測値|H1320_借家数,戸,219900.0,219900
housing_stock,住宅ストック・空き家・持ち家,46000,鹿児島県,pref,46,鹿児島県,2003100000,2003年度,2003,00001|H1320,観測値|H1320_借家数,戸,223900.0,223900
housing_stock,住宅ストック・空き家・持ち家,46000,鹿児島県,pref,46,鹿児島県,2008100000,2008年度,2008,00001|H1320,観測値|H1320_借家数,戸,237900.0,237900
housing_stock,住宅ストック・空き家・持ち家,46000,鹿児島県,pref,46,鹿児島県,2013100000,2013年度,2013,00001|H1320,観測値|H1320_借家数,戸,239600.0,239600
housing_stock,住宅ストック・空き家・持ち家,46000,鹿児島県,pref,46,鹿児島県,2018100000,2018年度,2018,00001|H1320,観測値|H1320_借家数,戸,239800.0,239800
housing_stock,住宅ストック・空き家・持ち家,46000,鹿児島県,pref,46,鹿児島県,2023100000,2023年度,2023,00001|H1320,観測値|H1320_借家数,戸,242200.0,242200
housing_stock,住宅ストック・空き家・持ち家,47000,沖縄県,pref,47,沖縄県,1978100000,1978年度,1978,00001|H1320,観測値|H1320_借家数,戸,101200.0,101200
housing_stock,住宅ストック・空き家・持ち家,47000,沖縄県,pref,47,沖縄県,1983100000,1983年度,1983,00001|H1320,観測値|H1320_借家数,戸,125600.0,125600
housing_stock,住宅ストック・空き家・持ち家,47000,沖縄県,pref,47,沖縄県,1988100000,1988年度,1988,00001|H1320,観測値|H1320_借家数,戸,146500.0,146500
housing_stock,住宅ストック・空き家・持ち家,47000,沖縄県,pref,47,沖縄県,1993100000,1993年度,1993,00001|H1320,観測値|H1320_借家数,戸,166200.0,166200
housing_stock,住宅ストック・空き家・持ち家,47000,沖縄県,pref,47,沖縄県,1998100000,1998年度,1998,00001|H1320,観測値|H1320_借家数,戸,180200.0,180200
housing_stock,住宅ストック・空き家・持ち家,47000,沖縄県,pref,47,沖縄県,2003100000,2003年度,2003,00001|H1320,観測値|H1320_借家数,戸,216400.0,216400
housing_stock,住宅ストック・空き家・持ち家,47000,沖縄県,pref,47,沖縄県,2008100000,2008年度,2008,00001|H1320,観測値|H1320_借家数,戸,245700.0,245700
housing_stock,住宅ストック・空き家・持ち家,47000,沖縄県,pref,47,沖縄県,2013100000,2013年度,2013,00001|H1320,観測値|H1320_借家数,戸,267500.0,267500
housing_stock,住宅ストック・空き家・持ち家,47000,沖縄県,pref,47,沖縄県,2018100000,2018年度,2018,00001|H1320,観測値|H1320_借家数,戸,285900.0,285900
housing_stock,住宅ストック・空き家・持ち家,47000,沖縄県,pref,47,沖縄県,2023100000,2023年度,2023,00001|H1320,観測値|H1320_借家数,戸,317800.0,317800
housing_stock,住宅ストック・空き家・持ち家,00000,全国,national,,,1978100000,1978年度,1978,00001|H1401,観測値|H1401_一戸建住宅数,戸,20962000.0,20962000
housing_stock,住宅ストック・空き家・持ち家,00000,全国,national,,,1983100000,1983年度,1983,00001|H1401,観測値|H1401_一戸建住宅数,戸,22306200.0,22306200
housing_stock,住宅ストック・空き家・持ち家,00000,全国,national,,,1988100000,1988年度,1988,00001|H1401,観測値|H1401_一戸建住宅数,戸,23311200.0,23311200
housing_stock,住宅ストック・空き家・持ち家,00000,全国,national,,,1993100000,1993年度,1993,00001|H1401,観測値|H1401_一戸建住宅数,戸,24140900.0,24140900
housing_stock,住宅ストック・空き家・持ち家,00000,全国,national,,,1998100000,1998年度,1998,00001|H1401,観測値|H1401_一戸建住宅数,戸,25269400.0,25269400
housing_stock,住宅ストック・空き家・持ち家,00000,全国,national,,,2003100000,2003年度,2003,00001|H1401,観測値|H1401_一戸建住宅数,戸,26491200.0,26491200
housing_stock,住宅ストック・空き家・持ち家,00000,全国,national,,,2008100000,2008年度,2008,00001|H1401,観測値|H1401_一戸建住宅数,戸,27450200.0,27450200
housing_stock,住宅ストック・空き家・持ち家,00000,全国,national,,,2013100000,2013年度,2013,00001|H1401,観測値|H1401_一戸建住宅数,戸,28598700.0,28598700
housing_stock,住宅ストック・空き家・持ち家,00000,全国,national,,,2018100000,2018年度,2018,00001|H1401,観測値|H1401_一戸建住宅数,戸,28758600.0,28758600
housing_stock,住宅ストック・空き家・持ち家,00000,全国,national,,,2023100000,2023年度,2023,00001|H1401,観測値|H1401_一戸建住宅数,戸,29319400.0,29319400
housing_stock,住宅ストック・空き家・持ち家,01000,北海道,pref,01,北海道,1978100000,1978年度,1978,00001|H1401,観測値|H1401_一戸建住宅数,戸,914800.0,914800
housing_stock,住宅ストック・空き家・持ち家,01000,北海道,pref,01,北海道,1983100000,1983年度,1983,00001|H1401,観測値|H1401_一戸建住宅数,戸,1004700.0,1004700
housing_stock,住宅ストック・空き家・持ち家,01000,北海道,pref,01,北海道,1988100000,1988年度,1988,00001|H1401,観測値|H1401_一戸建住宅数,戸,1056400.0,1056400
housing_stock,住宅ストック・空き家・持ち家,01000,北海道,pref,01,北海道,1993100000,1993年度,1993,00001|H1401,観測値|H1401_一戸建住宅数,戸,1122200.0,1122200
housing_stock,住宅ストック・空き家・持ち家,01000,北海道,pref,01,北海道,1998100000,1998年度,1998,00001|H1401,観測値|H1401_一戸建住宅数,戸,1174600.0,1174600
housing_stock,住宅ストック・空き家・持ち家,01000,北海道,pref,01,北海道,2003100000,2003年度,2003,00001|H1401,観測値|H1401_一戸建住宅数,戸,1220000.0,1220000
housing_stock,住宅ストック・空き家・持ち家,01000,北海道,pref,01,北海道,2008100000,2008年度,2008,00001|H1401,観測値|H1401_一戸建住宅数,戸,1249000.0,1249000
housing_stock,住宅ストック・空き家・持ち家,01000,北海道,pref,01,北海道,2013100000,2013年度,2013,00001|H1401,観測値|H1401_一戸建住宅数,戸,1252700.0,1252700
housing_stock,住宅ストック・空き家・持ち家,01000,北海道,pref,01,北海道,2018100000,2018年度,2018,00001|H1401,観測値|H1401_一戸建住宅数,戸,1255600.0,1255600
housing_stock,住宅ストック・空き家・持ち家,01000,北海道,pref,01,北海道,2023100000,2023年度,2023,00001|H1401,観測値|H1401_一戸建住宅数,戸,1258400.0,1258400
housing_stock,住宅ストック・空き家・持ち家,02000,青森県,pref,02,青森県,1978100000,1978年度,1978,00001|H1401,観測値|H1401_一戸建住宅数,戸,304500.0,304500
housing_stock,住宅ストック・空き家・持ち家,02000,青森県,pref,02,青森県,1983100000,1983年度,1983,00001|H1401,観測値|H1401_一戸建住宅数,戸,323700.0,323700
housing_stock,住宅ストック・空き家・持ち家,02000,青森県,pref,02,青森県,1988100000,1988年度,1988,00001|H1401,観測値|H1401_一戸建住宅数,戸,340200.0,340200
housing_stock,住宅ストック・空き家・持ち家,02000,青森県,pref,02,青森県,1993100000,1993年度,1993,00001|H1401,観測値|H1401_一戸建住宅数,戸,348300.0,348300
housing_stock,住宅ストック・空き家・持ち家,02000,青森県,pref,02,青森県,1998100000,1998年度,1998,00001|H1401,観測値|H1401_一戸建住宅数,戸,365100.0,365100
housing_stock,住宅ストック・空き家・持ち家,02000,青森県,pref,02,青森県,2003100000,2003年度,2003,00001|H1401,観測値|H1401_一戸建住宅数,戸,374200.0,374200
housing_stock,住宅ストック・空き家・持ち家,02000,青森県,pref,02,青森県,2008100000,2008年度,2008,00001|H1401,観測値|H1401_一戸建住宅数,戸,378200.0,378200
housing_stock,住宅ストック・空き家・持ち家,02000,青森県,pref,02,青森県,2013100000,2013年度,2013,00001|H1401,観測値|H1401_一戸建住宅数,戸,386300.0,386300
housing_stock,住宅ストック・空き家・持ち家,02000,青森県,pref,02,青森県,2018100000,2018年度,2018,00001|H1401,観測値|H1401_一戸建住宅数,戸,377200.0,377200
housing_stock,住宅ストック・空き家・持ち家,02000,青森県,pref,02,青森県,2023100000,2023年度,2023,00001|H1401,観測値|H1401_一戸建住宅数,戸,368000.0,368000
housing_stock,住宅ストック・空き家・持ち家,03000,岩手県,pref,03,岩手県,1978100000,1978年度,1978,00001|H1401,観測値|H1401_一戸建住宅数,戸,290500.0,290500
housing_stock,住宅ストック・空き家・持ち家,03000,岩手県,pref,03,岩手県,1983100000,1983年度,1983,00001|H1401,観測値|H1401_一戸建住宅数,戸,304300.0,304300
housing_stock,住宅ストック・空き家・持ち家,03000,岩手県,pref,03,岩手県,1988100000,1988年度,1988,00001|H1401,観測値|H1401_一戸建住宅数,戸,317000.0,317000
housing_stock,住宅ストック・空き家・持ち家,03000,岩手県,pref,03,岩手県,1993100000,1993年度,1993,00001|H1401,観測値|H1401_一戸建住宅数,戸,333900.0,333900
housing_stock,住宅ストック・空き家・持ち家,03000,岩手県,pref,03,岩手県,1998100000,1998年度,1998,00001|H1401,観測値|H1401_一戸建住宅数,戸,344200.0,344200
housing_stock,住宅ストック・空き家・持ち家,03000,岩手県,pref,03,岩手県,2003100000,2003年度,2003,00001|H1401,観測値|H1401_一戸建住宅数,戸,348200.0,348200
housing_stock,住宅ストック・空き家・持ち家,03000,岩手県,pref,03,岩手県,2008100000,2008年度,2008,00001|H1401,観測値|H1401_一戸建住宅数,戸,357500.0,357500
housing_stock,住宅ストック・空き家・持ち家,03000,岩手県,pref,03,岩手県,2013100000,2013年度,2013,00001|H1401,観測値|H1401_一戸建住宅数,戸,343700.0,343700
housing_stock,住宅ストック・空き家・持ち家,03000,岩手県,pref,03,岩手県,2018100000,2018年度,2018,00001|H1401,観測値|H1401_一戸建住宅数,戸,352600.0,352600
housing_stock,住宅ストック・空き家・持ち家,03000,岩手県,pref,03,岩手県,2023100000,2023年度,2023,00001|H1401,観測値|H1401_一戸建住宅数,戸,344000.0,344000
housing_stock,住宅ストック・空き家・持ち家,04000,宮城県,pref,04,宮城県,1978100000,1978年度,1978,00001|H1401,観測値|H1401_一戸建住宅数,戸,394700.0,394700
housing_stock,住宅ストック・空き家・持ち家,04000,宮城県,pref,04,宮城県,1983100000,1983年度,1983,00001|H1401,観測値|H1401_一戸建住宅数,戸,424100.0,424100
housing_stock,住宅ストック・空き家・持ち家,04000,宮城県,pref,04,宮城県,1988100000,1988年度,1988,00001|H1401,観測値|H1401_一戸建住宅数,戸,444700.0,444700
housing_stock,住宅ストック・空き家・持ち家,04000,宮城県,pref,04,宮城県,1993100000,1993年度,1993,00001|H1401,観測値|H1401_一戸建住宅数,戸,466100.0,466100
housing_stock,住宅ストック・空き家・持ち家,04000,宮城県,pref,04,宮城県,1998100000,1998年度,1998,00001|H1401,観測値|H1401_一戸建住宅数,戸,489300.0,489300
housing_stock,住宅ストック・空き家・持ち家,04000,宮城県,pref,04,宮城県,2003100000,2003年度,2003,00001|H1401,観測値|H1401_一戸建住宅数,戸,503400.0,503400
housing_stock,住宅ストック・空き家・持ち家,04000,宮城県,pref,04,宮城県,2008100000,2008年度,2008,00001|H1401,観測値|H1401_一戸建住宅数,戸,514900.0,514900
housing_stock,住宅ストック・空き家・持ち家,04000,宮城県,pref,04,宮城県,2013100000,2013年度,2013,00001|H1401,観測値|H1401_一戸建住宅数,戸,516400.0,516400
housing_stock,住宅ストック・空き家・持ち家,04000,宮城県,pref,04,宮城県,2018100000,2018年度,2018,00001|H1401,観測値|H1401_一戸建住宅数,戸,527500.0,527500
housing_stock,住宅ストック・空き家・持ち家,04000,宮城県,pref,04,宮城県,2023100000,2023年度,2023,00001|H1401,観測値|H1401_一戸建住宅数,戸,543200.0,543200
housing_stock,住宅ストック・空き家・持ち家,05000,秋田県,pref,05,秋田県,1978100000,1978年度,1978,00001|H1401,観測値|H1401_一戸建住宅数,戸,283400.0,283400
housing_stock,住宅ストック・空き家・持ち家,05000,秋田県,pref,05,秋田県,1983100000,1983年度,1983,00001|H1401,観測値|H1401_一戸建住宅数,戸,288500.0,288500
housing_stock,住宅ストック・空き家・持ち家,05000,秋田県,pref,05,秋田県,1988100000,1988年度,1988,00001|H1401,観測値|H1401_一戸建住宅数,戸,294900.0,294900
housing_stock,住宅ストック・空き家・持ち家,05000,秋田県,pref,05,秋田県,1993100000,1993年度,1993,00001|H1401,観測値|H1401_一戸建住宅数,戸,299400.0,299400
housing_stock,住宅ストック・空き家・持ち家,05000,秋田県,pref,05,秋田県,1998100000,1998年度,1998,00001|H1401,観測値|H1401_一戸建住宅数,戸,307100.0,307100
housing_stock,住宅ストック・空き家・持ち家,05000,秋田県,pref,05,秋田県,2003100000,2003年度,2003,00001|H1401,観測値|H1401_一戸建住宅数,戸,313400.0,313400
housing_stock,住宅ストック・空き家・持ち家,05000,秋田県,pref,05,秋田県,2008100000,2008年度,2008,00001|H1401,観測値|H1401_一戸建住宅数,戸,313200.0,313200
housing_stock,住宅ストック・空き家・持ち家,05000,秋田県,pref,05,秋田県,2013100000,2013年度,2013,00001|H1401,観測値|H1401_一戸建住宅数,戸,315000.0,315000
housing_stock,住宅ストック・空き家・持ち家,05000,秋田県,pref,05,秋田県,2018100000,2018年度,2018,00001|H1401,観測値|H1401_一戸建住宅数,戸,306200.0,306200
housing_stock,住宅ストック・空き家・持ち家,05000,秋田県,pref,05,秋田県,2023100000,2023年度,2023,00001|H1401,観測値|H1401_一戸建住宅数,戸,293200.0,293200
housing_stock,住宅ストック・空き家・持ち家,06000,山形県,pref,06,山形県,1978100000,1978年度,1978,00001|H1401,観測値|H1401_一戸建住宅数,戸,266100.0,266100
housing_stock,住宅ストック・空き家・持ち家,06000,山形県,pref,06,山形県,1983100000,1983年度,1983,00001|H1401,観測値|H1401_一戸建住宅数,戸,277300.0,277300
housing_stock,住宅ストック・空き家・持ち家,06000,山形県,pref,06,山形県,1988100000,1988年度,1988,00001|H1401,観測値|H1401_一戸建住宅数,戸,283300.0,283300
housing_stock,住宅ストック・空き家・持ち家,06000,山形県,pref,06,山形県,1993100000,1993年度,1993,00001|H1401,観測値|H1401_一戸建住宅数,戸,286900.0,286900
housing_stock,住宅ストック・空き家・持ち家,06000,山形県,pref,06,山形県,1998100000,1998年度,1998,00001|H1401,観測値|H1401_一戸建住宅数,戸,295500.0,295500
housing_stock,住宅ストック・空き家・持ち家,06000,山形県,pref,06,山形県,2003100000,2003年度,2003,00001|H1401,観測値|H1401_一戸建住宅数,戸,295900.0,295900
housing_stock,住宅ストック・空き家・持ち家,06000,山形県,pref,06,山形県,2008100000,2008年度,2008,00001|H1401,観測値|H1401_一戸建住宅数,戸,299100.0,299100
housing_stock,住宅ストック・空き家・持ち家,06000,山形県,pref,06,山形県,2013100000,2013年度,2013,00001|H1401,観測値|H1401_一戸建住宅数,戸,306500.0,306500
housing_stock,住宅ストック・空き家・持ち家,06000,山形県,pref,06,山形県,2018100000,2018年度,2018,00001|H1401,観測値|H1401_一戸建住宅数,戸,305200.0,305200
housing_stock,住宅ストック・空き家・持ち家,06000,山形県,pref,06,山形県,2023100000,2023年度,2023,00001|H1401,観測値|H1401_一戸建住宅数,戸,297900.0,297900
housing_stock,住宅ストック・空き家・持ち家,07000,福島県,pref,07,福島県,1978100000,1978年度,1978,00001|H1401,観測値|H1401_一戸建住宅数,戸,409400.0,409400
housing_stock,住宅ストック・空き家・持ち家,07000,福島県,pref,07,福島県,1983100000,1983年度,1983,00001|H1401,観測値|H1401_一戸建住宅数,戸,430100.0,430100
housing_stock,住宅ストック・空き家・持ち家,07000,福島県,pref,07,福島県,1988100000,1988年度,1988,00001|H1401,観測値|H1401_一戸建住宅数,戸,447700.0,447700
housing_stock,住宅ストック・空き家・持ち家,07000,福島県,pref,07,福島県,1993100000,1993年度,1993,00001|H1401,観測値|H1401_一戸建住宅数,戸,463700.0,463700
housing_stock,住宅ストック・空き家・持ち家,07000,福島県,pref,07,福島県,1998100000,1998年度,1998,00001|H1401,観測値|H1401_一戸建住宅数,戸,487900.0,487900
housing_stock,住宅ストック・空き家・持ち家,07000,福島県,pref,07,福島県,2003100000,2003年度,2003,00001|H1401,観測値|H1401_一戸建住宅数,戸,504000.0,504000
housing_stock,住宅ストック・空き家・持ち家,07000,福島県,pref,07,福島県,2008100000,2008年度,2008,00001|H1401,観測値|H1401_一戸建住宅数,戸,512600.0,512600
housing_stock,住宅ストック・空き家・持ち家,07000,福島県,pref,07,福島県,2013100000,2013年度,2013,00001|H1401,観測値|H1401_一戸建住宅数,戸,483400.0,483400
housing_stock,住宅ストック・空き家・持ち家,07000,福島県,pref,07,福島県,2018100000,2018年度,2018,00001|H1401,観測値|H1401_一戸建住宅数,戸,512800.0,512800
housing_stock,住宅ストック・空き家・持ち家,07000,福島県,pref,07,福島県,2023100000,2023年度,2023,00001|H1401,観測値|H1401_一戸建住宅数,戸,512900.0,512900
housing_stock,住宅ストック・空き家・持ち家,08000,茨城県,pref,08,茨城県,1978100000,1978年度,1978,00001|H1401,観測値|H1401_一戸建住宅数,戸,530600.0,530600
housing_stock,住宅ストック・空き家・持ち家,08000,茨城県,pref,08,茨城県,1983100000,1983年度,1983,00001|H1401,観測値|H1401_一戸建住宅数,戸,583900.0,583900
housing_stock,住宅ストック・空き家・持ち家,08000,茨城県,pref,08,茨城県,1988100000,1988年度,1988,00001|H1401,観測値|H1401_一戸建住宅数,戸,627000.0,627000
housing_stock,住宅ストック・空き家・持ち家,08000,茨城県,pref,08,茨城県,1993100000,1993年度,1993,00001|H1401,観測値|H1401_一戸建住宅数,戸,662300.0,662300
housing_stock,住宅ストック・空き家・持ち家,08000,茨城県,pref,08,茨城県,1998100000,1998年度,1998,00001|H1401,観測値|H1401_一戸建住宅数,戸,704000.0,704000
housing_stock,住宅ストック・空き家・持ち家,08000,茨城県,pref,08,茨城県,2003100000,2003年度,2003,00001|H1401,観測値|H1401_一戸建住宅数,戸,731700.0,731700
housing_stock,住宅ストック・空き家・持ち家,08000,茨城県,pref,08,茨城県,2008100000,2008年度,2008,00001|H1401,観測値|H1401_一戸建住宅数,戸,759800.0,759800
housing_stock,住宅ストック・空き家・持ち家,08000,茨城県,pref,08,茨城県,2013100000,2013年度,2013,00001|H1401,観測値|H1401_一戸建住宅数,戸,791300.0,791300
housing_stock,住宅ストック・空き家・持ち家,08000,茨城県,pref,08,茨城県,2018100000,2018年度,2018,00001|H1401,観測値|H1401_一戸建住宅数,戸,814800.0,814800
housing_stock,住宅ストック・空き家・持ち家,08000,茨城県,pref,08,茨城県,2023100000,2023年度,2023,00001|H1401,観測値|H1401_一戸建住宅数,戸,832100.0,832100
housing_stock,住宅ストック・空き家・持ち家,09000,栃木県,pref,09,栃木県,1978100000,1978年度,1978,00001|H1401,観測値|H1401_一戸建住宅数,戸,382800.0,382800
housing_stock,住宅ストック・空き家・持ち家,09000,栃木県,pref,09,栃木県,1983100000,1983年度,1983,00001|H1401,観測値|H1401_一戸建住宅数,戸,411700.0,411700
housing_stock,住宅ストック・空き家・持ち家,09000,栃木県,pref,09,栃木県,1988100000,1988年度,1988,00001|H1401,観測値|H1401_一戸建住宅数,戸,428600.0,428600
housing_stock,住宅ストック・空き家・持ち家,09000,栃木県,pref,09,栃木県,1993100000,1993年度,1993,00001|H1401,観測値|H1401_一戸建住宅数,戸,452100.0,452100
housing_stock,住宅ストック・空き家・持ち家,09000,栃木県,pref,09,栃木県,1998100000,1998年度,1998,00001|H1401,観測値|H1401_一戸建住宅数,戸,480100.0,480100
housing_stock,住宅ストック・空き家・持ち家,09000,栃木県,pref,09,栃木県,2003100000,2003年度,2003,00001|H1401,観測値|H1401_一戸建住宅数,戸,493200.0,493200
housing_stock,住宅ストック・空き家・持ち家,09000,栃木県,pref,09,栃木県,2008100000,2008年度,2008,00001|H1401,観測値|H1401_一戸建住宅数,戸,515800.0,515800
housing_stock,住宅ストック・空き家・持ち家,09000,栃木県,pref,09,栃木県,2013100000,2013年度,2013,00001|H1401,観測値|H1401_一戸建住宅数,戸,540500.0,540500
housing_stock,住宅ストック・空き家・持ち家,09000,栃木県,pref,09,栃木県,2018100000,2018年度,2018,00001|H1401,観測値|H1401_一戸建住宅数,戸,545000.0,545000
housing_stock,住宅ストック・空き家・持ち家,09000,栃木県,pref,09,栃木県,2023100000,2023年度,2023,00001|H1401,観測値|H1401_一戸建住宅数,戸,571100.0,571100
housing_stock,住宅ストック・空き家・持ち家,10000,群馬県,pref,10,群馬県,1978100000,1978年度,1978,00001|H1401,観測値|H1401_一戸建住宅数,戸,400000.0,400000
housing_stock,住宅ストック・空き家・持ち家,10000,群馬県,pref,10,群馬県,1983100000,1983年度,1983,00001|H1401,観測値|H1401_一戸建住宅数,戸,432800.0,432800
housing_stock,住宅ストック・空き家・持ち家,10000,群馬県,pref,10,群馬県,1988100000,1988年度,1988,00001|H1401,観測値|H1401_一戸建住宅数,戸,458000.0,458000
housing_stock,住宅ストック・空き家・持ち家,10000,群馬県,pref,10,群馬県,1993100000,1993年度,1993,00001|H1401,観測値|H1401_一戸建住宅数,戸,480600.0,480600
housing_stock,住宅ストック・空き家・持ち家,10000,群馬県,pref,10,群馬県,1998100000,1998年度,1998,00001|H1401,観測値|H1401_一戸建住宅数,戸,509600.0,509600
housing_stock,住宅ストック・空き家・持ち家,10000,群馬県,pref,10,群馬県,2003100000,2003年度,2003,00001|H1401,観測値|H1401_一戸建住宅数,戸,520700.0,520700
housing_stock,住宅ストック・空き家・持ち家,10000,群馬県,pref,10,群馬県,2008100000,2008年度,2008,00001|H1401,観測値|H1401_一戸建住宅数,戸,548900.0,548900
housing_stock,住宅ストック・空き家・持ち家,10000,群馬県,pref,10,群馬県,2013100000,2013年度,2013,00001|H1401,観測値|H1401_一戸建住宅数,戸,558300.0,558300
housing_stock,住宅ストック・空き家・持ち家,10000,群馬県,pref,10,群馬県,2018100000,2018年度,2018,00001|H1401,観測値|H1401_一戸建住宅数,戸,581400.0,581400
housing_stock,住宅ストック・空き家・持ち家,10000,群馬県,pref,10,群馬県,2023100000,2023年度,2023,00001|H1401,観測値|H1401_一戸建住宅数,戸,589200.0,589200
housing_stock,住宅ストック・空き家・持ち家,11000,埼玉県,pref,11,埼玉県,1978100000,1978年度,1978,00001|H1401,観測値|H1401_一戸建住宅数,戸,1011400.0,1011400
housing_stock,住宅ストック・空き家・持ち家,11000,埼玉県,pref,11,埼玉県,1983100000,1983年度,1983,00001|H1401,観測値|H1401_一戸建住宅数,戸,1112800.0,1112800
housing_stock,住宅ストック・空き家・持ち家,11000,埼玉県,pref,11,埼玉県,1988100000,1988年度,1988,00001|H1401,観測値|H1401_一戸建住宅数,戸,1206600.0,1206600
housing_stock,住宅ストック・空き家・持ち家,11000,埼玉県,pref,11,埼玉県,1993100000,1993年度,1993,00001|H1401,観測値|H1401_一戸建住宅数,戸,1260600.0,1260600
housing_stock,住宅ストック・空き家・持ち家,11000,埼玉県,pref,11,埼玉県,1998100000,1998年度,1998,00001|H1401,観測値|H1401_一戸建住宅数,戸,1328500.0,1328500
housing_stock,住宅ストック・空き家・持ち家,11000,埼玉県,pref,11,埼玉県,2003100000,2003年度,2003,00001|H1401,観測値|H1401_一戸建住宅数,戸,1425800.0,1425800
housing_stock,住宅ストック・空き家・持ち家,11000,埼玉県,pref,11,埼玉県,2008100000,2008年度,2008,00001|H1401,観測値|H1401_一戸建住宅数,戸,1500000.0,1500000
housing_stock,住宅ストック・空き家・持ち家,11000,埼玉県,pref,11,埼玉県,2013100000,2013年度,2013,00001|H1401,観測値|H1401_一戸建住宅数,戸,1623400.0,1623400
housing_stock,住宅ストック・空き家・持ち家,11000,埼玉県,pref,11,埼玉県,2018100000,2018年度,2018,00001|H1401,観測値|H1401_一戸建住宅数,戸,1656900.0,1656900
housing_stock,住宅ストック・空き家・持ち家,11000,埼玉県,pref,11,埼玉県,2023100000,2023年度,2023,00001|H1401,観測値|H1401_一戸建住宅数,戸,1729600.0,1729600
housing_stock,住宅ストック・空き家・持ち家,12000,千葉県,pref,12,千葉県,1978100000,1978年度,1978,00001|H1401,観測値|H1401_一戸建住宅数,戸,817800.0,817800
housing_stock,住宅ストック・空き家・持ち家,12000,千葉県,pref,12,千葉県,1983100000,1983年度,1983,00001|H1401,観測値|H1401_一戸建住宅数,戸,921800.0,921800
housing_stock,住宅ストック・空き家・持ち家,12000,千葉県,pref,12,千葉県,1988100000,1988年度,1988,00001|H1401,観測値|H1401_一戸建住宅数,戸,997100.0,997100
housing_stock,住宅ストック・空き家・持ち家,12000,千葉県,pref,12,千葉県,1993100000,1993年度,1993,00001|H1401,観測値|H1401_一戸建住宅数,戸,1057100.0,1057100
housing_stock,住宅ストック・空き家・持ち家,12000,千葉県,pref,12,千葉県,1998100000,1998年度,1998,00001|H1401,観測値|H1401_一戸建住宅数,戸,1133900.0,1133900
housing_stock,住宅ストック・空き家・持ち家,12000,千葉県,pref,12,千葉県,2003100000,2003年度,2003,00001|H1401,観測値|H1401_一戸建住宅数,戸,1211400.0,1211400
housing_stock,住宅ストック・空き家・持ち家,12000,千葉県,pref,12,千葉県,2008100000,2008年度,2008,00001|H1401,観測値|H1401_一戸建住宅数,戸,1274200.0,1274200
housing_stock,住宅ストック・空き家・持ち家,12000,千葉県,pref,12,千葉県,2013100000,2013年度,2013,00001|H1401,観測値|H1401_一戸建住宅数,戸,1362400.0,1362400
housing_stock,住宅ストック・空き家・持ち家,12000,千葉県,pref,12,千葉県,2018100000,2018年度,2018,00001|H1401,観測値|H1401_一戸建住宅数,戸,1400400.0,1400400
housing_stock,住宅ストック・空き家・持ち家,12000,千葉県,pref,12,千葉県,2023100000,2023年度,2023,00001|H1401,観測値|H1401_一戸建住宅数,戸,1463400.0,1463400
housing_stock,住宅ストック・空き家・持ち家,13000,東京都,pref,13,東京都,1978100000,1978年度,1978,00001|H1401,観測値|H1401_一戸建住宅数,戸,1480000.0,1480000
housing_stock,住宅ストック・空き家・持ち家,13000,東京都,pref,13,東京都,1983100000,1983年度,1983,00001|H1401,観測値|H1401_一戸建住宅数,戸,1500200.0,1500200
housing_stock,住宅ストック・空き家・持ち家,13000,東京都,pref,13,東京都,1988100000,1988年度,1988,00001|H1401,観測値|H1401_一戸建住宅数,戸,1484100.0,1484100
housing_stock,住宅ストック・空き家・持ち家,13000,東京都,pref,13,東京都,1993100000,1993年度,1993,00001|H1401,観測値|H1401_一戸建住宅数,戸,1445200.0,1445200
housing_stock,住宅ストック・空き家・持ち家,13000,東京都,pref,13,東京都,1998100000,1998年度,1998,00001|H1401,観測値|H1401_一戸建住宅数,戸,1498400.0,1498400
housing_stock,住宅ストック・空き家・持ち家,13000,東京都,pref,13,東京都,2003100000,2003年度,2003,00001|H1401,観測値|H1401_一戸建住宅数,戸,1608700.0,1608700
housing_stock,住宅ストック・空き家・持ち家,13000,東京都,pref,13,東京都,2008100000,2008年度,2008,00001|H1401,観測値|H1401_一戸建住宅数,戸,1686500.0,1686500
housing_stock,住宅ストック・空き家・持ち家,13000,東京都,pref,13,東京都,2013100000,2013年度,2013,00001|H1401,観測値|H1401_一戸建住宅数,戸,1797300.0,1797300
housing_stock,住宅ストック・空き家・持ち家,13000,東京都,pref,13,東京都,2018100000,2018年度,2018,00001|H1401,観測値|H1401_一戸建住宅数,戸,1820900.0,1820900
housing_stock,住宅ストック・空き家・持ち家,13000,東京都,pref,13,東京都,2023100000,2023年度,2023,00001|H1401,観測値|H1401_一戸建住宅数,戸,1900500.0,1900500
housing_stock,住宅ストック・空き家・持ち家,14000,神奈川県,pref,14,神奈川県,1978100000,1978年度,1978,00001|H1401,観測値|H1401_一戸建住宅数,戸,1076400.0,1076400
housing_stock,住宅ストック・空き家・持ち家,14000,神奈川県,pref,14,神奈川県,1983100000,1983年度,1983,00001|H1401,観測値|H1401_一戸建住宅数,戸,1171700.0,1171700
housing_stock,住宅ストック・空き家・持ち家,14000,神奈川県,pref,14,神奈川県,1988100000,1988年度,1988,00001|H1401,観測値|H1401_一戸建住宅数,戸,1221700.0,1221700
housing_stock,住宅ストック・空き家・持ち家,14000,神奈川県,pref,14,神奈川県,1993100000,1993年度,1993,00001|H1401,観測値|H1401_一戸建住宅数,戸,1231700.0,1231700
housing_stock,住宅ストック・空き家・持ち家,14000,神奈川県,pref,14,神奈川県,1998100000,1998年度,1998,00001|H1401,観測値|H1401_一戸建住宅数,戸,1311300.0,1311300
housing_stock,住宅ストック・空き家・持ち家,14000,神奈川県,pref,14,神奈川県,2003100000,2003年度,2003,00001|H1401,観測値|H1401_一戸建住宅数,戸,1414400.0,1414400
housing_stock,住宅ストック・空き家・持ち家,14000,神奈川県,pref,14,神奈川県,2008100000,2008年度,2008,00001|H1401,観測値|H1401_一戸建住宅数,戸,1494900.0,1494900
housing_stock,住宅ストック・空き家・持ち家,14000,神奈川県,pref,14,神奈川県,2013100000,2013年度,2013,00001|H1401,観測値|H1401_一戸建住宅数,戸,1599400.0,1599400
housing_stock,住宅ストック・空き家・持ち家,14000,神奈川県,pref,14,神奈川県,2018100000,2018年度,2018,00001|H1401,観測値|H1401_一戸建住宅数,戸,1655500.0,1655500
housing_stock,住宅ストック・空き家・持ち家,14000,神奈川県,pref,14,神奈川県,2023100000,2023年度,2023,00001|H1401,観測値|H1401_一戸建住宅数,戸,1740300.0,1740300
housing_stock,住宅ストック・空き家・持ち家,15000,新潟県,pref,15,新潟県,1978100000,1978年度,1978,00001|H1401,観測値|H1401_一戸建住宅数,戸,510800.0,510800
housing_stock,住宅ストック・空き家・持ち家,15000,新潟県,pref,15,新潟県,1983100000,1983年度,1983,00001|H1401,観測値|H1401_一戸建住宅数,戸,545200.0,545200
housing_stock,住宅ストック・空き家・持ち家,15000,新潟県,pref,15,新潟県,1988100000,1988年度,1988,00001|H1401,観測値|H1401_一戸建住宅数,戸,549700.0,549700
housing_stock,住宅ストック・空き家・持ち家,15000,新潟県,pref,15,新潟県,1993100000,1993年度,1993,00001|H1401,観測値|H1401_一戸建住宅数,戸,578600.0,578600
housing_stock,住宅ストック・空き家・持ち家,15000,新潟県,pref,15,新潟県,1998100000,1998年度,1998,00001|H1401,観測値|H1401_一戸建住宅数,戸,594900.0,594900
housing_stock,住宅ストック・空き家・持ち家,15000,新潟県,pref,15,新潟県,2003100000,2003年度,2003,00001|H1401,観測値|H1401_一戸建住宅数,戸,612700.0,612700
housing_stock,住宅ストック・空き家・持ち家,15000,新潟県,pref,15,新潟県,2008100000,2008年度,2008,00001|H1401,観測値|H1401_一戸建住宅数,戸,615800.0,615800
housing_stock,住宅ストック・空き家・持ち家,15000,新潟県,pref,15,新潟県,2013100000,2013年度,2013,00001|H1401,観測値|H1401_一戸建住宅数,戸,638100.0,638100
housing_stock,住宅ストック・空き家・持ち家,15000,新潟県,pref,15,新潟県,2018100000,2018年度,2018,00001|H1401,観測値|H1401_一戸建住宅数,戸,627500.0,627500
housing_stock,住宅ストック・空き家・持ち家,15000,新潟県,pref,15,新潟県,2023100000,2023年度,2023,00001|H1401,観測値|H1401_一戸建住宅数,戸,629100.0,629100
housing_stock,住宅ストック・空き家・持ち家,16000,富山県,pref,16,富山県,1978100000,1978年度,1978,00001|H1401,観測値|H1401_一戸建住宅数,戸,238800.0,238800
housing_stock,住宅ストック・空き家・持ち家,16000,富山県,pref,16,富山県,1983100000,1983年度,1983,00001|H1401,観測値|H1401_一戸建住宅数,戸,248100.0,248100
housing_stock,住宅ストック・空き家・持ち家,16000,富山県,pref,16,富山県,1988100000,1988年度,1988,00001|H1401,観測値|H1401_一戸建住宅数,戸,256400.0,256400
housing_stock,住宅ストック・空き家・持ち家,16000,富山県,pref,16,富山県,1993100000,1993年度,1993,00001|H1401,観測値|H1401_一戸建住宅数,戸,261400.0,261400
housing_stock,住宅ストック・空き家・持ち家,16000,富山県,pref,16,富山県,1998100000,1998年度,1998,00001|H1401,観測値|H1401_一戸建住宅数,戸,278000.0,278000
housing_stock,住宅ストック・空き家・持ち家,16000,富山県,pref,16,富山県,2003100000,2003年度,2003,00001|H1401,観測値|H1401_一戸建住宅数,戸,286500.0,286500
housing_stock,住宅ストック・空き家・持ち家,16000,富山県,pref,16,富山県,2008100000,2008年度,2008,00001|H1401,観測値|H1401_一戸建住宅数,戸,290700.0,290700
housing_stock,住宅ストック・空き家・持ち家,16000,富山県,pref,16,富山県,2013100000,2013年度,2013,00001|H1401,観測値|H1401_一戸建住宅数,戸,302800.0,302800
housing_stock,住宅ストック・空き家・持ち家,16000,富山県,pref,16,富山県,2018100000,2018年度,2018,00001|H1401,観測値|H1401_一戸建住宅数,戸,301400.0,301400
housing_stock,住宅ストック・空き家・持ち家,16000,富山県,pref,16,富山県,2023100000,2023年度,2023,00001|H1401,観測値|H1401_一戸建住宅数,戸,297300.0,297300
housing_stock,住宅ストック・空き家・持ち家,17000,石川県,pref,17,石川県,1978100000,1978年度,1978,00001|H1401,観測値|H1401_一戸建住宅数,戸,236000.0,236000
housing_stock,住宅ストック・空き家・持ち家,17000,石川県,pref,17,石川県,1983100000,1983年度,1983,00001|H1401,観測値|H1401_一戸建住宅数,戸,251500.0,251500
housing_stock,住宅ストック・空き家・持ち家,17000,石川県,pref,17,石川県,1988100000,1988年度,1988,00001|H1401,観測値|H1401_一戸建住宅数,戸,255200.0,255200
housing_stock,住宅ストック・空き家・持ち家,17000,石川県,pref,17,石川県,1993100000,1993年度,1993,00001|H1401,観測値|H1401_一戸建住宅数,戸,264300.0,264300
housing_stock,住宅ストック・空き家・持ち家,17000,石川県,pref,17,石川県,1998100000,1998年度,1998,00001|H1401,観測値|H1401_一戸建住宅数,戸,276500.0,276500
housing_stock,住宅ストック・空き家・持ち家,17000,石川県,pref,17,石川県,2003100000,2003年度,2003,00001|H1401,観測値|H1401_一戸建住宅数,戸,284900.0,284900
housing_stock,住宅ストック・空き家・持ち家,17000,石川県,pref,17,石川県,2008100000,2008年度,2008,00001|H1401,観測値|H1401_一戸建住宅数,戸,298000.0,298000
housing_stock,住宅ストック・空き家・持ち家,17000,石川県,pref,17,石川県,2013100000,2013年度,2013,00001|H1401,観測値|H1401_一戸建住宅数,戸,314500.0,314500
housing_stock,住宅ストック・空き家・持ち家,17000,石川県,pref,17,石川県,2018100000,2018年度,2018,00001|H1401,観測値|H1401_一戸建住宅数,戸,317500.0,317500
housing_stock,住宅ストック・空き家・持ち家,17000,石川県,pref,17,石川県,2023100000,2023年度,2023,00001|H1401,観測値|H1401_一戸建住宅数,戸,318800.0,318800
housing_stock,住宅ストック・空き家・持ち家,18000,福井県,pref,18,福井県,1978100000,1978年度,1978,00001|H1401,観測値|H1401_一戸建住宅数,戸,173200.0,173200
housing_stock,住宅ストック・空き家・持ち家,18000,福井県,pref,18,福井県,1983100000,1983年度,1983,00001|H1401,観測値|H1401_一戸建住宅数,戸,175500.0,175500
housing_stock,住宅ストック・空き家・持ち家,18000,福井県,pref,18,福井県,1988100000,1988年度,1988,00001|H1401,観測値|H1401_一戸建住宅数,戸,181900.0,181900
housing_stock,住宅ストック・空き家・持ち家,18000,福井県,pref,18,福井県,1993100000,1993年度,1993,00001|H1401,観測値|H1401_一戸建住宅数,戸,185100.0,185100
housing_stock,住宅ストック・空き家・持ち家,18000,福井県,pref,18,福井県,1998100000,1998年度,1998,00001|H1401,観測値|H1401_一戸建住宅数,戸,195000.0,195000
housing_stock,住宅ストック・空き家・持ち家,18000,福井県,pref,18,福井県,2003100000,2003年度,2003,00001|H1401,観測値|H1401_一戸建住宅数,戸,195800.0,195800
housing_stock,住宅ストック・空き家・持ち家,18000,福井県,pref,18,福井県,2008100000,2008年度,2008,00001|H1401,観測値|H1401_一戸建住宅数,戸,208600.0,208600
housing_stock,住宅ストック・空き家・持ち家,18000,福井県,pref,18,福井県,2013100000,2013年度,2013,00001|H1401,観測値|H1401_一戸建住宅数,戸,208100.0,208100
housing_stock,住宅ストック・空き家・持ち家,18000,福井県,pref,18,福井県,2018100000,2018年度,2018,00001|H1401,観測値|H1401_一戸建住宅数,戸,214200.0,214200
housing_stock,住宅ストック・空き家・持ち家,18000,福井県,pref,18,福井県,2023100000,2023年度,2023,00001|H1401,観測値|H1401_一戸建住宅数,戸,214300.0,214300
housing_stock,住宅ストック・空き家・持ち家,19000,山梨県,pref,19,山梨県,1978100000,1978年度,1978,00001|H1401,観測値|H1401_一戸建住宅数,戸,179100.0,179100
housing_stock,住宅ストック・空き家・持ち家,19000,山梨県,pref,19,山梨県,1983100000,1983年度,1983,00001|H1401,観測値|H1401_一戸建住宅数,戸,185400.0,185400
housing_stock,住宅ストック・空き家・持ち家,19000,山梨県,pref,19,山梨県,1988100000,1988年度,1988,00001|H1401,観測値|H1401_一戸建住宅数,戸,195700.0,195700
housing_stock,住宅ストック・空き家・持ち家,19000,山梨県,pref,19,山梨県,1993100000,1993年度,1993,00001|H1401,観測値|H1401_一戸建住宅数,戸,207100.0,207100
housing_stock,住宅ストック・空き家・持ち家,19000,山梨県,pref,19,山梨県,1998100000,1998年度,1998,00001|H1401,観測値|H1401_一戸建住宅数,戸,220600.0,220600
housing_stock,住宅ストック・空き家・持ち家,19000,山梨県,pref,19,山梨県,2003100000,2003年度,2003,00001|H1401,観測値|H1401_一戸建住宅数,戸,225400.0,225400
housing_stock,住宅ストック・空き家・持ち家,19000,山梨県,pref,19,山梨県,2008100000,2008年度,2008,00001|H1401,観測値|H1401_一戸建住宅数,戸,232300.0,232300
housing_stock,住宅ストック・空き家・持ち家,19000,山梨県,pref,19,山梨県,2013100000,2013年度,2013,00001|H1401,観測値|H1401_一戸建住宅数,戸,242900.0,242900
housing_stock,住宅ストック・空き家・持ち家,19000,山梨県,pref,19,山梨県,2018100000,2018年度,2018,00001|H1401,観測値|H1401_一戸建住宅数,戸,243000.0,243000
housing_stock,住宅ストック・空き家・持ち家,19000,山梨県,pref,19,山梨県,2023100000,2023年度,2023,00001|H1401,観測値|H1401_一戸建住宅数,戸,242100.0,242100
housing_stock,住宅ストック・空き家・持ち家,20000,長野県,pref,20,長野県,1978100000,1978年度,1978,00001|H1401,観測値|H1401_一戸建住宅数,戸,454700.0,454700
housing_stock,住宅ストック・空き家・持ち家,20000,長野県,pref,20,長野県,1983100000,1983年度,1983,00001|H1401,観測値|H1401_一戸建住宅数,戸,476500.0,476500
housing_stock,住宅ストック・空き家・持ち家,20000,長野県,pref,20,長野県,1988100000,1988年度,1988,00001|H1401,観測値|H1401_一戸建住宅数,戸,502600.0,502600
housing_stock,住宅ストック・空き家・持ち家,20000,長野県,pref,20,長野県,1993100000,1993年度,1993,00001|H1401,観測値|H1401_一戸建住宅数,戸,512300.0,512300
housing_stock,住宅ストック・空き家・持ち家,20000,長野県,pref,20,長野県,1998100000,1998年度,1998,00001|H1401,観測値|H1401_一戸建住宅数,戸,548300.0,548300
housing_stock,住宅ストック・空き家・持ち家,20000,長野県,pref,20,長野県,2003100000,2003年度,2003,00001|H1401,観測値|H1401_一戸建住宅数,戸,562700.0,562700
housing_stock,住宅ストック・空き家・持ち家,20000,長野県,pref,20,長野県,2008100000,2008年度,2008,00001|H1401,観測値|H1401_一戸建住宅数,戸,575100.0,575100
housing_stock,住宅ストック・空き家・持ち家,20000,長野県,pref,20,長野県,2013100000,2013年度,2013,00001|H1401,観測値|H1401_一戸建住宅数,戸,594600.0,594600
housing_stock,住宅ストック・空き家・持ち家,20000,長野県,pref,20,長野県,2018100000,2018年度,2018,00001|H1401,観測値|H1401_一戸建住宅数,戸,590500.0,590500
housing_stock,住宅ストック・空き家・持ち家,20000,長野県,pref,20,長野県,2023100000,2023年度,2023,00001|H1401,観測値|H1401_一戸建住宅数,戸,605000.0,605000
housing_stock,住宅ストック・空き家・持ち家,21000,岐阜県,pref,21,岐阜県,1978100000,1978年度,1978,00001|H1401,観測値|H1401_一戸建住宅数,戸,405700.0,405700
housing_stock,住宅ストック・空き家・持ち家,21000,岐阜県,pref,21,岐阜県,1983100000,1983年度,1983,00001|H1401,観測値|H1401_一戸建住宅数,戸,432600.0,432600
housing_stock,住宅ストック・空き家・持ち家,21000,岐阜県,pref,21,岐阜県,1988100000,1988年度,1988,00001|H1401,観測値|H1401_一戸建住宅数,戸,450700.0,450700
housing_stock,住宅ストック・空き家・持ち家,21000,岐阜県,pref,21,岐阜県,1993100000,1993年度,1993,00001|H1401,観測値|H1401_一戸建住宅数,戸,469600.0,469600
housing_stock,住宅ストック・空き家・持ち家,21000,岐阜県,pref,21,岐阜県,1998100000,1998年度,1998,00001|H1401,観測値|H1401_一戸建住宅数,戸,495300.0,495300
housing_stock,住宅ストック・空き家・持ち家,21000,岐阜県,pref,21,岐阜県,2003100000,2003年度,2003,00001|H1401,観測値|H1401_一戸建住宅数,戸,512100.0,512100
housing_stock,住宅ストック・空き家・持ち家,21000,岐阜県,pref,21,岐阜県,2008100000,2008年度,2008,00001|H1401,観測値|H1401_一戸建住宅数,戸,537400.0,537400
housing_stock,住宅ストック・空き家・持ち家,21000,岐阜県,pref,21,岐阜県,2013100000,2013年度,2013,00001|H1401,観測値|H1401_一戸建住宅数,戸,556300.0,556300
housing_stock,住宅ストック・空き家・持ち家,21000,岐阜県,pref,21,岐阜県,2018100000,2018年度,2018,00001|H1401,観測値|H1401_一戸建住宅数,戸,558400.0,558400
housing_stock,住宅ストック・空き家・持ち家,21000,岐阜県,pref,21,岐阜県,2023100000,2023年度,2023,00001|H1401,観測値|H1401_一戸建住宅数,戸,571000.0,571000
housing_stock,住宅ストック・空き家・持ち家,22000,静岡県,pref,22,静岡県,1978100000,1978年度,1978,00001|H1401,観測値|H1401_一戸建住宅数,戸,692200.0,692200
housing_stock,住宅ストック・空き家・持ち家,22000,静岡県,pref,22,静岡県,1983100000,1983年度,1983,00001|H1401,観測値|H1401_一戸建住宅数,戸,734400.0,734400
housing_stock,住宅ストック・空き家・持ち家,22000,静岡県,pref,22,静岡県,1988100000,1988年度,1988,00001|H1401,観測値|H1401_一戸建住宅数,戸,770000.0,770000
housing_stock,住宅ストック・空き家・持ち家,22000,静岡県,pref,22,静岡県,1993100000,1993年度,1993,00001|H1401,観測値|H1401_一戸建住宅数,戸,797700.0,797700
housing_stock,住宅ストック・空き家・持ち家,22000,静岡県,pref,22,静岡県,1998100000,1998年度,1998,00001|H1401,観測値|H1401_一戸建住宅数,戸,828600.0,828600
housing_stock,住宅ストック・空き家・持ち家,22000,静岡県,pref,22,静岡県,2003100000,2003年度,2003,00001|H1401,観測値|H1401_一戸建住宅数,戸,857200.0,857200
housing_stock,住宅ストック・空き家・持ち家,22000,静岡県,pref,22,静岡県,2008100000,2008年度,2008,00001|H1401,観測値|H1401_一戸建住宅数,戸,897500.0,897500
housing_stock,住宅ストック・空き家・持ち家,22000,静岡県,pref,22,静岡県,2013100000,2013年度,2013,00001|H1401,観測値|H1401_一戸建住宅数,戸,935800.0,935800
housing_stock,住宅ストック・空き家・持ち家,22000,静岡県,pref,22,静岡県,2018100000,2018年度,2018,00001|H1401,観測値|H1401_一戸建住宅数,戸,940700.0,940700
housing_stock,住宅ストック・空き家・持ち家,22000,静岡県,pref,22,静岡県,2023100000,2023年度,2023,00001|H1401,観測値|H1401_一戸建住宅数,戸,964200.0,964200
housing_stock,住宅ストック・空き家・持ち家,23000,愛知県,pref,23,愛知県,1978100000,1978年度,1978,00001|H1401,観測値|H1401_一戸建住宅数,戸,1005100.0,1005100
housing_stock,住宅ストック・空き家・持ち家,23000,愛知県,pref,23,愛知県,1983100000,1983年度,1983,00001|H1401,観測値|H1401_一戸建住宅数,戸,1075400.0,1075400
housing_stock,住宅ストック・空き家・持ち家,23000,愛知県,pref,23,愛知県,1988100000,1988年度,1988,00001|H1401,観測値|H1401_一戸建住宅数,戸,1143600.0,1143600
housing_stock,住宅ストック・空き家・持ち家,23000,愛知県,pref,23,愛知県,1993100000,1993年度,1993,00001|H1401,観測値|H1401_一戸建住宅数,戸,1189300.0,1189300
housing_stock,住宅ストック・空き家・持ち家,23000,愛知県,pref,23,愛知県,1998100000,1998年度,1998,00001|H1401,観測値|H1401_一戸建住宅数,戸,1244000.0,1244000
housing_stock,住宅ストック・空き家・持ち家,23000,愛知県,pref,23,愛知県,2003100000,2003年度,2003,00001|H1401,観測値|H1401_一戸建住宅数,戸,1321700.0,1321700
housing_stock,住宅ストック・空き家・持ち家,23000,愛知県,pref,23,愛知県,2008100000,2008年度,2008,00001|H1401,観測値|H1401_一戸建住宅数,戸,1411700.0,1411700
housing_stock,住宅ストック・空き家・持ち家,23000,愛知県,pref,23,愛知県,2013100000,2013年度,2013,00001|H1401,観測値|H1401_一戸建住宅数,戸,1525100.0,1525100
housing_stock,住宅ストック・空き家・持ち家,23000,愛知県,pref,23,愛知県,2018100000,2018年度,2018,00001|H1401,観測値|H1401_一戸建住宅数,戸,1564800.0,1564800
housing_stock,住宅ストック・空き家・持ち家,23000,愛知県,pref,23,愛知県,2023100000,2023年度,2023,00001|H1401,観測値|H1401_一戸建住宅数,戸,1638000.0,1638000
housing_stock,住宅ストック・空き家・持ち家,24000,三重県,pref,24,三重県,1978100000,1978年度,1978,00001|H1401,観測値|H1401_一戸建住宅数,戸,368700.0,368700
housing_stock,住宅ストック・空き家・持ち家,24000,三重県,pref,24,三重県,1983100000,1983年度,1983,00001|H1401,観測値|H1401_一戸建住宅数,戸,396000.0,396000
housing_stock,住宅ストック・空き家・持ち家,24000,三重県,pref,24,三重県,1988100000,1988年度,1988,00001|H1401,観測値|H1401_一戸建住宅数,戸,421500.0,421500
housing_stock,住宅ストック・空き家・持ち家,24000,三重県,pref,24,三重県,1993100000,1993年度,1993,00001|H1401,観測値|H1401_一戸建住宅数,戸,443800.0,443800
housing_stock,住宅ストック・空き家・持ち家,24000,三重県,pref,24,三重県,1998100000,1998年度,1998,00001|H1401,観測値|H1401_一戸建住宅数,戸,475100.0,475100
housing_stock,住宅ストック・空き家・持ち家,24000,三重県,pref,24,三重県,2003100000,2003年度,2003,00001|H1401,観測値|H1401_一戸建住宅数,戸,493600.0,493600
housing_stock,住宅ストック・空き家・持ち家,24000,三重県,pref,24,三重県,2008100000,2008年度,2008,00001|H1401,観測値|H1401_一戸建住宅数,戸,507700.0,507700
housing_stock,住宅ストック・空き家・持ち家,24000,三重県,pref,24,三重県,2013100000,2013年度,2013,00001|H1401,観測値|H1401_一戸建住宅数,戸,526300.0,526300
housing_stock,住宅ストック・空き家・持ち家,24000,三重県,pref,24,三重県,2018100000,2018年度,2018,00001|H1401,観測値|H1401_一戸建住宅数,戸,524900.0,524900
housing_stock,住宅ストック・空き家・持ち家,24000,三重県,pref,24,三重県,2023100000,2023年度,2023,00001|H1401,観測値|H1401_一戸建住宅数,戸,526400.0,526400
housing_stock,住宅ストック・空き家・持ち家,25000,滋賀県,pref,25,滋賀県,1978100000,1978年度,1978,00001|H1401,観測値|H1401_一戸建住宅数,戸,217600.0,217600
housing_stock,住宅ストック・空き家・持ち家,25000,滋賀県,pref,25,滋賀県,1983100000,1983年度,1983,00001|H1401,観測値|H1401_一戸建住宅数,戸,236100.0,236100
housing_stock,住宅ストック・空き家・持ち家,25000,滋賀県,pref,25,滋賀県,1988100000,1988年度,1988,00001|H1401,観測値|H1401_一戸建住宅数,戸,254600.0,254600
housing_stock,住宅ストック・空き家・持ち家,25000,滋賀県,pref,25,滋賀県,1993100000,1993年度,1993,00001|H1401,観測値|H1401_一戸建住宅数,戸,272800.0,272800
housing_stock,住宅ストック・空き家・持ち家,25000,滋賀県,pref,25,滋賀県,1998100000,1998年度,1998,00001|H1401,観測値|H1401_一戸建住宅数,戸,292900.0,292900
housing_stock,住宅ストック・空き家・持ち家,25000,滋賀県,pref,25,滋賀県,2003100000,2003年度,2003,00001|H1401,観測値|H1401_一戸建住宅数,戸,306400.0,306400
housing_stock,住宅ストック・空き家・持ち家,25000,滋賀県,pref,25,滋賀県,2008100000,2008年度,2008,00001|H1401,観測値|H1401_一戸建住宅数,戸,331000.0,331000
housing_stock,住宅ストック・空き家・持ち家,25000,滋賀県,pref,25,滋賀県,2013100000,2013年度,2013,00001|H1401,観測値|H1401_一戸建住宅数,戸,363700.0,363700
housing_stock,住宅ストック・空き家・持ち家,25000,滋賀県,pref,25,滋賀県,2018100000,2018年度,2018,00001|H1401,観測値|H1401_一戸建住宅数,戸,366100.0,366100
housing_stock,住宅ストック・空き家・持ち家,25000,滋賀県,pref,25,滋賀県,2023100000,2023年度,2023,00001|H1401,観測値|H1401_一戸建住宅数,戸,382900.0,382900
housing_stock,住宅ストック・空き家・持ち家,26000,京都府,pref,26,京都府,1978100000,1978年度,1978,00001|H1401,観測値|H1401_一戸建住宅数,戸,441700.0,441700
housing_stock,住宅ストック・空き家・持ち家,26000,京都府,pref,26,京都府,1983100000,1983年度,1983,00001|H1401,観測値|H1401_一戸建住宅数,戸,447400.0,447400
housing_stock,住宅ストック・空き家・持ち家,26000,京都府,pref,26,京都府,1988100000,1988年度,1988,00001|H1401,観測値|H1401_一戸建住宅数,戸,482500.0,482500
housing_stock,住宅ストック・空き家・持ち家,26000,京都府,pref,26,京都府,1993100000,1993年度,1993,00001|H1401,観測値|H1401_一戸建住宅数,戸,502000.0,502000
housing_stock,住宅ストック・空き家・持ち家,26000,京都府,pref,26,京都府,1998100000,1998年度,1998,00001|H1401,観測値|H1401_一戸建住宅数,戸,526600.0,526600
housing_stock,住宅ストック・空き家・持ち家,26000,京都府,pref,26,京都府,2003100000,2003年度,2003,00001|H1401,観測値|H1401_一戸建住宅数,戸,581900.0,581900
housing_stock,住宅ストック・空き家・持ち家,26000,京都府,pref,26,京都府,2008100000,2008年度,2008,00001|H1401,観測値|H1401_一戸建住宅数,戸,611500.0,611500
housing_stock,住宅ストック・空き家・持ち家,26000,京都府,pref,26,京都府,2013100000,2013年度,2013,00001|H1401,観測値|H1401_一戸建住宅数,戸,641100.0,641100
housing_stock,住宅ストック・空き家・持ち家,26000,京都府,pref,26,京都府,2018100000,2018年度,2018,00001|H1401,観測値|H1401_一戸建住宅数,戸,641200.0,641200
housing_stock,住宅ストック・空き家・持ち家,26000,京都府,pref,26,京都府,2023100000,2023年度,2023,00001|H1401,観測値|H1401_一戸建住宅数,戸,635300.0,635300
housing_stock,住宅ストック・空き家・持ち家,27000,大阪府,pref,27,大阪府,1978100000,1978年度,1978,00001|H1401,観測値|H1401_一戸建住宅数,戸,904000.0,904000
housing_stock,住宅ストック・空き家・持ち家,27000,大阪府,pref,27,大阪府,1983100000,1983年度,1983,00001|H1401,観測値|H1401_一戸建住宅数,戸,995700.0,995700
housing_stock,住宅ストック・空き家・持ち家,27000,大阪府,pref,27,大阪府,1988100000,1988年度,1988,00001|H1401,観測値|H1401_一戸建住宅数,戸,1061600.0,1061600
housing_stock,住宅ストック・空き家・持ち家,27000,大阪府,pref,27,大阪府,1993100000,1993年度,1993,00001|H1401,観測値|H1401_一戸建住宅数,戸,1102900.0,1102900
housing_stock,住宅ストック・空き家・持ち家,27000,大阪府,pref,27,大阪府,1998100000,1998年度,1998,00001|H1401,観測値|H1401_一戸建住宅数,戸,1209000.0,1209000
housing_stock,住宅ストック・空き家・持ち家,27000,大阪府,pref,27,大阪府,2003100000,2003年度,2003,00001|H1401,観測値|H1401_一戸建住宅数,戸,1375900.0,1375900
housing_stock,住宅ストック・空き家・持ち家,27000,大阪府,pref,27,大阪府,2008100000,2008年度,2008,00001|H1401,観測値|H1401_一戸建住宅数,戸,1468700.0,1468700
housing_stock,住宅ストック・空き家・持ち家,27000,大阪府,pref,27,大阪府,2013100000,2013年度,2013,00001|H1401,観測値|H1401_一戸建住宅数,戸,1581600.0,1581600
housing_stock,住宅ストック・空き家・持ち家,27000,大阪府,pref,27,大阪府,2018100000,2018年度,2018,00001|H1401,観測値|H1401_一戸建住宅数,戸,1607400.0,1607400
housing_stock,住宅ストック・空き家・持ち家,27000,大阪府,pref,27,大阪府,2023100000,2023年度,2023,00001|H1401,観測値|H1401_一戸建住宅数,戸,1671500.0,1671500
housing_stock,住宅ストック・空き家・持ち家,28000,兵庫県,pref,28,兵庫県,1978100000,1978年度,1978,00001|H1401,観測値|H1401_一戸建住宅数,戸,767500.0,767500
housing_stock,住宅ストック・空き家・持ち家,28000,兵庫県,pref,28,兵庫県,1983100000,1983年度,1983,00001|H1401,観測値|H1401_一戸建住宅数,戸,809600.0,809600
housing_stock,住宅ストック・空き家・持ち家,28000,兵庫県,pref,28,兵庫県,1988100000,1988年度,1988,00001|H1401,観測値|H1401_一戸建住宅数,戸,871400.0,871400
housing_stock,住宅ストック・空き家・持ち家,28000,兵庫県,pref,28,兵庫県,1993100000,1993年度,1993,00001|H1401,観測値|H1401_一戸建住宅数,戸,911200.0,911200
housing_stock,住宅ストック・空き家・持ち家,28000,兵庫県,pref,28,兵庫県,1998100000,1998年度,1998,00001|H1401,観測値|H1401_一戸建住宅数,戸,949800.0,949800
housing_stock,住宅ストック・空き家・持ち家,28000,兵庫県,pref,28,兵庫県,2003100000,2003年度,2003,00001|H1401,観測値|H1401_一戸建住宅数,戸,1038100.0,1038100
housing_stock,住宅ストック・空き家・持ち家,28000,兵庫県,pref,28,兵庫県,2008100000,2008年度,2008,00001|H1401,観測値|H1401_一戸建住宅数,戸,1091500.0,1091500
housing_stock,住宅ストック・空き家・持ち家,28000,兵庫県,pref,28,兵庫県,2013100000,2013年度,2013,00001|H1401,観測値|H1401_一戸建住宅数,戸,1196200.0,1196200
housing_stock,住宅ストック・空き家・持ち家,28000,兵庫県,pref,28,兵庫県,2018100000,2018年度,2018,00001|H1401,観測値|H1401_一戸建住宅数,戸,1164400.0,1164400
housing_stock,住宅ストック・空き家・持ち家,28000,兵庫県,pref,28,兵庫県,2023100000,2023年度,2023,00001|H1401,観測値|H1401_一戸建住宅数,戸,1189600.0,1189600
housing_stock,住宅ストック・空き家・持ち家,29000,奈良県,pref,29,奈良県,1978100000,1978年度,1978,00001|H1401,観測値|H1401_一戸建住宅数,戸,215500.0,215500
housing_stock,住宅ストック・空き家・持ち家,29000,奈良県,pref,29,奈良県,1983100000,1983年度,1983,00001|H1401,観測値|H1401_一戸建住宅数,戸,247100.0,247100
housing_stock,住宅ストック・空き家・持ち家,29000,奈良県,pref,29,奈良県,1988100000,1988年度,1988,00001|H1401,観測値|H1401_一戸建住宅数,戸,272400.0,272400
housing_stock,住宅ストック・空き家・持ち家,29000,奈良県,pref,29,奈良県,1993100000,1993年度,1993,00001|H1401,観測値|H1401_一戸建住宅数,戸,292600.0,292600
housing_stock,住宅ストック・空き家・持ち家,29000,奈良県,pref,29,奈良県,1998100000,1998年度,1998,00001|H1401,観測値|H1401_一戸建住宅数,戸,306000.0,306000
housing_stock,住宅ストック・空き家・持ち家,29000,奈良県,pref,29,奈良県,2003100000,2003年度,2003,00001|H1401,観測値|H1401_一戸建住宅数,戸,324100.0,324100
housing_stock,住宅ストック・空き家・持ち家,29000,奈良県,pref,29,奈良県,2008100000,2008年度,2008,00001|H1401,観測値|H1401_一戸建住宅数,戸,338800.0,338800
housing_stock,住宅ストック・空き家・持ち家,29000,奈良県,pref,29,奈良県,2013100000,2013年度,2013,00001|H1401,観測値|H1401_一戸建住宅数,戸,359800.0,359800
housing_stock,住宅ストック・空き家・持ち家,29000,奈良県,pref,29,奈良県,2018100000,2018年度,2018,00001|H1401,観測値|H1401_一戸建住宅数,戸,357800.0,357800
housing_stock,住宅ストック・空き家・持ち家,29000,奈良県,pref,29,奈良県,2023100000,2023年度,2023,00001|H1401,観測値|H1401_一戸建住宅数,戸,366400.0,366400
housing_stock,住宅ストック・空き家・持ち家,30000,和歌山県,pref,30,和歌山県,1978100000,1978年度,1978,00001|H1401,観測値|H1401_一戸建住宅数,戸,229000.0,229000
housing_stock,住宅ストック・空き家・持ち家,30000,和歌山県,pref,30,和歌山県,1983100000,1983年度,1983,00001|H1401,観測値|H1401_一戸建住宅数,戸,244100.0,244100
housing_stock,住宅ストック・空き家・持ち家,30000,和歌山県,pref,30,和歌山県,1988100000,1988年度,1988,00001|H1401,観測値|H1401_一戸建住宅数,戸,243900.0,243900
housing_stock,住宅ストック・空き家・持ち家,30000,和歌山県,pref,30,和歌山県,1993100000,1993年度,1993,00001|H1401,観測値|H1401_一戸建住宅数,戸,264400.0,264400
housing_stock,住宅ストック・空き家・持ち家,30000,和歌山県,pref,30,和歌山県,1998100000,1998年度,1998,00001|H1401,観測値|H1401_一戸建住宅数,戸,272100.0,272100
housing_stock,住宅ストック・空き家・持ち家,30000,和歌山県,pref,30,和歌山県,2003100000,2003年度,2003,00001|H1401,観測値|H1401_一戸建住宅数,戸,283900.0,283900
housing_stock,住宅ストック・空き家・持ち家,30000,和歌山県,pref,30,和歌山県,2008100000,2008年度,2008,00001|H1401,観測値|H1401_一戸建住宅数,戸,287000.0,287000
housing_stock,住宅ストック・空き家・持ち家,30000,和歌山県,pref,30,和歌山県,2013100000,2013年度,2013,00001|H1401,観測値|H1401_一戸建住宅数,戸,298200.0,298200
housing_stock,住宅ストック・空き家・持ち家,30000,和歌山県,pref,30,和歌山県,2018100000,2018年度,2018,00001|H1401,観測値|H1401_一戸建住宅数,戸,284600.0,284600
housing_stock,住宅ストック・空き家・持ち家,30000,和歌山県,pref,30,和歌山県,2023100000,2023年度,2023,00001|H1401,観測値|H1401_一戸建住宅数,戸,288100.0,288100
housing_stock,住宅ストック・空き家・持ち家,31000,鳥取県,pref,31,鳥取県,1978100000,1978年度,1978,00001|H1401,観測値|H1401_一戸建住宅数,戸,128800.0,128800
housing_stock,住宅ストック・空き家・持ち家,31000,鳥取県,pref,31,鳥取県,1983100000,1983年度,1983,00001|H1401,観測値|H1401_一戸建住宅数,戸,135800.0,135800
housing_stock,住宅ストック・空き家・持ち家,31000,鳥取県,pref,31,鳥取県,1988100000,1988年度,1988,00001|H1401,観測値|H1401_一戸建住宅数,戸,137000.0,137000
housing_stock,住宅ストック・空き家・持ち家,31000,鳥取県,pref,31,鳥取県,1993100000,1993年度,1993,00001|H1401,観測値|H1401_一戸建住宅数,戸,143000.0,143000
housing_stock,住宅ストック・空き家・持ち家,31000,鳥取県,pref,31,鳥取県,1998100000,1998年度,1998,00001|H1401,観測値|H1401_一戸建住宅数,戸,147300.0,147300
housing_stock,住宅ストック・空き家・持ち家,31000,鳥取県,pref,31,鳥取県,2003100000,2003年度,2003,00001|H1401,観測値|H1401_一戸建住宅数,戸,149400.0,149400
housing_stock,住宅ストック・空き家・持ち家,31000,鳥取県,pref,31,鳥取県,2008100000,2008年度,2008,00001|H1401,観測値|H1401_一戸建住宅数,戸,153300.0,153300
housing_stock,住宅ストック・空き家・持ち家,31000,鳥取県,pref,31,鳥取県,2013100000,2013年度,2013,00001|H1401,観測値|H1401_一戸建住宅数,戸,154100.0,154100
housing_stock,住宅ストック・空き家・持ち家,31000,鳥取県,pref,31,鳥取県,2018100000,2018年度,2018,00001|H1401,観測値|H1401_一戸建住宅数,戸,152800.0,152800
housing_stock,住宅ストック・空き家・持ち家,31000,鳥取県,pref,31,鳥取県,2023100000,2023年度,2023,00001|H1401,観測値|H1401_一戸建住宅数,戸,157700.0,157700
housing_stock,住宅ストック・空き家・持ち家,32000,島根県,pref,32,島根県,1978100000,1978年度,1978,00001|H1401,観測値|H1401_一戸建住宅数,戸,180900.0,180900
housing_stock,住宅ストック・空き家・持ち家,32000,島根県,pref,32,島根県,1983100000,1983年度,1983,00001|H1401,観測値|H1401_一戸建住宅数,戸,180800.0,180800
housing_stock,住宅ストック・空き家・持ち家,32000,島根県,pref,32,島根県,1988100000,1988年度,1988,00001|H1401,観測値|H1401_一戸建住宅数,戸,186700.0,186700
housing_stock,住宅ストック・空き家・持ち家,32000,島根県,pref,32,島根県,1993100000,1993年度,1993,00001|H1401,観測値|H1401_一戸建住宅数,戸,187900.0,187900
housing_stock,住宅ストック・空き家・持ち家,32000,島根県,pref,32,島根県,1998100000,1998年度,1998,00001|H1401,観測値|H1401_一戸建住宅数,戸,189200.0,189200
housing_stock,住宅ストック・空き家・持ち家,32000,島根県,pref,32,島根県,2003100000,2003年度,2003,00001|H1401,観測値|H1401_一戸建住宅数,戸,191600.0,191600
housing_stock,住宅ストック・空き家・持ち家,32000,島根県,pref,32,島根県,2008100000,2008年度,2008,00001|H1401,観測値|H1401_一戸建住宅数,戸,190000.0,190000
housing_stock,住宅ストック・空き家・持ち家,32000,島根県,pref,32,島根県,2013100000,2013年度,2013,00001|H1401,観測値|H1401_一戸建住宅数,戸,192400.0,192400
housing_stock,住宅ストック・空き家・持ち家,32000,島根県,pref,32,島根県,2018100000,2018年度,2018,00001|H1401,観測値|H1401_一戸建住宅数,戸,189800.0,189800
housing_stock,住宅ストック・空き家・持ち家,32000,島根県,pref,32,島根県,2023100000,2023年度,2023,00001|H1401,観測値|H1401_一戸建住宅数,戸,186200.0,186200
housing_stock,住宅ストック・空き家・持ち家,33000,岡山県,pref,33,岡山県,1978100000,1978年度,1978,00001|H1401,観測値|H1401_一戸建住宅数,戸,397500.0,397500
housing_stock,住宅ストック・空き家・持ち家,33000,岡山県,pref,33,岡山県,1983100000,1983年度,1983,00001|H1401,観測値|H1401_一戸建住宅数,戸,423400.0,423400
housing_stock,住宅ストック・空き家・持ち家,33000,岡山県,pref,33,岡山県,1988100000,1988年度,1988,00001|H1401,観測値|H1401_一戸建住宅数,戸,440900.0,440900
housing_stock,住宅ストック・空き家・持ち家,33000,岡山県,pref,33,岡山県,1993100000,1993年度,1993,00001|H1401,観測値|H1401_一戸建住宅数,戸,456300.0,456300
housing_stock,住宅ストック・空き家・持ち家,33000,岡山県,pref,33,岡山県,1998100000,1998年度,1998,00001|H1401,観測値|H1401_一戸建住宅数,戸,474300.0,474300
housing_stock,住宅ストック・空き家・持ち家,33000,岡山県,pref,33,岡山県,2003100000,2003年度,2003,00001|H1401,観測値|H1401_一戸建住宅数,戸,489000.0,489000
housing_stock,住宅ストック・空き家・持ち家,33000,岡山県,pref,33,岡山県,2008100000,2008年度,2008,00001|H1401,観測値|H1401_一戸建住宅数,戸,509800.0,509800
housing_stock,住宅ストック・空き家・持ち家,33000,岡山県,pref,33,岡山県,2013100000,2013年度,2013,00001|H1401,観測値|H1401_一戸建住宅数,戸,513800.0,513800
housing_stock,住宅ストック・空き家・持ち家,33000,岡山県,pref,33,岡山県,2018100000,2018年度,2018,00001|H1401,観測値|H1401_一戸建住宅数,戸,513800.0,513800
housing_stock,住宅ストック・空き家・持ち家,33000,岡山県,pref,33,岡山県,2023100000,2023年度,2023,00001|H1401,観測値|H1401_一戸建住宅数,戸,522800.0,522800
housing_stock,住宅ストック・空き家・持ち家,34000,広島県,pref,34,広島県,1978100000,1978年度,1978,00001|H1401,観測値|H1401_一戸建住宅数,戸,532300.0,532300
housing_stock,住宅ストック・空き家・持ち家,34000,広島県,pref,34,広島県,1983100000,1983年度,1983,00001|H1401,観測値|H1401_一戸建住宅数,戸,568400.0,568400
housing_stock,住宅ストック・空き家・持ち家,34000,広島県,pref,34,広島県,1988100000,1988年度,1988,00001|H1401,観測値|H1401_一戸建住宅数,戸,592400.0,592400
housing_stock,住宅ストック・空き家・持ち家,34000,広島県,pref,34,広島県,1993100000,1993年度,1993,00001|H1401,観測値|H1401_一戸建住宅数,戸,618900.0,618900
housing_stock,住宅ストック・空き家・持ち家,34000,広島県,pref,34,広島県,1998100000,1998年度,1998,00001|H1401,観測値|H1401_一戸建住宅数,戸,622600.0,622600
housing_stock,住宅ストック・空き家・持ち家,34000,広島県,pref,34,広島県,2003100000,2003年度,2003,00001|H1401,観測値|H1401_一戸建住宅数,戸,644200.0,644200
housing_stock,住宅ストック・空き家・持ち家,34000,広島県,pref,34,広島県,2008100000,2008年度,2008,00001|H1401,観測値|H1401_一戸建住宅数,戸,662700.0,662700
housing_stock,住宅ストック・空き家・持ち家,34000,広島県,pref,34,広島県,2013100000,2013年度,2013,00001|H1401,観測値|H1401_一戸建住宅数,戸,671700.0,671700
housing_stock,住宅ストック・空き家・持ち家,34000,広島県,pref,34,広島県,2018100000,2018年度,2018,00001|H1401,観測値|H1401_一戸建住宅数,戸,670600.0,670600
housing_stock,住宅ストック・空き家・持ち家,34000,広島県,pref,34,広島県,2023100000,2023年度,2023,00001|H1401,観測値|H1401_一戸建住宅数,戸,676500.0,676500
housing_stock,住宅ストック・空き家・持ち家,35000,山口県,pref,35,山口県,1978100000,1978年度,1978,00001|H1401,観測値|H1401_一戸建住宅数,戸,344400.0,344400
housing_stock,住宅ストック・空き家・持ち家,35000,山口県,pref,35,山口県,1983100000,1983年度,1983,00001|H1401,観測値|H1401_一戸建住宅数,戸,366600.0,366600
housing_stock,住宅ストック・空き家・持ち家,35000,山口県,pref,35,山口県,1988100000,1988年度,1988,00001|H1401,観測値|H1401_一戸建住宅数,戸,369600.0,369600
housing_stock,住宅ストック・空き家・持ち家,35000,山口県,pref,35,山口県,1993100000,1993年度,1993,00001|H1401,観測値|H1401_一戸建住宅数,戸,384500.0,384500
housing_stock,住宅ストック・空き家・持ち家,35000,山口県,pref,35,山口県,1998100000,1998年度,1998,00001|H1401,観測値|H1401_一戸建住宅数,戸,390600.0,390600
housing_stock,住宅ストック・空き家・持ち家,35000,山口県,pref,35,山口県,2003100000,2003年度,2003,00001|H1401,観測値|H1401_一戸建住宅数,戸,399500.0,399500
housing_stock,住宅ストック・空き家・持ち家,35000,山口県,pref,35,山口県,2008100000,2008年度,2008,00001|H1401,観測値|H1401_一戸建住宅数,戸,403800.0,403800
housing_stock,住宅ストック・空き家・持ち家,35000,山口県,pref,35,山口県,2013100000,2013年度,2013,00001|H1401,観測値|H1401_一戸建住宅数,戸,406500.0,406500
housing_stock,住宅ストック・空き家・持ち家,35000,山口県,pref,35,山口県,2018100000,2018年度,2018,00001|H1401,観測値|H1401_一戸建住宅数,戸,398900.0,398900
housing_stock,住宅ストック・空き家・持ち家,35000,山口県,pref,35,山口県,2023100000,2023年度,2023,00001|H1401,観測値|H1401_一戸建住宅数,戸,388300.0,388300
housing_stock,住宅ストック・空き家・持ち家,36000,徳島県,pref,36,徳島県,1978100000,1978年度,1978,00001|H1401,観測値|H1401_一戸建住宅数,戸,175500.0,175500
housing_stock,住宅ストック・空き家・持ち家,36000,徳島県,pref,36,徳島県,1983100000,1983年度,1983,00001|H1401,観測値|H1401_一戸建住宅数,戸,177600.0,177600
housing_stock,住宅ストック・空き家・持ち家,36000,徳島県,pref,36,徳島県,1988100000,1988年度,1988,00001|H1401,観測値|H1401_一戸建住宅数,戸,187200.0,187200
housing_stock,住宅ストック・空き家・持ち家,36000,徳島県,pref,36,徳島県,1993100000,1993年度,1993,00001|H1401,観測値|H1401_一戸建住宅数,戸,193300.0,193300
housing_stock,住宅ストック・空き家・持ち家,36000,徳島県,pref,36,徳島県,1998100000,1998年度,1998,00001|H1401,観測値|H1401_一戸建住宅数,戸,198500.0,198500
housing_stock,住宅ストック・空き家・持ち家,36000,徳島県,pref,36,徳島県,2003100000,2003年度,2003,00001|H1401,観測値|H1401_一戸建住宅数,戸,208800.0,208800
housing_stock,住宅ストック・空き家・持ち家,36000,徳島県,pref,36,徳島県,2008100000,2008年度,2008,00001|H1401,観測値|H1401_一戸建住宅数,戸,209700.0,209700
housing_stock,住宅ストック・空き家・持ち家,36000,徳島県,pref,36,徳島県,2013100000,2013年度,2013,00001|H1401,観測値|H1401_一戸建住宅数,戸,215900.0,215900
housing_stock,住宅ストック・空き家・持ち家,36000,徳島県,pref,36,徳島県,2018100000,2018年度,2018,00001|H1401,観測値|H1401_一戸建住宅数,戸,215900.0,215900
housing_stock,住宅ストック・空き家・持ち家,36000,徳島県,pref,36,徳島県,2023100000,2023年度,2023,00001|H1401,観測値|H1401_一戸建住宅数,戸,210500.0,210500
housing_stock,住宅ストック・空き家・持ち家,37000,香川県,pref,37,香川県,1978100000,1978年度,1978,00001|H1401,観測値|H1401_一戸建住宅数,戸,219800.0,219800
housing_stock,住宅ストック・空き家・持ち家,37000,香川県,pref,37,香川県,1983100000,1983年度,1983,00001|H1401,観測値|H1401_一戸建住宅数,戸,228900.0,228900
housing_stock,住宅ストック・空き家・持ち家,37000,香川県,pref,37,香川県,1988100000,1988年度,1988,00001|H1401,観測値|H1401_一戸建住宅数,戸,235300.0,235300
housing_stock,住宅ストック・空き家・持ち家,37000,香川県,pref,37,香川県,1993100000,1993年度,1993,00001|H1401,観測値|H1401_一戸建住宅数,戸,240800.0,240800
housing_stock,住宅ストック・空き家・持ち家,37000,香川県,pref,37,香川県,1998100000,1998年度,1998,00001|H1401,観測値|H1401_一戸建住宅数,戸,248100.0,248100
housing_stock,住宅ストック・空き家・持ち家,37000,香川県,pref,37,香川県,2003100000,2003年度,2003,00001|H1401,観測値|H1401_一戸建住宅数,戸,257400.0,257400
housing_stock,住宅ストック・空き家・持ち家,37000,香川県,pref,37,香川県,2008100000,2008年度,2008,00001|H1401,観測値|H1401_一戸建住宅数,戸,263200.0,263200
housing_stock,住宅ストック・空き家・持ち家,37000,香川県,pref,37,香川県,2013100000,2013年度,2013,00001|H1401,観測値|H1401_一戸建住宅数,戸,271300.0,271300
housing_stock,住宅ストック・空き家・持ち家,37000,香川県,pref,37,香川県,2018100000,2018年度,2018,00001|H1401,観測値|H1401_一戸建住宅数,戸,268600.0,268600
housing_stock,住宅ストック・空き家・持ち家,37000,香川県,pref,37,香川県,2023100000,2023年度,2023,00001|H1401,観測値|H1401_一戸建住宅数,戸,265300.0,265300
housing_stock,住宅ストック・空き家・持ち家,38000,愛媛県,pref,38,愛媛県,1978100000,1978年度,1978,00001|H1401,観測値|H1401_一戸建住宅数,戸,349800.0,349800
housing_stock,住宅ストック・空き家・持ち家,38000,愛媛県,pref,38,愛媛県,1983100000,1983年度,1983,00001|H1401,観測値|H1401_一戸建住宅数,戸,356800.0,356800
housing_stock,住宅ストック・空き家・持ち家,38000,愛媛県,pref,38,愛媛県,1988100000,1988年度,1988,00001|H1401,観測値|H1401_一戸建住宅数,戸,371000.0,371000
housing_stock,住宅ストック・空き家・持ち家,38000,愛媛県,pref,38,愛媛県,1993100000,1993年度,1993,00001|H1401,観測値|H1401_一戸建住宅数,戸,388500.0,388500
housing_stock,住宅ストック・空き家・持ち家,38000,愛媛県,pref,38,愛媛県,1998100000,1998年度,1998,00001|H1401,観測値|H1401_一戸建住宅数,戸,392400.0,392400
housing_stock,住宅ストック・空き家・持ち家,38000,愛媛県,pref,38,愛媛県,2003100000,2003年度,2003,00001|H1401,観測値|H1401_一戸建住宅数,戸,402500.0,402500
housing_stock,住宅ストック・空き家・持ち家,38000,愛媛県,pref,38,愛媛県,2008100000,2008年度,2008,00001|H1401,観測値|H1401_一戸建住宅数,戸,403900.0,403900
housing_stock,住宅ストック・空き家・持ち家,38000,愛媛県,pref,38,愛媛県,2013100000,2013年度,2013,00001|H1401,観測値|H1401_一戸建住宅数,戸,403900.0,403900
housing_stock,住宅ストック・空き家・持ち家,38000,愛媛県,pref,38,愛媛県,2018100000,2018年度,2018,00001|H1401,観測値|H1401_一戸建住宅数,戸,397300.0,397300
housing_stock,住宅ストック・空き家・持ち家,38000,愛媛県,pref,38,愛媛県,2023100000,2023年度,2023,00001|H1401,観測値|H1401_一戸建住宅数,戸,386600.0,386600
housing_stock,住宅ストック・空き家・持ち家,39000,高知県,pref,39,高知県,1978100000,1978年度,1978,00001|H1401,観測値|H1401_一戸建住宅数,戸,201600.0,201600
housing_stock,住宅ストック・空き家・持ち家,39000,高知県,pref,39,高知県,1983100000,1983年度,1983,00001|H1401,観測値|H1401_一戸建住宅数,戸,201000.0,201000
housing_stock,住宅ストック・空き家・持ち家,39000,高知県,pref,39,高知県,1988100000,1988年度,1988,00001|H1401,観測値|H1401_一戸建住宅数,戸,211000.0,211000
housing_stock,住宅ストック・空き家・持ち家,39000,高知県,pref,39,高知県,1993100000,1993年度,1993,00001|H1401,観測値|H1401_一戸建住宅数,戸,214100.0,214100
housing_stock,住宅ストック・空き家・持ち家,39000,高知県,pref,39,高知県,1998100000,1998年度,1998,00001|H1401,観測値|H1401_一戸建住宅数,戸,222800.0,222800
housing_stock,住宅ストック・空き家・持ち家,39000,高知県,pref,39,高知県,2003100000,2003年度,2003,00001|H1401,観測値|H1401_一戸建住宅数,戸,225200.0,225200
housing_stock,住宅ストック・空き家・持ち家,39000,高知県,pref,39,高知県,2008100000,2008年度,2008,00001|H1401,観測値|H1401_一戸建住宅数,戸,223500.0,223500
housing_stock,住宅ストック・空き家・持ち家,39000,高知県,pref,39,高知県,2013100000,2013年度,2013,00001|H1401,観測値|H1401_一戸建住宅数,戸,224000.0,224000
housing_stock,住宅ストック・空き家・持ち家,39000,高知県,pref,39,高知県,2018100000,2018年度,2018,00001|H1401,観測値|H1401_一戸建住宅数,戸,213100.0,213100
housing_stock,住宅ストック・空き家・持ち家,39000,高知県,pref,39,高知県,2023100000,2023年度,2023,00001|H1401,観測値|H1401_一戸建住宅数,戸,209500.0,209500
housing_stock,住宅ストック・空き家・持ち家,40000,福岡県,pref,40,福岡県,1978100000,1978年度,1978,00001|H1401,観測値|H1401_一戸建住宅数,戸,777400.0,777400
housing_stock,住宅ストック・空き家・持ち家,40000,福岡県,pref,40,福岡県,1983100000,1983年度,1983,00001|H1401,観測値|H1401_一戸建住宅数,戸,828100.0,828100
housing_stock,住宅ストック・空き家・持ち家,40000,福岡県,pref,40,福岡県,1988100000,1988年度,1988,00001|H1401,観測値|H1401_一戸建住宅数,戸,862000.0,862000
housing_stock,住宅ストック・空き家・持ち家,40000,福岡県,pref,40,福岡県,1993100000,1993年度,1993,00001|H1401,観測値|H1401_一戸建住宅数,戸,891200.0,891200
housing_stock,住宅ストック・空き家・持ち家,40000,福岡県,pref,40,福岡県,1998100000,1998年度,1998,00001|H1401,観測値|H1401_一戸建住宅数,戸,911800.0,911800
housing_stock,住宅ストック・空き家・持ち家,40000,福岡県,pref,40,福岡県,2003100000,2003年度,2003,00001|H1401,観測値|H1401_一戸建住宅数,戸,958900.0,958900
housing_stock,住宅ストック・空き家・持ち家,40000,福岡県,pref,40,福岡県,2008100000,2008年度,2008,00001|H1401,観測値|H1401_一戸建住宅数,戸,963200.0,963200
housing_stock,住宅ストック・空き家・持ち家,40000,福岡県,pref,40,福岡県,2013100000,2013年度,2013,00001|H1401,観測値|H1401_一戸建住宅数,戸,996600.0,996600
housing_stock,住宅ストック・空き家・持ち家,40000,福岡県,pref,40,福岡県,2018100000,2018年度,2018,00001|H1401,観測値|H1401_一戸建住宅数,戸,991200.0,991200
housing_stock,住宅ストック・空き家・持ち家,40000,福岡県,pref,40,福岡県,2023100000,2023年度,2023,00001|H1401,観測値|H1401_一戸建住宅数,戸,1007500.0,1007500
housing_stock,住宅ストック・空き家・持ち家,41000,佐賀県,pref,41,佐賀県,1978100000,1978年度,1978,00001|H1401,観測値|H1401_一戸建住宅数,戸,176600.0,176600
housing_stock,住宅ストック・空き家・持ち家,41000,佐賀県,pref,41,佐賀県,1983100000,1983年度,1983,00001|H1401,観測値|H1401_一戸建住宅数,戸,186300.0,186300
housing_stock,住宅ストック・空き家・持ち家,41000,佐賀県,pref,41,佐賀県,1988100000,1988年度,1988,00001|H1401,観測値|H1401_一戸建住宅数,戸,193200.0,193200
housing_stock,住宅ストック・空き家・持ち家,41000,佐賀県,pref,41,佐賀県,1993100000,1993年度,1993,00001|H1401,観測値|H1401_一戸建住宅数,戸,196800.0,196800
housing_stock,住宅ストック・空き家・持ち家,41000,佐賀県,pref,41,佐賀県,1998100000,1998年度,1998,00001|H1401,観測値|H1401_一戸建住宅数,戸,208700.0,208700
housing_stock,住宅ストック・空き家・持ち家,41000,佐賀県,pref,41,佐賀県,2003100000,2003年度,2003,00001|H1401,観測値|H1401_一戸建住宅数,戸,205500.0,205500
housing_stock,住宅ストック・空き家・持ち家,41000,佐賀県,pref,41,佐賀県,2008100000,2008年度,2008,00001|H1401,観測値|H1401_一戸建住宅数,戸,210000.0,210000
housing_stock,住宅ストック・空き家・持ち家,41000,佐賀県,pref,41,佐賀県,2013100000,2013年度,2013,00001|H1401,観測値|H1401_一戸建住宅数,戸,214900.0,214900
housing_stock,住宅ストック・空き家・持ち家,41000,佐賀県,pref,41,佐賀県,2018100000,2018年度,2018,00001|H1401,観測値|H1401_一戸建住宅数,戸,207700.0,207700
housing_stock,住宅ストック・空き家・持ち家,41000,佐賀県,pref,41,佐賀県,2023100000,2023年度,2023,00001|H1401,観測値|H1401_一戸建住宅数,戸,214000.0,214000
housing_stock,住宅ストック・空き家・持ち家,42000,長崎県,pref,42,長崎県,1978100000,1978年度,1978,00001|H1401,観測値|H1401_一戸建住宅数,戸,316000.0,316000
housing_stock,住宅ストック・空き家・持ち家,42000,長崎県,pref,42,長崎県,1983100000,1983年度,1983,00001|H1401,観測値|H1401_一戸建住宅数,戸,329700.0,329700
housing_stock,住宅ストック・空き家・持ち家,42000,長崎県,pref,42,長崎県,1988100000,1988年度,1988,00001|H1401,観測値|H1401_一戸建住宅数,戸,345800.0,345800
housing_stock,住宅ストック・空き家・持ち家,42000,長崎県,pref,42,長崎県,1993100000,1993年度,1993,00001|H1401,観測値|H1401_一戸建住宅数,戸,336300.0,336300
housing_stock,住宅ストック・空き家・持ち家,42000,長崎県,pref,42,長崎県,1998100000,1998年度,1998,00001|H1401,観測値|H1401_一戸建住宅数,戸,358000.0,358000
housing_stock,住宅ストック・空き家・持ち家,42000,長崎県,pref,42,長崎県,2003100000,2003年度,2003,00001|H1401,観測値|H1401_一戸建住宅数,戸,357200.0,357200
housing_stock,住宅ストック・空き家・持ち家,42000,長崎県,pref,42,長崎県,2008100000,2008年度,2008,00001|H1401,観測値|H1401_一戸建住宅数,戸,363300.0,363300
housing_stock,住宅ストック・空き家・持ち家,42000,長崎県,pref,42,長崎県,2013100000,2013年度,2013,00001|H1401,観測値|H1401_一戸建住宅数,戸,369600.0,369600
housing_stock,住宅ストック・空き家・持ち家,42000,長崎県,pref,42,長崎県,2018100000,2018年度,2018,00001|H1401,観測値|H1401_一戸建住宅数,戸,357700.0,357700
housing_stock,住宅ストック・空き家・持ち家,42000,長崎県,pref,42,長崎県,2023100000,2023年度,2023,00001|H1401,観測値|H1401_一戸建住宅数,戸,344600.0,344600
housing_stock,住宅ストック・空き家・持ち家,43000,熊本県,pref,43,熊本県,1978100000,1978年度,1978,00001|H1401,観測値|H1401_一戸建住宅数,戸,377000.0,377000
housing_stock,住宅ストック・空き家・持ち家,43000,熊本県,pref,43,熊本県,1983100000,1983年度,1983,00001|H1401,観測値|H1401_一戸建住宅数,戸,400800.0,400800
housing_stock,住宅ストック・空き家・持ち家,43000,熊本県,pref,43,熊本県,1988100000,1988年度,1988,00001|H1401,観測値|H1401_一戸建住宅数,戸,399500.0,399500
housing_stock,住宅ストック・空き家・持ち家,43000,熊本県,pref,43,熊本県,1993100000,1993年度,1993,00001|H1401,観測値|H1401_一戸建住宅数,戸,422300.0,422300
housing_stock,住宅ストック・空き家・持ち家,43000,熊本県,pref,43,熊本県,1998100000,1998年度,1998,00001|H1401,観測値|H1401_一戸建住宅数,戸,435400.0,435400
housing_stock,住宅ストック・空き家・持ち家,43000,熊本県,pref,43,熊本県,2003100000,2003年度,2003,00001|H1401,観測値|H1401_一戸建住宅数,戸,434800.0,434800
housing_stock,住宅ストック・空き家・持ち家,43000,熊本県,pref,43,熊本県,2008100000,2008年度,2008,00001|H1401,観測値|H1401_一戸建住宅数,戸,441100.0,441100
housing_stock,住宅ストック・空き家・持ち家,43000,熊本県,pref,43,熊本県,2013100000,2013年度,2013,00001|H1401,観測値|H1401_一戸建住宅数,戸,448400.0,448400
housing_stock,住宅ストック・空き家・持ち家,43000,熊本県,pref,43,熊本県,2018100000,2018年度,2018,00001|H1401,観測値|H1401_一戸建住宅数,戸,440600.0,440600
housing_stock,住宅ストック・空き家・持ち家,43000,熊本県,pref,43,熊本県,2023100000,2023年度,2023,00001|H1401,観測値|H1401_一戸建住宅数,戸,448800.0,448800
housing_stock,住宅ストック・空き家・持ち家,44000,大分県,pref,44,大分県,1978100000,1978年度,1978,00001|H1401,観測値|H1401_一戸建住宅数,戸,256800.0,256800
housing_stock,住宅ストック・空き家・持ち家,44000,大分県,pref,44,大分県,1983100000,1983年度,1983,00001|H1401,観測値|H1401_一戸建住宅数,戸,273300.0,273300
housing_stock,住宅ストック・空き家・持ち家,44000,大分県,pref,44,大分県,1988100000,1988年度,1988,00001|H1401,観測値|H1401_一戸建住宅数,戸,279300.0,279300
housing_stock,住宅ストック・空き家・持ち家,44000,大分県,pref,44,大分県,1993100000,1993年度,1993,00001|H1401,観測値|H1401_一戸建住宅数,戸,287800.0,287800
housing_stock,住宅ストック・空き家・持ち家,44000,大分県,pref,44,大分県,1998100000,1998年度,1998,00001|H1401,観測値|H1401_一戸建住宅数,戸,291000.0,291000
housing_stock,住宅ストック・空き家・持ち家,44000,大分県,pref,44,大分県,2003100000,2003年度,2003,00001|H1401,観測値|H1401_一戸建住宅数,戸,298600.0,298600
housing_stock,住宅ストック・空き家・持ち家,44000,大分県,pref,44,大分県,2008100000,2008年度,2008,00001|H1401,観測値|H1401_一戸建住宅数,戸,298900.0,298900
housing_stock,住宅ストック・空き家・持ち家,44000,大分県,pref,44,大分県,2013100000,2013年度,2013,00001|H1401,観測値|H1401_一戸建住宅数,戸,304200.0,304200
housing_stock,住宅ストック・空き家・持ち家,44000,大分県,pref,44,大分県,2018100000,2018年度,2018,00001|H1401,観測値|H1401_一戸建住宅数,戸,304000.0,304000
housing_stock,住宅ストック・空き家・持ち家,44000,大分県,pref,44,大分県,2023100000,2023年度,2023,00001|H1401,観測値|H1401_一戸建住宅数,戸,295700.0,295700
housing_stock,住宅ストック・空き家・持ち家,45000,宮崎県,pref,45,宮崎県,1978100000,1978年度,1978,00001|H1401,観測値|H1401_一戸建住宅数,戸,271000.0,271000
housing_stock,住宅ストック・空き家・持ち家,45000,宮崎県,pref,45,宮崎県,1983100000,1983年度,1983,00001|H1401,観測値|H1401_一戸建住宅数,戸,283900.0,283900
housing_stock,住宅ストック・空き家・持ち家,45000,宮崎県,pref,45,宮崎県,1988100000,1988年度,1988,00001|H1401,観測値|H1401_一戸建住宅数,戸,293000.0,293000
housing_stock,住宅ストック・空き家・持ち家,45000,宮崎県,pref,45,宮崎県,1993100000,1993年度,1993,00001|H1401,観測値|H1401_一戸建住宅数,戸,302000.0,302000
housing_stock,住宅ストック・空き家・持ち家,45000,宮崎県,pref,45,宮崎県,1998100000,1998年度,1998,00001|H1401,観測値|H1401_一戸建住宅数,戸,315800.0,315800
housing_stock,住宅ストック・空き家・持ち家,45000,宮崎県,pref,45,宮崎県,2003100000,2003年度,2003,00001|H1401,観測値|H1401_一戸建住宅数,戸,316600.0,316600
housing_stock,住宅ストック・空き家・持ち家,45000,宮崎県,pref,45,宮崎県,2008100000,2008年度,2008,00001|H1401,観測値|H1401_一戸建住宅数,戸,315400.0,315400
housing_stock,住宅ストック・空き家・持ち家,45000,宮崎県,pref,45,宮崎県,2013100000,2013年度,2013,00001|H1401,観測値|H1401_一戸建住宅数,戸,329600.0,329600
housing_stock,住宅ストック・空き家・持ち家,45000,宮崎県,pref,45,宮崎県,2018100000,2018年度,2018,00001|H1401,観測値|H1401_一戸建住宅数,戸,314700.0,314700
housing_stock,住宅ストック・空き家・持ち家,45000,宮崎県,pref,45,宮崎県,2023100000,2023年度,2023,00001|H1401,観測値|H1401_一戸建住宅数,戸,316700.0,316700
housing_stock,住宅ストック・空き家・持ち家,46000,鹿児島県,pref,46,鹿児島県,1978100000,1978年度,1978,00001|H1401,観測値|H1401_一戸建住宅数,戸,467100.0,467100
housing_stock,住宅ストック・空き家・持ち家,46000,鹿児島県,pref,46,鹿児島県,1983100000,1983年度,1983,00001|H1401,観測値|H1401_一戸建住宅数,戸,484900.0,484900
housing_stock,住宅ストック・空き家・持ち家,46000,鹿児島県,pref,46,鹿児島県,1988100000,1988年度,1988,00001|H1401,観測値|H1401_一戸建住宅数,戸,487000.0,487000
housing_stock,住宅ストック・空き家・持ち家,46000,鹿児島県,pref,46,鹿児島県,1993100000,1993年度,1993,00001|H1401,観測値|H1401_一戸建住宅数,戸,505400.0,505400
housing_stock,住宅ストック・空き家・持ち家,46000,鹿児島県,pref,46,鹿児島県,1998100000,1998年度,1998,00001|H1401,観測値|H1401_一戸建住宅数,戸,510600.0,510600
housing_stock,住宅ストック・空き家・持ち家,46000,鹿児島県,pref,46,鹿児島県,2003100000,2003年度,2003,00001|H1401,観測値|H1401_一戸建住宅数,戸,510200.0,510200
housing_stock,住宅ストック・空き家・持ち家,46000,鹿児島県,pref,46,鹿児島県,2008100000,2008年度,2008,00001|H1401,観測値|H1401_一戸建住宅数,戸,506800.0,506800
housing_stock,住宅ストック・空き家・持ち家,46000,鹿児島県,pref,46,鹿児島県,2013100000,2013年度,2013,00001|H1401,観測値|H1401_一戸建住宅数,戸,492400.0,492400
housing_stock,住宅ストック・空き家・持ち家,46000,鹿児島県,pref,46,鹿児島県,2018100000,2018年度,2018,00001|H1401,観測値|H1401_一戸建住宅数,戸,481500.0,481500
housing_stock,住宅ストック・空き家・持ち家,46000,鹿児島県,pref,46,鹿児島県,2023100000,2023年度,2023,00001|H1401,観測値|H1401_一戸建住宅数,戸,470200.0,470200
housing_stock,住宅ストック・空き家・持ち家,47000,沖縄県,pref,47,沖縄県,1978100000,1978年度,1978,00001|H1401,観測値|H1401_一戸建住宅数,戸,187600.0,187600
housing_stock,住宅ストック・空き家・持ち家,47000,沖縄県,pref,47,沖縄県,1983100000,1983年度,1983,00001|H1401,観測値|H1401_一戸建住宅数,戸,191900.0,191900
housing_stock,住宅ストック・空き家・持ち家,47000,沖縄県,pref,47,沖縄県,1988100000,1988年度,1988,00001|H1401,観測値|H1401_一戸建住宅数,戸,198700.0,198700
housing_stock,住宅ストック・空き家・持ち家,47000,沖縄県,pref,47,沖縄県,1993100000,1993年度,1993,00001|H1401,観測値|H1401_一戸建住宅数,戸,206300.0,206300
housing_stock,住宅ストック・空き家・持ち家,47000,沖縄県,pref,47,沖縄県,1998100000,1998年度,1998,00001|H1401,観測値|H1401_一戸建住宅数,戸,210300.0,210300
housing_stock,住宅ストック・空き家・持ち家,47000,沖縄県,pref,47,沖縄県,2003100000,2003年度,2003,00001|H1401,観測値|H1401_一戸建住宅数,戸,213600.0,213600
housing_stock,住宅ストック・空き家・持ち家,47000,沖縄県,pref,47,沖縄県,2008100000,2008年度,2008,00001|H1401,観測値|H1401_一戸建住宅数,戸,223700.0,223700
housing_stock,住宅ストック・空き家・持ち家,47000,沖縄県,pref,47,沖縄県,2013100000,2013年度,2013,00001|H1401,観測値|H1401_一戸建住宅数,戸,227500.0,227500
housing_stock,住宅ストック・空き家・持ち家,47000,沖縄県,pref,47,沖縄県,2018100000,2018年度,2018,00001|H1401,観測値|H1401_一戸建住宅数,戸,223800.0,223800
housing_stock,住宅ストック・空き家・持ち家,47000,沖縄県,pref,47,沖縄県,2023100000,2023年度,2023,00001|H1401,観測値|H1401_一戸建住宅数,戸,234900.0,234900
housing_stock,住宅ストック・空き家・持ち家,00000,全国,national,,,1978100000,1978年度,1978,00001|H1403,観測値|H1403_共同住宅数,戸,7962900.0,7962900
housing_stock,住宅ストック・空き家・持ち家,00000,全国,national,,,1983100000,1983年度,1983,00001|H1403,観測値|H1403_共同住宅数,戸,9329300.0,9329300
housing_stock,住宅ストック・空き家・持ち家,00000,全国,national,,,1988100000,1988年度,1988,00001|H1403,観測値|H1403_共同住宅数,戸,11409200.0,11409200
housing_stock,住宅ストック・空き家・持ち家,00000,全国,national,,,1993100000,1993年度,1993,00001|H1403,観測値|H1403_共同住宅数,戸,14267400.0,14267400
housing_stock,住宅ストック・空き家・持ち家,00000,全国,national,,,1998100000,1998年度,1998,00001|H1403,観測値|H1403_共同住宅数,戸,16600900.0,16600900
housing_stock,住宅ストック・空き家・持ち家,00000,全国,national,,,2003100000,2003年度,2003,00001|H1403,観測値|H1403_共同住宅数,戸,18732800.0,18732800
housing_stock,住宅ストック・空き家・持ち家,00000,全国,national,,,2008100000,2008年度,2008,00001|H1403,観測値|H1403_共同住宅数,戸,20684300.0,20684300
housing_stock,住宅ストック・空き家・持ち家,00000,全国,national,,,2013100000,2013年度,2013,00001|H1403,観測値|H1403_共同住宅数,戸,22085300.0,22085300
housing_stock,住宅ストック・空き家・持ち家,00000,全国,national,,,2018100000,2018年度,2018,00001|H1403,観測値|H1403_共同住宅数,戸,23352700.0,23352700
housing_stock,住宅ストック・空き家・持ち家,00000,全国,national,,,2023100000,2023年度,2023,00001|H1403,観測値|H1403_共同住宅数,戸,24968200.0,24968200
housing_stock,住宅ストック・空き家・持ち家,01000,北海道,pref,01,北海道,1978100000,1978年度,1978,00001|H1403,観測値|H1403_共同住宅数,戸,388500.0,388500
housing_stock,住宅ストック・空き家・持ち家,01000,北海道,pref,01,北海道,1983100000,1983年度,1983,00001|H1403,観測値|H1403_共同住宅数,戸,473700.0,473700
housing_stock,住宅ストック・空き家・持ち家,01000,北海道,pref,01,北海道,1988100000,1988年度,1988,00001|H1403,観測値|H1403_共同住宅数,戸,572600.0,572600
housing_stock,住宅ストック・空き家・持ち家,01000,北海道,pref,01,北海道,1993100000,1993年度,1993,00001|H1403,観測値|H1403_共同住宅数,戸,703700.0,703700
housing_stock,住宅ストック・空き家・持ち家,01000,北海道,pref,01,北海道,1998100000,1998年度,1998,00001|H1403,観測値|H1403_共同住宅数,戸,805800.0,805800
housing_stock,住宅ストック・空き家・持ち家,01000,北海道,pref,01,北海道,2003100000,2003年度,2003,00001|H1403,観測値|H1403_共同住宅数,戸,898400.0,898400
housing_stock,住宅ストック・空き家・持ち家,01000,北海道,pref,01,北海道,2008100000,2008年度,2008,00001|H1403,観測値|H1403_共同住宅数,戸,962300.0,962300
housing_stock,住宅ストック・空き家・持ち家,01000,北海道,pref,01,北海道,2013100000,2013年度,2013,00001|H1403,観測値|H1403_共同住宅数,戸,984800.0,984800
housing_stock,住宅ストック・空き家・持ち家,01000,北海道,pref,01,北海道,2018100000,2018年度,2018,00001|H1403,観測値|H1403_共同住宅数,戸,1058000.0,1058000
housing_stock,住宅ストック・空き家・持ち家,01000,北海道,pref,01,北海道,2023100000,2023年度,2023,00001|H1403,観測値|H1403_共同住宅数,戸,1081800.0,1081800
housing_stock,住宅ストック・空き家・持ち家,02000,青森県,pref,02,青森県,1978100000,1978年度,1978,00001|H1403,観測値|H1403_共同住宅数,戸,48200.0,48200
housing_stock,住宅ストック・空き家・持ち家,02000,青森県,pref,02,青森県,1983100000,1983年度,1983,00001|H1403,観測値|H1403_共同住宅数,戸,54400.0,54400
housing_stock,住宅ストック・空き家・持ち家,02000,青森県,pref,02,青森県,1988100000,1988年度,1988,00001|H1403,観測値|H1403_共同住宅数,戸,60100.0,60100
housing_stock,住宅ストック・空き家・持ち家,02000,青森県,pref,02,青森県,1993100000,1993年度,1993,00001|H1403,観測値|H1403_共同住宅数,戸,69100.0,69100
housing_stock,住宅ストック・空き家・持ち家,02000,青森県,pref,02,青森県,1998100000,1998年度,1998,00001|H1403,観測値|H1403_共同住宅数,戸,86500.0,86500
housing_stock,住宅ストック・空き家・持ち家,02000,青森県,pref,02,青森県,2003100000,2003年度,2003,00001|H1403,観測値|H1403_共同住宅数,戸,92500.0,92500
housing_stock,住宅ストック・空き家・持ち家,02000,青森県,pref,02,青森県,2008100000,2008年度,2008,00001|H1403,観測値|H1403_共同住宅数,戸,95800.0,95800
housing_stock,住宅ストック・空き家・持ち家,02000,青森県,pref,02,青森県,2013100000,2013年度,2013,00001|H1403,観測値|H1403_共同住宅数,戸,99000.0,99000
housing_stock,住宅ストック・空き家・持ち家,02000,青森県,pref,02,青森県,2018100000,2018年度,2018,00001|H1403,観測値|H1403_共同住宅数,戸,107000.0,107000
housing_stock,住宅ストック・空き家・持ち家,02000,青森県,pref,02,青森県,2023100000,2023年度,2023,00001|H1403,観測値|H1403_共同住宅数,戸,102700.0,102700
housing_stock,住宅ストック・空き家・持ち家,03000,岩手県,pref,03,岩手県,1978100000,1978年度,1978,00001|H1403,観測値|H1403_共同住宅数,戸,39700.0,39700
housing_stock,住宅ストック・空き家・持ち家,03000,岩手県,pref,03,岩手県,1983100000,1983年度,1983,00001|H1403,観測値|H1403_共同住宅数,戸,48900.0,48900
housing_stock,住宅ストック・空き家・持ち家,03000,岩手県,pref,03,岩手県,1988100000,1988年度,1988,00001|H1403,観測値|H1403_共同住宅数,戸,53800.0,53800
housing_stock,住宅ストック・空き家・持ち家,03000,岩手県,pref,03,岩手県,1993100000,1993年度,1993,00001|H1403,観測値|H1403_共同住宅数,戸,64900.0,64900
housing_stock,住宅ストック・空き家・持ち家,03000,岩手県,pref,03,岩手県,1998100000,1998年度,1998,00001|H1403,観測値|H1403_共同住宅数,戸,86600.0,86600
housing_stock,住宅ストック・空き家・持ち家,03000,岩手県,pref,03,岩手県,2003100000,2003年度,2003,00001|H1403,観測値|H1403_共同住宅数,戸,101000.0,101000
housing_stock,住宅ストック・空き家・持ち家,03000,岩手県,pref,03,岩手県,2008100000,2008年度,2008,00001|H1403,観測値|H1403_共同住宅数,戸,100500.0,100500
housing_stock,住宅ストック・空き家・持ち家,03000,岩手県,pref,03,岩手県,2013100000,2013年度,2013,00001|H1403,観測値|H1403_共同住宅数,戸,106100.0,106100
housing_stock,住宅ストック・空き家・持ち家,03000,岩手県,pref,03,岩手県,2018100000,2018年度,2018,00001|H1403,観測値|H1403_共同住宅数,戸,113400.0,113400
housing_stock,住宅ストック・空き家・持ち家,03000,岩手県,pref,03,岩手県,2023100000,2023年度,2023,00001|H1403,観測値|H1403_共同住宅数,戸,118700.0,118700
housing_stock,住宅ストック・空き家・持ち家,04000,宮城県,pref,04,宮城県,1978100000,1978年度,1978,00001|H1403,観測値|H1403_共同住宅数,戸,98900.0,98900
housing_stock,住宅ストック・空き家・持ち家,04000,宮城県,pref,04,宮城県,1983100000,1983年度,1983,00001|H1403,観測値|H1403_共同住宅数,戸,119100.0,119100
housing_stock,住宅ストック・空き家・持ち家,04000,宮城県,pref,04,宮城県,1988100000,1988年度,1988,00001|H1403,観測値|H1403_共同住宅数,戸,160800.0,160800
housing_stock,住宅ストック・空き家・持ち家,04000,宮城県,pref,04,宮城県,1993100000,1993年度,1993,00001|H1403,観測値|H1403_共同住宅数,戸,217500.0,217500
housing_stock,住宅ストック・空き家・持ち家,04000,宮城県,pref,04,宮城県,1998100000,1998年度,1998,00001|H1403,観測値|H1403_共同住宅数,戸,266600.0,266600
housing_stock,住宅ストック・空き家・持ち家,04000,宮城県,pref,04,宮城県,2003100000,2003年度,2003,00001|H1403,観測値|H1403_共同住宅数,戸,309800.0,309800
housing_stock,住宅ストック・空き家・持ち家,04000,宮城県,pref,04,宮城県,2008100000,2008年度,2008,00001|H1403,観測値|H1403_共同住宅数,戸,338000.0,338000
housing_stock,住宅ストック・空き家・持ち家,04000,宮城県,pref,04,宮城県,2013100000,2013年度,2013,00001|H1403,観測値|H1403_共同住宅数,戸,386200.0,386200
housing_stock,住宅ストック・空き家・持ち家,04000,宮城県,pref,04,宮城県,2018100000,2018年度,2018,00001|H1403,観測値|H1403_共同住宅数,戸,404100.0,404100
housing_stock,住宅ストック・空き家・持ち家,04000,宮城県,pref,04,宮城県,2023100000,2023年度,2023,00001|H1403,観測値|H1403_共同住宅数,戸,421800.0,421800
housing_stock,住宅ストック・空き家・持ち家,05000,秋田県,pref,05,秋田県,1978100000,1978年度,1978,00001|H1403,観測値|H1403_共同住宅数,戸,21700.0,21700
housing_stock,住宅ストック・空き家・持ち家,05000,秋田県,pref,05,秋田県,1983100000,1983年度,1983,00001|H1403,観測値|H1403_共同住宅数,戸,27500.0,27500
housing_stock,住宅ストック・空き家・持ち家,05000,秋田県,pref,05,秋田県,1988100000,1988年度,1988,00001|H1403,観測値|H1403_共同住宅数,戸,31600.0,31600
housing_stock,住宅ストック・空き家・持ち家,05000,秋田県,pref,05,秋田県,1993100000,1993年度,1993,00001|H1403,観測値|H1403_共同住宅数,戸,42200.0,42200
housing_stock,住宅ストック・空き家・持ち家,05000,秋田県,pref,05,秋田県,1998100000,1998年度,1998,00001|H1403,観測値|H1403_共同住宅数,戸,56200.0,56200
housing_stock,住宅ストック・空き家・持ち家,05000,秋田県,pref,05,秋田県,2003100000,2003年度,2003,00001|H1403,観測値|H1403_共同住宅数,戸,58800.0,58800
housing_stock,住宅ストック・空き家・持ち家,05000,秋田県,pref,05,秋田県,2008100000,2008年度,2008,00001|H1403,観測値|H1403_共同住宅数,戸,58400.0,58400
housing_stock,住宅ストック・空き家・持ち家,05000,秋田県,pref,05,秋田県,2013100000,2013年度,2013,00001|H1403,観測値|H1403_共同住宅数,戸,67100.0,67100
housing_stock,住宅ストック・空き家・持ち家,05000,秋田県,pref,05,秋田県,2018100000,2018年度,2018,00001|H1403,観測値|H1403_共同住宅数,戸,68200.0,68200
housing_stock,住宅ストック・空き家・持ち家,05000,秋田県,pref,05,秋田県,2023100000,2023年度,2023,00001|H1403,観測値|H1403_共同住宅数,戸,68700.0,68700
housing_stock,住宅ストック・空き家・持ち家,06000,山形県,pref,06,山形県,1978100000,1978年度,1978,00001|H1403,観測値|H1403_共同住宅数,戸,19400.0,19400
housing_stock,住宅ストック・空き家・持ち家,06000,山形県,pref,06,山形県,1983100000,1983年度,1983,00001|H1403,観測値|H1403_共同住宅数,戸,22900.0,22900
housing_stock,住宅ストック・空き家・持ち家,06000,山形県,pref,06,山形県,1988100000,1988年度,1988,00001|H1403,観測値|H1403_共同住宅数,戸,30800.0,30800
housing_stock,住宅ストック・空き家・持ち家,06000,山形県,pref,06,山形県,1993100000,1993年度,1993,00001|H1403,観測値|H1403_共同住宅数,戸,41400.0,41400
housing_stock,住宅ストック・空き家・持ち家,06000,山形県,pref,06,山形県,1998100000,1998年度,1998,00001|H1403,観測値|H1403_共同住宅数,戸,60300.0,60300
housing_stock,住宅ストック・空き家・持ち家,06000,山形県,pref,06,山形県,2003100000,2003年度,2003,00001|H1403,観測値|H1403_共同住宅数,戸,69300.0,69300
housing_stock,住宅ストック・空き家・持ち家,06000,山形県,pref,06,山形県,2008100000,2008年度,2008,00001|H1403,観測値|H1403_共同住宅数,戸,76800.0,76800
housing_stock,住宅ストック・空き家・持ち家,06000,山形県,pref,06,山形県,2013100000,2013年度,2013,00001|H1403,観測値|H1403_共同住宅数,戸,70600.0,70600
housing_stock,住宅ストック・空き家・持ち家,06000,山形県,pref,06,山形県,2018100000,2018年度,2018,00001|H1403,観測値|H1403_共同住宅数,戸,80500.0,80500
housing_stock,住宅ストック・空き家・持ち家,06000,山形県,pref,06,山形県,2023100000,2023年度,2023,00001|H1403,観測値|H1403_共同住宅数,戸,87700.0,87700
housing_stock,住宅ストック・空き家・持ち家,07000,福島県,pref,07,福島県,1978100000,1978年度,1978,00001|H1403,観測値|H1403_共同住宅数,戸,50200.0,50200
housing_stock,住宅ストック・空き家・持ち家,07000,福島県,pref,07,福島県,1983100000,1983年度,1983,00001|H1403,観測値|H1403_共同住宅数,戸,64000.0,64000
housing_stock,住宅ストック・空き家・持ち家,07000,福島県,pref,07,福島県,1988100000,1988年度,1988,00001|H1403,観測値|H1403_共同住宅数,戸,79800.0,79800
housing_stock,住宅ストック・空き家・持ち家,07000,福島県,pref,07,福島県,1993100000,1993年度,1993,00001|H1403,観測値|H1403_共同住宅数,戸,114700.0,114700
housing_stock,住宅ストック・空き家・持ち家,07000,福島県,pref,07,福島県,1998100000,1998年度,1998,00001|H1403,観測値|H1403_共同住宅数,戸,138200.0,138200
housing_stock,住宅ストック・空き家・持ち家,07000,福島県,pref,07,福島県,2003100000,2003年度,2003,00001|H1403,観測値|H1403_共同住宅数,戸,155300.0,155300
housing_stock,住宅ストック・空き家・持ち家,07000,福島県,pref,07,福島県,2008100000,2008年度,2008,00001|H1403,観測値|H1403_共同住宅数,戸,165900.0,165900
housing_stock,住宅ストック・空き家・持ち家,07000,福島県,pref,07,福島県,2013100000,2013年度,2013,00001|H1403,観測値|H1403_共同住宅数,戸,179900.0,179900
housing_stock,住宅ストック・空き家・持ち家,07000,福島県,pref,07,福島県,2018100000,2018年度,2018,00001|H1403,観測値|H1403_共同住宅数,戸,196000.0,196000
housing_stock,住宅ストック・空き家・持ち家,07000,福島県,pref,07,福島県,2023100000,2023年度,2023,00001|H1403,観測値|H1403_共同住宅数,戸,196100.0,196100
housing_stock,住宅ストック・空き家・持ち家,08000,茨城県,pref,08,茨城県,1978100000,1978年度,1978,00001|H1403,観測値|H1403_共同住宅数,戸,48000.0,48000
housing_stock,住宅ストック・空き家・持ち家,08000,茨城県,pref,08,茨城県,1983100000,1983年度,1983,00001|H1403,観測値|H1403_共同住宅数,戸,81300.0,81300
housing_stock,住宅ストック・空き家・持ち家,08000,茨城県,pref,08,茨城県,1988100000,1988年度,1988,00001|H1403,観測値|H1403_共同住宅数,戸,100700.0,100700
housing_stock,住宅ストック・空き家・持ち家,08000,茨城県,pref,08,茨城県,1993100000,1993年度,1993,00001|H1403,観測値|H1403_共同住宅数,戸,158300.0,158300
housing_stock,住宅ストック・空き家・持ち家,08000,茨城県,pref,08,茨城県,1998100000,1998年度,1998,00001|H1403,観測値|H1403_共同住宅数,戸,199000.0,199000
housing_stock,住宅ストック・空き家・持ち家,08000,茨城県,pref,08,茨城県,2003100000,2003年度,2003,00001|H1403,観測値|H1403_共同住宅数,戸,232000.0,232000
housing_stock,住宅ストック・空き家・持ち家,08000,茨城県,pref,08,茨城県,2008100000,2008年度,2008,00001|H1403,観測値|H1403_共同住宅数,戸,257000.0,257000
housing_stock,住宅ストック・空き家・持ち家,08000,茨城県,pref,08,茨城県,2013100000,2013年度,2013,00001|H1403,観測値|H1403_共同住宅数,戸,262100.0,262100
housing_stock,住宅ストック・空き家・持ち家,08000,茨城県,pref,08,茨城県,2018100000,2018年度,2018,00001|H1403,観測値|H1403_共同住宅数,戸,278600.0,278600
housing_stock,住宅ストック・空き家・持ち家,08000,茨城県,pref,08,茨城県,2023100000,2023年度,2023,00001|H1403,観測値|H1403_共同住宅数,戸,327700.0,327700
housing_stock,住宅ストック・空き家・持ち家,09000,栃木県,pref,09,栃木県,1978100000,1978年度,1978,00001|H1403,観測値|H1403_共同住宅数,戸,32200.0,32200
housing_stock,住宅ストック・空き家・持ち家,09000,栃木県,pref,09,栃木県,1983100000,1983年度,1983,00001|H1403,観測値|H1403_共同住宅数,戸,41500.0,41500
housing_stock,住宅ストック・空き家・持ち家,09000,栃木県,pref,09,栃木県,1988100000,1988年度,1988,00001|H1403,観測値|H1403_共同住宅数,戸,70000.0,70000
housing_stock,住宅ストック・空き家・持ち家,09000,栃木県,pref,09,栃木県,1993100000,1993年度,1993,00001|H1403,観測値|H1403_共同住宅数,戸,107300.0,107300
housing_stock,住宅ストック・空き家・持ち家,09000,栃木県,pref,09,栃木県,1998100000,1998年度,1998,00001|H1403,観測値|H1403_共同住宅数,戸,132600.0,132600
housing_stock,住宅ストック・空き家・持ち家,09000,栃木県,pref,09,栃木県,2003100000,2003年度,2003,00001|H1403,観測値|H1403_共同住宅数,戸,154800.0,154800
housing_stock,住宅ストック・空き家・持ち家,09000,栃木県,pref,09,栃木県,2008100000,2008年度,2008,00001|H1403,観測値|H1403_共同住宅数,戸,180800.0,180800
housing_stock,住宅ストック・空き家・持ち家,09000,栃木県,pref,09,栃木県,2013100000,2013年度,2013,00001|H1403,観測値|H1403_共同住宅数,戸,179300.0,179300
housing_stock,住宅ストック・空き家・持ち家,09000,栃木県,pref,09,栃木県,2018100000,2018年度,2018,00001|H1403,観測値|H1403_共同住宅数,戸,197300.0,197300
housing_stock,住宅ストック・空き家・持ち家,09000,栃木県,pref,09,栃木県,2023100000,2023年度,2023,00001|H1403,観測値|H1403_共同住宅数,戸,212800.0,212800
housing_stock,住宅ストック・空き家・持ち家,10000,群馬県,pref,10,群馬県,1978100000,1978年度,1978,00001|H1403,観測値|H1403_共同住宅数,戸,30700.0,30700
housing_stock,住宅ストック・空き家・持ち家,10000,群馬県,pref,10,群馬県,1983100000,1983年度,1983,00001|H1403,観測値|H1403_共同住宅数,戸,45400.0,45400
housing_stock,住宅ストック・空き家・持ち家,10000,群馬県,pref,10,群馬県,1988100000,1988年度,1988,00001|H1403,観測値|H1403_共同住宅数,戸,62100.0,62100
housing_stock,住宅ストック・空き家・持ち家,10000,群馬県,pref,10,群馬県,1993100000,1993年度,1993,00001|H1403,観測値|H1403_共同住宅数,戸,100200.0,100200
housing_stock,住宅ストック・空き家・持ち家,10000,群馬県,pref,10,群馬県,1998100000,1998年度,1998,00001|H1403,観測値|H1403_共同住宅数,戸,130100.0,130100
housing_stock,住宅ストック・空き家・持ち家,10000,群馬県,pref,10,群馬県,2003100000,2003年度,2003,00001|H1403,観測値|H1403_共同住宅数,戸,150000.0,150000
housing_stock,住宅ストック・空き家・持ち家,10000,群馬県,pref,10,群馬県,2008100000,2008年度,2008,00001|H1403,観測値|H1403_共同住宅数,戸,159700.0,159700
housing_stock,住宅ストック・空き家・持ち家,10000,群馬県,pref,10,群馬県,2013100000,2013年度,2013,00001|H1403,観測値|H1403_共同住宅数,戸,174600.0,174600
housing_stock,住宅ストック・空き家・持ち家,10000,群馬県,pref,10,群馬県,2018100000,2018年度,2018,00001|H1403,観測値|H1403_共同住宅数,戸,187900.0,187900
housing_stock,住宅ストック・空き家・持ち家,10000,群馬県,pref,10,群馬県,2023100000,2023年度,2023,00001|H1403,観測値|H1403_共同住宅数,戸,197400.0,197400
housing_stock,住宅ストック・空き家・持ち家,11000,埼玉県,pref,11,埼玉県,1978100000,1978年度,1978,00001|H1403,観測値|H1403_共同住宅数,戸,311500.0,311500
housing_stock,住宅ストック・空き家・持ち家,11000,埼玉県,pref,11,埼玉県,1983100000,1983年度,1983,00001|H1403,観測値|H1403_共同住宅数,戸,391800.0,391800
housing_stock,住宅ストック・空き家・持ち家,11000,埼玉県,pref,11,埼玉県,1988100000,1988年度,1988,00001|H1403,観測値|H1403_共同住宅数,戸,548100.0,548100
housing_stock,住宅ストック・空き家・持ち家,11000,埼玉県,pref,11,埼玉県,1993100000,1993年度,1993,00001|H1403,観測値|H1403_共同住宅数,戸,773900.0,773900
housing_stock,住宅ストック・空き家・持ち家,11000,埼玉県,pref,11,埼玉県,1998100000,1998年度,1998,00001|H1403,観測値|H1403_共同住宅数,戸,922300.0,922300
housing_stock,住宅ストック・空き家・持ち家,11000,埼玉県,pref,11,埼玉県,2003100000,2003年度,2003,00001|H1403,観測値|H1403_共同住宅数,戸,1054700.0,1054700
housing_stock,住宅ストック・空き家・持ち家,11000,埼玉県,pref,11,埼玉県,2008100000,2008年度,2008,00001|H1403,観測値|H1403_共同住宅数,戸,1144000.0,1144000
housing_stock,住宅ストック・空き家・持ち家,11000,埼玉県,pref,11,埼玉県,2013100000,2013年度,2013,00001|H1403,観測値|H1403_共同住宅数,戸,1223500.0,1223500
housing_stock,住宅ストック・空き家・持ち家,11000,埼玉県,pref,11,埼玉県,2018100000,2018年度,2018,00001|H1403,観測値|H1403_共同住宅数,戸,1313900.0,1313900
housing_stock,住宅ストック・空き家・持ち家,11000,埼玉県,pref,11,埼玉県,2023100000,2023年度,2023,00001|H1403,観測値|H1403_共同住宅数,戸,1407600.0,1407600
housing_stock,住宅ストック・空き家・持ち家,12000,千葉県,pref,12,千葉県,1978100000,1978年度,1978,00001|H1403,観測値|H1403_共同住宅数,戸,357800.0,357800
housing_stock,住宅ストック・空き家・持ち家,12000,千葉県,pref,12,千葉県,1983100000,1983年度,1983,00001|H1403,観測値|H1403_共同住宅数,戸,427000.0,427000
housing_stock,住宅ストック・空き家・持ち家,12000,千葉県,pref,12,千葉県,1988100000,1988年度,1988,00001|H1403,観測値|H1403_共同住宅数,戸,541500.0,541500
housing_stock,住宅ストック・空き家・持ち家,12000,千葉県,pref,12,千葉県,1993100000,1993年度,1993,00001|H1403,観測値|H1403_共同住宅数,戸,707400.0,707400
housing_stock,住宅ストック・空き家・持ち家,12000,千葉県,pref,12,千葉県,1998100000,1998年度,1998,00001|H1403,観測値|H1403_共同住宅数,戸,819700.0,819700
housing_stock,住宅ストック・空き家・持ち家,12000,千葉県,pref,12,千葉県,2003100000,2003年度,2003,00001|H1403,観測値|H1403_共同住宅数,戸,924500.0,924500
housing_stock,住宅ストック・空き家・持ち家,12000,千葉県,pref,12,千葉県,2008100000,2008年度,2008,00001|H1403,観測値|H1403_共同住宅数,戸,1022300.0,1022300
housing_stock,住宅ストック・空き家・持ち家,12000,千葉県,pref,12,千葉県,2013100000,2013年度,2013,00001|H1403,観測値|H1403_共同住宅数,戸,1102800.0,1102800
housing_stock,住宅ストック・空き家・持ち家,12000,千葉県,pref,12,千葉県,2018100000,2018年度,2018,00001|H1403,観測値|H1403_共同住宅数,戸,1179400.0,1179400
housing_stock,住宅ストック・空き家・持ち家,12000,千葉県,pref,12,千葉県,2023100000,2023年度,2023,00001|H1403,観測値|H1403_共同住宅数,戸,1267800.0,1267800
housing_stock,住宅ストック・空き家・持ち家,13000,東京都,pref,13,東京都,1978100000,1978年度,1978,00001|H1403,観測値|H1403_共同住宅数,戸,2095300.0,2095300
housing_stock,住宅ストック・空き家・持ち家,13000,東京都,pref,13,東京都,1983100000,1983年度,1983,00001|H1403,観測値|H1403_共同住宅数,戸,2325400.0,2325400
housing_stock,住宅ストック・空き家・持ち家,13000,東京都,pref,13,東京都,1988100000,1988年度,1988,00001|H1403,観測値|H1403_共同住宅数,戸,2647400.0,2647400
housing_stock,住宅ストック・空き家・持ち家,13000,東京都,pref,13,東京都,1993100000,1993年度,1993,00001|H1403,観測値|H1403_共同住宅数,戸,3044000.0,3044000
housing_stock,住宅ストック・空き家・持ち家,13000,東京都,pref,13,東京都,1998100000,1998年度,1998,00001|H1403,観測値|H1403_共同住宅数,戸,3289200.0,3289200
housing_stock,住宅ストック・空き家・持ち家,13000,東京都,pref,13,東京都,2003100000,2003年度,2003,00001|H1403,観測値|H1403_共同住宅数,戸,3697600.0,3697600
housing_stock,住宅ストック・空き家・持ち家,13000,東京都,pref,13,東京都,2008100000,2008年度,2008,00001|H1403,観測値|H1403_共同住宅数,戸,4134900.0,4134900
housing_stock,住宅ストック・空き家・持ち家,13000,東京都,pref,13,東京都,2013100000,2013年度,2013,00001|H1403,観測値|H1403_共同住宅数,戸,4529700.0,4529700
housing_stock,住宅ストック・空き家・持ち家,13000,東京都,pref,13,東京都,2018100000,2018年度,2018,00001|H1403,観測値|H1403_共同住宅数,戸,4839900.0,4839900
housing_stock,住宅ストック・空き家・持ち家,13000,東京都,pref,13,東京都,2023100000,2023年度,2023,00001|H1403,観測値|H1403_共同住宅数,戸,5180700.0,5180700
housing_stock,住宅ストック・空き家・持ち家,14000,神奈川県,pref,14,神奈川県,1978100000,1978年度,1978,00001|H1403,観測値|H1403_共同住宅数,戸,754700.0,754700
housing_stock,住宅ストック・空き家・持ち家,14000,神奈川県,pref,14,神奈川県,1983100000,1983年度,1983,00001|H1403,観測値|H1403_共同住宅数,戸,876600.0,876600
housing_stock,住宅ストック・空き家・持ち家,14000,神奈川県,pref,14,神奈川県,1988100000,1988年度,1988,00001|H1403,観測値|H1403_共同住宅数,戸,1138500.0,1138500
housing_stock,住宅ストック・空き家・持ち家,14000,神奈川県,pref,14,神奈川県,1993100000,1993年度,1993,00001|H1403,観測値|H1403_共同住宅数,戸,1427600.0,1427600
housing_stock,住宅ストック・空き家・持ち家,14000,神奈川県,pref,14,神奈川県,1998100000,1998年度,1998,00001|H1403,観測値|H1403_共同住宅数,戸,1617400.0,1617400
housing_stock,住宅ストック・空き家・持ち家,14000,神奈川県,pref,14,神奈川県,2003100000,2003年度,2003,00001|H1403,観測値|H1403_共同住宅数,戸,1824700.0,1824700
housing_stock,住宅ストック・空き家・持ち家,14000,神奈川県,pref,14,神奈川県,2008100000,2008年度,2008,00001|H1403,観測値|H1403_共同住宅数,戸,2027800.0,2027800
housing_stock,住宅ストック・空き家・持ち家,14000,神奈川県,pref,14,神奈川県,2013100000,2013年度,2013,00001|H1403,観測値|H1403_共同住宅数,戸,2155200.0,2155200
housing_stock,住宅ストック・空き家・持ち家,14000,神奈川県,pref,14,神奈川県,2018100000,2018年度,2018,00001|H1403,観測値|H1403_共同住宅数,戸,2242000.0,2242000
housing_stock,住宅ストック・空き家・持ち家,14000,神奈川県,pref,14,神奈川県,2023100000,2023年度,2023,00001|H1403,観測値|H1403_共同住宅数,戸,2433800.0,2433800
housing_stock,住宅ストック・空き家・持ち家,15000,新潟県,pref,15,新潟県,1978100000,1978年度,1978,00001|H1403,観測値|H1403_共同住宅数,戸,49900.0,49900
housing_stock,住宅ストック・空き家・持ち家,15000,新潟県,pref,15,新潟県,1983100000,1983年度,1983,00001|H1403,観測値|H1403_共同住宅数,戸,67600.0,67600
housing_stock,住宅ストック・空き家・持ち家,15000,新潟県,pref,15,新潟県,1988100000,1988年度,1988,00001|H1403,観測値|H1403_共同住宅数,戸,85500.0,85500
housing_stock,住宅ストック・空き家・持ち家,15000,新潟県,pref,15,新潟県,1993100000,1993年度,1993,00001|H1403,観測値|H1403_共同住宅数,戸,110100.0,110100
housing_stock,住宅ストック・空き家・持ち家,15000,新潟県,pref,15,新潟県,1998100000,1998年度,1998,00001|H1403,観測値|H1403_共同住宅数,戸,149400.0,149400
housing_stock,住宅ストック・空き家・持ち家,15000,新潟県,pref,15,新潟県,2003100000,2003年度,2003,00001|H1403,観測値|H1403_共同住宅数,戸,161800.0,161800
housing_stock,住宅ストック・空き家・持ち家,15000,新潟県,pref,15,新潟県,2008100000,2008年度,2008,00001|H1403,観測値|H1403_共同住宅数,戸,178200.0,178200
housing_stock,住宅ストック・空き家・持ち家,15000,新潟県,pref,15,新潟県,2013100000,2013年度,2013,00001|H1403,観測値|H1403_共同住宅数,戸,181400.0,181400
housing_stock,住宅ストック・空き家・持ち家,15000,新潟県,pref,15,新潟県,2018100000,2018年度,2018,00001|H1403,観測値|H1403_共同住宅数,戸,199400.0,199400
housing_stock,住宅ストック・空き家・持ち家,15000,新潟県,pref,15,新潟県,2023100000,2023年度,2023,00001|H1403,観測値|H1403_共同住宅数,戸,207000.0,207000
housing_stock,住宅ストック・空き家・持ち家,16000,富山県,pref,16,富山県,1978100000,1978年度,1978,00001|H1403,観測値|H1403_共同住宅数,戸,20700.0,20700
housing_stock,住宅ストック・空き家・持ち家,16000,富山県,pref,16,富山県,1983100000,1983年度,1983,00001|H1403,観測値|H1403_共同住宅数,戸,22400.0,22400
housing_stock,住宅ストック・空き家・持ち家,16000,富山県,pref,16,富山県,1988100000,1988年度,1988,00001|H1403,観測値|H1403_共同住宅数,戸,27200.0,27200
housing_stock,住宅ストック・空き家・持ち家,16000,富山県,pref,16,富山県,1993100000,1993年度,1993,00001|H1403,観測値|H1403_共同住宅数,戸,50600.0,50600
housing_stock,住宅ストック・空き家・持ち家,16000,富山県,pref,16,富山県,1998100000,1998年度,1998,00001|H1403,観測値|H1403_共同住宅数,戸,53600.0,53600
housing_stock,住宅ストック・空き家・持ち家,16000,富山県,pref,16,富山県,2003100000,2003年度,2003,00001|H1403,観測値|H1403_共同住宅数,戸,65200.0,65200
housing_stock,住宅ストック・空き家・持ち家,16000,富山県,pref,16,富山県,2008100000,2008年度,2008,00001|H1403,観測値|H1403_共同住宅数,戸,72700.0,72700
housing_stock,住宅ストック・空き家・持ち家,16000,富山県,pref,16,富山県,2013100000,2013年度,2013,00001|H1403,観測値|H1403_共同住宅数,戸,71400.0,71400
housing_stock,住宅ストック・空き家・持ち家,16000,富山県,pref,16,富山県,2018100000,2018年度,2018,00001|H1403,観測値|H1403_共同住宅数,戸,77100.0,77100
housing_stock,住宅ストック・空き家・持ち家,16000,富山県,pref,16,富山県,2023100000,2023年度,2023,00001|H1403,観測値|H1403_共同住宅数,戸,94900.0,94900
housing_stock,住宅ストック・空き家・持ち家,17000,石川県,pref,17,石川県,1978100000,1978年度,1978,00001|H1403,観測値|H1403_共同住宅数,戸,35700.0,35700
housing_stock,住宅ストック・空き家・持ち家,17000,石川県,pref,17,石川県,1983100000,1983年度,1983,00001|H1403,観測値|H1403_共同住宅数,戸,47400.0,47400
housing_stock,住宅ストック・空き家・持ち家,17000,石川県,pref,17,石川県,1988100000,1988年度,1988,00001|H1403,観測値|H1403_共同住宅数,戸,64300.0,64300
housing_stock,住宅ストック・空き家・持ち家,17000,石川県,pref,17,石川県,1993100000,1993年度,1993,00001|H1403,観測値|H1403_共同住宅数,戸,86100.0,86100
housing_stock,住宅ストック・空き家・持ち家,17000,石川県,pref,17,石川県,1998100000,1998年度,1998,00001|H1403,観測値|H1403_共同住宅数,戸,105600.0,105600
housing_stock,住宅ストック・空き家・持ち家,17000,石川県,pref,17,石川県,2003100000,2003年度,2003,00001|H1403,観測値|H1403_共同住宅数,戸,114200.0,114200
housing_stock,住宅ストック・空き家・持ち家,17000,石川県,pref,17,石川県,2008100000,2008年度,2008,00001|H1403,観測値|H1403_共同住宅数,戸,117300.0,117300
housing_stock,住宅ストック・空き家・持ち家,17000,石川県,pref,17,石川県,2013100000,2013年度,2013,00001|H1403,観測値|H1403_共同住宅数,戸,117500.0,117500
housing_stock,住宅ストック・空き家・持ち家,17000,石川県,pref,17,石川県,2018100000,2018年度,2018,00001|H1403,観測値|H1403_共同住宅数,戸,129200.0,129200
housing_stock,住宅ストック・空き家・持ち家,17000,石川県,pref,17,石川県,2023100000,2023年度,2023,00001|H1403,観測値|H1403_共同住宅数,戸,135800.0,135800
housing_stock,住宅ストック・空き家・持ち家,18000,福井県,pref,18,福井県,1978100000,1978年度,1978,00001|H1403,観測値|H1403_共同住宅数,戸,11500.0,11500
housing_stock,住宅ストック・空き家・持ち家,18000,福井県,pref,18,福井県,1983100000,1983年度,1983,00001|H1403,観測値|H1403_共同住宅数,戸,17600.0,17600
housing_stock,住宅ストック・空き家・持ち家,18000,福井県,pref,18,福井県,1988100000,1988年度,1988,00001|H1403,観測値|H1403_共同住宅数,戸,26200.0,26200
housing_stock,住宅ストック・空き家・持ち家,18000,福井県,pref,18,福井県,1993100000,1993年度,1993,00001|H1403,観測値|H1403_共同住宅数,戸,35300.0,35300
housing_stock,住宅ストック・空き家・持ち家,18000,福井県,pref,18,福井県,1998100000,1998年度,1998,00001|H1403,観測値|H1403_共同住宅数,戸,42400.0,42400
housing_stock,住宅ストック・空き家・持ち家,18000,福井県,pref,18,福井県,2003100000,2003年度,2003,00001|H1403,観測値|H1403_共同住宅数,戸,47400.0,47400
housing_stock,住宅ストック・空き家・持ち家,18000,福井県,pref,18,福井県,2008100000,2008年度,2008,00001|H1403,観測値|H1403_共同住宅数,戸,46400.0,46400
housing_stock,住宅ストック・空き家・持ち家,18000,福井県,pref,18,福井県,2013100000,2013年度,2013,00001|H1403,観測値|H1403_共同住宅数,戸,51500.0,51500
housing_stock,住宅ストック・空き家・持ち家,18000,福井県,pref,18,福井県,2018100000,2018年度,2018,00001|H1403,観測値|H1403_共同住宅数,戸,59200.0,59200
housing_stock,住宅ストック・空き家・持ち家,18000,福井県,pref,18,福井県,2023100000,2023年度,2023,00001|H1403,観測値|H1403_共同住宅数,戸,64500.0,64500
housing_stock,住宅ストック・空き家・持ち家,19000,山梨県,pref,19,山梨県,1978100000,1978年度,1978,00001|H1403,観測値|H1403_共同住宅数,戸,20900.0,20900
housing_stock,住宅ストック・空き家・持ち家,19000,山梨県,pref,19,山梨県,1983100000,1983年度,1983,00001|H1403,観測値|H1403_共同住宅数,戸,27800.0,27800
housing_stock,住宅ストック・空き家・持ち家,19000,山梨県,pref,19,山梨県,1988100000,1988年度,1988,00001|H1403,観測値|H1403_共同住宅数,戸,33000.0,33000
housing_stock,住宅ストック・空き家・持ち家,19000,山梨県,pref,19,山梨県,1993100000,1993年度,1993,00001|H1403,観測値|H1403_共同住宅数,戸,51800.0,51800
housing_stock,住宅ストック・空き家・持ち家,19000,山梨県,pref,19,山梨県,1998100000,1998年度,1998,00001|H1403,観測値|H1403_共同住宅数,戸,68800.0,68800
housing_stock,住宅ストック・空き家・持ち家,19000,山梨県,pref,19,山梨県,2003100000,2003年度,2003,00001|H1403,観測値|H1403_共同住宅数,戸,71700.0,71700
housing_stock,住宅ストック・空き家・持ち家,19000,山梨県,pref,19,山梨県,2008100000,2008年度,2008,00001|H1403,観測値|H1403_共同住宅数,戸,75900.0,75900
housing_stock,住宅ストック・空き家・持ち家,19000,山梨県,pref,19,山梨県,2013100000,2013年度,2013,00001|H1403,観測値|H1403_共同住宅数,戸,77700.0,77700
housing_stock,住宅ストック・空き家・持ち家,19000,山梨県,pref,19,山梨県,2018100000,2018年度,2018,00001|H1403,観測値|H1403_共同住宅数,戸,79800.0,79800
housing_stock,住宅ストック・空き家・持ち家,19000,山梨県,pref,19,山梨県,2023100000,2023年度,2023,00001|H1403,観測値|H1403_共同住宅数,戸,88400.0,88400
housing_stock,住宅ストック・空き家・持ち家,20000,長野県,pref,20,長野県,1978100000,1978年度,1978,00001|H1403,観測値|H1403_共同住宅数,戸,35400.0,35400
housing_stock,住宅ストック・空き家・持ち家,20000,長野県,pref,20,長野県,1983100000,1983年度,1983,00001|H1403,観測値|H1403_共同住宅数,戸,42400.0,42400
housing_stock,住宅ストック・空き家・持ち家,20000,長野県,pref,20,長野県,1988100000,1988年度,1988,00001|H1403,観測値|H1403_共同住宅数,戸,60600.0,60600
housing_stock,住宅ストック・空き家・持ち家,20000,長野県,pref,20,長野県,1993100000,1993年度,1993,00001|H1403,観測値|H1403_共同住宅数,戸,95000.0,95000
housing_stock,住宅ストック・空き家・持ち家,20000,長野県,pref,20,長野県,1998100000,1998年度,1998,00001|H1403,観測値|H1403_共同住宅数,戸,129700.0,129700
housing_stock,住宅ストック・空き家・持ち家,20000,長野県,pref,20,長野県,2003100000,2003年度,2003,00001|H1403,観測値|H1403_共同住宅数,戸,141400.0,141400
housing_stock,住宅ストック・空き家・持ち家,20000,長野県,pref,20,長野県,2008100000,2008年度,2008,00001|H1403,観測値|H1403_共同住宅数,戸,153900.0,153900
housing_stock,住宅ストック・空き家・持ち家,20000,長野県,pref,20,長野県,2013100000,2013年度,2013,00001|H1403,観測値|H1403_共同住宅数,戸,164000.0,164000
housing_stock,住宅ストック・空き家・持ち家,20000,長野県,pref,20,長野県,2018100000,2018年度,2018,00001|H1403,観測値|H1403_共同住宅数,戸,187600.0,187600
housing_stock,住宅ストック・空き家・持ち家,20000,長野県,pref,20,長野県,2023100000,2023年度,2023,00001|H1403,観測値|H1403_共同住宅数,戸,197300.0,197300
housing_stock,住宅ストック・空き家・持ち家,21000,岐阜県,pref,21,岐阜県,1978100000,1978年度,1978,00001|H1403,観測値|H1403_共同住宅数,戸,49500.0,49500
housing_stock,住宅ストック・空き家・持ち家,21000,岐阜県,pref,21,岐阜県,1983100000,1983年度,1983,00001|H1403,観測値|H1403_共同住宅数,戸,54200.0,54200
housing_stock,住宅ストック・空き家・持ち家,21000,岐阜県,pref,21,岐阜県,1988100000,1988年度,1988,00001|H1403,観測値|H1403_共同住宅数,戸,74500.0,74500
housing_stock,住宅ストック・空き家・持ち家,21000,岐阜県,pref,21,岐阜県,1993100000,1993年度,1993,00001|H1403,観測値|H1403_共同住宅数,戸,105700.0,105700
housing_stock,住宅ストック・空き家・持ち家,21000,岐阜県,pref,21,岐阜県,1998100000,1998年度,1998,00001|H1403,観測値|H1403_共同住宅数,戸,127800.0,127800
housing_stock,住宅ストック・空き家・持ち家,21000,岐阜県,pref,21,岐阜県,2003100000,2003年度,2003,00001|H1403,観測値|H1403_共同住宅数,戸,143000.0,143000
housing_stock,住宅ストック・空き家・持ち家,21000,岐阜県,pref,21,岐阜県,2008100000,2008年度,2008,00001|H1403,観測値|H1403_共同住宅数,戸,158500.0,158500
housing_stock,住宅ストック・空き家・持ち家,21000,岐阜県,pref,21,岐阜県,2013100000,2013年度,2013,00001|H1403,観測値|H1403_共同住宅数,戸,165400.0,165400
housing_stock,住宅ストック・空き家・持ち家,21000,岐阜県,pref,21,岐阜県,2018100000,2018年度,2018,00001|H1403,観測値|H1403_共同住宅数,戸,173200.0,173200
housing_stock,住宅ストック・空き家・持ち家,21000,岐阜県,pref,21,岐阜県,2023100000,2023年度,2023,00001|H1403,観測値|H1403_共同住宅数,戸,181200.0,181200
housing_stock,住宅ストック・空き家・持ち家,22000,静岡県,pref,22,静岡県,1978100000,1978年度,1978,00001|H1403,観測値|H1403_共同住宅数,戸,111200.0,111200
housing_stock,住宅ストック・空き家・持ち家,22000,静岡県,pref,22,静岡県,1983100000,1983年度,1983,00001|H1403,観測値|H1403_共同住宅数,戸,144300.0,144300
housing_stock,住宅ストック・空き家・持ち家,22000,静岡県,pref,22,静岡県,1988100000,1988年度,1988,00001|H1403,観測値|H1403_共同住宅数,戸,193100.0,193100
housing_stock,住宅ストック・空き家・持ち家,22000,静岡県,pref,22,静岡県,1993100000,1993年度,1993,00001|H1403,観測値|H1403_共同住宅数,戸,264000.0,264000
housing_stock,住宅ストック・空き家・持ち家,22000,静岡県,pref,22,静岡県,1998100000,1998年度,1998,00001|H1403,観測値|H1403_共同住宅数,戸,339500.0,339500
housing_stock,住宅ストック・空き家・持ち家,22000,静岡県,pref,22,静岡県,2003100000,2003年度,2003,00001|H1403,観測値|H1403_共同住宅数,戸,385300.0,385300
housing_stock,住宅ストック・空き家・持ち家,22000,静岡県,pref,22,静岡県,2008100000,2008年度,2008,00001|H1403,観測値|H1403_共同住宅数,戸,432200.0,432200
housing_stock,住宅ストック・空き家・持ち家,22000,静岡県,pref,22,静岡県,2013100000,2013年度,2013,00001|H1403,観測値|H1403_共同住宅数,戸,419600.0,419600
housing_stock,住宅ストック・空き家・持ち家,22000,静岡県,pref,22,静岡県,2018100000,2018年度,2018,00001|H1403,観測値|H1403_共同住宅数,戸,453700.0,453700
housing_stock,住宅ストック・空き家・持ち家,22000,静岡県,pref,22,静岡県,2023100000,2023年度,2023,00001|H1403,観測値|H1403_共同住宅数,戸,474200.0,474200
housing_stock,住宅ストック・空き家・持ち家,23000,愛知県,pref,23,愛知県,1978100000,1978年度,1978,00001|H1403,観測値|H1403_共同住宅数,戸,401800.0,401800
housing_stock,住宅ストック・空き家・持ち家,23000,愛知県,pref,23,愛知県,1983100000,1983年度,1983,00001|H1403,観測値|H1403_共同住宅数,戸,485700.0,485700
housing_stock,住宅ストック・空き家・持ち家,23000,愛知県,pref,23,愛知県,1988100000,1988年度,1988,00001|H1403,観測値|H1403_共同住宅数,戸,613000.0,613000
housing_stock,住宅ストック・空き家・持ち家,23000,愛知県,pref,23,愛知県,1993100000,1993年度,1993,00001|H1403,観測値|H1403_共同住宅数,戸,802400.0,802400
housing_stock,住宅ストック・空き家・持ち家,23000,愛知県,pref,23,愛知県,1998100000,1998年度,1998,00001|H1403,観測値|H1403_共同住宅数,戸,979100.0,979100
housing_stock,住宅ストック・空き家・持ち家,23000,愛知県,pref,23,愛知県,2003100000,2003年度,2003,00001|H1403,観測値|H1403_共同住宅数,戸,1119000.0,1119000
housing_stock,住宅ストック・空き家・持ち家,23000,愛知県,pref,23,愛知県,2008100000,2008年度,2008,00001|H1403,観測値|H1403_共同住宅数,戸,1268600.0,1268600
housing_stock,住宅ストック・空き家・持ち家,23000,愛知県,pref,23,愛知県,2013100000,2013年度,2013,00001|H1403,観測値|H1403_共同住宅数,戸,1387900.0,1387900
housing_stock,住宅ストック・空き家・持ち家,23000,愛知県,pref,23,愛知県,2018100000,2018年度,2018,00001|H1403,観測値|H1403_共同住宅数,戸,1406800.0,1406800
housing_stock,住宅ストック・空き家・持ち家,23000,愛知県,pref,23,愛知県,2023100000,2023年度,2023,00001|H1403,観測値|H1403_共同住宅数,戸,1468100.0,1468100
housing_stock,住宅ストック・空き家・持ち家,24000,三重県,pref,24,三重県,1978100000,1978年度,1978,00001|H1403,観測値|H1403_共同住宅数,戸,34300.0,34300
housing_stock,住宅ストック・空き家・持ち家,24000,三重県,pref,24,三重県,1983100000,1983年度,1983,00001|H1403,観測値|H1403_共同住宅数,戸,40800.0,40800
housing_stock,住宅ストック・空き家・持ち家,24000,三重県,pref,24,三重県,1988100000,1988年度,1988,00001|H1403,観測値|H1403_共同住宅数,戸,47900.0,47900
housing_stock,住宅ストック・空き家・持ち家,24000,三重県,pref,24,三重県,1993100000,1993年度,1993,00001|H1403,観測値|H1403_共同住宅数,戸,71000.0,71000
housing_stock,住宅ストック・空き家・持ち家,24000,三重県,pref,24,三重県,1998100000,1998年度,1998,00001|H1403,観測値|H1403_共同住宅数,戸,98600.0,98600
housing_stock,住宅ストック・空き家・持ち家,24000,三重県,pref,24,三重県,2003100000,2003年度,2003,00001|H1403,観測値|H1403_共同住宅数,戸,119700.0,119700
housing_stock,住宅ストック・空き家・持ち家,24000,三重県,pref,24,三重県,2008100000,2008年度,2008,00001|H1403,観測値|H1403_共同住宅数,戸,156800.0,156800
housing_stock,住宅ストック・空き家・持ち家,24000,三重県,pref,24,三重県,2013100000,2013年度,2013,00001|H1403,観測値|H1403_共同住宅数,戸,158100.0,158100
housing_stock,住宅ストック・空き家・持ち家,24000,三重県,pref,24,三重県,2018100000,2018年度,2018,00001|H1403,観測値|H1403_共同住宅数,戸,177200.0,177200
housing_stock,住宅ストック・空き家・持ち家,24000,三重県,pref,24,三重県,2023100000,2023年度,2023,00001|H1403,観測値|H1403_共同住宅数,戸,187900.0,187900
housing_stock,住宅ストック・空き家・持ち家,25000,滋賀県,pref,25,滋賀県,1978100000,1978年度,1978,00001|H1403,観測値|H1403_共同住宅数,戸,22000.0,22000
housing_stock,住宅ストック・空き家・持ち家,25000,滋賀県,pref,25,滋賀県,1983100000,1983年度,1983,00001|H1403,観測値|H1403_共同住宅数,戸,31000.0,31000
housing_stock,住宅ストック・空き家・持ち家,25000,滋賀県,pref,25,滋賀県,1988100000,1988年度,1988,00001|H1403,観測値|H1403_共同住宅数,戸,40600.0,40600
housing_stock,住宅ストック・空き家・持ち家,25000,滋賀県,pref,25,滋賀県,1993100000,1993年度,1993,00001|H1403,観測値|H1403_共同住宅数,戸,57000.0,57000
housing_stock,住宅ストック・空き家・持ち家,25000,滋賀県,pref,25,滋賀県,1998100000,1998年度,1998,00001|H1403,観測値|H1403_共同住宅数,戸,95500.0,95500
housing_stock,住宅ストック・空き家・持ち家,25000,滋賀県,pref,25,滋賀県,2003100000,2003年度,2003,00001|H1403,観測値|H1403_共同住宅数,戸,117600.0,117600
housing_stock,住宅ストック・空き家・持ち家,25000,滋賀県,pref,25,滋賀県,2008100000,2008年度,2008,00001|H1403,観測値|H1403_共同住宅数,戸,146600.0,146600
housing_stock,住宅ストック・空き家・持ち家,25000,滋賀県,pref,25,滋賀県,2013100000,2013年度,2013,00001|H1403,観測値|H1403_共同住宅数,戸,146600.0,146600
housing_stock,住宅ストック・空き家・持ち家,25000,滋賀県,pref,25,滋賀県,2018100000,2018年度,2018,00001|H1403,観測値|H1403_共同住宅数,戸,164300.0,164300
housing_stock,住宅ストック・空き家・持ち家,25000,滋賀県,pref,25,滋賀県,2023100000,2023年度,2023,00001|H1403,観測値|H1403_共同住宅数,戸,182300.0,182300
housing_stock,住宅ストック・空き家・持ち家,26000,京都府,pref,26,京都府,1978100000,1978年度,1978,00001|H1403,観測値|H1403_共同住宅数,戸,160000.0,160000
housing_stock,住宅ストック・空き家・持ち家,26000,京都府,pref,26,京都府,1983100000,1983年度,1983,00001|H1403,観測値|H1403_共同住宅数,戸,203100.0,203100
housing_stock,住宅ストック・空き家・持ち家,26000,京都府,pref,26,京都府,1988100000,1988年度,1988,00001|H1403,観測値|H1403_共同住宅数,戸,254300.0,254300
housing_stock,住宅ストック・空き家・持ち家,26000,京都府,pref,26,京都府,1993100000,1993年度,1993,00001|H1403,観測値|H1403_共同住宅数,戸,320600.0,320600
housing_stock,住宅ストック・空き家・持ち家,26000,京都府,pref,26,京都府,1998100000,1998年度,1998,00001|H1403,観測値|H1403_共同住宅数,戸,357300.0,357300
housing_stock,住宅ストック・空き家・持ち家,26000,京都府,pref,26,京都府,2003100000,2003年度,2003,00001|H1403,観測値|H1403_共同住宅数,戸,400400.0,400400
housing_stock,住宅ストック・空き家・持ち家,26000,京都府,pref,26,京都府,2008100000,2008年度,2008,00001|H1403,観測値|H1403_共同住宅数,戸,443200.0,443200
housing_stock,住宅ストック・空き家・持ち家,26000,京都府,pref,26,京都府,2013100000,2013年度,2013,00001|H1403,観測値|H1403_共同住宅数,戸,461700.0,461700
housing_stock,住宅ストック・空き家・持ち家,26000,京都府,pref,26,京都府,2018100000,2018年度,2018,00001|H1403,観測値|H1403_共同住宅数,戸,486100.0,486100
housing_stock,住宅ストック・空き家・持ち家,26000,京都府,pref,26,京都府,2023100000,2023年度,2023,00001|H1403,観測値|H1403_共同住宅数,戸,522600.0,522600
housing_stock,住宅ストック・空き家・持ち家,27000,大阪府,pref,27,大阪府,1978100000,1978年度,1978,00001|H1403,観測値|H1403_共同住宅数,戸,1038000.0,1038000
housing_stock,住宅ストック・空き家・持ち家,27000,大阪府,pref,27,大阪府,1983100000,1983年度,1983,00001|H1403,観測値|H1403_共同住宅数,戸,1121800.0,1121800
housing_stock,住宅ストック・空き家・持ち家,27000,大阪府,pref,27,大阪府,1988100000,1988年度,1988,00001|H1403,観測値|H1403_共同住宅数,戸,1321900.0,1321900
housing_stock,住宅ストック・空き家・持ち家,27000,大阪府,pref,27,大阪府,1993100000,1993年度,1993,00001|H1403,観測値|H1403_共同住宅数,戸,1534200.0,1534200
housing_stock,住宅ストック・空き家・持ち家,27000,大阪府,pref,27,大阪府,1998100000,1998年度,1998,00001|H1403,観測値|H1403_共同住宅数,戸,1726200.0,1726200
housing_stock,住宅ストック・空き家・持ち家,27000,大阪府,pref,27,大阪府,2003100000,2003年度,2003,00001|H1403,観測値|H1403_共同住宅数,戸,1858200.0,1858200
housing_stock,住宅ストック・空き家・持ち家,27000,大阪府,pref,27,大阪府,2008100000,2008年度,2008,00001|H1403,観測値|H1403_共同住宅数,戸,2019200.0,2019200
housing_stock,住宅ストック・空き家・持ち家,27000,大阪府,pref,27,大阪府,2013100000,2013年度,2013,00001|H1403,観測値|H1403_共同住宅数,戸,2144000.0,2144000
housing_stock,住宅ストック・空き家・持ち家,27000,大阪府,pref,27,大阪府,2018100000,2018年度,2018,00001|H1403,観測値|H1403_共同住宅数,戸,2186300.0,2186300
housing_stock,住宅ストック・空き家・持ち家,27000,大阪府,pref,27,大阪府,2023100000,2023年度,2023,00001|H1403,観測値|H1403_共同住宅数,戸,2408200.0,2408200
housing_stock,住宅ストック・空き家・持ち家,28000,兵庫県,pref,28,兵庫県,1978100000,1978年度,1978,00001|H1403,観測値|H1403_共同住宅数,戸,487300.0,487300
housing_stock,住宅ストック・空き家・持ち家,28000,兵庫県,pref,28,兵庫県,1983100000,1983年度,1983,00001|H1403,観測値|H1403_共同住宅数,戸,529800.0,529800
housing_stock,住宅ストック・空き家・持ち家,28000,兵庫県,pref,28,兵庫県,1988100000,1988年度,1988,00001|H1403,観測値|H1403_共同住宅数,戸,594800.0,594800
housing_stock,住宅ストック・空き家・持ち家,28000,兵庫県,pref,28,兵庫県,1993100000,1993年度,1993,00001|H1403,観測値|H1403_共同住宅数,戸,725100.0,725100
housing_stock,住宅ストック・空き家・持ち家,28000,兵庫県,pref,28,兵庫県,1998100000,1998年度,1998,00001|H1403,観測値|H1403_共同住宅数,戸,823000.0,823000
housing_stock,住宅ストック・空き家・持ち家,28000,兵庫県,pref,28,兵庫県,2003100000,2003年度,2003,00001|H1403,観測値|H1403_共同住宅数,戸,929600.0,929600
housing_stock,住宅ストック・空き家・持ち家,28000,兵庫県,pref,28,兵庫県,2008100000,2008年度,2008,00001|H1403,観測値|H1403_共同住宅数,戸,1008800.0,1008800
housing_stock,住宅ストック・空き家・持ち家,28000,兵庫県,pref,28,兵庫県,2013100000,2013年度,2013,00001|H1403,観測値|H1403_共同住宅数,戸,1105200.0,1105200
housing_stock,住宅ストック・空き家・持ち家,28000,兵庫県,pref,28,兵庫県,2018100000,2018年度,2018,00001|H1403,観測値|H1403_共同住宅数,戸,1076000.0,1076000
housing_stock,住宅ストック・空き家・持ち家,28000,兵庫県,pref,28,兵庫県,2023100000,2023年度,2023,00001|H1403,観測値|H1403_共同住宅数,戸,1144000.0,1144000
housing_stock,住宅ストック・空き家・持ち家,29000,奈良県,pref,29,奈良県,1978100000,1978年度,1978,00001|H1403,観測値|H1403_共同住宅数,戸,44800.0,44800
housing_stock,住宅ストック・空き家・持ち家,29000,奈良県,pref,29,奈良県,1983100000,1983年度,1983,00001|H1403,観測値|H1403_共同住宅数,戸,54400.0,54400
housing_stock,住宅ストック・空き家・持ち家,29000,奈良県,pref,29,奈良県,1988100000,1988年度,1988,00001|H1403,観測値|H1403_共同住宅数,戸,66500.0,66500
housing_stock,住宅ストック・空き家・持ち家,29000,奈良県,pref,29,奈良県,1993100000,1993年度,1993,00001|H1403,観測値|H1403_共同住宅数,戸,91200.0,91200
housing_stock,住宅ストック・空き家・持ち家,29000,奈良県,pref,29,奈良県,1998100000,1998年度,1998,00001|H1403,観測値|H1403_共同住宅数,戸,119800.0,119800
housing_stock,住宅ストック・空き家・持ち家,29000,奈良県,pref,29,奈良県,2003100000,2003年度,2003,00001|H1403,観測値|H1403_共同住宅数,戸,132100.0,132100
housing_stock,住宅ストック・空き家・持ち家,29000,奈良県,pref,29,奈良県,2008100000,2008年度,2008,00001|H1403,観測値|H1403_共同住宅数,戸,140500.0,140500
housing_stock,住宅ストック・空き家・持ち家,29000,奈良県,pref,29,奈良県,2013100000,2013年度,2013,00001|H1403,観測値|H1403_共同住宅数,戸,147700.0,147700
housing_stock,住宅ストック・空き家・持ち家,29000,奈良県,pref,29,奈良県,2018100000,2018年度,2018,00001|H1403,観測値|H1403_共同住宅数,戸,153000.0,153000
housing_stock,住宅ストック・空き家・持ち家,29000,奈良県,pref,29,奈良県,2023100000,2023年度,2023,00001|H1403,観測値|H1403_共同住宅数,戸,165400.0,165400
housing_stock,住宅ストック・空き家・持ち家,30000,和歌山県,pref,30,和歌山県,1978100000,1978年度,1978,00001|H1403,観測値|H1403_共同住宅数,戸,42300.0,42300
housing_stock,住宅ストック・空き家・持ち家,30000,和歌山県,pref,30,和歌山県,1983100000,1983年度,1983,00001|H1403,観測値|H1403_共同住宅数,戸,38100.0,38100
housing_stock,住宅ストック・空き家・持ち家,30000,和歌山県,pref,30,和歌山県,1988100000,1988年度,1988,00001|H1403,観測値|H1403_共同住宅数,戸,46600.0,46600
housing_stock,住宅ストック・空き家・持ち家,30000,和歌山県,pref,30,和歌山県,1993100000,1993年度,1993,00001|H1403,観測値|H1403_共同住宅数,戸,51600.0,51600
housing_stock,住宅ストック・空き家・持ち家,30000,和歌山県,pref,30,和歌山県,1998100000,1998年度,1998,00001|H1403,観測値|H1403_共同住宅数,戸,62400.0,62400
housing_stock,住宅ストック・空き家・持ち家,30000,和歌山県,pref,30,和歌山県,2003100000,2003年度,2003,00001|H1403,観測値|H1403_共同住宅数,戸,69600.0,69600
housing_stock,住宅ストック・空き家・持ち家,30000,和歌山県,pref,30,和歌山県,2008100000,2008年度,2008,00001|H1403,観測値|H1403_共同住宅数,戸,73600.0,73600
housing_stock,住宅ストック・空き家・持ち家,30000,和歌山県,pref,30,和歌山県,2013100000,2013年度,2013,00001|H1403,観測値|H1403_共同住宅数,戸,73300.0,73300
housing_stock,住宅ストック・空き家・持ち家,30000,和歌山県,pref,30,和歌山県,2018100000,2018年度,2018,00001|H1403,観測値|H1403_共同住宅数,戸,84900.0,84900
housing_stock,住宅ストック・空き家・持ち家,30000,和歌山県,pref,30,和歌山県,2023100000,2023年度,2023,00001|H1403,観測値|H1403_共同住宅数,戸,86100.0,86100
housing_stock,住宅ストック・空き家・持ち家,31000,鳥取県,pref,31,鳥取県,1978100000,1978年度,1978,00001|H1403,観測値|H1403_共同住宅数,戸,10200.0,10200
housing_stock,住宅ストック・空き家・持ち家,31000,鳥取県,pref,31,鳥取県,1983100000,1983年度,1983,00001|H1403,観測値|H1403_共同住宅数,戸,13900.0,13900
housing_stock,住宅ストック・空き家・持ち家,31000,鳥取県,pref,31,鳥取県,1988100000,1988年度,1988,00001|H1403,観測値|H1403_共同住宅数,戸,18600.0,18600
housing_stock,住宅ストック・空き家・持ち家,31000,鳥取県,pref,31,鳥取県,1993100000,1993年度,1993,00001|H1403,観測値|H1403_共同住宅数,戸,26000.0,26000
housing_stock,住宅ストック・空き家・持ち家,31000,鳥取県,pref,31,鳥取県,1998100000,1998年度,1998,00001|H1403,観測値|H1403_共同住宅数,戸,32700.0,32700
housing_stock,住宅ストック・空き家・持ち家,31000,鳥取県,pref,31,鳥取県,2003100000,2003年度,2003,00001|H1403,観測値|H1403_共同住宅数,戸,42500.0,42500
housing_stock,住宅ストック・空き家・持ち家,31000,鳥取県,pref,31,鳥取県,2008100000,2008年度,2008,00001|H1403,観測値|H1403_共同住宅数,戸,47800.0,47800
housing_stock,住宅ストック・空き家・持ち家,31000,鳥取県,pref,31,鳥取県,2013100000,2013年度,2013,00001|H1403,観測値|H1403_共同住宅数,戸,50300.0,50300
housing_stock,住宅ストック・空き家・持ち家,31000,鳥取県,pref,31,鳥取県,2018100000,2018年度,2018,00001|H1403,観測値|H1403_共同住宅数,戸,54700.0,54700
housing_stock,住宅ストック・空き家・持ち家,31000,鳥取県,pref,31,鳥取県,2023100000,2023年度,2023,00001|H1403,観測値|H1403_共同住宅数,戸,56800.0,56800
housing_stock,住宅ストック・空き家・持ち家,32000,島根県,pref,32,島根県,1978100000,1978年度,1978,00001|H1403,観測値|H1403_共同住宅数,戸,12400.0,12400
housing_stock,住宅ストック・空き家・持ち家,32000,島根県,pref,32,島根県,1983100000,1983年度,1983,00001|H1403,観測値|H1403_共同住宅数,戸,17600.0,17600
housing_stock,住宅ストック・空き家・持ち家,32000,島根県,pref,32,島根県,1988100000,1988年度,1988,00001|H1403,観測値|H1403_共同住宅数,戸,22600.0,22600
housing_stock,住宅ストック・空き家・持ち家,32000,島根県,pref,32,島根県,1993100000,1993年度,1993,00001|H1403,観測値|H1403_共同住宅数,戸,27200.0,27200
housing_stock,住宅ストック・空き家・持ち家,32000,島根県,pref,32,島根県,1998100000,1998年度,1998,00001|H1403,観測値|H1403_共同住宅数,戸,44400.0,44400
housing_stock,住宅ストック・空き家・持ち家,32000,島根県,pref,32,島根県,2003100000,2003年度,2003,00001|H1403,観測値|H1403_共同住宅数,戸,49200.0,49200
housing_stock,住宅ストック・空き家・持ち家,32000,島根県,pref,32,島根県,2008100000,2008年度,2008,00001|H1403,観測値|H1403_共同住宅数,戸,50700.0,50700
housing_stock,住宅ストック・空き家・持ち家,32000,島根県,pref,32,島根県,2013100000,2013年度,2013,00001|H1403,観測値|H1403_共同住宅数,戸,57500.0,57500
housing_stock,住宅ストック・空き家・持ち家,32000,島根県,pref,32,島根県,2018100000,2018年度,2018,00001|H1403,観測値|H1403_共同住宅数,戸,66200.0,66200
housing_stock,住宅ストック・空き家・持ち家,32000,島根県,pref,32,島根県,2023100000,2023年度,2023,00001|H1403,観測値|H1403_共同住宅数,戸,70200.0,70200
housing_stock,住宅ストック・空き家・持ち家,33000,岡山県,pref,33,岡山県,1978100000,1978年度,1978,00001|H1403,観測値|H1403_共同住宅数,戸,53800.0,53800
housing_stock,住宅ストック・空き家・持ち家,33000,岡山県,pref,33,岡山県,1983100000,1983年度,1983,00001|H1403,観測値|H1403_共同住宅数,戸,60700.0,60700
housing_stock,住宅ストック・空き家・持ち家,33000,岡山県,pref,33,岡山県,1988100000,1988年度,1988,00001|H1403,観測値|H1403_共同住宅数,戸,80900.0,80900
housing_stock,住宅ストック・空き家・持ち家,33000,岡山県,pref,33,岡山県,1993100000,1993年度,1993,00001|H1403,観測値|H1403_共同住宅数,戸,125500.0,125500
housing_stock,住宅ストック・空き家・持ち家,33000,岡山県,pref,33,岡山県,1998100000,1998年度,1998,00001|H1403,観測値|H1403_共同住宅数,戸,147300.0,147300
housing_stock,住宅ストック・空き家・持ち家,33000,岡山県,pref,33,岡山県,2003100000,2003年度,2003,00001|H1403,観測値|H1403_共同住宅数,戸,179100.0,179100
housing_stock,住宅ストック・空き家・持ち家,33000,岡山県,pref,33,岡山県,2008100000,2008年度,2008,00001|H1403,観測値|H1403_共同住宅数,戸,200900.0,200900
housing_stock,住宅ストック・空き家・持ち家,33000,岡山県,pref,33,岡山県,2013100000,2013年度,2013,00001|H1403,観測値|H1403_共同住宅数,戸,202400.0,202400
housing_stock,住宅ストック・空き家・持ち家,33000,岡山県,pref,33,岡山県,2018100000,2018年度,2018,00001|H1403,観測値|H1403_共同住宅数,戸,236500.0,236500
housing_stock,住宅ストック・空き家・持ち家,33000,岡山県,pref,33,岡山県,2023100000,2023年度,2023,00001|H1403,観測値|H1403_共同住宅数,戸,251900.0,251900
housing_stock,住宅ストック・空き家・持ち家,34000,広島県,pref,34,広島県,1978100000,1978年度,1978,00001|H1403,観測値|H1403_共同住宅数,戸,172600.0,172600
housing_stock,住宅ストック・空き家・持ち家,34000,広島県,pref,34,広島県,1983100000,1983年度,1983,00001|H1403,観測値|H1403_共同住宅数,戸,199500.0,199500
housing_stock,住宅ストック・空き家・持ち家,34000,広島県,pref,34,広島県,1988100000,1988年度,1988,00001|H1403,観測値|H1403_共同住宅数,戸,235700.0,235700
housing_stock,住宅ストック・空き家・持ち家,34000,広島県,pref,34,広島県,1993100000,1993年度,1993,00001|H1403,観測値|H1403_共同住宅数,戸,297700.0,297700
housing_stock,住宅ストック・空き家・持ち家,34000,広島県,pref,34,広島県,1998100000,1998年度,1998,00001|H1403,観測値|H1403_共同住宅数,戸,358800.0,358800
housing_stock,住宅ストック・空き家・持ち家,34000,広島県,pref,34,広島県,2003100000,2003年度,2003,00001|H1403,観測値|H1403_共同住宅数,戸,407700.0,407700
housing_stock,住宅ストック・空き家・持ち家,34000,広島県,pref,34,広島県,2008100000,2008年度,2008,00001|H1403,観測値|H1403_共同住宅数,戸,444700.0,444700
housing_stock,住宅ストック・空き家・持ち家,34000,広島県,pref,34,広島県,2013100000,2013年度,2013,00001|H1403,観測値|H1403_共同住宅数,戸,456000.0,456000
housing_stock,住宅ストック・空き家・持ち家,34000,広島県,pref,34,広島県,2018100000,2018年度,2018,00001|H1403,観測値|H1403_共同住宅数,戸,499100.0,499100
housing_stock,住宅ストック・空き家・持ち家,34000,広島県,pref,34,広島県,2023100000,2023年度,2023,00001|H1403,観測値|H1403_共同住宅数,戸,520500.0,520500
housing_stock,住宅ストック・空き家・持ち家,35000,山口県,pref,35,山口県,1978100000,1978年度,1978,00001|H1403,観測値|H1403_共同住宅数,戸,59000.0,59000
housing_stock,住宅ストック・空き家・持ち家,35000,山口県,pref,35,山口県,1983100000,1983年度,1983,00001|H1403,観測値|H1403_共同住宅数,戸,69100.0,69100
housing_stock,住宅ストック・空き家・持ち家,35000,山口県,pref,35,山口県,1988100000,1988年度,1988,00001|H1403,観測値|H1403_共同住宅数,戸,92300.0,92300
housing_stock,住宅ストック・空き家・持ち家,35000,山口県,pref,35,山口県,1993100000,1993年度,1993,00001|H1403,観測値|H1403_共同住宅数,戸,110900.0,110900
housing_stock,住宅ストック・空き家・持ち家,35000,山口県,pref,35,山口県,1998100000,1998年度,1998,00001|H1403,観測値|H1403_共同住宅数,戸,137000.0,137000
housing_stock,住宅ストック・空き家・持ち家,35000,山口県,pref,35,山口県,2003100000,2003年度,2003,00001|H1403,観測値|H1403_共同住宅数,戸,145000.0,145000
housing_stock,住宅ストック・空き家・持ち家,35000,山口県,pref,35,山口県,2008100000,2008年度,2008,00001|H1403,観測値|H1403_共同住宅数,戸,162800.0,162800
housing_stock,住宅ストック・空き家・持ち家,35000,山口県,pref,35,山口県,2013100000,2013年度,2013,00001|H1403,観測値|H1403_共同住宅数,戸,163900.0,163900
housing_stock,住宅ストック・空き家・持ち家,35000,山口県,pref,35,山口県,2018100000,2018年度,2018,00001|H1403,観測値|H1403_共同住宅数,戸,171800.0,171800
housing_stock,住宅ストック・空き家・持ち家,35000,山口県,pref,35,山口県,2023100000,2023年度,2023,00001|H1403,観測値|H1403_共同住宅数,戸,168800.0,168800
housing_stock,住宅ストック・空き家・持ち家,36000,徳島県,pref,36,徳島県,1978100000,1978年度,1978,00001|H1403,観測値|H1403_共同住宅数,戸,22600.0,22600
housing_stock,住宅ストック・空き家・持ち家,36000,徳島県,pref,36,徳島県,1983100000,1983年度,1983,00001|H1403,観測値|H1403_共同住宅数,戸,32900.0,32900
housing_stock,住宅ストック・空き家・持ち家,36000,徳島県,pref,36,徳島県,1988100000,1988年度,1988,00001|H1403,観測値|H1403_共同住宅数,戸,37800.0,37800
housing_stock,住宅ストック・空き家・持ち家,36000,徳島県,pref,36,徳島県,1993100000,1993年度,1993,00001|H1403,観測値|H1403_共同住宅数,戸,51600.0,51600
housing_stock,住宅ストック・空き家・持ち家,36000,徳島県,pref,36,徳島県,1998100000,1998年度,1998,00001|H1403,観測値|H1403_共同住宅数,戸,60100.0,60100
housing_stock,住宅ストック・空き家・持ち家,36000,徳島県,pref,36,徳島県,2003100000,2003年度,2003,00001|H1403,観測値|H1403_共同住宅数,戸,68300.0,68300
housing_stock,住宅ストック・空き家・持ち家,36000,徳島県,pref,36,徳島県,2008100000,2008年度,2008,00001|H1403,観測値|H1403_共同住宅数,戸,75600.0,75600
housing_stock,住宅ストック・空き家・持ち家,36000,徳島県,pref,36,徳島県,2013100000,2013年度,2013,00001|H1403,観測値|H1403_共同住宅数,戸,73300.0,73300
housing_stock,住宅ストック・空き家・持ち家,36000,徳島県,pref,36,徳島県,2018100000,2018年度,2018,00001|H1403,観測値|H1403_共同住宅数,戸,80500.0,80500
housing_stock,住宅ストック・空き家・持ち家,36000,徳島県,pref,36,徳島県,2023100000,2023年度,2023,00001|H1403,観測値|H1403_共同住宅数,戸,83100.0,83100
housing_stock,住宅ストック・空き家・持ち家,37000,香川県,pref,37,香川県,1978100000,1978年度,1978,00001|H1403,観測値|H1403_共同住宅数,戸,29500.0,29500
housing_stock,住宅ストック・空き家・持ち家,37000,香川県,pref,37,香川県,1983100000,1983年度,1983,00001|H1403,観測値|H1403_共同住宅数,戸,38400.0,38400
housing_stock,住宅ストック・空き家・持ち家,37000,香川県,pref,37,香川県,1988100000,1988年度,1988,00001|H1403,観測値|H1403_共同住宅数,戸,43900.0,43900
housing_stock,住宅ストック・空き家・持ち家,37000,香川県,pref,37,香川県,1993100000,1993年度,1993,00001|H1403,観測値|H1403_共同住宅数,戸,62500.0,62500
housing_stock,住宅ストック・空き家・持ち家,37000,香川県,pref,37,香川県,1998100000,1998年度,1998,00001|H1403,観測値|H1403_共同住宅数,戸,81400.0,81400
housing_stock,住宅ストック・空き家・持ち家,37000,香川県,pref,37,香川県,2003100000,2003年度,2003,00001|H1403,観測値|H1403_共同住宅数,戸,90300.0,90300
housing_stock,住宅ストック・空き家・持ち家,37000,香川県,pref,37,香川県,2008100000,2008年度,2008,00001|H1403,観測値|H1403_共同住宅数,戸,96900.0,96900
housing_stock,住宅ストック・空き家・持ち家,37000,香川県,pref,37,香川県,2013100000,2013年度,2013,00001|H1403,観測値|H1403_共同住宅数,戸,105200.0,105200
housing_stock,住宅ストック・空き家・持ち家,37000,香川県,pref,37,香川県,2018100000,2018年度,2018,00001|H1403,観測値|H1403_共同住宅数,戸,113000.0,113000
housing_stock,住宅ストック・空き家・持ち家,37000,香川県,pref,37,香川県,2023100000,2023年度,2023,00001|H1403,観測値|H1403_共同住宅数,戸,116300.0,116300
housing_stock,住宅ストック・空き家・持ち家,38000,愛媛県,pref,38,愛媛県,1978100000,1978年度,1978,00001|H1403,観測値|H1403_共同住宅数,戸,42400.0,42400
housing_stock,住宅ストック・空き家・持ち家,38000,愛媛県,pref,38,愛媛県,1983100000,1983年度,1983,00001|H1403,観測値|H1403_共同住宅数,戸,65300.0,65300
housing_stock,住宅ストック・空き家・持ち家,38000,愛媛県,pref,38,愛媛県,1988100000,1988年度,1988,00001|H1403,観測値|H1403_共同住宅数,戸,82800.0,82800
housing_stock,住宅ストック・空き家・持ち家,38000,愛媛県,pref,38,愛媛県,1993100000,1993年度,1993,00001|H1403,観測値|H1403_共同住宅数,戸,96500.0,96500
housing_stock,住宅ストック・空き家・持ち家,38000,愛媛県,pref,38,愛媛県,1998100000,1998年度,1998,00001|H1403,観測値|H1403_共同住宅数,戸,122000.0,122000
housing_stock,住宅ストック・空き家・持ち家,38000,愛媛県,pref,38,愛媛県,2003100000,2003年度,2003,00001|H1403,観測値|H1403_共同住宅数,戸,134200.0,134200
housing_stock,住宅ストック・空き家・持ち家,38000,愛媛県,pref,38,愛媛県,2008100000,2008年度,2008,00001|H1403,観測値|H1403_共同住宅数,戸,152100.0,152100
housing_stock,住宅ストック・空き家・持ち家,38000,愛媛県,pref,38,愛媛県,2013100000,2013年度,2013,00001|H1403,観測値|H1403_共同住宅数,戸,153500.0,153500
housing_stock,住宅ストック・空き家・持ち家,38000,愛媛県,pref,38,愛媛県,2018100000,2018年度,2018,00001|H1403,観測値|H1403_共同住宅数,戸,167000.0,167000
housing_stock,住宅ストック・空き家・持ち家,38000,愛媛県,pref,38,愛媛県,2023100000,2023年度,2023,00001|H1403,観測値|H1403_共同住宅数,戸,179200.0,179200
housing_stock,住宅ストック・空き家・持ち家,39000,高知県,pref,39,高知県,1978100000,1978年度,1978,00001|H1403,観測値|H1403_共同住宅数,戸,31000.0,31000
housing_stock,住宅ストック・空き家・持ち家,39000,高知県,pref,39,高知県,1983100000,1983年度,1983,00001|H1403,観測値|H1403_共同住宅数,戸,39200.0,39200
housing_stock,住宅ストック・空き家・持ち家,39000,高知県,pref,39,高知県,1988100000,1988年度,1988,00001|H1403,観測値|H1403_共同住宅数,戸,44900.0,44900
housing_stock,住宅ストック・空き家・持ち家,39000,高知県,pref,39,高知県,1993100000,1993年度,1993,00001|H1403,観測値|H1403_共同住宅数,戸,53000.0,53000
housing_stock,住宅ストック・空き家・持ち家,39000,高知県,pref,39,高知県,1998100000,1998年度,1998,00001|H1403,観測値|H1403_共同住宅数,戸,62000.0,62000
housing_stock,住宅ストック・空き家・持ち家,39000,高知県,pref,39,高知県,2003100000,2003年度,2003,00001|H1403,観測値|H1403_共同住宅数,戸,80000.0,80000
housing_stock,住宅ストック・空き家・持ち家,39000,高知県,pref,39,高知県,2008100000,2008年度,2008,00001|H1403,観測値|H1403_共同住宅数,戸,77400.0,77400
housing_stock,住宅ストック・空き家・持ち家,39000,高知県,pref,39,高知県,2013100000,2013年度,2013,00001|H1403,観測値|H1403_共同住宅数,戸,87900.0,87900
housing_stock,住宅ストック・空き家・持ち家,39000,高知県,pref,39,高知県,2018100000,2018年度,2018,00001|H1403,観測値|H1403_共同住宅数,戸,89700.0,89700
housing_stock,住宅ストック・空き家・持ち家,39000,高知県,pref,39,高知県,2023100000,2023年度,2023,00001|H1403,観測値|H1403_共同住宅数,戸,89900.0,89900
housing_stock,住宅ストック・空き家・持ち家,40000,福岡県,pref,40,福岡県,1978100000,1978年度,1978,00001|H1403,観測値|H1403_共同住宅数,戸,321500.0,321500
housing_stock,住宅ストック・空き家・持ち家,40000,福岡県,pref,40,福岡県,1983100000,1983年度,1983,00001|H1403,観測値|H1403_共同住宅数,戸,405600.0,405600
housing_stock,住宅ストック・空き家・持ち家,40000,福岡県,pref,40,福岡県,1988100000,1988年度,1988,00001|H1403,観測値|H1403_共同住宅数,戸,497700.0,497700
housing_stock,住宅ストック・空き家・持ち家,40000,福岡県,pref,40,福岡県,1993100000,1993年度,1993,00001|H1403,観測値|H1403_共同住宅数,戸,640300.0,640300
housing_stock,住宅ストック・空き家・持ち家,40000,福岡県,pref,40,福岡県,1998100000,1998年度,1998,00001|H1403,観測値|H1403_共同住宅数,戸,778300.0,778300
housing_stock,住宅ストック・空き家・持ち家,40000,福岡県,pref,40,福岡県,2003100000,2003年度,2003,00001|H1403,観測値|H1403_共同住宅数,戸,901700.0,901700
housing_stock,住宅ストック・空き家・持ち家,40000,福岡県,pref,40,福岡県,2008100000,2008年度,2008,00001|H1403,観測値|H1403_共同住宅数,戸,1006500.0,1006500
housing_stock,住宅ストック・空き家・持ち家,40000,福岡県,pref,40,福岡県,2013100000,2013年度,2013,00001|H1403,観測値|H1403_共同住宅数,戸,1105800.0,1105800
housing_stock,住宅ストック・空き家・持ち家,40000,福岡県,pref,40,福岡県,2018100000,2018年度,2018,00001|H1403,観測値|H1403_共同住宅数,戸,1181300.0,1181300
housing_stock,住宅ストック・空き家・持ち家,40000,福岡県,pref,40,福岡県,2023100000,2023年度,2023,00001|H1403,観測値|H1403_共同住宅数,戸,1288600.0,1288600
housing_stock,住宅ストック・空き家・持ち家,41000,佐賀県,pref,41,佐賀県,1978100000,1978年度,1978,00001|H1403,観測値|H1403_共同住宅数,戸,12100.0,12100
housing_stock,住宅ストック・空き家・持ち家,41000,佐賀県,pref,41,佐賀県,1983100000,1983年度,1983,00001|H1403,観測値|H1403_共同住宅数,戸,18100.0,18100
housing_stock,住宅ストック・空き家・持ち家,41000,佐賀県,pref,41,佐賀県,1988100000,1988年度,1988,00001|H1403,観測値|H1403_共同住宅数,戸,25600.0,25600
housing_stock,住宅ストック・空き家・持ち家,41000,佐賀県,pref,41,佐賀県,1993100000,1993年度,1993,00001|H1403,観測値|H1403_共同住宅数,戸,36200.0,36200
housing_stock,住宅ストック・空き家・持ち家,41000,佐賀県,pref,41,佐賀県,1998100000,1998年度,1998,00001|H1403,観測値|H1403_共同住宅数,戸,53400.0,53400
housing_stock,住宅ストック・空き家・持ち家,41000,佐賀県,pref,41,佐賀県,2003100000,2003年度,2003,00001|H1403,観測値|H1403_共同住宅数,戸,58200.0,58200
housing_stock,住宅ストック・空き家・持ち家,41000,佐賀県,pref,41,佐賀県,2008100000,2008年度,2008,00001|H1403,観測値|H1403_共同住宅数,戸,65900.0,65900
housing_stock,住宅ストック・空き家・持ち家,41000,佐賀県,pref,41,佐賀県,2013100000,2013年度,2013,00001|H1403,観測値|H1403_共同住宅数,戸,69400.0,69400
housing_stock,住宅ストック・空き家・持ち家,41000,佐賀県,pref,41,佐賀県,2018100000,2018年度,2018,00001|H1403,観測値|H1403_共同住宅数,戸,82300.0,82300
housing_stock,住宅ストック・空き家・持ち家,41000,佐賀県,pref,41,佐賀県,2023100000,2023年度,2023,00001|H1403,観測値|H1403_共同住宅数,戸,89700.0,89700
housing_stock,住宅ストック・空き家・持ち家,42000,長崎県,pref,42,長崎県,1978100000,1978年度,1978,00001|H1403,観測値|H1403_共同住宅数,戸,61800.0,61800
housing_stock,住宅ストック・空き家・持ち家,42000,長崎県,pref,42,長崎県,1983100000,1983年度,1983,00001|H1403,観測値|H1403_共同住宅数,戸,79500.0,79500
housing_stock,住宅ストック・空き家・持ち家,42000,長崎県,pref,42,長崎県,1988100000,1988年度,1988,00001|H1403,観測値|H1403_共同住宅数,戸,86900.0,86900
housing_stock,住宅ストック・空き家・持ち家,42000,長崎県,pref,42,長崎県,1993100000,1993年度,1993,00001|H1403,観測値|H1403_共同住宅数,戸,120000.0,120000
housing_stock,住宅ストック・空き家・持ち家,42000,長崎県,pref,42,長崎県,1998100000,1998年度,1998,00001|H1403,観測値|H1403_共同住宅数,戸,128700.0,128700
housing_stock,住宅ストック・空き家・持ち家,42000,長崎県,pref,42,長崎県,2003100000,2003年度,2003,00001|H1403,観測値|H1403_共同住宅数,戸,146800.0,146800
housing_stock,住宅ストック・空き家・持ち家,42000,長崎県,pref,42,長崎県,2008100000,2008年度,2008,00001|H1403,観測値|H1403_共同住宅数,戸,154500.0,154500
housing_stock,住宅ストック・空き家・持ち家,42000,長崎県,pref,42,長崎県,2013100000,2013年度,2013,00001|H1403,観測値|H1403_共同住宅数,戸,164600.0,164600
housing_stock,住宅ストック・空き家・持ち家,42000,長崎県,pref,42,長崎県,2018100000,2018年度,2018,00001|H1403,観測値|H1403_共同住宅数,戸,176800.0,176800
housing_stock,住宅ストック・空き家・持ち家,42000,長崎県,pref,42,長崎県,2023100000,2023年度,2023,00001|H1403,観測値|H1403_共同住宅数,戸,176800.0,176800
housing_stock,住宅ストック・空き家・持ち家,43000,熊本県,pref,43,熊本県,1978100000,1978年度,1978,00001|H1403,観測値|H1403_共同住宅数,戸,52000.0,52000
housing_stock,住宅ストック・空き家・持ち家,43000,熊本県,pref,43,熊本県,1983100000,1983年度,1983,00001|H1403,観測値|H1403_共同住宅数,戸,67300.0,67300
housing_stock,住宅ストック・空き家・持ち家,43000,熊本県,pref,43,熊本県,1988100000,1988年度,1988,00001|H1403,観測値|H1403_共同住宅数,戸,108100.0,108100
housing_stock,住宅ストック・空き家・持ち家,43000,熊本県,pref,43,熊本県,1993100000,1993年度,1993,00001|H1403,観測値|H1403_共同住宅数,戸,127800.0,127800
housing_stock,住宅ストック・空き家・持ち家,43000,熊本県,pref,43,熊本県,1998100000,1998年度,1998,00001|H1403,観測値|H1403_共同住宅数,戸,151300.0,151300
housing_stock,住宅ストック・空き家・持ち家,43000,熊本県,pref,43,熊本県,2003100000,2003年度,2003,00001|H1403,観測値|H1403_共同住宅数,戸,185100.0,185100
housing_stock,住宅ストック・空き家・持ち家,43000,熊本県,pref,43,熊本県,2008100000,2008年度,2008,00001|H1403,観測値|H1403_共同住宅数,戸,199700.0,199700
housing_stock,住宅ストック・空き家・持ち家,43000,熊本県,pref,43,熊本県,2013100000,2013年度,2013,00001|H1403,観測値|H1403_共同住宅数,戸,217800.0,217800
housing_stock,住宅ストック・空き家・持ち家,43000,熊本県,pref,43,熊本県,2018100000,2018年度,2018,00001|H1403,観測値|H1403_共同住宅数,戸,228200.0,228200
housing_stock,住宅ストック・空き家・持ち家,43000,熊本県,pref,43,熊本県,2023100000,2023年度,2023,00001|H1403,観測値|H1403_共同住宅数,戸,244100.0,244100
housing_stock,住宅ストック・空き家・持ち家,44000,大分県,pref,44,大分県,1978100000,1978年度,1978,00001|H1403,観測値|H1403_共同住宅数,戸,60900.0,60900
housing_stock,住宅ストック・空き家・持ち家,44000,大分県,pref,44,大分県,1983100000,1983年度,1983,00001|H1403,観測値|H1403_共同住宅数,戸,64400.0,64400
housing_stock,住宅ストック・空き家・持ち家,44000,大分県,pref,44,大分県,1988100000,1988年度,1988,00001|H1403,観測値|H1403_共同住宅数,戸,81300.0,81300
housing_stock,住宅ストック・空き家・持ち家,44000,大分県,pref,44,大分県,1993100000,1993年度,1993,00001|H1403,観測値|H1403_共同住宅数,戸,100400.0,100400
housing_stock,住宅ストック・空き家・持ち家,44000,大分県,pref,44,大分県,1998100000,1998年度,1998,00001|H1403,観測値|H1403_共同住宅数,戸,123200.0,123200
housing_stock,住宅ストック・空き家・持ち家,44000,大分県,pref,44,大分県,2003100000,2003年度,2003,00001|H1403,観測値|H1403_共同住宅数,戸,136900.0,136900
housing_stock,住宅ストック・空き家・持ち家,44000,大分県,pref,44,大分県,2008100000,2008年度,2008,00001|H1403,観測値|H1403_共同住宅数,戸,155100.0,155100
housing_stock,住宅ストック・空き家・持ち家,44000,大分県,pref,44,大分県,2013100000,2013年度,2013,00001|H1403,観測値|H1403_共同住宅数,戸,160400.0,160400
housing_stock,住宅ストック・空き家・持ち家,44000,大分県,pref,44,大分県,2018100000,2018年度,2018,00001|H1403,観測値|H1403_共同住宅数,戸,164000.0,164000
housing_stock,住宅ストック・空き家・持ち家,44000,大分県,pref,44,大分県,2023100000,2023年度,2023,00001|H1403,観測値|H1403_共同住宅数,戸,182000.0,182000
housing_stock,住宅ストック・空き家・持ち家,45000,宮崎県,pref,45,宮崎県,1978100000,1978年度,1978,00001|H1403,観測値|H1403_共同住宅数,戸,29300.0,29300
housing_stock,住宅ストック・空き家・持ち家,45000,宮崎県,pref,45,宮崎県,1983100000,1983年度,1983,00001|H1403,観測値|H1403_共同住宅数,戸,45900.0,45900
housing_stock,住宅ストック・空き家・持ち家,45000,宮崎県,pref,45,宮崎県,1988100000,1988年度,1988,00001|H1403,観測値|H1403_共同住宅数,戸,56400.0,56400
housing_stock,住宅ストック・空き家・持ち家,45000,宮崎県,pref,45,宮崎県,1993100000,1993年度,1993,00001|H1403,観測値|H1403_共同住宅数,戸,77300.0,77300
housing_stock,住宅ストック・空き家・持ち家,45000,宮崎県,pref,45,宮崎県,1998100000,1998年度,1998,00001|H1403,観測値|H1403_共同住宅数,戸,91400.0,91400
housing_stock,住宅ストック・空き家・持ち家,45000,宮崎県,pref,45,宮崎県,2003100000,2003年度,2003,00001|H1403,観測値|H1403_共同住宅数,戸,105800.0,105800
housing_stock,住宅ストック・空き家・持ち家,45000,宮崎県,pref,45,宮崎県,2008100000,2008年度,2008,00001|H1403,観測値|H1403_共同住宅数,戸,117500.0,117500
housing_stock,住宅ストック・空き家・持ち家,45000,宮崎県,pref,45,宮崎県,2013100000,2013年度,2013,00001|H1403,観測値|H1403_共同住宅数,戸,119700.0,119700
housing_stock,住宅ストック・空き家・持ち家,45000,宮崎県,pref,45,宮崎県,2018100000,2018年度,2018,00001|H1403,観測値|H1403_共同住宅数,戸,131300.0,131300
housing_stock,住宅ストック・空き家・持ち家,45000,宮崎県,pref,45,宮崎県,2023100000,2023年度,2023,00001|H1403,観測値|H1403_共同住宅数,戸,129500.0,129500
housing_stock,住宅ストック・空き家・持ち家,46000,鹿児島県,pref,46,鹿児島県,1978100000,1978年度,1978,00001|H1403,観測値|H1403_共同住宅数,戸,60900.0,60900
housing_stock,住宅ストック・空き家・持ち家,46000,鹿児島県,pref,46,鹿児島県,1983100000,1983年度,1983,00001|H1403,観測値|H1403_共同住宅数,戸,81400.0,81400
housing_stock,住宅ストック・空き家・持ち家,46000,鹿児島県,pref,46,鹿児島県,1988100000,1988年度,1988,00001|H1403,観測値|H1403_共同住宅数,戸,112300.0,112300
housing_stock,住宅ストック・空き家・持ち家,46000,鹿児島県,pref,46,鹿児島県,1993100000,1993年度,1993,00001|H1403,観測値|H1403_共同住宅数,戸,129300.0,129300
housing_stock,住宅ストック・空き家・持ち家,46000,鹿児島県,pref,46,鹿児島県,1998100000,1998年度,1998,00001|H1403,観測値|H1403_共同住宅数,戸,150300.0,150300
housing_stock,住宅ストック・空き家・持ち家,46000,鹿児島県,pref,46,鹿児島県,2003100000,2003年度,2003,00001|H1403,観測値|H1403_共同住宅数,戸,168000.0,168000
housing_stock,住宅ストック・空き家・持ち家,46000,鹿児島県,pref,46,鹿児島県,2008100000,2008年度,2008,00001|H1403,観測値|H1403_共同住宅数,戸,190400.0,190400
housing_stock,住宅ストック・空き家・持ち家,46000,鹿児島県,pref,46,鹿児島県,2013100000,2013年度,2013,00001|H1403,観測値|H1403_共同住宅数,戸,203200.0,203200
housing_stock,住宅ストック・空き家・持ち家,46000,鹿児島県,pref,46,鹿児島県,2018100000,2018年度,2018,00001|H1403,観測値|H1403_共同住宅数,戸,209900.0,209900
housing_stock,住宅ストック・空き家・持ち家,46000,鹿児島県,pref,46,鹿児島県,2023100000,2023年度,2023,00001|H1403,観測値|H1403_共同住宅数,戸,225700.0,225700
housing_stock,住宅ストック・空き家・持ち家,47000,沖縄県,pref,47,沖縄県,1978100000,1978年度,1978,00001|H1403,観測値|H1403_共同住宅数,戸,68800.0,68800
housing_stock,住宅ストック・空き家・持ち家,47000,沖縄県,pref,47,沖縄県,1983100000,1983年度,1983,00001|H1403,観測値|H1403_共同住宅数,戸,102500.0,102500
housing_stock,住宅ストック・空き家・持ち家,47000,沖縄県,pref,47,沖縄県,1988100000,1988年度,1988,00001|H1403,観測値|H1403_共同住宅数,戸,133700.0,133700
housing_stock,住宅ストック・空き家・持ち家,47000,沖縄県,pref,47,沖縄県,1993100000,1993年度,1993,00001|H1403,観測値|H1403_共同住宅数,戸,161400.0,161400
housing_stock,住宅ストック・空き家・持ち家,47000,沖縄県,pref,47,沖縄県,1998100000,1998年度,1998,00001|H1403,観測値|H1403_共同住宅数,戸,189000.0,189000
housing_stock,住宅ストック・空き家・持ち家,47000,沖縄県,pref,47,沖縄県,2003100000,2003年度,2003,00001|H1403,観測値|H1403_共同住宅数,戸,234100.0,234100
housing_stock,住宅ストック・空き家・持ち家,47000,沖縄県,pref,47,沖縄県,2008100000,2008年度,2008,00001|H1403,観測値|H1403_共同住宅数,戸,269200.0,269200
housing_stock,住宅ストック・空き家・持ち家,47000,沖縄県,pref,47,沖縄県,2013100000,2013年度,2013,00001|H1403,観測値|H1403_共同住宅数,戸,300100.0,300100
housing_stock,住宅ストック・空き家・持ち家,47000,沖縄県,pref,47,沖縄県,2018100000,2018年度,2018,00001|H1403,観測値|H1403_共同住宅数,戸,340600.0,340600
housing_stock,住宅ストック・空き家・持ち家,47000,沖縄県,pref,47,沖縄県,2023100000,2023年度,2023,00001|H1403,観測値|H1403_共同住宅数,戸,381800.0,381800
housing_stock,住宅ストック・空き家・持ち家,00000,全国,national,,,1978100000,1978年度,1978,00001|H213010,観測値|H213010_1住宅当たり延べ面積（持ち家）,ｍ2,106.16,106.16
housing_stock,住宅ストック・空き家・持ち家,00000,全国,national,,,1983100000,1983年度,1983,00001|H213010,観測値|H213010_1住宅当たり延べ面積（持ち家）,ｍ2,111.67,111.67
housing_stock,住宅ストック・空き家・持ち家,00000,全国,national,,,1988100000,1988年度,1988,00001|H213010,観測値|H213010_1住宅当たり延べ面積（持ち家）,ｍ2,116.78,116.78
housing_stock,住宅ストック・空き家・持ち家,00000,全国,national,,,1993100000,1993年度,1993,00001|H213010,観測値|H213010_1住宅当たり延べ面積（持ち家）,ｍ2,122.08,122.08
housing_stock,住宅ストック・空き家・持ち家,00000,全国,national,,,1998100000,1998年度,1998,00001|H213010,観測値|H213010_1住宅当たり延べ面積（持ち家）,ｍ2,122.74,122.74
housing_stock,住宅ストック・空き家・持ち家,00000,全国,national,,,2003100000,2003年度,2003,00001|H213010,観測値|H213010_1住宅当たり延べ面積（持ち家）,ｍ2,123.93,123.93
housing_stock,住宅ストック・空き家・持ち家,00000,全国,national,,,2008100000,2008年度,2008,00001|H213010,観測値|H213010_1住宅当たり延べ面積（持ち家）,ｍ2,122.63,122.63
housing_stock,住宅ストック・空き家・持ち家,00000,全国,national,,,2013100000,2013年度,2013,00001|H213010,観測値|H213010_1住宅当たり延べ面積（持ち家）,ｍ2,122.32,122.32
housing_stock,住宅ストック・空き家・持ち家,00000,全国,national,,,2018100000,2018年度,2018,00001|H213010,観測値|H213010_1住宅当たり延べ面積（持ち家）,ｍ2,119.91,119.91
housing_stock,住宅ストック・空き家・持ち家,00000,全国,national,,,2023100000,2023年度,2023,00001|H213010,観測値|H213010_1住宅当たり延べ面積（持ち家）,ｍ2,118.25,118.25
housing_stock,住宅ストック・空き家・持ち家,01000,北海道,pref,01,北海道,1978100000,1978年度,1978,00001|H213010,観測値|H213010_1住宅当たり延べ面積（持ち家）,ｍ2,102.25,102.25
housing_stock,住宅ストック・空き家・持ち家,01000,北海道,pref,01,北海道,1983100000,1983年度,1983,00001|H213010,観測値|H213010_1住宅当たり延べ面積（持ち家）,ｍ2,107.63,107.63
housing_stock,住宅ストック・空き家・持ち家,01000,北海道,pref,01,北海道,1988100000,1988年度,1988,00001|H213010,観測値|H213010_1住宅当たり延べ面積（持ち家）,ｍ2,111.41,111.41
housing_stock,住宅ストック・空き家・持ち家,01000,北海道,pref,01,北海道,1993100000,1993年度,1993,00001|H213010,観測値|H213010_1住宅当たり延べ面積（持ち家）,ｍ2,116.03,116.03
housing_stock,住宅ストック・空き家・持ち家,01000,北海道,pref,01,北海道,1998100000,1998年度,1998,00001|H213010,観測値|H213010_1住宅当たり延べ面積（持ち家）,ｍ2,117.82,117.82
housing_stock,住宅ストック・空き家・持ち家,01000,北海道,pref,01,北海道,2003100000,2003年度,2003,00001|H213010,観測値|H213010_1住宅当たり延べ面積（持ち家）,ｍ2,121.06,121.06
housing_stock,住宅ストック・空き家・持ち家,01000,北海道,pref,01,北海道,2008100000,2008年度,2008,00001|H213010,観測値|H213010_1住宅当たり延べ面積（持ち家）,ｍ2,120.18,120.18
housing_stock,住宅ストック・空き家・持ち家,01000,北海道,pref,01,北海道,2013100000,2013年度,2013,00001|H213010,観測値|H213010_1住宅当たり延べ面積（持ち家）,ｍ2,121.53,121.53
housing_stock,住宅ストック・空き家・持ち家,01000,北海道,pref,01,北海道,2018100000,2018年度,2018,00001|H213010,観測値|H213010_1住宅当たり延べ面積（持ち家）,ｍ2,120.15,120.15
housing_stock,住宅ストック・空き家・持ち家,01000,北海道,pref,01,北海道,2023100000,2023年度,2023,00001|H213010,観測値|H213010_1住宅当たり延べ面積（持ち家）,ｍ2,120.09,120.09
housing_stock,住宅ストック・空き家・持ち家,02000,青森県,pref,02,青森県,1978100000,1978年度,1978,00001|H213010,観測値|H213010_1住宅当たり延べ面積（持ち家）,ｍ2,128.78,128.78
housing_stock,住宅ストック・空き家・持ち家,02000,青森県,pref,02,青森県,1983100000,1983年度,1983,00001|H213010,観測値|H213010_1住宅当たり延べ面積（持ち家）,ｍ2,136.09,136.09
housing_stock,住宅ストック・空き家・持ち家,02000,青森県,pref,02,青森県,1988100000,1988年度,1988,00001|H213010,観測値|H213010_1住宅当たり延べ面積（持ち家）,ｍ2,141.57,141.57
housing_stock,住宅ストック・空き家・持ち家,02000,青森県,pref,02,青森県,1993100000,1993年度,1993,00001|H213010,観測値|H213010_1住宅当たり延べ面積（持ち家）,ｍ2,147.05,147.05
housing_stock,住宅ストック・空き家・持ち家,02000,青森県,pref,02,青森県,1998100000,1998年度,1998,00001|H213010,観測値|H213010_1住宅当たり延べ面積（持ち家）,ｍ2,148.72,148.72
housing_stock,住宅ストック・空き家・持ち家,02000,青森県,pref,02,青森県,2003100000,2003年度,2003,00001|H213010,観測値|H213010_1住宅当たり延べ面積（持ち家）,ｍ2,153.12,153.12
housing_stock,住宅ストック・空き家・持ち家,02000,青森県,pref,02,青森県,2008100000,2008年度,2008,00001|H213010,観測値|H213010_1住宅当たり延べ面積（持ち家）,ｍ2,152.58,152.58
housing_stock,住宅ストック・空き家・持ち家,02000,青森県,pref,02,青森県,2013100000,2013年度,2013,00001|H213010,観測値|H213010_1住宅当たり延べ面積（持ち家）,ｍ2,150.1,150.10
housing_stock,住宅ストック・空き家・持ち家,02000,青森県,pref,02,青森県,2018100000,2018年度,2018,00001|H213010,観測値|H213010_1住宅当たり延べ面積（持ち家）,ｍ2,148.42,148.42
housing_stock,住宅ストック・空き家・持ち家,02000,青森県,pref,02,青森県,2023100000,2023年度,2023,00001|H213010,観測値|H213010_1住宅当たり延べ面積（持ち家）,ｍ2,145.24,145.24
housing_stock,住宅ストック・空き家・持ち家,03000,岩手県,pref,03,岩手県,1978100000,1978年度,1978,00001|H213010,観測値|H213010_1住宅当たり延べ面積（持ち家）,ｍ2,127.93,127.93
housing_stock,住宅ストック・空き家・持ち家,03000,岩手県,pref,03,岩手県,1983100000,1983年度,1983,00001|H213010,観測値|H213010_1住宅当たり延べ面積（持ち家）,ｍ2,137.18,137.18
housing_stock,住宅ストック・空き家・持ち家,03000,岩手県,pref,03,岩手県,1988100000,1988年度,1988,00001|H213010,観測値|H213010_1住宅当たり延べ面積（持ち家）,ｍ2,139.74,139.74
housing_stock,住宅ストック・空き家・持ち家,03000,岩手県,pref,03,岩手県,1993100000,1993年度,1993,00001|H213010,観測値|H213010_1住宅当たり延べ面積（持ち家）,ｍ2,148.54,148.54
housing_stock,住宅ストック・空き家・持ち家,03000,岩手県,pref,03,岩手県,1998100000,1998年度,1998,00001|H213010,観測値|H213010_1住宅当たり延べ面積（持ち家）,ｍ2,151.44,151.44
housing_stock,住宅ストック・空き家・持ち家,03000,岩手県,pref,03,岩手県,2003100000,2003年度,2003,00001|H213010,観測値|H213010_1住宅当たり延べ面積（持ち家）,ｍ2,155.09,155.09
housing_stock,住宅ストック・空き家・持ち家,03000,岩手県,pref,03,岩手県,2008100000,2008年度,2008,00001|H213010,観測値|H213010_1住宅当たり延べ面積（持ち家）,ｍ2,154.35,154.35
housing_stock,住宅ストック・空き家・持ち家,03000,岩手県,pref,03,岩手県,2013100000,2013年度,2013,00001|H213010,観測値|H213010_1住宅当たり延べ面積（持ち家）,ｍ2,154.6,154.60
housing_stock,住宅ストック・空き家・持ち家,03000,岩手県,pref,03,岩手県,2018100000,2018年度,2018,00001|H213010,観測値|H213010_1住宅当たり延べ面積（持ち家）,ｍ2,147.43,147.43
housing_stock,住宅ストック・空き家・持ち家,03000,岩手県,pref,03,岩手県,2023100000,2023年度,2023,00001|H213010,観測値|H213010_1住宅当たり延べ面積（持ち家）,ｍ2,145.78,145.78
housing_stock,住宅ストック・空き家・持ち家,04000,宮城県,pref,04,宮城県,1978100000,1978年度,1978,00001|H213010,観測値|H213010_1住宅当たり延べ面積（持ち家）,ｍ2,116.37,116.37
housing_stock,住宅ストック・空き家・持ち家,04000,宮城県,pref,04,宮城県,1983100000,1983年度,1983,00001|H213010,観測値|H213010_1住宅当たり延べ面積（持ち家）,ｍ2,122.04,122.04
housing_stock,住宅ストック・空き家・持ち家,04000,宮城県,pref,04,宮城県,1988100000,1988年度,1988,00001|H213010,観測値|H213010_1住宅当たり延べ面積（持ち家）,ｍ2,128.65,128.65
housing_stock,住宅ストック・空き家・持ち家,04000,宮城県,pref,04,宮城県,1993100000,1993年度,1993,00001|H213010,観測値|H213010_1住宅当たり延べ面積（持ち家）,ｍ2,132.95,132.95
housing_stock,住宅ストック・空き家・持ち家,04000,宮城県,pref,04,宮城県,1998100000,1998年度,1998,00001|H213010,観測値|H213010_1住宅当たり延べ面積（持ち家）,ｍ2,135.57,135.57
housing_stock,住宅ストック・空き家・持ち家,04000,宮城県,pref,04,宮城県,2003100000,2003年度,2003,00001|H213010,観測値|H213010_1住宅当たり延べ面積（持ち家）,ｍ2,136.39,136.39
housing_stock,住宅ストック・空き家・持ち家,04000,宮城県,pref,04,宮城県,2008100000,2008年度,2008,00001|H213010,観測値|H213010_1住宅当たり延べ面積（持ち家）,ｍ2,134.6,134.60
housing_stock,住宅ストック・空き家・持ち家,04000,宮城県,pref,04,宮城県,2013100000,2013年度,2013,00001|H213010,観測値|H213010_1住宅当たり延べ面積（持ち家）,ｍ2,133.85,133.85
housing_stock,住宅ストック・空き家・持ち家,04000,宮城県,pref,04,宮城県,2018100000,2018年度,2018,00001|H213010,観測値|H213010_1住宅当たり延べ面積（持ち家）,ｍ2,130.65,130.65
housing_stock,住宅ストック・空き家・持ち家,04000,宮城県,pref,04,宮城県,2023100000,2023年度,2023,00001|H213010,観測値|H213010_1住宅当たり延べ面積（持ち家）,ｍ2,127.94,127.94
housing_stock,住宅ストック・空き家・持ち家,05000,秋田県,pref,05,秋田県,1978100000,1978年度,1978,00001|H213010,観測値|H213010_1住宅当たり延べ面積（持ち家）,ｍ2,140.05,140.05
housing_stock,住宅ストック・空き家・持ち家,05000,秋田県,pref,05,秋田県,1983100000,1983年度,1983,00001|H213010,観測値|H213010_1住宅当たり延べ面積（持ち家）,ｍ2,148.11,148.11
housing_stock,住宅ストック・空き家・持ち家,05000,秋田県,pref,05,秋田県,1988100000,1988年度,1988,00001|H213010,観測値|H213010_1住宅当たり延べ面積（持ち家）,ｍ2,154.99,154.99
housing_stock,住宅ストック・空き家・持ち家,05000,秋田県,pref,05,秋田県,1993100000,1993年度,1993,00001|H213010,観測値|H213010_1住宅当たり延べ面積（持ち家）,ｍ2,162.29,162.29
housing_stock,住宅ストック・空き家・持ち家,05000,秋田県,pref,05,秋田県,1998100000,1998年度,1998,00001|H213010,観測値|H213010_1住宅当たり延べ面積（持ち家）,ｍ2,163.11,163.11
housing_stock,住宅ストック・空き家・持ち家,05000,秋田県,pref,05,秋田県,2003100000,2003年度,2003,00001|H213010,観測値|H213010_1住宅当たり延べ面積（持ち家）,ｍ2,162.61,162.61
housing_stock,住宅ストック・空き家・持ち家,05000,秋田県,pref,05,秋田県,2008100000,2008年度,2008,00001|H213010,観測値|H213010_1住宅当たり延べ面積（持ち家）,ｍ2,162.82,162.82
housing_stock,住宅ストック・空き家・持ち家,05000,秋田県,pref,05,秋田県,2013100000,2013年度,2013,00001|H213010,観測値|H213010_1住宅当たり延べ面積（持ち家）,ｍ2,162.04,162.04
housing_stock,住宅ストック・空き家・持ち家,05000,秋田県,pref,05,秋田県,2018100000,2018年度,2018,00001|H213010,観測値|H213010_1住宅当たり延べ面積（持ち家）,ｍ2,154.28,154.28
housing_stock,住宅ストック・空き家・持ち家,05000,秋田県,pref,05,秋田県,2023100000,2023年度,2023,00001|H213010,観測値|H213010_1住宅当たり延べ面積（持ち家）,ｍ2,154.3,154.30
housing_stock,住宅ストック・空き家・持ち家,06000,山形県,pref,06,山形県,1978100000,1978年度,1978,00001|H213010,観測値|H213010_1住宅当たり延べ面積（持ち家）,ｍ2,133.98,133.98
housing_stock,住宅ストック・空き家・持ち家,06000,山形県,pref,06,山形県,1983100000,1983年度,1983,00001|H213010,観測値|H213010_1住宅当たり延べ面積（持ち家）,ｍ2,144.42,144.42
housing_stock,住宅ストック・空き家・持ち家,06000,山形県,pref,06,山形県,1988100000,1988年度,1988,00001|H213010,観測値|H213010_1住宅当たり延べ面積（持ち家）,ｍ2,151.16,151.16
housing_stock,住宅ストック・空き家・持ち家,06000,山形県,pref,06,山形県,1993100000,1993年度,1993,00001|H213010,観測値|H213010_1住宅当たり延べ面積（持ち家）,ｍ2,159.07,159.07
housing_stock,住宅ストック・空き家・持ち家,06000,山形県,pref,06,山形県,1998100000,1998年度,1998,00001|H213010,観測値|H213010_1住宅当たり延べ面積（持ち家）,ｍ2,163.74,163.74
housing_stock,住宅ストック・空き家・持ち家,06000,山形県,pref,06,山形県,2003100000,2003年度,2003,00001|H213010,観測値|H213010_1住宅当たり延べ面積（持ち家）,ｍ2,167.58,167.58
housing_stock,住宅ストック・空き家・持ち家,06000,山形県,pref,06,山形県,2008100000,2008年度,2008,00001|H213010,観測値|H213010_1住宅当たり延べ面積（持ち家）,ｍ2,165.61,165.61
housing_stock,住宅ストック・空き家・持ち家,06000,山形県,pref,06,山形県,2013100000,2013年度,2013,00001|H213010,観測値|H213010_1住宅当たり延べ面積（持ち家）,ｍ2,168.01,168.01
housing_stock,住宅ストック・空き家・持ち家,06000,山形県,pref,06,山形県,2018100000,2018年度,2018,00001|H213010,観測値|H213010_1住宅当たり延べ面積（持ち家）,ｍ2,160.89,160.89
housing_stock,住宅ストック・空き家・持ち家,06000,山形県,pref,06,山形県,2023100000,2023年度,2023,00001|H213010,観測値|H213010_1住宅当たり延べ面積（持ち家）,ｍ2,159.94,159.94
housing_stock,住宅ストック・空き家・持ち家,07000,福島県,pref,07,福島県,1978100000,1978年度,1978,00001|H213010,観測値|H213010_1住宅当たり延べ面積（持ち家）,ｍ2,123.34,123.34
housing_stock,住宅ストック・空き家・持ち家,07000,福島県,pref,07,福島県,1983100000,1983年度,1983,00001|H213010,観測値|H213010_1住宅当たり延べ面積（持ち家）,ｍ2,130.75,130.75
housing_stock,住宅ストック・空き家・持ち家,07000,福島県,pref,07,福島県,1988100000,1988年度,1988,00001|H213010,観測値|H213010_1住宅当たり延べ面積（持ち家）,ｍ2,137.87,137.87
housing_stock,住宅ストック・空き家・持ち家,07000,福島県,pref,07,福島県,1993100000,1993年度,1993,00001|H213010,観測値|H213010_1住宅当たり延べ面積（持ち家）,ｍ2,141.55,141.55
housing_stock,住宅ストック・空き家・持ち家,07000,福島県,pref,07,福島県,1998100000,1998年度,1998,00001|H213010,観測値|H213010_1住宅当たり延べ面積（持ち家）,ｍ2,144.33,144.33
housing_stock,住宅ストック・空き家・持ち家,07000,福島県,pref,07,福島県,2003100000,2003年度,2003,00001|H213010,観測値|H213010_1住宅当たり延べ面積（持ち家）,ｍ2,147.25,147.25
housing_stock,住宅ストック・空き家・持ち家,07000,福島県,pref,07,福島県,2008100000,2008年度,2008,00001|H213010,観測値|H213010_1住宅当たり延べ面積（持ち家）,ｍ2,145.95,145.95
housing_stock,住宅ストック・空き家・持ち家,07000,福島県,pref,07,福島県,2013100000,2013年度,2013,00001|H213010,観測値|H213010_1住宅当たり延べ面積（持ち家）,ｍ2,146.37,146.37
housing_stock,住宅ストック・空き家・持ち家,07000,福島県,pref,07,福島県,2018100000,2018年度,2018,00001|H213010,観測値|H213010_1住宅当たり延べ面積（持ち家）,ｍ2,139.99,139.99
housing_stock,住宅ストック・空き家・持ち家,07000,福島県,pref,07,福島県,2023100000,2023年度,2023,00001|H213010,観測値|H213010_1住宅当たり延べ面積（持ち家）,ｍ2,139.24,139.24
housing_stock,住宅ストック・空き家・持ち家,08000,茨城県,pref,08,茨城県,1978100000,1978年度,1978,00001|H213010,観測値|H213010_1住宅当たり延べ面積（持ち家）,ｍ2,103.13,103.13
housing_stock,住宅ストック・空き家・持ち家,08000,茨城県,pref,08,茨城県,1983100000,1983年度,1983,00001|H213010,観測値|H213010_1住宅当たり延べ面積（持ち家）,ｍ2,110.65,110.65
housing_stock,住宅ストック・空き家・持ち家,08000,茨城県,pref,08,茨城県,1988100000,1988年度,1988,00001|H213010,観測値|H213010_1住宅当たり延べ面積（持ち家）,ｍ2,117.39,117.39
housing_stock,住宅ストック・空き家・持ち家,08000,茨城県,pref,08,茨城県,1993100000,1993年度,1993,00001|H213010,観測値|H213010_1住宅当たり延べ面積（持ち家）,ｍ2,123.61,123.61
housing_stock,住宅ストック・空き家・持ち家,08000,茨城県,pref,08,茨城県,1998100000,1998年度,1998,00001|H213010,観測値|H213010_1住宅当たり延べ面積（持ち家）,ｍ2,127.57,127.57
housing_stock,住宅ストック・空き家・持ち家,08000,茨城県,pref,08,茨城県,2003100000,2003年度,2003,00001|H213010,観測値|H213010_1住宅当たり延べ面積（持ち家）,ｍ2,130.75,130.75
housing_stock,住宅ストック・空き家・持ち家,08000,茨城県,pref,08,茨城県,2008100000,2008年度,2008,00001|H213010,観測値|H213010_1住宅当たり延べ面積（持ち家）,ｍ2,130.96,130.96
housing_stock,住宅ストック・空き家・持ち家,08000,茨城県,pref,08,茨城県,2013100000,2013年度,2013,00001|H213010,観測値|H213010_1住宅当たり延べ面積（持ち家）,ｍ2,131.13,131.13
housing_stock,住宅ストック・空き家・持ち家,08000,茨城県,pref,08,茨城県,2018100000,2018年度,2018,00001|H213010,観測値|H213010_1住宅当たり延べ面積（持ち家）,ｍ2,129.15,129.15
housing_stock,住宅ストック・空き家・持ち家,08000,茨城県,pref,08,茨城県,2023100000,2023年度,2023,00001|H213010,観測値|H213010_1住宅当たり延べ面積（持ち家）,ｍ2,126.93,126.93
housing_stock,住宅ストック・空き家・持ち家,09000,栃木県,pref,09,栃木県,1978100000,1978年度,1978,00001|H213010,観測値|H213010_1住宅当たり延べ面積（持ち家）,ｍ2,106.03,106.03
housing_stock,住宅ストック・空き家・持ち家,09000,栃木県,pref,09,栃木県,1983100000,1983年度,1983,00001|H213010,観測値|H213010_1住宅当たり延べ面積（持ち家）,ｍ2,114.13,114.13
housing_stock,住宅ストック・空き家・持ち家,09000,栃木県,pref,09,栃木県,1988100000,1988年度,1988,00001|H213010,観測値|H213010_1住宅当たり延べ面積（持ち家）,ｍ2,120.61,120.61
housing_stock,住宅ストック・空き家・持ち家,09000,栃木県,pref,09,栃木県,1993100000,1993年度,1993,00001|H213010,観測値|H213010_1住宅当たり延べ面積（持ち家）,ｍ2,127.6,127.60
housing_stock,住宅ストック・空き家・持ち家,09000,栃木県,pref,09,栃木県,1998100000,1998年度,1998,00001|H213010,観測値|H213010_1住宅当たり延べ面積（持ち家）,ｍ2,130.54,130.54
housing_stock,住宅ストック・空き家・持ち家,09000,栃木県,pref,09,栃木県,2003100000,2003年度,2003,00001|H213010,観測値|H213010_1住宅当たり延べ面積（持ち家）,ｍ2,134.79,134.79
housing_stock,住宅ストック・空き家・持ち家,09000,栃木県,pref,09,栃木県,2008100000,2008年度,2008,00001|H213010,観測値|H213010_1住宅当たり延べ面積（持ち家）,ｍ2,133.84,133.84
housing_stock,住宅ストック・空き家・持ち家,09000,栃木県,pref,09,栃木県,2013100000,2013年度,2013,00001|H213010,観測値|H213010_1住宅当たり延べ面積（持ち家）,ｍ2,134.24,134.24
housing_stock,住宅ストック・空き家・持ち家,09000,栃木県,pref,09,栃木県,2018100000,2018年度,2018,00001|H213010,観測値|H213010_1住宅当たり延べ面積（持ち家）,ｍ2,129.89,129.89
housing_stock,住宅ストック・空き家・持ち家,09000,栃木県,pref,09,栃木県,2023100000,2023年度,2023,00001|H213010,観測値|H213010_1住宅当たり延べ面積（持ち家）,ｍ2,128.68,128.68
housing_stock,住宅ストック・空き家・持ち家,10000,群馬県,pref,10,群馬県,1978100000,1978年度,1978,00001|H213010,観測値|H213010_1住宅当たり延べ面積（持ち家）,ｍ2,110.14,110.14
housing_stock,住宅ストック・空き家・持ち家,10000,群馬県,pref,10,群馬県,1983100000,1983年度,1983,00001|H213010,観測値|H213010_1住宅当たり延べ面積（持ち家）,ｍ2,114.82,114.82
housing_stock,住宅ストック・空き家・持ち家,10000,群馬県,pref,10,群馬県,1988100000,1988年度,1988,00001|H213010,観測値|H213010_1住宅当たり延べ面積（持ち家）,ｍ2,121.87,121.87
housing_stock,住宅ストック・空き家・持ち家,10000,群馬県,pref,10,群馬県,1993100000,1993年度,1993,00001|H213010,観測値|H213010_1住宅当たり延べ面積（持ち家）,ｍ2,126.69,126.69
housing_stock,住宅ストック・空き家・持ち家,10000,群馬県,pref,10,群馬県,1998100000,1998年度,1998,00001|H213010,観測値|H213010_1住宅当たり延べ面積（持ち家）,ｍ2,129.46,129.46
housing_stock,住宅ストック・空き家・持ち家,10000,群馬県,pref,10,群馬県,2003100000,2003年度,2003,00001|H213010,観測値|H213010_1住宅当たり延べ面積（持ち家）,ｍ2,132.22,132.22
housing_stock,住宅ストック・空き家・持ち家,10000,群馬県,pref,10,群馬県,2008100000,2008年度,2008,00001|H213010,観測値|H213010_1住宅当たり延べ面積（持ち家）,ｍ2,131.83,131.83
housing_stock,住宅ストック・空き家・持ち家,10000,群馬県,pref,10,群馬県,2013100000,2013年度,2013,00001|H213010,観測値|H213010_1住宅当たり延べ面積（持ち家）,ｍ2,133.08,133.08
housing_stock,住宅ストック・空き家・持ち家,10000,群馬県,pref,10,群馬県,2018100000,2018年度,2018,00001|H213010,観測値|H213010_1住宅当たり延べ面積（持ち家）,ｍ2,128.99,128.99
housing_stock,住宅ストック・空き家・持ち家,10000,群馬県,pref,10,群馬県,2023100000,2023年度,2023,00001|H213010,観測値|H213010_1住宅当たり延べ面積（持ち家）,ｍ2,128.68,128.68
housing_stock,住宅ストック・空き家・持ち家,11000,埼玉県,pref,11,埼玉県,1978100000,1978年度,1978,00001|H213010,観測値|H213010_1住宅当たり延べ面積（持ち家）,ｍ2,89.2,89.20
housing_stock,住宅ストック・空き家・持ち家,11000,埼玉県,pref,11,埼玉県,1983100000,1983年度,1983,00001|H213010,観測値|H213010_1住宅当たり延べ面積（持ち家）,ｍ2,94.98,94.98
housing_stock,住宅ストック・空き家・持ち家,11000,埼玉県,pref,11,埼玉県,1988100000,1988年度,1988,00001|H213010,観測値|H213010_1住宅当たり延べ面積（持ち家）,ｍ2,99.66,99.66
housing_stock,住宅ストック・空き家・持ち家,11000,埼玉県,pref,11,埼玉県,1993100000,1993年度,1993,00001|H213010,観測値|H213010_1住宅当たり延べ面積（持ち家）,ｍ2,104.19,104.19
housing_stock,住宅ストック・空き家・持ち家,11000,埼玉県,pref,11,埼玉県,1998100000,1998年度,1998,00001|H213010,観測値|H213010_1住宅当たり延べ面積（持ち家）,ｍ2,105.44,105.44
housing_stock,住宅ストック・空き家・持ち家,11000,埼玉県,pref,11,埼玉県,2003100000,2003年度,2003,00001|H213010,観測値|H213010_1住宅当たり延べ面積（持ち家）,ｍ2,106.92,106.92
housing_stock,住宅ストック・空き家・持ち家,11000,埼玉県,pref,11,埼玉県,2008100000,2008年度,2008,00001|H213010,観測値|H213010_1住宅当たり延べ面積（持ち家）,ｍ2,107.27,107.27
housing_stock,住宅ストック・空き家・持ち家,11000,埼玉県,pref,11,埼玉県,2013100000,2013年度,2013,00001|H213010,観測値|H213010_1住宅当たり延べ面積（持ち家）,ｍ2,106.96,106.96
housing_stock,住宅ストック・空き家・持ち家,11000,埼玉県,pref,11,埼玉県,2018100000,2018年度,2018,00001|H213010,観測値|H213010_1住宅当たり延べ面積（持ち家）,ｍ2,106.48,106.48
housing_stock,住宅ストック・空き家・持ち家,11000,埼玉県,pref,11,埼玉県,2023100000,2023年度,2023,00001|H213010,観測値|H213010_1住宅当たり延べ面積（持ち家）,ｍ2,106.43,106.43
housing_stock,住宅ストック・空き家・持ち家,12000,千葉県,pref,12,千葉県,1978100000,1978年度,1978,00001|H213010,観測値|H213010_1住宅当たり延べ面積（持ち家）,ｍ2,91.93,91.93
housing_stock,住宅ストック・空き家・持ち家,12000,千葉県,pref,12,千葉県,1983100000,1983年度,1983,00001|H213010,観測値|H213010_1住宅当たり延べ面積（持ち家）,ｍ2,97.47,97.47
housing_stock,住宅ストック・空き家・持ち家,12000,千葉県,pref,12,千葉県,1988100000,1988年度,1988,00001|H213010,観測値|H213010_1住宅当たり延べ面積（持ち家）,ｍ2,102.39,102.39
housing_stock,住宅ストック・空き家・持ち家,12000,千葉県,pref,12,千葉県,1993100000,1993年度,1993,00001|H213010,観測値|H213010_1住宅当たり延べ面積（持ち家）,ｍ2,108.24,108.24
housing_stock,住宅ストック・空き家・持ち家,12000,千葉県,pref,12,千葉県,1998100000,1998年度,1998,00001|H213010,観測値|H213010_1住宅当たり延べ面積（持ち家）,ｍ2,109.99,109.99
housing_stock,住宅ストック・空き家・持ち家,12000,千葉県,pref,12,千葉県,2003100000,2003年度,2003,00001|H213010,観測値|H213010_1住宅当たり延べ面積（持ち家）,ｍ2,110.94,110.94
housing_stock,住宅ストック・空き家・持ち家,12000,千葉県,pref,12,千葉県,2008100000,2008年度,2008,00001|H213010,観測値|H213010_1住宅当たり延べ面積（持ち家）,ｍ2,111.11,111.11
housing_stock,住宅ストック・空き家・持ち家,12000,千葉県,pref,12,千葉県,2013100000,2013年度,2013,00001|H213010,観測値|H213010_1住宅当たり延べ面積（持ち家）,ｍ2,110.29,110.29
housing_stock,住宅ストック・空き家・持ち家,12000,千葉県,pref,12,千葉県,2018100000,2018年度,2018,00001|H213010,観測値|H213010_1住宅当たり延べ面積（持ち家）,ｍ2,110.61,110.61
housing_stock,住宅ストック・空き家・持ち家,12000,千葉県,pref,12,千葉県,2023100000,2023年度,2023,00001|H213010,観測値|H213010_1住宅当たり延べ面積（持ち家）,ｍ2,109.03,109.03
housing_stock,住宅ストック・空き家・持ち家,13000,東京都,pref,13,東京都,1978100000,1978年度,1978,00001|H213010,観測値|H213010_1住宅当たり延べ面積（持ち家）,ｍ2,88.48,88.48
housing_stock,住宅ストック・空き家・持ち家,13000,東京都,pref,13,東京都,1983100000,1983年度,1983,00001|H213010,観測値|H213010_1住宅当たり延べ面積（持ち家）,ｍ2,89.9,89.90
housing_stock,住宅ストック・空き家・持ち家,13000,東京都,pref,13,東京都,1988100000,1988年度,1988,00001|H213010,観測値|H213010_1住宅当たり延べ面積（持ち家）,ｍ2,93.24,93.24
housing_stock,住宅ストック・空き家・持ち家,13000,東京都,pref,13,東京都,1993100000,1993年度,1993,00001|H213010,観測値|H213010_1住宅当たり延べ面積（持ち家）,ｍ2,96.81,96.81
housing_stock,住宅ストック・空き家・持ち家,13000,東京都,pref,13,東京都,1998100000,1998年度,1998,00001|H213010,観測値|H213010_1住宅当たり延べ面積（持ち家）,ｍ2,95.64,95.64
housing_stock,住宅ストック・空き家・持ち家,13000,東京都,pref,13,東京都,2003100000,2003年度,2003,00001|H213010,観測値|H213010_1住宅当たり延べ面積（持ち家）,ｍ2,93.34,93.34
housing_stock,住宅ストック・空き家・持ち家,13000,東京都,pref,13,東京都,2008100000,2008年度,2008,00001|H213010,観測値|H213010_1住宅当たり延べ面積（持ち家）,ｍ2,92.41,92.41
housing_stock,住宅ストック・空き家・持ち家,13000,東京都,pref,13,東京都,2013100000,2013年度,2013,00001|H213010,観測値|H213010_1住宅当たり延べ面積（持ち家）,ｍ2,90.68,90.68
housing_stock,住宅ストック・空き家・持ち家,13000,東京都,pref,13,東京都,2018100000,2018年度,2018,00001|H213010,観測値|H213010_1住宅当たり延べ面積（持ち家）,ｍ2,93.28,93.28
housing_stock,住宅ストック・空き家・持ち家,13000,東京都,pref,13,東京都,2023100000,2023年度,2023,00001|H213010,観測値|H213010_1住宅当たり延べ面積（持ち家）,ｍ2,90.52,90.52
housing_stock,住宅ストック・空き家・持ち家,14000,神奈川県,pref,14,神奈川県,1978100000,1978年度,1978,00001|H213010,観測値|H213010_1住宅当たり延べ面積（持ち家）,ｍ2,89.24,89.24
housing_stock,住宅ストック・空き家・持ち家,14000,神奈川県,pref,14,神奈川県,1983100000,1983年度,1983,00001|H213010,観測値|H213010_1住宅当たり延べ面積（持ち家）,ｍ2,93.47,93.47
housing_stock,住宅ストック・空き家・持ち家,14000,神奈川県,pref,14,神奈川県,1988100000,1988年度,1988,00001|H213010,観測値|H213010_1住宅当たり延べ面積（持ち家）,ｍ2,96.32,96.32
housing_stock,住宅ストック・空き家・持ち家,14000,神奈川県,pref,14,神奈川県,1993100000,1993年度,1993,00001|H213010,観測値|H213010_1住宅当たり延べ面積（持ち家）,ｍ2,99.34,99.34
housing_stock,住宅ストック・空き家・持ち家,14000,神奈川県,pref,14,神奈川県,1998100000,1998年度,1998,00001|H213010,観測値|H213010_1住宅当たり延べ面積（持ち家）,ｍ2,99.95,99.95
housing_stock,住宅ストック・空き家・持ち家,14000,神奈川県,pref,14,神奈川県,2003100000,2003年度,2003,00001|H213010,観測値|H213010_1住宅当たり延べ面積（持ち家）,ｍ2,100.02,100.02
housing_stock,住宅ストック・空き家・持ち家,14000,神奈川県,pref,14,神奈川県,2008100000,2008年度,2008,00001|H213010,観測値|H213010_1住宅当たり延べ面積（持ち家）,ｍ2,99.09,99.09
housing_stock,住宅ストック・空き家・持ち家,14000,神奈川県,pref,14,神奈川県,2013100000,2013年度,2013,00001|H213010,観測値|H213010_1住宅当たり延べ面積（持ち家）,ｍ2,98.6,98.60
housing_stock,住宅ストック・空き家・持ち家,14000,神奈川県,pref,14,神奈川県,2018100000,2018年度,2018,00001|H213010,観測値|H213010_1住宅当たり延べ面積（持ち家）,ｍ2,99.64,99.64
housing_stock,住宅ストック・空き家・持ち家,14000,神奈川県,pref,14,神奈川県,2023100000,2023年度,2023,00001|H213010,観測値|H213010_1住宅当たり延べ面積（持ち家）,ｍ2,97.87,97.87
housing_stock,住宅ストック・空き家・持ち家,15000,新潟県,pref,15,新潟県,1978100000,1978年度,1978,00001|H213010,観測値|H213010_1住宅当たり延べ面積（持ち家）,ｍ2,139.39,139.39
housing_stock,住宅ストック・空き家・持ち家,15000,新潟県,pref,15,新潟県,1983100000,1983年度,1983,00001|H213010,観測値|H213010_1住宅当たり延べ面積（持ち家）,ｍ2,147.93,147.93
housing_stock,住宅ストック・空き家・持ち家,15000,新潟県,pref,15,新潟県,1988100000,1988年度,1988,00001|H213010,観測値|H213010_1住宅当たり延べ面積（持ち家）,ｍ2,152.61,152.61
housing_stock,住宅ストック・空き家・持ち家,15000,新潟県,pref,15,新潟県,1993100000,1993年度,1993,00001|H213010,観測値|H213010_1住宅当たり延べ面積（持ち家）,ｍ2,159.54,159.54
housing_stock,住宅ストック・空き家・持ち家,15000,新潟県,pref,15,新潟県,1998100000,1998年度,1998,00001|H213010,観測値|H213010_1住宅当たり延べ面積（持ち家）,ｍ2,162.98,162.98
housing_stock,住宅ストック・空き家・持ち家,15000,新潟県,pref,15,新潟県,2003100000,2003年度,2003,00001|H213010,観測値|H213010_1住宅当たり延べ面積（持ち家）,ｍ2,164.11,164.11
housing_stock,住宅ストック・空き家・持ち家,15000,新潟県,pref,15,新潟県,2008100000,2008年度,2008,00001|H213010,観測値|H213010_1住宅当たり延べ面積（持ち家）,ｍ2,161.73,161.73
housing_stock,住宅ストック・空き家・持ち家,15000,新潟県,pref,15,新潟県,2013100000,2013年度,2013,00001|H213010,観測値|H213010_1住宅当たり延べ面積（持ち家）,ｍ2,161.5,161.50
housing_stock,住宅ストック・空き家・持ち家,15000,新潟県,pref,15,新潟県,2018100000,2018年度,2018,00001|H213010,観測値|H213010_1住宅当たり延べ面積（持ち家）,ｍ2,154.76,154.76
housing_stock,住宅ストック・空き家・持ち家,15000,新潟県,pref,15,新潟県,2023100000,2023年度,2023,00001|H213010,観測値|H213010_1住宅当たり延べ面積（持ち家）,ｍ2,155.71,155.71
housing_stock,住宅ストック・空き家・持ち家,16000,富山県,pref,16,富山県,1978100000,1978年度,1978,00001|H213010,観測値|H213010_1住宅当たり延べ面積（持ち家）,ｍ2,154.16,154.16
housing_stock,住宅ストック・空き家・持ち家,16000,富山県,pref,16,富山県,1983100000,1983年度,1983,00001|H213010,観測値|H213010_1住宅当たり延べ面積（持ち家）,ｍ2,164.3,164.30
housing_stock,住宅ストック・空き家・持ち家,16000,富山県,pref,16,富山県,1988100000,1988年度,1988,00001|H213010,観測値|H213010_1住宅当たり延べ面積（持ち家）,ｍ2,170.39,170.39
housing_stock,住宅ストック・空き家・持ち家,16000,富山県,pref,16,富山県,1993100000,1993年度,1993,00001|H213010,観測値|H213010_1住宅当たり延べ面積（持ち家）,ｍ2,179.89,179.89
housing_stock,住宅ストック・空き家・持ち家,16000,富山県,pref,16,富山県,1998100000,1998年度,1998,00001|H213010,観測値|H213010_1住宅当たり延べ面積（持ち家）,ｍ2,180.31,180.31
housing_stock,住宅ストック・空き家・持ち家,16000,富山県,pref,16,富山県,2003100000,2003年度,2003,00001|H213010,観測値|H213010_1住宅当たり延べ面積（持ち家）,ｍ2,182.31,182.31
housing_stock,住宅ストック・空き家・持ち家,16000,富山県,pref,16,富山県,2008100000,2008年度,2008,00001|H213010,観測値|H213010_1住宅当たり延べ面積（持ち家）,ｍ2,179.3,179.30
housing_stock,住宅ストック・空き家・持ち家,16000,富山県,pref,16,富山県,2013100000,2013年度,2013,00001|H213010,観測値|H213010_1住宅当たり延べ面積（持ち家）,ｍ2,177.03,177.03
housing_stock,住宅ストック・空き家・持ち家,16000,富山県,pref,16,富山県,2018100000,2018年度,2018,00001|H213010,観測値|H213010_1住宅当たり延べ面積（持ち家）,ｍ2,171.8,171.80
housing_stock,住宅ストック・空き家・持ち家,16000,富山県,pref,16,富山県,2023100000,2023年度,2023,00001|H213010,観測値|H213010_1住宅当たり延べ面積（持ち家）,ｍ2,167.48,167.48
housing_stock,住宅ストック・空き家・持ち家,17000,石川県,pref,17,石川県,1978100000,1978年度,1978,00001|H213010,観測値|H213010_1住宅当たり延べ面積（持ち家）,ｍ2,146.88,146.88
housing_stock,住宅ストック・空き家・持ち家,17000,石川県,pref,17,石川県,1983100000,1983年度,1983,00001|H213010,観測値|H213010_1住宅当たり延べ面積（持ち家）,ｍ2,152.19,152.19
housing_stock,住宅ストック・空き家・持ち家,17000,石川県,pref,17,石川県,1988100000,1988年度,1988,00001|H213010,観測値|H213010_1住宅当たり延べ面積（持ち家）,ｍ2,161.05,161.05
housing_stock,住宅ストック・空き家・持ち家,17000,石川県,pref,17,石川県,1993100000,1993年度,1993,00001|H213010,観測値|H213010_1住宅当たり延べ面積（持ち家）,ｍ2,164.25,164.25
housing_stock,住宅ストック・空き家・持ち家,17000,石川県,pref,17,石川県,1998100000,1998年度,1998,00001|H213010,観測値|H213010_1住宅当たり延べ面積（持ち家）,ｍ2,166.11,166.11
housing_stock,住宅ストック・空き家・持ち家,17000,石川県,pref,17,石川県,2003100000,2003年度,2003,00001|H213010,観測値|H213010_1住宅当たり延べ面積（持ち家）,ｍ2,165.82,165.82
housing_stock,住宅ストック・空き家・持ち家,17000,石川県,pref,17,石川県,2008100000,2008年度,2008,00001|H213010,観測値|H213010_1住宅当たり延べ面積（持ち家）,ｍ2,163.42,163.42
housing_stock,住宅ストック・空き家・持ち家,17000,石川県,pref,17,石川県,2013100000,2013年度,2013,00001|H213010,観測値|H213010_1住宅当たり延べ面積（持ち家）,ｍ2,162.51,162.51
housing_stock,住宅ストック・空き家・持ち家,17000,石川県,pref,17,石川県,2018100000,2018年度,2018,00001|H213010,観測値|H213010_1住宅当たり延べ面積（持ち家）,ｍ2,158.23,158.23
housing_stock,住宅ストック・空き家・持ち家,17000,石川県,pref,17,石川県,2023100000,2023年度,2023,00001|H213010,観測値|H213010_1住宅当たり延べ面積（持ち家）,ｍ2,151.76,151.76
housing_stock,住宅ストック・空き家・持ち家,18000,福井県,pref,18,福井県,1978100000,1978年度,1978,00001|H213010,観測値|H213010_1住宅当たり延べ面積（持ち家）,ｍ2,143.61,143.61
housing_stock,住宅ストック・空き家・持ち家,18000,福井県,pref,18,福井県,1983100000,1983年度,1983,00001|H213010,観測値|H213010_1住宅当たり延べ面積（持ち家）,ｍ2,151.59,151.59
housing_stock,住宅ストック・空き家・持ち家,18000,福井県,pref,18,福井県,1988100000,1988年度,1988,00001|H213010,観測値|H213010_1住宅当たり延べ面積（持ち家）,ｍ2,162.16,162.16
housing_stock,住宅ストック・空き家・持ち家,18000,福井県,pref,18,福井県,1993100000,1993年度,1993,00001|H213010,観測値|H213010_1住宅当たり延べ面積（持ち家）,ｍ2,170.45,170.45
housing_stock,住宅ストック・空き家・持ち家,18000,福井県,pref,18,福井県,1998100000,1998年度,1998,00001|H213010,観測値|H213010_1住宅当たり延べ面積（持ち家）,ｍ2,169.25,169.25
housing_stock,住宅ストック・空き家・持ち家,18000,福井県,pref,18,福井県,2003100000,2003年度,2003,00001|H213010,観測値|H213010_1住宅当たり延べ面積（持ち家）,ｍ2,173.71,173.71
housing_stock,住宅ストック・空き家・持ち家,18000,福井県,pref,18,福井県,2008100000,2008年度,2008,00001|H213010,観測値|H213010_1住宅当たり延べ面積（持ち家）,ｍ2,172.61,172.61
housing_stock,住宅ストック・空き家・持ち家,18000,福井県,pref,18,福井県,2013100000,2013年度,2013,00001|H213010,観測値|H213010_1住宅当たり延べ面積（持ち家）,ｍ2,173.29,173.29
housing_stock,住宅ストック・空き家・持ち家,18000,福井県,pref,18,福井県,2018100000,2018年度,2018,00001|H213010,観測値|H213010_1住宅当たり延べ面積（持ち家）,ｍ2,164.69,164.69
housing_stock,住宅ストック・空き家・持ち家,18000,福井県,pref,18,福井県,2023100000,2023年度,2023,00001|H213010,観測値|H213010_1住宅当たり延べ面積（持ち家）,ｍ2,163.49,163.49
housing_stock,住宅ストック・空き家・持ち家,19000,山梨県,pref,19,山梨県,1978100000,1978年度,1978,00001|H213010,観測値|H213010_1住宅当たり延べ面積（持ち家）,ｍ2,118.51,118.51
housing_stock,住宅ストック・空き家・持ち家,19000,山梨県,pref,19,山梨県,1983100000,1983年度,1983,00001|H213010,観測値|H213010_1住宅当たり延べ面積（持ち家）,ｍ2,127.28,127.28
housing_stock,住宅ストック・空き家・持ち家,19000,山梨県,pref,19,山梨県,1988100000,1988年度,1988,00001|H213010,観測値|H213010_1住宅当たり延べ面積（持ち家）,ｍ2,131.74,131.74
housing_stock,住宅ストック・空き家・持ち家,19000,山梨県,pref,19,山梨県,1993100000,1993年度,1993,00001|H213010,観測値|H213010_1住宅当たり延べ面積（持ち家）,ｍ2,137.63,137.63
housing_stock,住宅ストック・空き家・持ち家,19000,山梨県,pref,19,山梨県,1998100000,1998年度,1998,00001|H213010,観測値|H213010_1住宅当たり延べ面積（持ち家）,ｍ2,138.23,138.23
housing_stock,住宅ストック・空き家・持ち家,19000,山梨県,pref,19,山梨県,2003100000,2003年度,2003,00001|H213010,観測値|H213010_1住宅当たり延べ面積（持ち家）,ｍ2,140.79,140.79
housing_stock,住宅ストック・空き家・持ち家,19000,山梨県,pref,19,山梨県,2008100000,2008年度,2008,00001|H213010,観測値|H213010_1住宅当たり延べ面積（持ち家）,ｍ2,141.07,141.07
housing_stock,住宅ストック・空き家・持ち家,19000,山梨県,pref,19,山梨県,2013100000,2013年度,2013,00001|H213010,観測値|H213010_1住宅当たり延べ面積（持ち家）,ｍ2,138.86,138.86
housing_stock,住宅ストック・空き家・持ち家,19000,山梨県,pref,19,山梨県,2018100000,2018年度,2018,00001|H213010,観測値|H213010_1住宅当たり延べ面積（持ち家）,ｍ2,136.0,136.00
housing_stock,住宅ストック・空き家・持ち家,19000,山梨県,pref,19,山梨県,2023100000,2023年度,2023,00001|H213010,観測値|H213010_1住宅当たり延べ面積（持ち家）,ｍ2,132.56,132.56
housing_stock,住宅ストック・空き家・持ち家,20000,長野県,pref,20,長野県,1978100000,1978年度,1978,00001|H213010,観測値|H213010_1住宅当たり延べ面積（持ち家）,ｍ2,133.91,133.91
housing_stock,住宅ストック・空き家・持ち家,20000,長野県,pref,20,長野県,1983100000,1983年度,1983,00001|H213010,観測値|H213010_1住宅当たり延べ面積（持ち家）,ｍ2,138.83,138.83
housing_stock,住宅ストック・空き家・持ち家,20000,長野県,pref,20,長野県,1988100000,1988年度,1988,00001|H213010,観測値|H213010_1住宅当たり延べ面積（持ち家）,ｍ2,145.51,145.51
housing_stock,住宅ストック・空き家・持ち家,20000,長野県,pref,20,長野県,1993100000,1993年度,1993,00001|H213010,観測値|H213010_1住宅当たり延べ面積（持ち家）,ｍ2,152.87,152.87
housing_stock,住宅ストック・空き家・持ち家,20000,長野県,pref,20,長野県,1998100000,1998年度,1998,00001|H213010,観測値|H213010_1住宅当たり延べ面積（持ち家）,ｍ2,154.89,154.89
housing_stock,住宅ストック・空き家・持ち家,20000,長野県,pref,20,長野県,2003100000,2003年度,2003,00001|H213010,観測値|H213010_1住宅当たり延べ面積（持ち家）,ｍ2,157.19,157.19
housing_stock,住宅ストック・空き家・持ち家,20000,長野県,pref,20,長野県,2008100000,2008年度,2008,00001|H213010,観測値|H213010_1住宅当たり延べ面積（持ち家）,ｍ2,154.56,154.56
housing_stock,住宅ストック・空き家・持ち家,20000,長野県,pref,20,長野県,2013100000,2013年度,2013,00001|H213010,観測値|H213010_1住宅当たり延べ面積（持ち家）,ｍ2,154.37,154.37
housing_stock,住宅ストック・空き家・持ち家,20000,長野県,pref,20,長野県,2018100000,2018年度,2018,00001|H213010,観測値|H213010_1住宅当たり延べ面積（持ち家）,ｍ2,148.26,148.26
housing_stock,住宅ストック・空き家・持ち家,20000,長野県,pref,20,長野県,2023100000,2023年度,2023,00001|H213010,観測値|H213010_1住宅当たり延べ面積（持ち家）,ｍ2,144.14,144.14
housing_stock,住宅ストック・空き家・持ち家,21000,岐阜県,pref,21,岐阜県,1978100000,1978年度,1978,00001|H213010,観測値|H213010_1住宅当たり延べ面積（持ち家）,ｍ2,128.98,128.98
housing_stock,住宅ストック・空き家・持ち家,21000,岐阜県,pref,21,岐阜県,1983100000,1983年度,1983,00001|H213010,観測値|H213010_1住宅当たり延べ面積（持ち家）,ｍ2,134.29,134.29
housing_stock,住宅ストック・空き家・持ち家,21000,岐阜県,pref,21,岐阜県,1988100000,1988年度,1988,00001|H213010,観測値|H213010_1住宅当たり延べ面積（持ち家）,ｍ2,139.96,139.96
housing_stock,住宅ストック・空き家・持ち家,21000,岐阜県,pref,21,岐阜県,1993100000,1993年度,1993,00001|H213010,観測値|H213010_1住宅当たり延べ面積（持ち家）,ｍ2,144.36,144.36
housing_stock,住宅ストック・空き家・持ち家,21000,岐阜県,pref,21,岐阜県,1998100000,1998年度,1998,00001|H213010,観測値|H213010_1住宅当たり延べ面積（持ち家）,ｍ2,146.52,146.52
housing_stock,住宅ストック・空き家・持ち家,21000,岐阜県,pref,21,岐阜県,2003100000,2003年度,2003,00001|H213010,観測値|H213010_1住宅当たり延べ面積（持ち家）,ｍ2,151.23,151.23
housing_stock,住宅ストック・空き家・持ち家,21000,岐阜県,pref,21,岐阜県,2008100000,2008年度,2008,00001|H213010,観測値|H213010_1住宅当たり延べ面積（持ち家）,ｍ2,149.38,149.38
housing_stock,住宅ストック・空き家・持ち家,21000,岐阜県,pref,21,岐阜県,2013100000,2013年度,2013,00001|H213010,観測値|H213010_1住宅当たり延べ面積（持ち家）,ｍ2,148.23,148.23
housing_stock,住宅ストック・空き家・持ち家,21000,岐阜県,pref,21,岐阜県,2018100000,2018年度,2018,00001|H213010,観測値|H213010_1住宅当たり延べ面積（持ち家）,ｍ2,143.79,143.79
housing_stock,住宅ストック・空き家・持ち家,21000,岐阜県,pref,21,岐阜県,2023100000,2023年度,2023,00001|H213010,観測値|H213010_1住宅当たり延べ面積（持ち家）,ｍ2,141.88,141.88
housing_stock,住宅ストック・空き家・持ち家,22000,静岡県,pref,22,静岡県,1978100000,1978年度,1978,00001|H213010,観測値|H213010_1住宅当たり延べ面積（持ち家）,ｍ2,105.85,105.85
housing_stock,住宅ストック・空き家・持ち家,22000,静岡県,pref,22,静岡県,1983100000,1983年度,1983,00001|H213010,観測値|H213010_1住宅当たり延べ面積（持ち家）,ｍ2,112.07,112.07
housing_stock,住宅ストック・空き家・持ち家,22000,静岡県,pref,22,静岡県,1988100000,1988年度,1988,00001|H213010,観測値|H213010_1住宅当たり延べ面積（持ち家）,ｍ2,119.19,119.19
housing_stock,住宅ストック・空き家・持ち家,22000,静岡県,pref,22,静岡県,1993100000,1993年度,1993,00001|H213010,観測値|H213010_1住宅当たり延べ面積（持ち家）,ｍ2,126.24,126.24
housing_stock,住宅ストック・空き家・持ち家,22000,静岡県,pref,22,静岡県,1998100000,1998年度,1998,00001|H213010,観測値|H213010_1住宅当たり延べ面積（持ち家）,ｍ2,128.91,128.91
housing_stock,住宅ストック・空き家・持ち家,22000,静岡県,pref,22,静岡県,2003100000,2003年度,2003,00001|H213010,観測値|H213010_1住宅当たり延べ面積（持ち家）,ｍ2,132.7,132.70
housing_stock,住宅ストック・空き家・持ち家,22000,静岡県,pref,22,静岡県,2008100000,2008年度,2008,00001|H213010,観測値|H213010_1住宅当たり延べ面積（持ち家）,ｍ2,130.72,130.72
housing_stock,住宅ストック・空き家・持ち家,22000,静岡県,pref,22,静岡県,2013100000,2013年度,2013,00001|H213010,観測値|H213010_1住宅当たり延べ面積（持ち家）,ｍ2,131.66,131.66
housing_stock,住宅ストック・空き家・持ち家,22000,静岡県,pref,22,静岡県,2018100000,2018年度,2018,00001|H213010,観測値|H213010_1住宅当たり延べ面積（持ち家）,ｍ2,127.78,127.78
housing_stock,住宅ストック・空き家・持ち家,22000,静岡県,pref,22,静岡県,2023100000,2023年度,2023,00001|H213010,観測値|H213010_1住宅当たり延べ面積（持ち家）,ｍ2,127.45,127.45
housing_stock,住宅ストック・空き家・持ち家,23000,愛知県,pref,23,愛知県,1978100000,1978年度,1978,00001|H213010,観測値|H213010_1住宅当たり延べ面積（持ち家）,ｍ2,110.67,110.67
housing_stock,住宅ストック・空き家・持ち家,23000,愛知県,pref,23,愛知県,1983100000,1983年度,1983,00001|H213010,観測値|H213010_1住宅当たり延べ面積（持ち家）,ｍ2,117.03,117.03
housing_stock,住宅ストック・空き家・持ち家,23000,愛知県,pref,23,愛知県,1988100000,1988年度,1988,00001|H213010,観測値|H213010_1住宅当たり延べ面積（持ち家）,ｍ2,122.75,122.75
housing_stock,住宅ストック・空き家・持ち家,23000,愛知県,pref,23,愛知県,1993100000,1993年度,1993,00001|H213010,観測値|H213010_1住宅当たり延べ面積（持ち家）,ｍ2,127.37,127.37
housing_stock,住宅ストック・空き家・持ち家,23000,愛知県,pref,23,愛知県,1998100000,1998年度,1998,00001|H213010,観測値|H213010_1住宅当たり延べ面積（持ち家）,ｍ2,127.84,127.84
housing_stock,住宅ストック・空き家・持ち家,23000,愛知県,pref,23,愛知県,2003100000,2003年度,2003,00001|H213010,観測値|H213010_1住宅当たり延べ面積（持ち家）,ｍ2,129.56,129.56
housing_stock,住宅ストック・空き家・持ち家,23000,愛知県,pref,23,愛知県,2008100000,2008年度,2008,00001|H213010,観測値|H213010_1住宅当たり延べ面積（持ち家）,ｍ2,128.06,128.06
housing_stock,住宅ストック・空き家・持ち家,23000,愛知県,pref,23,愛知県,2013100000,2013年度,2013,00001|H213010,観測値|H213010_1住宅当たり延べ面積（持ち家）,ｍ2,127.94,127.94
housing_stock,住宅ストック・空き家・持ち家,23000,愛知県,pref,23,愛知県,2018100000,2018年度,2018,00001|H213010,観測値|H213010_1住宅当たり延べ面積（持ち家）,ｍ2,125.33,125.33
housing_stock,住宅ストック・空き家・持ち家,23000,愛知県,pref,23,愛知県,2023100000,2023年度,2023,00001|H213010,観測値|H213010_1住宅当たり延べ面積（持ち家）,ｍ2,123.67,123.67
housing_stock,住宅ストック・空き家・持ち家,24000,三重県,pref,24,三重県,1978100000,1978年度,1978,00001|H213010,観測値|H213010_1住宅当たり延べ面積（持ち家）,ｍ2,108.28,108.28
housing_stock,住宅ストック・空き家・持ち家,24000,三重県,pref,24,三重県,1983100000,1983年度,1983,00001|H213010,観測値|H213010_1住宅当たり延べ面積（持ち家）,ｍ2,115.32,115.32
housing_stock,住宅ストック・空き家・持ち家,24000,三重県,pref,24,三重県,1988100000,1988年度,1988,00001|H213010,観測値|H213010_1住宅当たり延べ面積（持ち家）,ｍ2,122.36,122.36
housing_stock,住宅ストック・空き家・持ち家,24000,三重県,pref,24,三重県,1993100000,1993年度,1993,00001|H213010,観測値|H213010_1住宅当たり延べ面積（持ち家）,ｍ2,130.53,130.53
housing_stock,住宅ストック・空き家・持ち家,24000,三重県,pref,24,三重県,1998100000,1998年度,1998,00001|H213010,観測値|H213010_1住宅当たり延べ面積（持ち家）,ｍ2,132.94,132.94
housing_stock,住宅ストック・空き家・持ち家,24000,三重県,pref,24,三重県,2003100000,2003年度,2003,00001|H213010,観測値|H213010_1住宅当たり延べ面積（持ち家）,ｍ2,135.91,135.91
housing_stock,住宅ストック・空き家・持ち家,24000,三重県,pref,24,三重県,2008100000,2008年度,2008,00001|H213010,観測値|H213010_1住宅当たり延べ面積（持ち家）,ｍ2,136.84,136.84
housing_stock,住宅ストック・空き家・持ち家,24000,三重県,pref,24,三重県,2013100000,2013年度,2013,00001|H213010,観測値|H213010_1住宅当たり延べ面積（持ち家）,ｍ2,136.36,136.36
housing_stock,住宅ストック・空き家・持ち家,24000,三重県,pref,24,三重県,2018100000,2018年度,2018,00001|H213010,観測値|H213010_1住宅当たり延べ面積（持ち家）,ｍ2,131.89,131.89
housing_stock,住宅ストック・空き家・持ち家,24000,三重県,pref,24,三重県,2023100000,2023年度,2023,00001|H213010,観測値|H213010_1住宅当たり延べ面積（持ち家）,ｍ2,131.1,131.10
housing_stock,住宅ストック・空き家・持ち家,25000,滋賀県,pref,25,滋賀県,1978100000,1978年度,1978,00001|H213010,観測値|H213010_1住宅当たり延べ面積（持ち家）,ｍ2,122.36,122.36
housing_stock,住宅ストック・空き家・持ち家,25000,滋賀県,pref,25,滋賀県,1983100000,1983年度,1983,00001|H213010,観測値|H213010_1住宅当たり延べ面積（持ち家）,ｍ2,130.43,130.43
housing_stock,住宅ストック・空き家・持ち家,25000,滋賀県,pref,25,滋賀県,1988100000,1988年度,1988,00001|H213010,観測値|H213010_1住宅当たり延べ面積（持ち家）,ｍ2,140.3,140.30
housing_stock,住宅ストック・空き家・持ち家,25000,滋賀県,pref,25,滋賀県,1993100000,1993年度,1993,00001|H213010,観測値|H213010_1住宅当たり延べ面積（持ち家）,ｍ2,146.53,146.53
housing_stock,住宅ストック・空き家・持ち家,25000,滋賀県,pref,25,滋賀県,1998100000,1998年度,1998,00001|H213010,観測値|H213010_1住宅当たり延べ面積（持ち家）,ｍ2,144.72,144.72
housing_stock,住宅ストック・空き家・持ち家,25000,滋賀県,pref,25,滋賀県,2003100000,2003年度,2003,00001|H213010,観測値|H213010_1住宅当たり延べ面積（持ち家）,ｍ2,146.25,146.25
housing_stock,住宅ストック・空き家・持ち家,25000,滋賀県,pref,25,滋賀県,2008100000,2008年度,2008,00001|H213010,観測値|H213010_1住宅当たり延べ面積（持ち家）,ｍ2,144.11,144.11
housing_stock,住宅ストック・空き家・持ち家,25000,滋賀県,pref,25,滋賀県,2013100000,2013年度,2013,00001|H213010,観測値|H213010_1住宅当たり延べ面積（持ち家）,ｍ2,147.43,147.43
housing_stock,住宅ストック・空き家・持ち家,25000,滋賀県,pref,25,滋賀県,2018100000,2018年度,2018,00001|H213010,観測値|H213010_1住宅当たり延べ面積（持ち家）,ｍ2,139.52,139.52
housing_stock,住宅ストック・空き家・持ち家,25000,滋賀県,pref,25,滋賀県,2023100000,2023年度,2023,00001|H213010,観測値|H213010_1住宅当たり延べ面積（持ち家）,ｍ2,137.2,137.20
housing_stock,住宅ストック・空き家・持ち家,26000,京都府,pref,26,京都府,1978100000,1978年度,1978,00001|H213010,観測値|H213010_1住宅当たり延べ面積（持ち家）,ｍ2,101.37,101.37
housing_stock,住宅ストック・空き家・持ち家,26000,京都府,pref,26,京都府,1983100000,1983年度,1983,00001|H213010,観測値|H213010_1住宅当たり延べ面積（持ち家）,ｍ2,106.03,106.03
housing_stock,住宅ストック・空き家・持ち家,26000,京都府,pref,26,京都府,1988100000,1988年度,1988,00001|H213010,観測値|H213010_1住宅当たり延べ面積（持ち家）,ｍ2,109.6,109.60
housing_stock,住宅ストック・空き家・持ち家,26000,京都府,pref,26,京都府,1993100000,1993年度,1993,00001|H213010,観測値|H213010_1住宅当たり延べ面積（持ち家）,ｍ2,115.68,115.68
housing_stock,住宅ストック・空き家・持ち家,26000,京都府,pref,26,京都府,1998100000,1998年度,1998,00001|H213010,観測値|H213010_1住宅当たり延べ面積（持ち家）,ｍ2,111.68,111.68
housing_stock,住宅ストック・空き家・持ち家,26000,京都府,pref,26,京都府,2003100000,2003年度,2003,00001|H213010,観測値|H213010_1住宅当たり延べ面積（持ち家）,ｍ2,114.4,114.40
housing_stock,住宅ストック・空き家・持ち家,26000,京都府,pref,26,京都府,2008100000,2008年度,2008,00001|H213010,観測値|H213010_1住宅当たり延べ面積（持ち家）,ｍ2,111.82,111.82
housing_stock,住宅ストック・空き家・持ち家,26000,京都府,pref,26,京都府,2013100000,2013年度,2013,00001|H213010,観測値|H213010_1住宅当たり延べ面積（持ち家）,ｍ2,114.3,114.30
housing_stock,住宅ストック・空き家・持ち家,26000,京都府,pref,26,京都府,2018100000,2018年度,2018,00001|H213010,観測値|H213010_1住宅当たり延べ面積（持ち家）,ｍ2,111.11,111.11
housing_stock,住宅ストック・空き家・持ち家,26000,京都府,pref,26,京都府,2023100000,2023年度,2023,00001|H213010,観測値|H213010_1住宅当たり延べ面積（持ち家）,ｍ2,110.54,110.54
housing_stock,住宅ストック・空き家・持ち家,27000,大阪府,pref,27,大阪府,1978100000,1978年度,1978,00001|H213010,観測値|H213010_1住宅当たり延べ面積（持ち家）,ｍ2,90.14,90.14
housing_stock,住宅ストック・空き家・持ち家,27000,大阪府,pref,27,大阪府,1983100000,1983年度,1983,00001|H213010,観測値|H213010_1住宅当たり延べ面積（持ち家）,ｍ2,94.32,94.32
housing_stock,住宅ストック・空き家・持ち家,27000,大阪府,pref,27,大阪府,1988100000,1988年度,1988,00001|H213010,観測値|H213010_1住宅当たり延べ面積（持ち家）,ｍ2,96.77,96.77
housing_stock,住宅ストック・空き家・持ち家,27000,大阪府,pref,27,大阪府,1993100000,1993年度,1993,00001|H213010,観測値|H213010_1住宅当たり延べ面積（持ち家）,ｍ2,102.14,102.14
housing_stock,住宅ストック・空き家・持ち家,27000,大阪府,pref,27,大阪府,1998100000,1998年度,1998,00001|H213010,観測値|H213010_1住宅当たり延べ面積（持ち家）,ｍ2,101.17,101.17
housing_stock,住宅ストック・空き家・持ち家,27000,大阪府,pref,27,大阪府,2003100000,2003年度,2003,00001|H213010,観測値|H213010_1住宅当たり延べ面積（持ち家）,ｍ2,102.5,102.50
housing_stock,住宅ストック・空き家・持ち家,27000,大阪府,pref,27,大阪府,2008100000,2008年度,2008,00001|H213010,観測値|H213010_1住宅当たり延べ面積（持ち家）,ｍ2,100.98,100.98
housing_stock,住宅ストック・空き家・持ち家,27000,大阪府,pref,27,大阪府,2013100000,2013年度,2013,00001|H213010,観測値|H213010_1住宅当たり延べ面積（持ち家）,ｍ2,101.58,101.58
housing_stock,住宅ストック・空き家・持ち家,27000,大阪府,pref,27,大阪府,2018100000,2018年度,2018,00001|H213010,観測値|H213010_1住宅当たり延べ面積（持ち家）,ｍ2,101.84,101.84
housing_stock,住宅ストック・空き家・持ち家,27000,大阪府,pref,27,大阪府,2023100000,2023年度,2023,00001|H213010,観測値|H213010_1住宅当たり延べ面積（持ち家）,ｍ2,99.88,99.88
housing_stock,住宅ストック・空き家・持ち家,28000,兵庫県,pref,28,兵庫県,1978100000,1978年度,1978,00001|H213010,観測値|H213010_1住宅当たり延べ面積（持ち家）,ｍ2,106.66,106.66
housing_stock,住宅ストック・空き家・持ち家,28000,兵庫県,pref,28,兵庫県,1983100000,1983年度,1983,00001|H213010,観測値|H213010_1住宅当たり延べ面積（持ち家）,ｍ2,111.36,111.36
housing_stock,住宅ストック・空き家・持ち家,28000,兵庫県,pref,28,兵庫県,1988100000,1988年度,1988,00001|H213010,観測値|H213010_1住宅当たり延べ面積（持ち家）,ｍ2,114.31,114.31
housing_stock,住宅ストック・空き家・持ち家,28000,兵庫県,pref,28,兵庫県,1993100000,1993年度,1993,00001|H213010,観測値|H213010_1住宅当たり延べ面積（持ち家）,ｍ2,119.98,119.98
housing_stock,住宅ストック・空き家・持ち家,28000,兵庫県,pref,28,兵庫県,1998100000,1998年度,1998,00001|H213010,観測値|H213010_1住宅当たり延べ面積（持ち家）,ｍ2,118.56,118.56
housing_stock,住宅ストック・空き家・持ち家,28000,兵庫県,pref,28,兵庫県,2003100000,2003年度,2003,00001|H213010,観測値|H213010_1住宅当たり延べ面積（持ち家）,ｍ2,120.07,120.07
housing_stock,住宅ストック・空き家・持ち家,28000,兵庫県,pref,28,兵庫県,2008100000,2008年度,2008,00001|H213010,観測値|H213010_1住宅当たり延べ面積（持ち家）,ｍ2,118.45,118.45
housing_stock,住宅ストック・空き家・持ち家,28000,兵庫県,pref,28,兵庫県,2013100000,2013年度,2013,00001|H213010,観測値|H213010_1住宅当たり延べ面積（持ち家）,ｍ2,118.56,118.56
housing_stock,住宅ストック・空き家・持ち家,28000,兵庫県,pref,28,兵庫県,2018100000,2018年度,2018,00001|H213010,観測値|H213010_1住宅当たり延べ面積（持ち家）,ｍ2,115.89,115.89
housing_stock,住宅ストック・空き家・持ち家,28000,兵庫県,pref,28,兵庫県,2023100000,2023年度,2023,00001|H213010,観測値|H213010_1住宅当たり延べ面積（持ち家）,ｍ2,114.24,114.24
housing_stock,住宅ストック・空き家・持ち家,29000,奈良県,pref,29,奈良県,1978100000,1978年度,1978,00001|H213010,観測値|H213010_1住宅当たり延べ面積（持ち家）,ｍ2,117.38,117.38
housing_stock,住宅ストック・空き家・持ち家,29000,奈良県,pref,29,奈良県,1983100000,1983年度,1983,00001|H213010,観測値|H213010_1住宅当たり延べ面積（持ち家）,ｍ2,122.64,122.64
housing_stock,住宅ストック・空き家・持ち家,29000,奈良県,pref,29,奈良県,1988100000,1988年度,1988,00001|H213010,観測値|H213010_1住宅当たり延べ面積（持ち家）,ｍ2,128.8,128.80
housing_stock,住宅ストック・空き家・持ち家,29000,奈良県,pref,29,奈良県,1993100000,1993年度,1993,00001|H213010,観測値|H213010_1住宅当たり延べ面積（持ち家）,ｍ2,134.74,134.74
housing_stock,住宅ストック・空き家・持ち家,29000,奈良県,pref,29,奈良県,1998100000,1998年度,1998,00001|H213010,観測値|H213010_1住宅当たり延べ面積（持ち家）,ｍ2,129.15,129.15
housing_stock,住宅ストック・空き家・持ち家,29000,奈良県,pref,29,奈良県,2003100000,2003年度,2003,00001|H213010,観測値|H213010_1住宅当たり延べ面積（持ち家）,ｍ2,131.89,131.89
housing_stock,住宅ストック・空き家・持ち家,29000,奈良県,pref,29,奈良県,2008100000,2008年度,2008,00001|H213010,観測値|H213010_1住宅当たり延べ面積（持ち家）,ｍ2,130.89,130.89
housing_stock,住宅ストック・空き家・持ち家,29000,奈良県,pref,29,奈良県,2013100000,2013年度,2013,00001|H213010,観測値|H213010_1住宅当たり延べ面積（持ち家）,ｍ2,132.03,132.03
housing_stock,住宅ストック・空き家・持ち家,29000,奈良県,pref,29,奈良県,2018100000,2018年度,2018,00001|H213010,観測値|H213010_1住宅当たり延べ面積（持ち家）,ｍ2,128.73,128.73
housing_stock,住宅ストック・空き家・持ち家,29000,奈良県,pref,29,奈良県,2023100000,2023年度,2023,00001|H213010,観測値|H213010_1住宅当たり延べ面積（持ち家）,ｍ2,127.77,127.77
housing_stock,住宅ストック・空き家・持ち家,30000,和歌山県,pref,30,和歌山県,1978100000,1978年度,1978,00001|H213010,観測値|H213010_1住宅当たり延べ面積（持ち家）,ｍ2,101.35,101.35
housing_stock,住宅ストック・空き家・持ち家,30000,和歌山県,pref,30,和歌山県,1983100000,1983年度,1983,00001|H213010,観測値|H213010_1住宅当たり延べ面積（持ち家）,ｍ2,109.94,109.94
housing_stock,住宅ストック・空き家・持ち家,30000,和歌山県,pref,30,和歌山県,1988100000,1988年度,1988,00001|H213010,観測値|H213010_1住宅当たり延べ面積（持ち家）,ｍ2,118.51,118.51
housing_stock,住宅ストック・空き家・持ち家,30000,和歌山県,pref,30,和歌山県,1993100000,1993年度,1993,00001|H213010,観測値|H213010_1住宅当たり延べ面積（持ち家）,ｍ2,122.61,122.61
housing_stock,住宅ストック・空き家・持ち家,30000,和歌山県,pref,30,和歌山県,1998100000,1998年度,1998,00001|H213010,観測値|H213010_1住宅当たり延べ面積（持ち家）,ｍ2,121.44,121.44
housing_stock,住宅ストック・空き家・持ち家,30000,和歌山県,pref,30,和歌山県,2003100000,2003年度,2003,00001|H213010,観測値|H213010_1住宅当たり延べ面積（持ち家）,ｍ2,127.1,127.10
housing_stock,住宅ストック・空き家・持ち家,30000,和歌山県,pref,30,和歌山県,2008100000,2008年度,2008,00001|H213010,観測値|H213010_1住宅当たり延べ面積（持ち家）,ｍ2,126.38,126.38
housing_stock,住宅ストック・空き家・持ち家,30000,和歌山県,pref,30,和歌山県,2013100000,2013年度,2013,00001|H213010,観測値|H213010_1住宅当たり延べ面積（持ち家）,ｍ2,128.78,128.78
housing_stock,住宅ストック・空き家・持ち家,30000,和歌山県,pref,30,和歌山県,2018100000,2018年度,2018,00001|H213010,観測値|H213010_1住宅当たり延べ面積（持ち家）,ｍ2,124.39,124.39
housing_stock,住宅ストック・空き家・持ち家,30000,和歌山県,pref,30,和歌山県,2023100000,2023年度,2023,00001|H213010,観測値|H213010_1住宅当たり延べ面積（持ち家）,ｍ2,123.79,123.79
housing_stock,住宅ストック・空き家・持ち家,31000,鳥取県,pref,31,鳥取県,1978100000,1978年度,1978,00001|H213010,観測値|H213010_1住宅当たり延べ面積（持ち家）,ｍ2,125.54,125.54
housing_stock,住宅ストック・空き家・持ち家,31000,鳥取県,pref,31,鳥取県,1983100000,1983年度,1983,00001|H213010,観測値|H213010_1住宅当たり延べ面積（持ち家）,ｍ2,132.86,132.86
housing_stock,住宅ストック・空き家・持ち家,31000,鳥取県,pref,31,鳥取県,1988100000,1988年度,1988,00001|H213010,観測値|H213010_1住宅当たり延べ面積（持ち家）,ｍ2,143.85,143.85
housing_stock,住宅ストック・空き家・持ち家,31000,鳥取県,pref,31,鳥取県,1993100000,1993年度,1993,00001|H213010,観測値|H213010_1住宅当たり延べ面積（持ち家）,ｍ2,152.23,152.23
housing_stock,住宅ストック・空き家・持ち家,31000,鳥取県,pref,31,鳥取県,1998100000,1998年度,1998,00001|H213010,観測値|H213010_1住宅当たり延べ面積（持ち家）,ｍ2,152.53,152.53
housing_stock,住宅ストック・空き家・持ち家,31000,鳥取県,pref,31,鳥取県,2003100000,2003年度,2003,00001|H213010,観測値|H213010_1住宅当たり延べ面積（持ち家）,ｍ2,156.71,156.71
housing_stock,住宅ストック・空き家・持ち家,31000,鳥取県,pref,31,鳥取県,2008100000,2008年度,2008,00001|H213010,観測値|H213010_1住宅当たり延べ面積（持ち家）,ｍ2,152.38,152.38
housing_stock,住宅ストック・空き家・持ち家,31000,鳥取県,pref,31,鳥取県,2013100000,2013年度,2013,00001|H213010,観測値|H213010_1住宅当たり延べ面積（持ち家）,ｍ2,156.46,156.46
housing_stock,住宅ストック・空き家・持ち家,31000,鳥取県,pref,31,鳥取県,2018100000,2018年度,2018,00001|H213010,観測値|H213010_1住宅当たり延べ面積（持ち家）,ｍ2,151.39,151.39
housing_stock,住宅ストック・空き家・持ち家,31000,鳥取県,pref,31,鳥取県,2023100000,2023年度,2023,00001|H213010,観測値|H213010_1住宅当たり延べ面積（持ち家）,ｍ2,147.23,147.23
housing_stock,住宅ストック・空き家・持ち家,32000,島根県,pref,32,島根県,1978100000,1978年度,1978,00001|H213010,観測値|H213010_1住宅当たり延べ面積（持ち家）,ｍ2,121.45,121.45
housing_stock,住宅ストック・空き家・持ち家,32000,島根県,pref,32,島根県,1983100000,1983年度,1983,00001|H213010,観測値|H213010_1住宅当たり延べ面積（持ち家）,ｍ2,131.76,131.76
housing_stock,住宅ストック・空き家・持ち家,32000,島根県,pref,32,島根県,1988100000,1988年度,1988,00001|H213010,観測値|H213010_1住宅当たり延べ面積（持ち家）,ｍ2,140.42,140.42
housing_stock,住宅ストック・空き家・持ち家,32000,島根県,pref,32,島根県,1993100000,1993年度,1993,00001|H213010,観測値|H213010_1住宅当たり延べ面積（持ち家）,ｍ2,148.48,148.48
housing_stock,住宅ストック・空き家・持ち家,32000,島根県,pref,32,島根県,1998100000,1998年度,1998,00001|H213010,観測値|H213010_1住宅当たり延べ面積（持ち家）,ｍ2,151.92,151.92
housing_stock,住宅ストック・空き家・持ち家,32000,島根県,pref,32,島根県,2003100000,2003年度,2003,00001|H213010,観測値|H213010_1住宅当たり延べ面積（持ち家）,ｍ2,158.91,158.91
housing_stock,住宅ストック・空き家・持ち家,32000,島根県,pref,32,島根県,2008100000,2008年度,2008,00001|H213010,観測値|H213010_1住宅当たり延べ面積（持ち家）,ｍ2,155.47,155.47
housing_stock,住宅ストック・空き家・持ち家,32000,島根県,pref,32,島根県,2013100000,2013年度,2013,00001|H213010,観測値|H213010_1住宅当たり延べ面積（持ち家）,ｍ2,159.22,159.22
housing_stock,住宅ストック・空き家・持ち家,32000,島根県,pref,32,島根県,2018100000,2018年度,2018,00001|H213010,観測値|H213010_1住宅当たり延べ面積（持ち家）,ｍ2,152.14,152.14
housing_stock,住宅ストック・空き家・持ち家,32000,島根県,pref,32,島根県,2023100000,2023年度,2023,00001|H213010,観測値|H213010_1住宅当たり延べ面積（持ち家）,ｍ2,151.06,151.06
housing_stock,住宅ストック・空き家・持ち家,33000,岡山県,pref,33,岡山県,1978100000,1978年度,1978,00001|H213010,観測値|H213010_1住宅当たり延べ面積（持ち家）,ｍ2,113.52,113.52
housing_stock,住宅ストック・空き家・持ち家,33000,岡山県,pref,33,岡山県,1983100000,1983年度,1983,00001|H213010,観測値|H213010_1住宅当たり延べ面積（持ち家）,ｍ2,120.87,120.87
housing_stock,住宅ストック・空き家・持ち家,33000,岡山県,pref,33,岡山県,1988100000,1988年度,1988,00001|H213010,観測値|H213010_1住宅当たり延べ面積（持ち家）,ｍ2,129.06,129.06
housing_stock,住宅ストック・空き家・持ち家,33000,岡山県,pref,33,岡山県,1993100000,1993年度,1993,00001|H213010,観測値|H213010_1住宅当たり延べ面積（持ち家）,ｍ2,134.46,134.46
housing_stock,住宅ストック・空き家・持ち家,33000,岡山県,pref,33,岡山県,1998100000,1998年度,1998,00001|H213010,観測値|H213010_1住宅当たり延べ面積（持ち家）,ｍ2,136.57,136.57
housing_stock,住宅ストック・空き家・持ち家,33000,岡山県,pref,33,岡山県,2003100000,2003年度,2003,00001|H213010,観測値|H213010_1住宅当たり延べ面積（持ち家）,ｍ2,139.57,139.57
housing_stock,住宅ストック・空き家・持ち家,33000,岡山県,pref,33,岡山県,2008100000,2008年度,2008,00001|H213010,観測値|H213010_1住宅当たり延べ面積（持ち家）,ｍ2,137.27,137.27
housing_stock,住宅ストック・空き家・持ち家,33000,岡山県,pref,33,岡山県,2013100000,2013年度,2013,00001|H213010,観測値|H213010_1住宅当たり延べ面積（持ち家）,ｍ2,140.01,140.01
housing_stock,住宅ストック・空き家・持ち家,33000,岡山県,pref,33,岡山県,2018100000,2018年度,2018,00001|H213010,観測値|H213010_1住宅当たり延べ面積（持ち家）,ｍ2,133.67,133.67
housing_stock,住宅ストック・空き家・持ち家,33000,岡山県,pref,33,岡山県,2023100000,2023年度,2023,00001|H213010,観測値|H213010_1住宅当たり延べ面積（持ち家）,ｍ2,131.42,131.42
housing_stock,住宅ストック・空き家・持ち家,34000,広島県,pref,34,広島県,1978100000,1978年度,1978,00001|H213010,観測値|H213010_1住宅当たり延べ面積（持ち家）,ｍ2,109.84,109.84
housing_stock,住宅ストック・空き家・持ち家,34000,広島県,pref,34,広島県,1983100000,1983年度,1983,00001|H213010,観測値|H213010_1住宅当たり延べ面積（持ち家）,ｍ2,114.4,114.40
housing_stock,住宅ストック・空き家・持ち家,34000,広島県,pref,34,広島県,1988100000,1988年度,1988,00001|H213010,観測値|H213010_1住宅当たり延べ面積（持ち家）,ｍ2,120.53,120.53
housing_stock,住宅ストック・空き家・持ち家,34000,広島県,pref,34,広島県,1993100000,1993年度,1993,00001|H213010,観測値|H213010_1住宅当たり延べ面積（持ち家）,ｍ2,125.56,125.56
housing_stock,住宅ストック・空き家・持ち家,34000,広島県,pref,34,広島県,1998100000,1998年度,1998,00001|H213010,観測値|H213010_1住宅当たり延べ面積（持ち家）,ｍ2,125.85,125.85
housing_stock,住宅ストック・空き家・持ち家,34000,広島県,pref,34,広島県,2003100000,2003年度,2003,00001|H213010,観測値|H213010_1住宅当たり延べ面積（持ち家）,ｍ2,126.79,126.79
housing_stock,住宅ストック・空き家・持ち家,34000,広島県,pref,34,広島県,2008100000,2008年度,2008,00001|H213010,観測値|H213010_1住宅当たり延べ面積（持ち家）,ｍ2,126.85,126.85
housing_stock,住宅ストック・空き家・持ち家,34000,広島県,pref,34,広島県,2013100000,2013年度,2013,00001|H213010,観測値|H213010_1住宅当たり延べ面積（持ち家）,ｍ2,125.16,125.16
housing_stock,住宅ストック・空き家・持ち家,34000,広島県,pref,34,広島県,2018100000,2018年度,2018,00001|H213010,観測値|H213010_1住宅当たり延べ面積（持ち家）,ｍ2,120.1,120.10
housing_stock,住宅ストック・空き家・持ち家,34000,広島県,pref,34,広島県,2023100000,2023年度,2023,00001|H213010,観測値|H213010_1住宅当たり延べ面積（持ち家）,ｍ2,119.45,119.45
housing_stock,住宅ストック・空き家・持ち家,35000,山口県,pref,35,山口県,1978100000,1978年度,1978,00001|H213010,観測値|H213010_1住宅当たり延べ面積（持ち家）,ｍ2,111.26,111.26
housing_stock,住宅ストック・空き家・持ち家,35000,山口県,pref,35,山口県,1983100000,1983年度,1983,00001|H213010,観測値|H213010_1住宅当たり延べ面積（持ち家）,ｍ2,116.67,116.67
housing_stock,住宅ストック・空き家・持ち家,35000,山口県,pref,35,山口県,1988100000,1988年度,1988,00001|H213010,観測値|H213010_1住宅当たり延べ面積（持ち家）,ｍ2,120.21,120.21
housing_stock,住宅ストック・空き家・持ち家,35000,山口県,pref,35,山口県,1993100000,1993年度,1993,00001|H213010,観測値|H213010_1住宅当たり延べ面積（持ち家）,ｍ2,125.4,125.40
housing_stock,住宅ストック・空き家・持ち家,35000,山口県,pref,35,山口県,1998100000,1998年度,1998,00001|H213010,観測値|H213010_1住宅当たり延べ面積（持ち家）,ｍ2,127.54,127.54
housing_stock,住宅ストック・空き家・持ち家,35000,山口県,pref,35,山口県,2003100000,2003年度,2003,00001|H213010,観測値|H213010_1住宅当たり延べ面積（持ち家）,ｍ2,129.8,129.80
housing_stock,住宅ストック・空き家・持ち家,35000,山口県,pref,35,山口県,2008100000,2008年度,2008,00001|H213010,観測値|H213010_1住宅当たり延べ面積（持ち家）,ｍ2,128.95,128.95
housing_stock,住宅ストック・空き家・持ち家,35000,山口県,pref,35,山口県,2013100000,2013年度,2013,00001|H213010,観測値|H213010_1住宅当たり延べ面積（持ち家）,ｍ2,129.4,129.40
housing_stock,住宅ストック・空き家・持ち家,35000,山口県,pref,35,山口県,2018100000,2018年度,2018,00001|H213010,観測値|H213010_1住宅当たり延べ面積（持ち家）,ｍ2,125.78,125.78
housing_stock,住宅ストック・空き家・持ち家,35000,山口県,pref,35,山口県,2023100000,2023年度,2023,00001|H213010,観測値|H213010_1住宅当たり延べ面積（持ち家）,ｍ2,124.58,124.58
housing_stock,住宅ストック・空き家・持ち家,36000,徳島県,pref,36,徳島県,1978100000,1978年度,1978,00001|H213010,観測値|H213010_1住宅当たり延べ面積（持ち家）,ｍ2,103.06,103.06
housing_stock,住宅ストック・空き家・持ち家,36000,徳島県,pref,36,徳島県,1983100000,1983年度,1983,00001|H213010,観測値|H213010_1住宅当たり延べ面積（持ち家）,ｍ2,114.53,114.53
housing_stock,住宅ストック・空き家・持ち家,36000,徳島県,pref,36,徳島県,1988100000,1988年度,1988,00001|H213010,観測値|H213010_1住宅当たり延べ面積（持ち家）,ｍ2,121.32,121.32
housing_stock,住宅ストック・空き家・持ち家,36000,徳島県,pref,36,徳島県,1993100000,1993年度,1993,00001|H213010,観測値|H213010_1住宅当たり延べ面積（持ち家）,ｍ2,131.52,131.52
housing_stock,住宅ストック・空き家・持ち家,36000,徳島県,pref,36,徳島県,1998100000,1998年度,1998,00001|H213010,観測値|H213010_1住宅当たり延べ面積（持ち家）,ｍ2,132.36,132.36
housing_stock,住宅ストック・空き家・持ち家,36000,徳島県,pref,36,徳島県,2003100000,2003年度,2003,00001|H213010,観測値|H213010_1住宅当たり延べ面積（持ち家）,ｍ2,136.35,136.35
housing_stock,住宅ストック・空き家・持ち家,36000,徳島県,pref,36,徳島県,2008100000,2008年度,2008,00001|H213010,観測値|H213010_1住宅当たり延べ面積（持ち家）,ｍ2,136.1,136.10
housing_stock,住宅ストック・空き家・持ち家,36000,徳島県,pref,36,徳島県,2013100000,2013年度,2013,00001|H213010,観測値|H213010_1住宅当たり延べ面積（持ち家）,ｍ2,138.05,138.05
housing_stock,住宅ストック・空き家・持ち家,36000,徳島県,pref,36,徳島県,2018100000,2018年度,2018,00001|H213010,観測値|H213010_1住宅当たり延べ面積（持ち家）,ｍ2,134.6,134.60
housing_stock,住宅ストック・空き家・持ち家,36000,徳島県,pref,36,徳島県,2023100000,2023年度,2023,00001|H213010,観測値|H213010_1住宅当たり延べ面積（持ち家）,ｍ2,133.79,133.79
housing_stock,住宅ストック・空き家・持ち家,37000,香川県,pref,37,香川県,1978100000,1978年度,1978,00001|H213010,観測値|H213010_1住宅当たり延べ面積（持ち家）,ｍ2,113.84,113.84
housing_stock,住宅ストック・空き家・持ち家,37000,香川県,pref,37,香川県,1983100000,1983年度,1983,00001|H213010,観測値|H213010_1住宅当たり延べ面積（持ち家）,ｍ2,122.13,122.13
housing_stock,住宅ストック・空き家・持ち家,37000,香川県,pref,37,香川県,1988100000,1988年度,1988,00001|H213010,観測値|H213010_1住宅当たり延べ面積（持ち家）,ｍ2,129.8,129.80
housing_stock,住宅ストック・空き家・持ち家,37000,香川県,pref,37,香川県,1993100000,1993年度,1993,00001|H213010,観測値|H213010_1住宅当たり延べ面積（持ち家）,ｍ2,133.05,133.05
housing_stock,住宅ストック・空き家・持ち家,37000,香川県,pref,37,香川県,1998100000,1998年度,1998,00001|H213010,観測値|H213010_1住宅当たり延べ面積（持ち家）,ｍ2,138.51,138.51
housing_stock,住宅ストック・空き家・持ち家,37000,香川県,pref,37,香川県,2003100000,2003年度,2003,00001|H213010,観測値|H213010_1住宅当たり延べ面積（持ち家）,ｍ2,139.0,139.00
housing_stock,住宅ストック・空き家・持ち家,37000,香川県,pref,37,香川県,2008100000,2008年度,2008,00001|H213010,観測値|H213010_1住宅当たり延べ面積（持ち家）,ｍ2,139.39,139.39
housing_stock,住宅ストック・空き家・持ち家,37000,香川県,pref,37,香川県,2013100000,2013年度,2013,00001|H213010,観測値|H213010_1住宅当たり延べ面積（持ち家）,ｍ2,138.31,138.31
housing_stock,住宅ストック・空き家・持ち家,37000,香川県,pref,37,香川県,2018100000,2018年度,2018,00001|H213010,観測値|H213010_1住宅当たり延べ面積（持ち家）,ｍ2,132.78,132.78
housing_stock,住宅ストック・空き家・持ち家,37000,香川県,pref,37,香川県,2023100000,2023年度,2023,00001|H213010,観測値|H213010_1住宅当たり延べ面積（持ち家）,ｍ2,132.14,132.14
housing_stock,住宅ストック・空き家・持ち家,38000,愛媛県,pref,38,愛媛県,1978100000,1978年度,1978,00001|H213010,観測値|H213010_1住宅当たり延べ面積（持ち家）,ｍ2,104.28,104.28
housing_stock,住宅ストック・空き家・持ち家,38000,愛媛県,pref,38,愛媛県,1983100000,1983年度,1983,00001|H213010,観測値|H213010_1住宅当たり延べ面積（持ち家）,ｍ2,110.39,110.39
housing_stock,住宅ストック・空き家・持ち家,38000,愛媛県,pref,38,愛媛県,1988100000,1988年度,1988,00001|H213010,観測値|H213010_1住宅当たり延べ面積（持ち家）,ｍ2,116.11,116.11
housing_stock,住宅ストック・空き家・持ち家,38000,愛媛県,pref,38,愛媛県,1993100000,1993年度,1993,00001|H213010,観測値|H213010_1住宅当たり延べ面積（持ち家）,ｍ2,120.4,120.40
housing_stock,住宅ストック・空き家・持ち家,38000,愛媛県,pref,38,愛媛県,1998100000,1998年度,1998,00001|H213010,観測値|H213010_1住宅当たり延べ面積（持ち家）,ｍ2,123.31,123.31
housing_stock,住宅ストック・空き家・持ち家,38000,愛媛県,pref,38,愛媛県,2003100000,2003年度,2003,00001|H213010,観測値|H213010_1住宅当たり延べ面積（持ち家）,ｍ2,126.08,126.08
housing_stock,住宅ストック・空き家・持ち家,38000,愛媛県,pref,38,愛媛県,2008100000,2008年度,2008,00001|H213010,観測値|H213010_1住宅当たり延べ面積（持ち家）,ｍ2,125.7,125.70
housing_stock,住宅ストック・空き家・持ち家,38000,愛媛県,pref,38,愛媛県,2013100000,2013年度,2013,00001|H213010,観測値|H213010_1住宅当たり延べ面積（持ち家）,ｍ2,127.56,127.56
housing_stock,住宅ストック・空き家・持ち家,38000,愛媛県,pref,38,愛媛県,2018100000,2018年度,2018,00001|H213010,観測値|H213010_1住宅当たり延べ面積（持ち家）,ｍ2,122.45,122.45
housing_stock,住宅ストック・空き家・持ち家,38000,愛媛県,pref,38,愛媛県,2023100000,2023年度,2023,00001|H213010,観測値|H213010_1住宅当たり延べ面積（持ち家）,ｍ2,123.7,123.70
housing_stock,住宅ストック・空き家・持ち家,39000,高知県,pref,39,高知県,1978100000,1978年度,1978,00001|H213010,観測値|H213010_1住宅当たり延べ面積（持ち家）,ｍ2,94.28,94.28
housing_stock,住宅ストック・空き家・持ち家,39000,高知県,pref,39,高知県,1983100000,1983年度,1983,00001|H213010,観測値|H213010_1住宅当たり延べ面積（持ち家）,ｍ2,100.04,100.04
housing_stock,住宅ストック・空き家・持ち家,39000,高知県,pref,39,高知県,1988100000,1988年度,1988,00001|H213010,観測値|H213010_1住宅当たり延べ面積（持ち家）,ｍ2,108.27,108.27
housing_stock,住宅ストック・空き家・持ち家,39000,高知県,pref,39,高知県,1993100000,1993年度,1993,00001|H213010,観測値|H213010_1住宅当たり延べ面積（持ち家）,ｍ2,113.22,113.22
housing_stock,住宅ストック・空き家・持ち家,39000,高知県,pref,39,高知県,1998100000,1998年度,1998,00001|H213010,観測値|H213010_1住宅当たり延べ面積（持ち家）,ｍ2,114.04,114.04
housing_stock,住宅ストック・空き家・持ち家,39000,高知県,pref,39,高知県,2003100000,2003年度,2003,00001|H213010,観測値|H213010_1住宅当たり延べ面積（持ち家）,ｍ2,119.86,119.86
housing_stock,住宅ストック・空き家・持ち家,39000,高知県,pref,39,高知県,2008100000,2008年度,2008,00001|H213010,観測値|H213010_1住宅当たり延べ面積（持ち家）,ｍ2,115.31,115.31
housing_stock,住宅ストック・空き家・持ち家,39000,高知県,pref,39,高知県,2013100000,2013年度,2013,00001|H213010,観測値|H213010_1住宅当たり延べ面積（持ち家）,ｍ2,118.28,118.28
housing_stock,住宅ストック・空き家・持ち家,39000,高知県,pref,39,高知県,2018100000,2018年度,2018,00001|H213010,観測値|H213010_1住宅当たり延べ面積（持ち家）,ｍ2,116.77,116.77
housing_stock,住宅ストック・空き家・持ち家,39000,高知県,pref,39,高知県,2023100000,2023年度,2023,00001|H213010,観測値|H213010_1住宅当たり延べ面積（持ち家）,ｍ2,117.3,117.30
housing_stock,住宅ストック・空き家・持ち家,40000,福岡県,pref,40,福岡県,1978100000,1978年度,1978,00001|H213010,観測値|H213010_1住宅当たり延べ面積（持ち家）,ｍ2,101.45,101.45
housing_stock,住宅ストック・空き家・持ち家,40000,福岡県,pref,40,福岡県,1983100000,1983年度,1983,00001|H213010,観測値|H213010_1住宅当たり延べ面積（持ち家）,ｍ2,109.31,109.31
housing_stock,住宅ストック・空き家・持ち家,40000,福岡県,pref,40,福岡県,1988100000,1988年度,1988,00001|H213010,観測値|H213010_1住宅当たり延べ面積（持ち家）,ｍ2,113.14,113.14
housing_stock,住宅ストック・空き家・持ち家,40000,福岡県,pref,40,福岡県,1993100000,1993年度,1993,00001|H213010,観測値|H213010_1住宅当たり延べ面積（持ち家）,ｍ2,117.79,117.79
housing_stock,住宅ストック・空き家・持ち家,40000,福岡県,pref,40,福岡県,1998100000,1998年度,1998,00001|H213010,観測値|H213010_1住宅当たり延べ面積（持ち家）,ｍ2,117.83,117.83
housing_stock,住宅ストック・空き家・持ち家,40000,福岡県,pref,40,福岡県,2003100000,2003年度,2003,00001|H213010,観測値|H213010_1住宅当たり延べ面積（持ち家）,ｍ2,118.18,118.18
housing_stock,住宅ストック・空き家・持ち家,40000,福岡県,pref,40,福岡県,2008100000,2008年度,2008,00001|H213010,観測値|H213010_1住宅当たり延べ面積（持ち家）,ｍ2,118.71,118.71
housing_stock,住宅ストック・空き家・持ち家,40000,福岡県,pref,40,福岡県,2013100000,2013年度,2013,00001|H213010,観測値|H213010_1住宅当たり延べ面積（持ち家）,ｍ2,119.1,119.10
housing_stock,住宅ストック・空き家・持ち家,40000,福岡県,pref,40,福岡県,2018100000,2018年度,2018,00001|H213010,観測値|H213010_1住宅当たり延べ面積（持ち家）,ｍ2,115.58,115.58
housing_stock,住宅ストック・空き家・持ち家,40000,福岡県,pref,40,福岡県,2023100000,2023年度,2023,00001|H213010,観測値|H213010_1住宅当たり延べ面積（持ち家）,ｍ2,114.75,114.75
housing_stock,住宅ストック・空き家・持ち家,41000,佐賀県,pref,41,佐賀県,1978100000,1978年度,1978,00001|H213010,観測値|H213010_1住宅当たり延べ面積（持ち家）,ｍ2,118.37,118.37
housing_stock,住宅ストック・空き家・持ち家,41000,佐賀県,pref,41,佐賀県,1983100000,1983年度,1983,00001|H213010,観測値|H213010_1住宅当たり延べ面積（持ち家）,ｍ2,127.13,127.13
housing_stock,住宅ストック・空き家・持ち家,41000,佐賀県,pref,41,佐賀県,1988100000,1988年度,1988,00001|H213010,観測値|H213010_1住宅当たり延べ面積（持ち家）,ｍ2,135.35,135.35
housing_stock,住宅ストック・空き家・持ち家,41000,佐賀県,pref,41,佐賀県,1993100000,1993年度,1993,00001|H213010,観測値|H213010_1住宅当たり延べ面積（持ち家）,ｍ2,141.18,141.18
housing_stock,住宅ストック・空き家・持ち家,41000,佐賀県,pref,41,佐賀県,1998100000,1998年度,1998,00001|H213010,観測値|H213010_1住宅当たり延べ面積（持ち家）,ｍ2,143.27,143.27
housing_stock,住宅ストック・空き家・持ち家,41000,佐賀県,pref,41,佐賀県,2003100000,2003年度,2003,00001|H213010,観測値|H213010_1住宅当たり延べ面積（持ち家）,ｍ2,146.05,146.05
housing_stock,住宅ストック・空き家・持ち家,41000,佐賀県,pref,41,佐賀県,2008100000,2008年度,2008,00001|H213010,観測値|H213010_1住宅当たり延べ面積（持ち家）,ｍ2,144.75,144.75
housing_stock,住宅ストック・空き家・持ち家,41000,佐賀県,pref,41,佐賀県,2013100000,2013年度,2013,00001|H213010,観測値|H213010_1住宅当たり延べ面積（持ち家）,ｍ2,144.97,144.97
housing_stock,住宅ストック・空き家・持ち家,41000,佐賀県,pref,41,佐賀県,2018100000,2018年度,2018,00001|H213010,観測値|H213010_1住宅当たり延べ面積（持ち家）,ｍ2,139.81,139.81
housing_stock,住宅ストック・空き家・持ち家,41000,佐賀県,pref,41,佐賀県,2023100000,2023年度,2023,00001|H213010,観測値|H213010_1住宅当たり延べ面積（持ち家）,ｍ2,138.87,138.87
housing_stock,住宅ストック・空き家・持ち家,42000,長崎県,pref,42,長崎県,1978100000,1978年度,1978,00001|H213010,観測値|H213010_1住宅当たり延べ面積（持ち家）,ｍ2,99.81,99.81
housing_stock,住宅ストック・空き家・持ち家,42000,長崎県,pref,42,長崎県,1983100000,1983年度,1983,00001|H213010,観測値|H213010_1住宅当たり延べ面積（持ち家）,ｍ2,106.55,106.55
housing_stock,住宅ストック・空き家・持ち家,42000,長崎県,pref,42,長崎県,1988100000,1988年度,1988,00001|H213010,観測値|H213010_1住宅当たり延べ面積（持ち家）,ｍ2,111.47,111.47
housing_stock,住宅ストック・空き家・持ち家,42000,長崎県,pref,42,長崎県,1993100000,1993年度,1993,00001|H213010,観測値|H213010_1住宅当たり延べ面積（持ち家）,ｍ2,118.59,118.59
housing_stock,住宅ストック・空き家・持ち家,42000,長崎県,pref,42,長崎県,1998100000,1998年度,1998,00001|H213010,観測値|H213010_1住宅当たり延べ面積（持ち家）,ｍ2,119.16,119.16
housing_stock,住宅ストック・空き家・持ち家,42000,長崎県,pref,42,長崎県,2003100000,2003年度,2003,00001|H213010,観測値|H213010_1住宅当たり延べ面積（持ち家）,ｍ2,122.64,122.64
housing_stock,住宅ストック・空き家・持ち家,42000,長崎県,pref,42,長崎県,2008100000,2008年度,2008,00001|H213010,観測値|H213010_1住宅当たり延べ面積（持ち家）,ｍ2,122.8,122.80
housing_stock,住宅ストック・空き家・持ち家,42000,長崎県,pref,42,長崎県,2013100000,2013年度,2013,00001|H213010,観測値|H213010_1住宅当たり延べ面積（持ち家）,ｍ2,123.66,123.66
housing_stock,住宅ストック・空き家・持ち家,42000,長崎県,pref,42,長崎県,2018100000,2018年度,2018,00001|H213010,観測値|H213010_1住宅当たり延べ面積（持ち家）,ｍ2,121.52,121.52
housing_stock,住宅ストック・空き家・持ち家,42000,長崎県,pref,42,長崎県,2023100000,2023年度,2023,00001|H213010,観測値|H213010_1住宅当たり延べ面積（持ち家）,ｍ2,121.52,121.52
housing_stock,住宅ストック・空き家・持ち家,43000,熊本県,pref,43,熊本県,1978100000,1978年度,1978,00001|H213010,観測値|H213010_1住宅当たり延べ面積（持ち家）,ｍ2,102.62,102.62
housing_stock,住宅ストック・空き家・持ち家,43000,熊本県,pref,43,熊本県,1983100000,1983年度,1983,00001|H213010,観測値|H213010_1住宅当たり延べ面積（持ち家）,ｍ2,110.35,110.35
housing_stock,住宅ストック・空き家・持ち家,43000,熊本県,pref,43,熊本県,1988100000,1988年度,1988,00001|H213010,観測値|H213010_1住宅当たり延べ面積（持ち家）,ｍ2,117.82,117.82
housing_stock,住宅ストック・空き家・持ち家,43000,熊本県,pref,43,熊本県,1993100000,1993年度,1993,00001|H213010,観測値|H213010_1住宅当たり延べ面積（持ち家）,ｍ2,123.48,123.48
housing_stock,住宅ストック・空き家・持ち家,43000,熊本県,pref,43,熊本県,1998100000,1998年度,1998,00001|H213010,観測値|H213010_1住宅当たり延べ面積（持ち家）,ｍ2,123.42,123.42
housing_stock,住宅ストック・空き家・持ち家,43000,熊本県,pref,43,熊本県,2003100000,2003年度,2003,00001|H213010,観測値|H213010_1住宅当たり延べ面積（持ち家）,ｍ2,128.71,128.71
housing_stock,住宅ストック・空き家・持ち家,43000,熊本県,pref,43,熊本県,2008100000,2008年度,2008,00001|H213010,観測値|H213010_1住宅当たり延べ面積（持ち家）,ｍ2,128.69,128.69
housing_stock,住宅ストック・空き家・持ち家,43000,熊本県,pref,43,熊本県,2013100000,2013年度,2013,00001|H213010,観測値|H213010_1住宅当たり延べ面積（持ち家）,ｍ2,129.26,129.26
housing_stock,住宅ストック・空き家・持ち家,43000,熊本県,pref,43,熊本県,2018100000,2018年度,2018,00001|H213010,観測値|H213010_1住宅当たり延べ面積（持ち家）,ｍ2,126.04,126.04
housing_stock,住宅ストック・空き家・持ち家,43000,熊本県,pref,43,熊本県,2023100000,2023年度,2023,00001|H213010,観測値|H213010_1住宅当たり延べ面積（持ち家）,ｍ2,125.02,125.02
housing_stock,住宅ストック・空き家・持ち家,44000,大分県,pref,44,大分県,1978100000,1978年度,1978,00001|H213010,観測値|H213010_1住宅当たり延べ面積（持ち家）,ｍ2,107.15,107.15
housing_stock,住宅ストック・空き家・持ち家,44000,大分県,pref,44,大分県,1983100000,1983年度,1983,00001|H213010,観測値|H213010_1住宅当たり延べ面積（持ち家）,ｍ2,113.13,113.13
housing_stock,住宅ストック・空き家・持ち家,44000,大分県,pref,44,大分県,1988100000,1988年度,1988,00001|H213010,観測値|H213010_1住宅当たり延べ面積（持ち家）,ｍ2,119.38,119.38
housing_stock,住宅ストック・空き家・持ち家,44000,大分県,pref,44,大分県,1993100000,1993年度,1993,00001|H213010,観測値|H213010_1住宅当たり延べ面積（持ち家）,ｍ2,125.5,125.50
housing_stock,住宅ストック・空き家・持ち家,44000,大分県,pref,44,大分県,1998100000,1998年度,1998,00001|H213010,観測値|H213010_1住宅当たり延べ面積（持ち家）,ｍ2,125.85,125.85
housing_stock,住宅ストック・空き家・持ち家,44000,大分県,pref,44,大分県,2003100000,2003年度,2003,00001|H213010,観測値|H213010_1住宅当たり延べ面積（持ち家）,ｍ2,129.75,129.75
housing_stock,住宅ストック・空き家・持ち家,44000,大分県,pref,44,大分県,2008100000,2008年度,2008,00001|H213010,観測値|H213010_1住宅当たり延べ面積（持ち家）,ｍ2,126.59,126.59
housing_stock,住宅ストック・空き家・持ち家,44000,大分県,pref,44,大分県,2013100000,2013年度,2013,00001|H213010,観測値|H213010_1住宅当たり延べ面積（持ち家）,ｍ2,127.35,127.35
housing_stock,住宅ストック・空き家・持ち家,44000,大分県,pref,44,大分県,2018100000,2018年度,2018,00001|H213010,観測値|H213010_1住宅当たり延べ面積（持ち家）,ｍ2,123.42,123.42
housing_stock,住宅ストック・空き家・持ち家,44000,大分県,pref,44,大分県,2023100000,2023年度,2023,00001|H213010,観測値|H213010_1住宅当たり延べ面積（持ち家）,ｍ2,123.45,123.45
housing_stock,住宅ストック・空き家・持ち家,45000,宮崎県,pref,45,宮崎県,1978100000,1978年度,1978,00001|H213010,観測値|H213010_1住宅当たり延べ面積（持ち家）,ｍ2,88.4,88.40
housing_stock,住宅ストック・空き家・持ち家,45000,宮崎県,pref,45,宮崎県,1983100000,1983年度,1983,00001|H213010,観測値|H213010_1住宅当たり延べ面積（持ち家）,ｍ2,98.03,98.03
housing_stock,住宅ストック・空き家・持ち家,45000,宮崎県,pref,45,宮崎県,1988100000,1988年度,1988,00001|H213010,観測値|H213010_1住宅当たり延べ面積（持ち家）,ｍ2,104.22,104.22
housing_stock,住宅ストック・空き家・持ち家,45000,宮崎県,pref,45,宮崎県,1993100000,1993年度,1993,00001|H213010,観測値|H213010_1住宅当たり延べ面積（持ち家）,ｍ2,108.75,108.75
housing_stock,住宅ストック・空き家・持ち家,45000,宮崎県,pref,45,宮崎県,1998100000,1998年度,1998,00001|H213010,観測値|H213010_1住宅当たり延べ面積（持ち家）,ｍ2,113.54,113.54
housing_stock,住宅ストック・空き家・持ち家,45000,宮崎県,pref,45,宮崎県,2003100000,2003年度,2003,00001|H213010,観測値|H213010_1住宅当たり延べ面積（持ち家）,ｍ2,117.03,117.03
housing_stock,住宅ストック・空き家・持ち家,45000,宮崎県,pref,45,宮崎県,2008100000,2008年度,2008,00001|H213010,観測値|H213010_1住宅当たり延べ面積（持ち家）,ｍ2,118.03,118.03
housing_stock,住宅ストック・空き家・持ち家,45000,宮崎県,pref,45,宮崎県,2013100000,2013年度,2013,00001|H213010,観測値|H213010_1住宅当たり延べ面積（持ち家）,ｍ2,120.11,120.11
housing_stock,住宅ストック・空き家・持ち家,45000,宮崎県,pref,45,宮崎県,2018100000,2018年度,2018,00001|H213010,観測値|H213010_1住宅当たり延べ面積（持ち家）,ｍ2,115.91,115.91
housing_stock,住宅ストック・空き家・持ち家,45000,宮崎県,pref,45,宮崎県,2023100000,2023年度,2023,00001|H213010,観測値|H213010_1住宅当たり延べ面積（持ち家）,ｍ2,115.24,115.24
housing_stock,住宅ストック・空き家・持ち家,46000,鹿児島県,pref,46,鹿児島県,1978100000,1978年度,1978,00001|H213010,観測値|H213010_1住宅当たり延べ面積（持ち家）,ｍ2,76.72,76.72
housing_stock,住宅ストック・空き家・持ち家,46000,鹿児島県,pref,46,鹿児島県,1983100000,1983年度,1983,00001|H213010,観測値|H213010_1住宅当たり延べ面積（持ち家）,ｍ2,84.48,84.48
housing_stock,住宅ストック・空き家・持ち家,46000,鹿児島県,pref,46,鹿児島県,1988100000,1988年度,1988,00001|H213010,観測値|H213010_1住宅当たり延べ面積（持ち家）,ｍ2,90.89,90.89
housing_stock,住宅ストック・空き家・持ち家,46000,鹿児島県,pref,46,鹿児島県,1993100000,1993年度,1993,00001|H213010,観測値|H213010_1住宅当たり延べ面積（持ち家）,ｍ2,98.16,98.16
housing_stock,住宅ストック・空き家・持ち家,46000,鹿児島県,pref,46,鹿児島県,1998100000,1998年度,1998,00001|H213010,観測値|H213010_1住宅当たり延べ面積（持ち家）,ｍ2,103.33,103.33
housing_stock,住宅ストック・空き家・持ち家,46000,鹿児島県,pref,46,鹿児島県,2003100000,2003年度,2003,00001|H213010,観測値|H213010_1住宅当たり延べ面積（持ち家）,ｍ2,107.67,107.67
housing_stock,住宅ストック・空き家・持ち家,46000,鹿児島県,pref,46,鹿児島県,2008100000,2008年度,2008,00001|H213010,観測値|H213010_1住宅当たり延べ面積（持ち家）,ｍ2,107.86,107.86
housing_stock,住宅ストック・空き家・持ち家,46000,鹿児島県,pref,46,鹿児島県,2013100000,2013年度,2013,00001|H213010,観測値|H213010_1住宅当たり延べ面積（持ち家）,ｍ2,109.54,109.54
housing_stock,住宅ストック・空き家・持ち家,46000,鹿児島県,pref,46,鹿児島県,2018100000,2018年度,2018,00001|H213010,観測値|H213010_1住宅当たり延べ面積（持ち家）,ｍ2,108.47,108.47
housing_stock,住宅ストック・空き家・持ち家,46000,鹿児島県,pref,46,鹿児島県,2023100000,2023年度,2023,00001|H213010,観測値|H213010_1住宅当たり延べ面積（持ち家）,ｍ2,108.83,108.83
housing_stock,住宅ストック・空き家・持ち家,47000,沖縄県,pref,47,沖縄県,1978100000,1978年度,1978,00001|H213010,観測値|H213010_1住宅当たり延べ面積（持ち家）,ｍ2,73.28,73.28
housing_stock,住宅ストック・空き家・持ち家,47000,沖縄県,pref,47,沖縄県,1983100000,1983年度,1983,00001|H213010,観測値|H213010_1住宅当たり延べ面積（持ち家）,ｍ2,81.61,81.61
housing_stock,住宅ストック・空き家・持ち家,47000,沖縄県,pref,47,沖縄県,1988100000,1988年度,1988,00001|H213010,観測値|H213010_1住宅当たり延べ面積（持ち家）,ｍ2,89.6,89.60
housing_stock,住宅ストック・空き家・持ち家,47000,沖縄県,pref,47,沖縄県,1993100000,1993年度,1993,00001|H213010,観測値|H213010_1住宅当たり延べ面積（持ち家）,ｍ2,97.04,97.04
housing_stock,住宅ストック・空き家・持ち家,47000,沖縄県,pref,47,沖縄県,1998100000,1998年度,1998,00001|H213010,観測値|H213010_1住宅当たり延べ面積（持ち家）,ｍ2,100.33,100.33
housing_stock,住宅ストック・空き家・持ち家,47000,沖縄県,pref,47,沖縄県,2003100000,2003年度,2003,00001|H213010,観測値|H213010_1住宅当たり延べ面積（持ち家）,ｍ2,103.41,103.41
housing_stock,住宅ストック・空き家・持ち家,47000,沖縄県,pref,47,沖縄県,2008100000,2008年度,2008,00001|H213010,観測値|H213010_1住宅当たり延べ面積（持ち家）,ｍ2,103.54,103.54
housing_stock,住宅ストック・空き家・持ち家,47000,沖縄県,pref,47,沖縄県,2013100000,2013年度,2013,00001|H213010,観測値|H213010_1住宅当たり延べ面積（持ち家）,ｍ2,104.28,104.28
housing_stock,住宅ストック・空き家・持ち家,47000,沖縄県,pref,47,沖縄県,2018100000,2018年度,2018,00001|H213010,観測値|H213010_1住宅当たり延べ面積（持ち家）,ｍ2,105.34,105.34
housing_stock,住宅ストック・空き家・持ち家,47000,沖縄県,pref,47,沖縄県,2023100000,2023年度,2023,00001|H213010,観測値|H213010_1住宅当たり延べ面積（持ち家）,ｍ2,106.04,106.04
