indicator,indicator_label,area_code,area_name,area_level,pref_code,pref_name,time_code,time_name,year,cat_code,cat_name,unit,value,value_raw
labour,働く人の環境（就業・求人・給与）,00000,全国,national,,,1975100000,1975年度,1975,00001|F1102,観測値|F1102_就業者数,人,53140818.0,53140818
labour,働く人の環境（就業・求人・給与）,00000,全国,national,,,1980100000,1980年度,1980,00001|F1102,観測値|F1102_就業者数,人,55811309.0,55811309
labour,働く人の環境（就業・求人・給与）,00000,全国,national,,,1985100000,1985年度,1985,00001|F1102,観測値|F1102_就業者数,人,58357232.0,58357232
labour,働く人の環境（就業・求人・給与）,00000,全国,national,,,1990100000,1990年度,1990,00001|F1102,観測値|F1102_就業者数,人,61681642.0,61681642
labour,働く人の環境（就業・求人・給与）,00000,全国,national,,,1995100000,1995年度,1995,00001|F1102,観測値|F1102_就業者数,人,64141544.0,64141544
labour,働く人の環境（就業・求人・給与）,00000,全国,national,,,2000100000,2000年度,2000,00001|F1102,観測値|F1102_就業者数,人,62977960.0,62977960
labour,働く人の環境（就業・求人・給与）,00000,全国,national,,,2005100000,2005年度,2005,00001|F1102,観測値|F1102_就業者数,人,61505973.0,61505973
labour,働く人の環境（就業・求人・給与）,00000,全国,national,,,2010100000,2010年度,2010,00001|F1102,観測値|F1102_就業者数,人,59611311.0,59611311
labour,働く人の環境（就業・求人・給与）,00000,全国,national,,,2015100000,2015年度,2015,00001|F1102,観測値|F1102_就業者数,人,58919036.0,58919036
labour,働く人の環境（就業・求人・給与）,00000,全国,national,,,2020100000,2020年度,2020,00001|F1102,観測値|F1102_就業者数,人,57643225.0,57643225
labour,働く人の環境（就業・求人・給与）,01000,北海道,pref,01,北海道,1975100000,1975年度,1975,00001|F1102,観測値|F1102_就業者数,人,2462411.0,2462411
labour,働く人の環境（就業・求人・給与）,01000,北海道,pref,01,北海道,1980100000,1980年度,1980,00001|F1102,観測値|F1102_就業者数,人,2598312.0,2598312
labour,働く人の環境（就業・求人・給与）,01000,北海道,pref,01,北海道,1985100000,1985年度,1985,00001|F1102,観測値|F1102_就業者数,人,2625352.0,2625352
labour,働く人の環境（就業・求人・給与）,01000,北海道,pref,01,北海道,1990100000,1990年度,1990,00001|F1102,観測値|F1102_就業者数,人,2694903.0,2694903
labour,働く人の環境（就業・求人・給与）,01000,北海道,pref,01,北海道,1995100000,1995年度,1995,00001|F1102,観測値|F1102_就業者数,人,2806435.0,2806435
labour,働く人の環境（就業・求人・給与）,01000,北海道,pref,01,北海道,2000100000,2000年度,2000,00001|F1102,観測値|F1102_就業者数,人,2730723.0,2730723
labour,働く人の環境（就業・求人・給与）,01000,北海道,pref,01,北海道,2005100000,2005年度,2005,00001|F1102,観測値|F1102_就業者数,人,2604271.0,2604271
labour,働く人の環境（就業・求人・給与）,01000,北海道,pref,01,北海道,2010100000,2010年度,2010,00001|F1102,観測値|F1102_就業者数,人,2509464.0,2509464
labour,働く人の環境（就業・求人・給与）,01000,北海道,pref,01,北海道,2015100000,2015年度,2015,00001|F1102,観測値|F1102_就業者数,人,2435098.0,2435098
labour,働く人の環境（就業・求人・給与）,01000,北海道,pref,01,北海道,2020100000,2020年度,2020,00001|F1102,観測値|F1102_就業者数,人,2347270.0,2347270
labour,働く人の環境（就業・求人・給与）,02000,青森県,pref,02,青森県,1975100000,1975年度,1975,00001|F1102,観測値|F1102_就業者数,人,688057.0,688057
labour,働く人の環境（就業・求人・給与）,02000,青森県,pref,02,青森県,1980100000,1980年度,1980,00001|F1102,観測値|F1102_就業者数,人,722131.0,722131
labour,働く人の環境（就業・求人・給与）,02000,青森県,pref,02,青森県,1985100000,1985年度,1985,00001|F1102,観測値|F1102_就業者数,人,718014.0,718014
labour,働く人の環境（就業・求人・給与）,02000,青森県,pref,02,青森県,1990100000,1990年度,1990,00001|F1102,観測値|F1102_就業者数,人,717945.0,717945
labour,働く人の環境（就業・求人・給与）,02000,青森県,pref,02,青森県,1995100000,1995年度,1995,00001|F1102,観測値|F1102_就業者数,人,736263.0,736263
labour,働く人の環境（就業・求人・給与）,02000,青森県,pref,02,青森県,2000100000,2000年度,2000,00001|F1102,観測値|F1102_就業者数,人,729472.0,729472
labour,働く人の環境（就業・求人・給与）,02000,青森県,pref,02,青森県,2005100000,2005年度,2005,00001|F1102,観測値|F1102_就業者数,人,685401.0,685401
labour,働く人の環境（就業・求人・給与）,02000,青森県,pref,02,青森県,2010100000,2010年度,2010,00001|F1102,観測値|F1102_就業者数,人,639584.0,639584
labour,働く人の環境（就業・求人・給与）,02000,青森県,pref,02,青森県,2015100000,2015年度,2015,00001|F1102,観測値|F1102_就業者数,人,625970.0,625970
labour,働く人の環境（就業・求人・給与）,02000,青森県,pref,02,青森県,2020100000,2020年度,2020,00001|F1102,観測値|F1102_就業者数,人,602391.0,602391
labour,働く人の環境（就業・求人・給与）,03000,岩手県,pref,03,岩手県,1975100000,1975年度,1975,00001|F1102,観測値|F1102_就業者数,人,702574.0,702574
labour,働く人の環境（就業・求人・給与）,03000,岩手県,pref,03,岩手県,1980100000,1980年度,1980,00001|F1102,観測値|F1102_就業者数,人,723158.0,723158
labour,働く人の環境（就業・求人・給与）,03000,岩手県,pref,03,岩手県,1985100000,1985年度,1985,00001|F1102,観測値|F1102_就業者数,人,729651.0,729651
labour,働く人の環境（就業・求人・給与）,03000,岩手県,pref,03,岩手県,1990100000,1990年度,1990,00001|F1102,観測値|F1102_就業者数,人,738363.0,738363
labour,働く人の環境（就業・求人・給与）,03000,岩手県,pref,03,岩手県,1995100000,1995年度,1995,00001|F1102,観測値|F1102_就業者数,人,747532.0,747532
labour,働く人の環境（就業・求人・給与）,03000,岩手県,pref,03,岩手県,2000100000,2000年度,2000,00001|F1102,観測値|F1102_就業者数,人,732788.0,732788
labour,働く人の環境（就業・求人・給与）,03000,岩手県,pref,03,岩手県,2005100000,2005年度,2005,00001|F1102,観測値|F1102_就業者数,人,688614.0,688614
labour,働く人の環境（就業・求人・給与）,03000,岩手県,pref,03,岩手県,2010100000,2010年度,2010,00001|F1102,観測値|F1102_就業者数,人,631303.0,631303
labour,働く人の環境（就業・求人・給与）,03000,岩手県,pref,03,岩手県,2015100000,2015年度,2015,00001|F1102,観測値|F1102_就業者数,人,636329.0,636329
labour,働く人の環境（就業・求人・給与）,03000,岩手県,pref,03,岩手県,2020100000,2020年度,2020,00001|F1102,観測値|F1102_就業者数,人,605093.0,605093
labour,働く人の環境（就業・求人・給与）,04000,宮城県,pref,04,宮城県,1975100000,1975年度,1975,00001|F1102,観測値|F1102_就業者数,人,923777.0,923777
labour,働く人の環境（就業・求人・給与）,04000,宮城県,pref,04,宮城県,1980100000,1980年度,1980,00001|F1102,観測値|F1102_就業者数,人,988719.0,988719
labour,働く人の環境（就業・求人・給与）,04000,宮城県,pref,04,宮城県,1985100000,1985年度,1985,00001|F1102,観測値|F1102_就業者数,人,1035245.0,1035245
labour,働く人の環境（就業・求人・給与）,04000,宮城県,pref,04,宮城県,1990100000,1990年度,1990,00001|F1102,観測値|F1102_就業者数,人,1101276.0,1101276
labour,働く人の環境（就業・求人・給与）,04000,宮城県,pref,04,宮城県,1995100000,1995年度,1995,00001|F1102,観測値|F1102_就業者数,人,1163946.0,1163946
labour,働く人の環境（就業・求人・給与）,04000,宮城県,pref,04,宮城県,2000100000,2000年度,2000,00001|F1102,観測値|F1102_就業者数,人,1153411.0,1153411
labour,働く人の環境（就業・求人・給与）,04000,宮城県,pref,04,宮城県,2005100000,2005年度,2005,00001|F1102,観測値|F1102_就業者数,人,1107773.0,1107773
labour,働く人の環境（就業・求人・給与）,04000,宮城県,pref,04,宮城県,2010100000,2010年度,2010,00001|F1102,観測値|F1102_就業者数,人,1059416.0,1059416
labour,働く人の環境（就業・求人・給与）,04000,宮城県,pref,04,宮城県,2015100000,2015年度,2015,00001|F1102,観測値|F1102_就業者数,人,1077927.0,1077927
labour,働く人の環境（就業・求人・給与）,04000,宮城県,pref,04,宮城県,2020100000,2020年度,2020,00001|F1102,観測値|F1102_就業者数,人,1081348.0,1081348
labour,働く人の環境（就業・求人・給与）,05000,秋田県,pref,05,秋田県,1975100000,1975年度,1975,00001|F1102,観測値|F1102_就業者数,人,616870.0,616870
labour,働く人の環境（就業・求人・給与）,05000,秋田県,pref,05,秋田県,1980100000,1980年度,1980,00001|F1102,観測値|F1102_就業者数,人,624475.0,624475
labour,働く人の環境（就業・求人・給与）,05000,秋田県,pref,05,秋田県,1985100000,1985年度,1985,00001|F1102,観測値|F1102_就業者数,人,619086.0,619086
labour,働く人の環境（就業・求人・給与）,05000,秋田県,pref,05,秋田県,1990100000,1990年度,1990,00001|F1102,観測値|F1102_就業者数,人,614522.0,614522
labour,働く人の環境（就業・求人・給与）,05000,秋田県,pref,05,秋田県,1995100000,1995年度,1995,00001|F1102,観測値|F1102_就業者数,人,608735.0,608735
labour,働く人の環境（就業・求人・給与）,05000,秋田県,pref,05,秋田県,2000100000,2000年度,2000,00001|F1102,観測値|F1102_就業者数,人,588385.0,588385
labour,働く人の環境（就業・求人・給与）,05000,秋田県,pref,05,秋田県,2005100000,2005年度,2005,00001|F1102,観測値|F1102_就業者数,人,549994.0,549994
labour,働く人の環境（就業・求人・給与）,05000,秋田県,pref,05,秋田県,2010100000,2010年度,2010,00001|F1102,観測値|F1102_就業者数,人,503106.0,503106
labour,働く人の環境（就業・求人・給与）,05000,秋田県,pref,05,秋田県,2015100000,2015年度,2015,00001|F1102,観測値|F1102_就業者数,人,482867.0,482867
labour,働く人の環境（就業・求人・給与）,05000,秋田県,pref,05,秋田県,2020100000,2020年度,2020,00001|F1102,観測値|F1102_就業者数,人,463894.0,463894
labour,働く人の環境（就業・求人・給与）,06000,山形県,pref,06,山形県,1975100000,1975年度,1975,00001|F1102,観測値|F1102_就業者数,人,626437.0,626437
labour,働く人の環境（就業・求人・給与）,06000,山形県,pref,06,山形県,1980100000,1980年度,1980,00001|F1102,観測値|F1102_就業者数,人,648992.0,648992
labour,働く人の環境（就業・求人・給与）,06000,山形県,pref,06,山形県,1985100000,1985年度,1985,00001|F1102,観測値|F1102_就業者数,人,652606.0,652606
labour,働く人の環境（就業・求人・給与）,06000,山形県,pref,06,山形県,1990100000,1990年度,1990,00001|F1102,観測値|F1102_就業者数,人,656851.0,656851
labour,働く人の環境（就業・求人・給与）,06000,山形県,pref,06,山形県,1995100000,1995年度,1995,00001|F1102,観測値|F1102_就業者数,人,657193.0,657193
labour,働く人の環境（就業・求人・給与）,06000,山形県,pref,06,山形県,2000100000,2000年度,2000,00001|F1102,観測値|F1102_就業者数,人,642580.0,642580
labour,働く人の環境（就業・求人・給与）,06000,山形県,pref,06,山形県,2005100000,2005年度,2005,00001|F1102,観測値|F1102_就業者数,人,612089.0,612089
labour,働く人の環境（就業・求人・給与）,06000,山形県,pref,06,山形県,2010100000,2010年度,2010,00001|F1102,観測値|F1102_就業者数,人,565982.0,565982
labour,働く人の環境（就業・求人・給与）,06000,山形県,pref,06,山形県,2015100000,2015年度,2015,00001|F1102,観測値|F1102_就業者数,人,562087.0,562087
labour,働く人の環境（就業・求人・給与）,06000,山形県,pref,06,山形県,2020100000,2020年度,2020,00001|F1102,観測値|F1102_就業者数,人,540922.0,540922
labour,働く人の環境（就業・求人・給与）,07000,福島県,pref,07,福島県,1975100000,1975年度,1975,00001|F1102,観測値|F1102_就業者数,人,982838.0,982838
labour,働く人の環境（就業・求人・給与）,07000,福島県,pref,07,福島県,1980100000,1980年度,1980,00001|F1102,観測値|F1102_就業者数,人,1027123.0,1027123
labour,働く人の環境（就業・求人・給与）,07000,福島県,pref,07,福島県,1985100000,1985年度,1985,00001|F1102,観測値|F1102_就業者数,人,1046626.0,1046626
labour,働く人の環境（就業・求人・給与）,07000,福島県,pref,07,福島県,1990100000,1990年度,1990,00001|F1102,観測値|F1102_就業者数,人,1067909.0,1067909
labour,働く人の環境（就業・求人・給与）,07000,福島県,pref,07,福島県,1995100000,1995年度,1995,00001|F1102,観測値|F1102_就業者数,人,1087442.0,1087442
labour,働く人の環境（就業・求人・給与）,07000,福島県,pref,07,福島県,2000100000,2000年度,2000,00001|F1102,観測値|F1102_就業者数,人,1060924.0,1060924
labour,働く人の環境（就業・求人・給与）,07000,福島県,pref,07,福島県,2005100000,2005年度,2005,00001|F1102,観測値|F1102_就業者数,人,1010120.0,1010120
labour,働く人の環境（就業・求人・給与）,07000,福島県,pref,07,福島県,2010100000,2010年度,2010,00001|F1102,観測値|F1102_就業者数,人,934331.0,934331
labour,働く人の環境（就業・求人・給与）,07000,福島県,pref,07,福島県,2015100000,2015年度,2015,00001|F1102,観測値|F1102_就業者数,人,922133.0,922133
labour,働く人の環境（就業・求人・給与）,07000,福島県,pref,07,福島県,2020100000,2020年度,2020,00001|F1102,観測値|F1102_就業者数,人,872045.0,872045
labour,働く人の環境（就業・求人・給与）,08000,茨城県,pref,08,茨城県,1975100000,1975年度,1975,00001|F1102,観測値|F1102_就業者数,人,1141449.0,1141449
labour,働く人の環境（就業・求人・給与）,08000,茨城県,pref,08,茨城県,1980100000,1980年度,1980,00001|F1102,観測値|F1102_就業者数,人,1241868.0,1241868
labour,働く人の環境（就業・求人・給与）,08000,茨城県,pref,08,茨城県,1985100000,1985年度,1985,00001|F1102,観測値|F1102_就業者数,人,1325340.0,1325340
labour,働く人の環境（就業・求人・給与）,08000,茨城県,pref,08,茨城県,1990100000,1990年度,1990,00001|F1102,観測値|F1102_就業者数,人,1430686.0,1430686
labour,働く人の環境（就業・求人・給与）,08000,茨城県,pref,08,茨城県,1995100000,1995年度,1995,00001|F1102,観測値|F1102_就業者数,人,1515816.0,1515816
labour,働く人の環境（就業・求人・給与）,08000,茨城県,pref,08,茨城県,2000100000,2000年度,2000,00001|F1102,観測値|F1102_就業者数,人,1504046.0,1504046
labour,働く人の環境（就業・求人・給与）,08000,茨城県,pref,08,茨城県,2005100000,2005年度,2005,00001|F1102,観測値|F1102_就業者数,人,1461560.0,1461560
labour,働く人の環境（就業・求人・給与）,08000,茨城県,pref,08,茨城県,2010100000,2010年度,2010,00001|F1102,観測値|F1102_就業者数,人,1420181.0,1420181
labour,働く人の環境（就業・求人・給与）,08000,茨城県,pref,08,茨城県,2015100000,2015年度,2015,00001|F1102,観測値|F1102_就業者数,人,1400684.0,1400684
labour,働く人の環境（就業・求人・給与）,08000,茨城県,pref,08,茨城県,2020100000,2020年度,2020,00001|F1102,観測値|F1102_就業者数,人,1362944.0,1362944
labour,働く人の環境（就業・求人・給与）,09000,栃木県,pref,09,栃木県,1975100000,1975年度,1975,00001|F1102,観測値|F1102_就業者数,人,843465.0,843465
labour,働く人の環境（就業・求人・給与）,09000,栃木県,pref,09,栃木県,1980100000,1980年度,1980,00001|F1102,観測値|F1102_就業者数,人,894936.0,894936
labour,働く人の環境（就業・求人・給与）,09000,栃木県,pref,09,栃木県,1985100000,1985年度,1985,00001|F1102,観測値|F1102_就業者数,人,938505.0,938505
labour,働く人の環境（就業・求人・給与）,09000,栃木県,pref,09,栃木県,1990100000,1990年度,1990,00001|F1102,観測値|F1102_就業者数,人,1002011.0,1002011
labour,働く人の環境（就業・求人・給与）,09000,栃木県,pref,09,栃木県,1995100000,1995年度,1995,00001|F1102,観測値|F1102_就業者数,人,1040793.0,1040793
labour,働く人の環境（就業・求人・給与）,09000,栃木県,pref,09,栃木県,2000100000,2000年度,2000,00001|F1102,観測値|F1102_就業者数,人,1038088.0,1038088
labour,働く人の環境（就業・求人・給与）,09000,栃木県,pref,09,栃木県,2005100000,2005年度,2005,00001|F1102,観測値|F1102_就業者数,人,1017139.0,1017139
labour,働く人の環境（就業・求人・給与）,09000,栃木県,pref,09,栃木県,2010100000,2010年度,2010,00001|F1102,観測値|F1102_就業者数,人,977126.0,977126
labour,働く人の環境（就業・求人・給与）,09000,栃木県,pref,09,栃木県,2015100000,2015年度,2015,00001|F1102,観測値|F1102_就業者数,人,963969.0,963969
labour,働く人の環境（就業・求人・給与）,09000,栃木県,pref,09,栃木県,2020100000,2020年度,2020,00001|F1102,観測値|F1102_就業者数,人,926595.0,926595
labour,働く人の環境（就業・求人・給与）,10000,群馬県,pref,10,群馬県,1975100000,1975年度,1975,00001|F1102,観測値|F1102_就業者数,人,872802.0,872802
labour,働く人の環境（就業・求人・給与）,10000,群馬県,pref,10,群馬県,1980100000,1980年度,1980,00001|F1102,観測値|F1102_就業者数,人,920872.0,920872
labour,働く人の環境（就業・求人・給与）,10000,群馬県,pref,10,群馬県,1985100000,1985年度,1985,00001|F1102,観測値|F1102_就業者数,人,960063.0,960063
labour,働く人の環境（就業・求人・給与）,10000,群馬県,pref,10,群馬県,1990100000,1990年度,1990,00001|F1102,観測値|F1102_就業者数,人,1016221.0,1016221
labour,働く人の環境（就業・求人・給与）,10000,群馬県,pref,10,群馬県,1995100000,1995年度,1995,00001|F1102,観測値|F1102_就業者数,人,1050985.0,1050985
labour,働く人の環境（就業・求人・給与）,10000,群馬県,pref,10,群馬県,2000100000,2000年度,2000,00001|F1102,観測値|F1102_就業者数,人,1040250.0,1040250
labour,働く人の環境（就業・求人・給与）,10000,群馬県,pref,10,群馬県,2005100000,2005年度,2005,00001|F1102,観測値|F1102_就業者数,人,1015579.0,1015579
labour,働く人の環境（就業・求人・給与）,10000,群馬県,pref,10,群馬県,2010100000,2010年度,2010,00001|F1102,観測値|F1102_就業者数,人,965403.0,965403
labour,働く人の環境（就業・求人・給与）,10000,群馬県,pref,10,群馬県,2015100000,2015年度,2015,00001|F1102,観測値|F1102_就業者数,人,966060.0,966060
labour,働く人の環境（就業・求人・給与）,10000,群馬県,pref,10,群馬県,2020100000,2020年度,2020,00001|F1102,観測値|F1102_就業者数,人,949945.0,949945
labour,働く人の環境（就業・求人・給与）,11000,埼玉県,pref,11,埼玉県,1975100000,1975年度,1975,00001|F1102,観測値|F1102_就業者数,人,2171591.0,2171591
labour,働く人の環境（就業・求人・給与）,11000,埼玉県,pref,11,埼玉県,1980100000,1980年度,1980,00001|F1102,観測値|F1102_就業者数,人,2459243.0,2459243
labour,働く人の環境（就業・求人・給与）,11000,埼玉県,pref,11,埼玉県,1985100000,1985年度,1985,00001|F1102,観測値|F1102_就業者数,人,2775212.0,2775212
labour,働く人の環境（就業・求人・給与）,11000,埼玉県,pref,11,埼玉県,1990100000,1990年度,1990,00001|F1102,観測値|F1102_就業者数,人,3231551.0,3231551
labour,働く人の環境（就業・求人・給与）,11000,埼玉県,pref,11,埼玉県,1995100000,1995年度,1995,00001|F1102,観測値|F1102_就業者数,人,3512969.0,3512969
labour,働く人の環境（就業・求人・給与）,11000,埼玉県,pref,11,埼玉県,2000100000,2000年度,2000,00001|F1102,観測値|F1102_就業者数,人,3528376.0,3528376
labour,働く人の環境（就業・求人・給与）,11000,埼玉県,pref,11,埼玉県,2005100000,2005年度,2005,00001|F1102,観測値|F1102_就業者数,人,3509189.0,3509189
labour,働く人の環境（就業・求人・給与）,11000,埼玉県,pref,11,埼玉県,2010100000,2010年度,2010,00001|F1102,観測値|F1102_就業者数,人,3482305.0,3482305
labour,働く人の環境（就業・求人・給与）,11000,埼玉県,pref,11,埼玉県,2015100000,2015年度,2015,00001|F1102,観測値|F1102_就業者数,人,3484648.0,3484648
labour,働く人の環境（就業・求人・給与）,11000,埼玉県,pref,11,埼玉県,2020100000,2020年度,2020,00001|F1102,観測値|F1102_就業者数,人,3386880.0,3386880
labour,働く人の環境（就業・求人・給与）,12000,千葉県,pref,12,千葉県,1975100000,1975年度,1975,00001|F1102,観測値|F1102_就業者数,人,1882392.0,1882392
labour,働く人の環境（就業・求人・給与）,12000,千葉県,pref,12,千葉県,1980100000,1980年度,1980,00001|F1102,観測値|F1102_就業者数,人,2158483.0,2158483
labour,働く人の環境（就業・求人・給与）,12000,千葉県,pref,12,千葉県,1985100000,1985年度,1985,00001|F1102,観測値|F1102_就業者数,人,2416727.0,2416727
labour,働く人の環境（就業・求人・給与）,12000,千葉県,pref,12,千葉県,1990100000,1990年度,1990,00001|F1102,観測値|F1102_就業者数,人,2770633.0,2770633
labour,働く人の環境（就業・求人・給与）,12000,千葉県,pref,12,千葉県,1995100000,1995年度,1995,00001|F1102,観測値|F1102_就業者数,人,2991808.0,2991808
labour,働く人の環境（就業・求人・給与）,12000,千葉県,pref,12,千葉県,2000100000,2000年度,2000,00001|F1102,観測値|F1102_就業者数,人,2975685.0,2975685
labour,働く人の環境（就業・求人・給与）,12000,千葉県,pref,12,千葉県,2005100000,2005年度,2005,00001|F1102,観測値|F1102_就業者数,人,2948581.0,2948581
labour,働く人の環境（就業・求人・給与）,12000,千葉県,pref,12,千葉県,2010100000,2010年度,2010,00001|F1102,観測値|F1102_就業者数,人,2899396.0,2899396
labour,働く人の環境（就業・求人・給与）,12000,千葉県,pref,12,千葉県,2015100000,2015年度,2015,00001|F1102,観測値|F1102_就業者数,人,2879944.0,2879944
labour,働く人の環境（就業・求人・給与）,12000,千葉県,pref,12,千葉県,2020100000,2020年度,2020,00001|F1102,観測値|F1102_就業者数,人,2862135.0,2862135
labour,働く人の環境（就業・求人・給与）,13000,東京都,pref,13,東京都,1975100000,1975年度,1975,00001|F1102,観測値|F1102_就業者数,人,5619964.0,5619964
labour,働く人の環境（就業・求人・給与）,13000,東京都,pref,13,東京都,1980100000,1980年度,1980,00001|F1102,観測値|F1102_就業者数,人,5672052.0,5672052
labour,働く人の環境（就業・求人・給与）,13000,東京都,pref,13,東京都,1985100000,1985年度,1985,00001|F1102,観測値|F1102_就業者数,人,6005485.0,6005485
labour,働く人の環境（就業・求人・給与）,13000,東京都,pref,13,東京都,1990100000,1990年度,1990,00001|F1102,観測値|F1102_就業者数,人,6284061.0,6284061
labour,働く人の環境（就業・求人・給与）,13000,東京都,pref,13,東京都,1995100000,1995年度,1995,00001|F1102,観測値|F1102_就業者数,人,6309698.0,6309698
labour,働く人の環境（就業・求人・給与）,13000,東京都,pref,13,東京都,2000100000,2000年度,2000,00001|F1102,観測値|F1102_就業者数,人,6158377.0,6158377
labour,働く人の環境（就業・求人・給与）,13000,東京都,pref,13,東京都,2005100000,2005年度,2005,00001|F1102,観測値|F1102_就業者数,人,5915533.0,5915533
labour,働く人の環境（就業・求人・給与）,13000,東京都,pref,13,東京都,2010100000,2010年度,2010,00001|F1102,観測値|F1102_就業者数,人,6012536.0,6012536
labour,働く人の環境（就業・求人・給与）,13000,東京都,pref,13,東京都,2015100000,2015年度,2015,00001|F1102,観測値|F1102_就業者数,人,5858959.0,5858959
labour,働く人の環境（就業・求人・給与）,13000,東京都,pref,13,東京都,2020100000,2020年度,2020,00001|F1102,観測値|F1102_就業者数,人,5962306.0,5962306
labour,働く人の環境（就業・求人・給与）,14000,神奈川県,pref,14,神奈川県,1975100000,1975年度,1975,00001|F1102,観測値|F1102_就業者数,人,2897375.0,2897375
labour,働く人の環境（就業・求人・給与）,14000,神奈川県,pref,14,神奈川県,1980100000,1980年度,1980,00001|F1102,観測値|F1102_就業者数,人,3142295.0,3142295
labour,働く人の環境（就業・求人・給与）,14000,神奈川県,pref,14,神奈川県,1985100000,1985年度,1985,00001|F1102,観測値|F1102_就業者数,人,3543595.0,3543595
labour,働く人の環境（就業・求人・給与）,14000,神奈川県,pref,14,神奈川県,1990100000,1990年度,1990,00001|F1102,観測値|F1102_就業者数,人,4033686.0,4033686
labour,働く人の環境（就業・求人・給与）,14000,神奈川県,pref,14,神奈川県,1995100000,1995年度,1995,00001|F1102,観測値|F1102_就業者数,人,4273200.0,4273200
labour,働く人の環境（就業・求人・給与）,14000,神奈川県,pref,14,神奈川県,2000100000,2000年度,2000,00001|F1102,観測値|F1102_就業者数,人,4245271.0,4245271
labour,働く人の環境（就業・求人・給与）,14000,神奈川県,pref,14,神奈川県,2005100000,2005年度,2005,00001|F1102,観測値|F1102_就業者数,人,4314535.0,4314535
labour,働く人の環境（就業・求人・給与）,14000,神奈川県,pref,14,神奈川県,2010100000,2010年度,2010,00001|F1102,観測値|F1102_就業者数,人,4146942.0,4146942
labour,働く人の環境（就業・求人・給与）,14000,神奈川県,pref,14,神奈川県,2015100000,2015年度,2015,00001|F1102,観測値|F1102_就業者数,人,4121817.0,4121817
labour,働く人の環境（就業・求人・給与）,14000,神奈川県,pref,14,神奈川県,2020100000,2020年度,2020,00001|F1102,観測値|F1102_就業者数,人,4153054.0,4153054
labour,働く人の環境（就業・求人・給与）,15000,新潟県,pref,15,新潟県,1975100000,1975年度,1975,00001|F1102,観測値|F1102_就業者数,人,1246365.0,1246365
labour,働く人の環境（就業・求人・給与）,15000,新潟県,pref,15,新潟県,1980100000,1980年度,1980,00001|F1102,観測値|F1102_就業者数,人,1272237.0,1272237
labour,働く人の環境（就業・求人・給与）,15000,新潟県,pref,15,新潟県,1985100000,1985年度,1985,00001|F1102,観測値|F1102_就業者数,人,1262944.0,1262944
labour,働く人の環境（就業・求人・給与）,15000,新潟県,pref,15,新潟県,1990100000,1990年度,1990,00001|F1102,観測値|F1102_就業者数,人,1282063.0,1282063
labour,働く人の環境（就業・求人・給与）,15000,新潟県,pref,15,新潟県,1995100000,1995年度,1995,00001|F1102,観測値|F1102_就業者数,人,1317329.0,1317329
labour,働く人の環境（就業・求人・給与）,15000,新潟県,pref,15,新潟県,2000100000,2000年度,2000,00001|F1102,観測値|F1102_就業者数,人,1265803.0,1265803
labour,働く人の環境（就業・求人・給与）,15000,新潟県,pref,15,新潟県,2005100000,2005年度,2005,00001|F1102,観測値|F1102_就業者数,人,1225575.0,1225575
labour,働く人の環境（就業・求人・給与）,15000,新潟県,pref,15,新潟県,2010100000,2010年度,2010,00001|F1102,観測値|F1102_就業者数,人,1155795.0,1155795
labour,働く人の環境（就業・求人・給与）,15000,新潟県,pref,15,新潟県,2015100000,2015年度,2015,00001|F1102,観測値|F1102_就業者数,人,1140840.0,1140840
labour,働く人の環境（就業・求人・給与）,15000,新潟県,pref,15,新潟県,2020100000,2020年度,2020,00001|F1102,観測値|F1102_就業者数,人,1084410.0,1084410
labour,働く人の環境（就業・求人・給与）,16000,富山県,pref,16,富山県,1975100000,1975年度,1975,00001|F1102,観測値|F1102_就業者数,人,560400.0,560400
labour,働く人の環境（就業・求人・給与）,16000,富山県,pref,16,富山県,1980100000,1980年度,1980,00001|F1102,観測値|F1102_就業者数,人,575495.0,575495
labour,働く人の環境（就業・求人・給与）,16000,富山県,pref,16,富山県,1985100000,1985年度,1985,00001|F1102,観測値|F1102_就業者数,人,579923.0,579923
labour,働く人の環境（就業・求人・給与）,16000,富山県,pref,16,富山県,1990100000,1990年度,1990,00001|F1102,観測値|F1102_就業者数,人,594080.0,594080
labour,働く人の環境（就業・求人・給与）,16000,富山県,pref,16,富山県,1995100000,1995年度,1995,00001|F1102,観測値|F1102_就業者数,人,615202.0,615202
labour,働く人の環境（就業・求人・給与）,16000,富山県,pref,16,富山県,2000100000,2000年度,2000,00001|F1102,観測値|F1102_就業者数,人,597702.0,597702
labour,働く人の環境（就業・求人・給与）,16000,富山県,pref,16,富山県,2005100000,2005年度,2005,00001|F1102,観測値|F1102_就業者数,人,578051.0,578051
labour,働く人の環境（就業・求人・給与）,16000,富山県,pref,16,富山県,2010100000,2010年度,2010,00001|F1102,観測値|F1102_就業者数,人,546363.0,546363
labour,働く人の環境（就業・求人・給与）,16000,富山県,pref,16,富山県,2015100000,2015年度,2015,00001|F1102,観測値|F1102_就業者数,人,538839.0,538839
labour,働く人の環境（就業・求人・給与）,16000,富山県,pref,16,富山県,2020100000,2020年度,2020,00001|F1102,観測値|F1102_就業者数,人,528961.0,528961
labour,働く人の環境（就業・求人・給与）,17000,石川県,pref,17,石川県,1975100000,1975年度,1975,00001|F1102,観測値|F1102_就業者数,人,538155.0,538155
labour,働く人の環境（就業・求人・給与）,17000,石川県,pref,17,石川県,1980100000,1980年度,1980,00001|F1102,観測値|F1102_就業者数,人,567684.0,567684
labour,働く人の環境（就業・求人・給与）,17000,石川県,pref,17,石川県,1985100000,1985年度,1985,00001|F1102,観測値|F1102_就業者数,人,582600.0,582600
labour,働く人の環境（就業・求人・給与）,17000,石川県,pref,17,石川県,1990100000,1990年度,1990,00001|F1102,観測値|F1102_就業者数,人,606265.0,606265
labour,働く人の環境（就業・求人・給与）,17000,石川県,pref,17,石川県,1995100000,1995年度,1995,00001|F1102,観測値|F1102_就業者数,人,631322.0,631322
labour,働く人の環境（就業・求人・給与）,17000,石川県,pref,17,石川県,2000100000,2000年度,2000,00001|F1102,観測値|F1102_就業者数,人,614469.0,614469
labour,働く人の環境（就業・求人・給与）,17000,石川県,pref,17,石川県,2005100000,2005年度,2005,00001|F1102,観測値|F1102_就業者数,人,596324.0,596324
labour,働く人の環境（就業・求人・給与）,17000,石川県,pref,17,石川県,2010100000,2010年度,2010,00001|F1102,観測値|F1102_就業者数,人,582449.0,582449
labour,働く人の環境（就業・求人・給与）,17000,石川県,pref,17,石川県,2015100000,2015年度,2015,00001|F1102,観測値|F1102_就業者数,人,572661.0,572661
labour,働く人の環境（就業・求人・給与）,17000,石川県,pref,17,石川県,2020100000,2020年度,2020,00001|F1102,観測値|F1102_就業者数,人,560133.0,560133
labour,働く人の環境（就業・求人・給与）,18000,福井県,pref,18,福井県,1975100000,1975年度,1975,00001|F1102,観測値|F1102_就業者数,人,409735.0,409735
labour,働く人の環境（就業・求人・給与）,18000,福井県,pref,18,福井県,1980100000,1980年度,1980,00001|F1102,観測値|F1102_就業者数,人,425313.0,425313
labour,働く人の環境（就業・求人・給与）,18000,福井県,pref,18,福井県,1985100000,1985年度,1985,00001|F1102,観測値|F1102_就業者数,人,433894.0,433894
labour,働く人の環境（就業・求人・給与）,18000,福井県,pref,18,福井県,1990100000,1990年度,1990,00001|F1102,観測値|F1102_就業者数,人,442319.0,442319
labour,働く人の環境（就業・求人・給与）,18000,福井県,pref,18,福井県,1995100000,1995年度,1995,00001|F1102,観測値|F1102_就業者数,人,451422.0,451422
labour,働く人の環境（就業・求人・給与）,18000,福井県,pref,18,福井県,2000100000,2000年度,2000,00001|F1102,観測値|F1102_就業者数,人,439618.0,439618
labour,働く人の環境（就業・求人・給与）,18000,福井県,pref,18,福井県,2005100000,2005年度,2005,00001|F1102,観測値|F1102_就業者数,人,423959.0,423959
labour,働く人の環境（就業・求人・給与）,18000,福井県,pref,18,福井県,2010100000,2010年度,2010,00001|F1102,観測値|F1102_就業者数,人,402251.0,402251
labour,働く人の環境（就業・求人・給与）,18000,福井県,pref,18,福井県,2015100000,2015年度,2015,00001|F1102,観測値|F1102_就業者数,人,399169.0,399169
labour,働く人の環境（就業・求人・給与）,18000,福井県,pref,18,福井県,2020100000,2020年度,2020,00001|F1102,観測値|F1102_就業者数,人,395765.0,395765
labour,働く人の環境（就業・求人・給与）,19000,山梨県,pref,19,山梨県,1975100000,1975年度,1975,00001|F1102,観測値|F1102_就業者数,人,381802.0,381802
labour,働く人の環境（就業・求人・給与）,19000,山梨県,pref,19,山梨県,1980100000,1980年度,1980,00001|F1102,観測値|F1102_就業者数,人,398660.0,398660
labour,働く人の環境（就業・求人・給与）,19000,山梨県,pref,19,山梨県,1985100000,1985年度,1985,00001|F1102,観測値|F1102_就業者数,人,418584.0,418584
labour,働く人の環境（就業・求人・給与）,19000,山梨県,pref,19,山梨県,1990100000,1990年度,1990,00001|F1102,観測値|F1102_就業者数,人,440137.0,440137
labour,働く人の環境（就業・求人・給与）,19000,山梨県,pref,19,山梨県,1995100000,1995年度,1995,00001|F1102,観測値|F1102_就業者数,人,462446.0,462446
labour,働く人の環境（就業・求人・給与）,19000,山梨県,pref,19,山梨県,2000100000,2000年度,2000,00001|F1102,観測値|F1102_就業者数,人,457688.0,457688
labour,働く人の環境（就業・求人・給与）,19000,山梨県,pref,19,山梨県,2005100000,2005年度,2005,00001|F1102,観測値|F1102_就業者数,人,444200.0,444200
labour,働く人の環境（就業・求人・給与）,19000,山梨県,pref,19,山梨県,2010100000,2010年度,2010,00001|F1102,観測値|F1102_就業者数,人,414569.0,414569
labour,働く人の環境（就業・求人・給与）,19000,山梨県,pref,19,山梨県,2015100000,2015年度,2015,00001|F1102,観測値|F1102_就業者数,人,408814.0,408814
labour,働く人の環境（就業・求人・給与）,19000,山梨県,pref,19,山梨県,2020100000,2020年度,2020,00001|F1102,観測値|F1102_就業者数,人,398578.0,398578
labour,働く人の環境（就業・求人・給与）,20000,長野県,pref,20,長野県,1975100000,1975年度,1975,00001|F1102,観測値|F1102_就業者数,人,1073275.0,1073275
labour,働く人の環境（就業・求人・給与）,20000,長野県,pref,20,長野県,1980100000,1980年度,1980,00001|F1102,観測値|F1102_就業者数,人,1111605.0,1111605
labour,働く人の環境（就業・求人・給与）,20000,長野県,pref,20,長野県,1985100000,1985年度,1985,00001|F1102,観測値|F1102_就業者数,人,1147695.0,1147695
labour,働く人の環境（就業・求人・給与）,20000,長野県,pref,20,長野県,1990100000,1990年度,1990,00001|F1102,観測値|F1102_就業者数,人,1174104.0,1174104
labour,働く人の環境（就業・求人・給与）,20000,長野県,pref,20,長野県,1995100000,1995年度,1995,00001|F1102,観測値|F1102_就業者数,人,1218325.0,1218325
labour,働く人の環境（就業・求人・給与）,20000,長野県,pref,20,長野県,2000100000,2000年度,2000,00001|F1102,観測値|F1102_就業者数,人,1200281.0,1200281
labour,働く人の環境（就業・求人・給与）,20000,長野県,pref,20,長野県,2005100000,2005年度,2005,00001|F1102,観測値|F1102_就業者数,人,1150880.0,1150880
labour,働く人の環境（就業・求人・給与）,20000,長野県,pref,20,長野県,2010100000,2010年度,2010,00001|F1102,観測値|F1102_就業者数,人,1091038.0,1091038
labour,働く人の環境（就業・求人・給与）,20000,長野県,pref,20,長野県,2015100000,2015年度,2015,00001|F1102,観測値|F1102_就業者数,人,1069860.0,1069860
labour,働く人の環境（就業・求人・給与）,20000,長野県,pref,20,長野県,2020100000,2020年度,2020,00001|F1102,観測値|F1102_就業者数,人,1034281.0,1034281
labour,働く人の環境（就業・求人・給与）,21000,岐阜県,pref,21,岐阜県,1975100000,1975年度,1975,00001|F1102,観測値|F1102_就業者数,人,941160.0,941160
labour,働く人の環境（就業・求人・給与）,21000,岐阜県,pref,21,岐阜県,1980100000,1980年度,1980,00001|F1102,観測値|F1102_就業者数,人,990009.0,990009
labour,働く人の環境（就業・求人・給与）,21000,岐阜県,pref,21,岐阜県,1985100000,1985年度,1985,00001|F1102,観測値|F1102_就業者数,人,1030647.0,1030647
labour,働く人の環境（就業・求人・給与）,21000,岐阜県,pref,21,岐阜県,1990100000,1990年度,1990,00001|F1102,観測値|F1102_就業者数,人,1077468.0,1077468
labour,働く人の環境（就業・求人・給与）,21000,岐阜県,pref,21,岐阜県,1995100000,1995年度,1995,00001|F1102,観測値|F1102_就業者数,人,1111812.0,1111812
labour,働く人の環境（就業・求人・給与）,21000,岐阜県,pref,21,岐阜県,2000100000,2000年度,2000,00001|F1102,観測値|F1102_就業者数,人,1092373.0,1092373
labour,働く人の環境（就業・求人・給与）,21000,岐阜県,pref,21,岐阜県,2005100000,2005年度,2005,00001|F1102,観測値|F1102_就業者数,人,1071054.0,1071054
labour,働く人の環境（就業・求人・給与）,21000,岐阜県,pref,21,岐阜県,2010100000,2010年度,2010,00001|F1102,観測値|F1102_就業者数,人,1022616.0,1022616
labour,働く人の環境（就業・求人・給与）,21000,岐阜県,pref,21,岐阜県,2015100000,2015年度,2015,00001|F1102,観測値|F1102_就業者数,人,1015916.0,1015916
labour,働く人の環境（就業・求人・給与）,21000,岐阜県,pref,21,岐阜県,2020100000,2020年度,2020,00001|F1102,観測値|F1102_就業者数,人,972728.0,972728
labour,働く人の環境（就業・求人・給与）,22000,静岡県,pref,22,静岡県,1975100000,1975年度,1975,00001|F1102,観測値|F1102_就業者数,人,1644900.0,1644900
labour,働く人の環境（就業・求人・給与）,22000,静岡県,pref,22,静岡県,1980100000,1980年度,1980,00001|F1102,観測値|F1102_就業者数,人,1743584.0,1743584
labour,働く人の環境（就業・求人・給与）,22000,静岡県,pref,22,静岡県,1985100000,1985年度,1985,00001|F1102,観測値|F1102_就業者数,人,1839532.0,1839532
labour,働く人の環境（就業・求人・給与）,22000,静岡県,pref,22,静岡県,1990100000,1990年度,1990,00001|F1102,観測値|F1102_就業者数,人,1966117.0,1966117
labour,働く人の環境（就業・求人・給与）,22000,静岡県,pref,22,静岡県,1995100000,1995年度,1995,00001|F1102,観測値|F1102_就業者数,人,2040327.0,2040327
labour,働く人の環境（就業・求人・給与）,22000,静岡県,pref,22,静岡県,2000100000,2000年度,2000,00001|F1102,観測値|F1102_就業者数,人,2013164.0,2013164
labour,働く人の環境（就業・求人・給与）,22000,静岡県,pref,22,静岡県,2005100000,2005年度,2005,00001|F1102,観測値|F1102_就業者数,人,1990647.0,1990647
labour,働く人の環境（就業・求人・給与）,22000,静岡県,pref,22,静岡県,2010100000,2010年度,2010,00001|F1102,観測値|F1102_就業者数,人,1897194.0,1897194
labour,働く人の環境（就業・求人・給与）,22000,静岡県,pref,22,静岡県,2015100000,2015年度,2015,00001|F1102,観測値|F1102_就業者数,人,1865154.0,1865154
labour,働く人の環境（就業・求人・給与）,22000,静岡県,pref,22,静岡県,2020100000,2020年度,2020,00001|F1102,観測値|F1102_就業者数,人,1817048.0,1817048
labour,働く人の環境（就業・求人・給与）,23000,愛知県,pref,23,愛知県,1975100000,1975年度,1975,00001|F1102,観測値|F1102_就業者数,人,2880985.0,2880985
labour,働く人の環境（就業・求人・給与）,23000,愛知県,pref,23,愛知県,1980100000,1980年度,1980,00001|F1102,観測値|F1102_就業者数,人,3048896.0,3048896
labour,働く人の環境（就業・求人・給与）,23000,愛知県,pref,23,愛知県,1985100000,1985年度,1985,00001|F1102,観測値|F1102_就業者数,人,3231127.0,3231127
labour,働く人の環境（就業・求人・給与）,23000,愛知県,pref,23,愛知県,1990100000,1990年度,1990,00001|F1102,観測値|F1102_就業者数,人,3513404.0,3513404
labour,働く人の環境（就業・求人・給与）,23000,愛知県,pref,23,愛知県,1995100000,1995年度,1995,00001|F1102,観測値|F1102_就業者数,人,3685478.0,3685478
labour,働く人の環境（就業・求人・給与）,23000,愛知県,pref,23,愛知県,2000100000,2000年度,2000,00001|F1102,観測値|F1102_就業者数,人,3687238.0,3687238
labour,働く人の環境（就業・求人・給与）,23000,愛知県,pref,23,愛知県,2005100000,2005年度,2005,00001|F1102,観測値|F1102_就業者数,人,3707828.0,3707828
labour,働く人の環境（就業・求人・給与）,23000,愛知県,pref,23,愛知県,2010100000,2010年度,2010,00001|F1102,観測値|F1102_就業者数,人,3676174.0,3676174
labour,働く人の環境（就業・求人・給与）,23000,愛知県,pref,23,愛知県,2015100000,2015年度,2015,00001|F1102,観測値|F1102_就業者数,人,3668611.0,3668611
labour,働く人の環境（就業・求人・給与）,23000,愛知県,pref,23,愛知県,2020100000,2020年度,2020,00001|F1102,観測値|F1102_就業者数,人,3605438.0,3605438
labour,働く人の環境（就業・求人・給与）,24000,三重県,pref,24,三重県,1975100000,1975年度,1975,00001|F1102,観測値|F1102_就業者数,人,782827.0,782827
labour,働く人の環境（就業・求人・給与）,24000,三重県,pref,24,三重県,1980100000,1980年度,1980,00001|F1102,観測値|F1102_就業者数,人,811829.0,811829
labour,働く人の環境（就業・求人・給与）,24000,三重県,pref,24,三重県,1985100000,1985年度,1985,00001|F1102,観測値|F1102_就業者数,人,851383.0,851383
labour,働く人の環境（就業・求人・給与）,24000,三重県,pref,24,三重県,1990100000,1990年度,1990,00001|F1102,観測値|F1102_就業者数,人,897976.0,897976
labour,働く人の環境（就業・求人・給与）,24000,三重県,pref,24,三重県,1995100000,1995年度,1995,00001|F1102,観測値|F1102_就業者数,人,948971.0,948971
labour,働く人の環境（就業・求人・給与）,24000,三重県,pref,24,三重県,2000100000,2000年度,2000,00001|F1102,観測値|F1102_就業者数,人,929866.0,929866
labour,働く人の環境（就業・求人・給与）,24000,三重県,pref,24,三重県,2005100000,2005年度,2005,00001|F1102,観測値|F1102_就業者数,人,922622.0,922622
labour,働く人の環境（就業・求人・給与）,24000,三重県,pref,24,三重県,2010100000,2010年度,2010,00001|F1102,観測値|F1102_就業者数,人,895097.0,895097
labour,働く人の環境（就業・求人・給与）,24000,三重県,pref,24,三重県,2015100000,2015年度,2015,00001|F1102,観測値|F1102_就業者数,人,872773.0,872773
labour,働く人の環境（就業・求人・給与）,24000,三重県,pref,24,三重県,2020100000,2020年度,2020,00001|F1102,観測値|F1102_就業者数,人,845768.0,845768
labour,働く人の環境（就業・求人・給与）,25000,滋賀県,pref,25,滋賀県,1975100000,1975年度,1975,00001|F1102,観測値|F1102_就業者数,人,488620.0,488620
labour,働く人の環境（就業・求人・給与）,25000,滋賀県,pref,25,滋賀県,1980100000,1980年度,1980,00001|F1102,観測値|F1102_就業者数,人,520211.0,520211
labour,働く人の環境（就業・求人・給与）,25000,滋賀県,pref,25,滋賀県,1985100000,1985年度,1985,00001|F1102,観測値|F1102_就業者数,人,555535.0,555535
labour,働く人の環境（就業・求人・給与）,25000,滋賀県,pref,25,滋賀県,1990100000,1990年度,1990,00001|F1102,観測値|F1102_就業者数,人,600978.0,600978
labour,働く人の環境（就業・求人・給与）,25000,滋賀県,pref,25,滋賀県,1995100000,1995年度,1995,00001|F1102,観測値|F1102_就業者数,人,654947.0,654947
labour,働く人の環境（就業・求人・給与）,25000,滋賀県,pref,25,滋賀県,2000100000,2000年度,2000,00001|F1102,観測値|F1102_就業者数,人,669487.0,669487
labour,働く人の環境（就業・求人・給与）,25000,滋賀県,pref,25,滋賀県,2005100000,2005年度,2005,00001|F1102,観測値|F1102_就業者数,人,680478.0,680478
labour,働く人の環境（就業・求人・給与）,25000,滋賀県,pref,25,滋賀県,2010100000,2010年度,2010,00001|F1102,観測値|F1102_就業者数,人,673612.0,673612
labour,働く人の環境（就業・求人・給与）,25000,滋賀県,pref,25,滋賀県,2015100000,2015年度,2015,00001|F1102,観測値|F1102_就業者数,人,677976.0,677976
labour,働く人の環境（就業・求人・給与）,25000,滋賀県,pref,25,滋賀県,2020100000,2020年度,2020,00001|F1102,観測値|F1102_就業者数,人,666602.0,666602
labour,働く人の環境（就業・求人・給与）,26000,京都府,pref,26,京都府,1975100000,1975年度,1975,00001|F1102,観測値|F1102_就業者数,人,1148522.0,1148522
labour,働く人の環境（就業・求人・給与）,26000,京都府,pref,26,京都府,1980100000,1980年度,1980,00001|F1102,観測値|F1102_就業者数,人,1186455.0,1186455
labour,働く人の環境（就業・求人・給与）,26000,京都府,pref,26,京都府,1985100000,1985年度,1985,00001|F1102,観測値|F1102_就業者数,人,1219639.0,1219639
labour,働く人の環境（就業・求人・給与）,26000,京都府,pref,26,京都府,1990100000,1990年度,1990,00001|F1102,観測値|F1102_就業者数,人,1273483.0,1273483
labour,働く人の環境（就業・求人・給与）,26000,京都府,pref,26,京都府,1995100000,1995年度,1995,00001|F1102,観測値|F1102_就業者数,人,1315528.0,1315528
labour,働く人の環境（就業・求人・給与）,26000,京都府,pref,26,京都府,2000100000,2000年度,2000,00001|F1102,観測値|F1102_就業者数,人,1270485.0,1270485
labour,働く人の環境（就業・求人・給与）,26000,京都府,pref,26,京都府,2005100000,2005年度,2005,00001|F1102,観測値|F1102_就業者数,人,1248020.0,1248020
labour,働く人の環境（就業・求人・給与）,26000,京都府,pref,26,京都府,2010100000,2010年度,2010,00001|F1102,観測値|F1102_就業者数,人,1219370.0,1219370
labour,働く人の環境（就業・求人・給与）,26000,京都府,pref,26,京都府,2015100000,2015年度,2015,00001|F1102,観測値|F1102_就業者数,人,1192645.0,1192645
labour,働く人の環境（就業・求人・給与）,26000,京都府,pref,26,京都府,2020100000,2020年度,2020,00001|F1102,観測値|F1102_就業者数,人,1086427.0,1086427
labour,働く人の環境（就業・求人・給与）,27000,大阪府,pref,27,大阪府,1975100000,1975年度,1975,00001|F1102,観測値|F1102_就業者数,人,3708084.0,3708084
labour,働く人の環境（就業・求人・給与）,27000,大阪府,pref,27,大阪府,1980100000,1980年度,1980,00001|F1102,観測値|F1102_就業者数,人,3811047.0,3811047
labour,働く人の環境（就業・求人・給与）,27000,大阪府,pref,27,大阪府,1985100000,1985年度,1985,00001|F1102,観測値|F1102_就業者数,人,4008953.0,4008953
labour,働く人の環境（就業・求人・給与）,27000,大阪府,pref,27,大阪府,1990100000,1990年度,1990,00001|F1102,観測値|F1102_就業者数,人,4236759.0,4236759
labour,働く人の環境（就業・求人・給与）,27000,大阪府,pref,27,大阪府,1995100000,1995年度,1995,00001|F1102,観測値|F1102_就業者数,人,4370513.0,4370513
labour,働く人の環境（就業・求人・給与）,27000,大阪府,pref,27,大阪府,2000100000,2000年度,2000,00001|F1102,観測値|F1102_就業者数,人,4134181.0,4134181
labour,働く人の環境（就業・求人・給与）,27000,大阪府,pref,27,大阪府,2005100000,2005年度,2005,00001|F1102,観測値|F1102_就業者数,人,3954211.0,3954211
labour,働く人の環境（就業・求人・給与）,27000,大阪府,pref,27,大阪府,2010100000,2010年度,2010,00001|F1102,観測値|F1102_就業者数,人,3815052.0,3815052
labour,働く人の環境（就業・求人・給与）,27000,大阪府,pref,27,大阪府,2015100000,2015年度,2015,00001|F1102,観測値|F1102_就業者数,人,3777655.0,3777655
labour,働く人の環境（就業・求人・給与）,27000,大阪府,pref,27,大阪府,2020100000,2020年度,2020,00001|F1102,観測値|F1102_就業者数,人,3635394.0,3635394
labour,働く人の環境（就業・求人・給与）,28000,兵庫県,pref,28,兵庫県,1975100000,1975年度,1975,00001|F1102,観測値|F1102_就業者数,人,2257640.0,2257640
labour,働く人の環境（就業・求人・給与）,28000,兵庫県,pref,28,兵庫県,1980100000,1980年度,1980,00001|F1102,観測値|F1102_就業者数,人,2310722.0,2310722
labour,働く人の環境（就業・求人・給与）,28000,兵庫県,pref,28,兵庫県,1985100000,1985年度,1985,00001|F1102,観測値|F1102_就業者数,人,2400684.0,2400684
labour,働く人の環境（就業・求人・給与）,28000,兵庫県,pref,28,兵庫県,1990100000,1990年度,1990,00001|F1102,観測値|F1102_就業者数,人,2543402.0,2543402
labour,働く人の環境（就業・求人・給与）,28000,兵庫県,pref,28,兵庫県,1995100000,1995年度,1995,00001|F1102,観測値|F1102_就業者数,人,2604791.0,2604791
labour,働く人の環境（就業・求人・給与）,28000,兵庫県,pref,28,兵庫県,2000100000,2000年度,2000,00001|F1102,観測値|F1102_就業者数,人,2598880.0,2598880
labour,働く人の環境（就業・求人・給与）,28000,兵庫県,pref,28,兵庫県,2005100000,2005年度,2005,00001|F1102,観測値|F1102_就業者数,人,2553965.0,2553965
labour,働く人の環境（就業・求人・給与）,28000,兵庫県,pref,28,兵庫県,2010100000,2010年度,2010,00001|F1102,観測値|F1102_就業者数,人,2489617.0,2489617
labour,働く人の環境（就業・求人・給与）,28000,兵庫県,pref,28,兵庫県,2015100000,2015年度,2015,00001|F1102,観測値|F1102_就業者数,人,2443786.0,2443786
labour,働く人の環境（就業・求人・給与）,28000,兵庫県,pref,28,兵庫県,2020100000,2020年度,2020,00001|F1102,観測値|F1102_就業者数,人,2377454.0,2377454
labour,働く人の環境（就業・求人・給与）,29000,奈良県,pref,29,奈良県,1975100000,1975年度,1975,00001|F1102,観測値|F1102_就業者数,人,464847.0,464847
labour,働く人の環境（就業・求人・給与）,29000,奈良県,pref,29,奈良県,1980100000,1980年度,1980,00001|F1102,観測値|F1102_就業者数,人,517780.0,517780
labour,働く人の環境（就業・求人・給与）,29000,奈良県,pref,29,奈良県,1985100000,1985年度,1985,00001|F1102,観測値|F1102_就業者数,人,566057.0,566057
labour,働く人の環境（就業・求人・給与）,29000,奈良県,pref,29,奈良県,1990100000,1990年度,1990,00001|F1102,観測値|F1102_就業者数,人,616291.0,616291
labour,働く人の環境（就業・求人・給与）,29000,奈良県,pref,29,奈良県,1995100000,1995年度,1995,00001|F1102,観測値|F1102_就業者数,人,665774.0,665774
labour,働く人の環境（就業・求人・給与）,29000,奈良県,pref,29,奈良県,2000100000,2000年度,2000,00001|F1102,観測値|F1102_就業者数,人,655663.0,655663
labour,働く人の環境（就業・求人・給与）,29000,奈良県,pref,29,奈良県,2005100000,2005年度,2005,00001|F1102,観測値|F1102_就業者数,人,634549.0,634549
labour,働く人の環境（就業・求人・給与）,29000,奈良県,pref,29,奈良県,2010100000,2010年度,2010,00001|F1102,観測値|F1102_就業者数,人,596525.0,596525
labour,働く人の環境（就業・求人・給与）,29000,奈良県,pref,29,奈良県,2015100000,2015年度,2015,00001|F1102,観測値|F1102_就業者数,人,590818.0,590818
labour,働く人の環境（就業・求人・給与）,29000,奈良県,pref,29,奈良県,2020100000,2020年度,2020,00001|F1102,観測値|F1102_就業者数,人,573513.0,573513
labour,働く人の環境（就業・求人・給与）,30000,和歌山県,pref,30,和歌山県,1975100000,1975年度,1975,00001|F1102,観測値|F1102_就業者数,人,487213.0,487213
labour,働く人の環境（就業・求人・給与）,30000,和歌山県,pref,30,和歌山県,1980100000,1980年度,1980,00001|F1102,観測値|F1102_就業者数,人,499416.0,499416
labour,働く人の環境（就業・求人・給与）,30000,和歌山県,pref,30,和歌山県,1985100000,1985年度,1985,00001|F1102,観測値|F1102_就業者数,人,497049.0,497049
labour,働く人の環境（就業・求人・給与）,30000,和歌山県,pref,30,和歌山県,1990100000,1990年度,1990,00001|F1102,観測値|F1102_就業者数,人,503903.0,503903
labour,働く人の環境（就業・求人・給与）,30000,和歌山県,pref,30,和歌山県,1995100000,1995年度,1995,00001|F1102,観測値|F1102_就業者数,人,521584.0,521584
labour,働く人の環境（就業・求人・給与）,30000,和歌山県,pref,30,和歌山県,2000100000,2000年度,2000,00001|F1102,観測値|F1102_就業者数,人,499157.0,499157
labour,働く人の環境（就業・求人・給与）,30000,和歌山県,pref,30,和歌山県,2005100000,2005年度,2005,00001|F1102,観測値|F1102_就業者数,人,478478.0,478478
labour,働く人の環境（就業・求人・給与）,30000,和歌山県,pref,30,和歌山県,2010100000,2010年度,2010,00001|F1102,観測値|F1102_就業者数,人,450969.0,450969
labour,働く人の環境（就業・求人・給与）,30000,和歌山県,pref,30,和歌山県,2015100000,2015年度,2015,00001|F1102,観測値|F1102_就業者数,人,445326.0,445326
labour,働く人の環境（就業・求人・給与）,30000,和歌山県,pref,30,和歌山県,2020100000,2020年度,2020,00001|F1102,観測値|F1102_就業者数,人,428780.0,428780
labour,働く人の環境（就業・求人・給与）,31000,鳥取県,pref,31,鳥取県,1975100000,1975年度,1975,00001|F1102,観測値|F1102_就業者数,人,309053.0,309053
labour,働く人の環境（就業・求人・給与）,31000,鳥取県,pref,31,鳥取県,1980100000,1980年度,1980,00001|F1102,観測値|F1102_就業者数,人,323333.0,323333
labour,働く人の環境（就業・求人・給与）,31000,鳥取県,pref,31,鳥取県,1985100000,1985年度,1985,00001|F1102,観測値|F1102_就業者数,人,321539.0,321539
labour,働く人の環境（就業・求人・給与）,31000,鳥取県,pref,31,鳥取県,1990100000,1990年度,1990,00001|F1102,観測値|F1102_就業者数,人,321645.0,321645
labour,働く人の環境（就業・求人・給与）,31000,鳥取県,pref,31,鳥取県,1995100000,1995年度,1995,00001|F1102,観測値|F1102_就業者数,人,326765.0,326765
labour,働く人の環境（就業・求人・給与）,31000,鳥取県,pref,31,鳥取県,2000100000,2000年度,2000,00001|F1102,観測値|F1102_就業者数,人,319442.0,319442
labour,働く人の環境（就業・求人・給与）,31000,鳥取県,pref,31,鳥取県,2005100000,2005年度,2005,00001|F1102,観測値|F1102_就業者数,人,304548.0,304548
labour,働く人の環境（就業・求人・給与）,31000,鳥取県,pref,31,鳥取県,2010100000,2010年度,2010,00001|F1102,観測値|F1102_就業者数,人,287332.0,287332
labour,働く人の環境（就業・求人・給与）,31000,鳥取県,pref,31,鳥取県,2015100000,2015年度,2015,00001|F1102,観測値|F1102_就業者数,人,280925.0,280925
labour,働く人の環境（就業・求人・給与）,31000,鳥取県,pref,31,鳥取県,2020100000,2020年度,2020,00001|F1102,観測値|F1102_就業者数,人,269353.0,269353
labour,働く人の環境（就業・求人・給与）,32000,島根県,pref,32,島根県,1975100000,1975年度,1975,00001|F1102,観測値|F1102_就業者数,人,405777.0,405777
labour,働く人の環境（就業・求人・給与）,32000,島根県,pref,32,島根県,1980100000,1980年度,1980,00001|F1102,観測値|F1102_就業者数,人,415310.0,415310
labour,働く人の環境（就業・求人・給与）,32000,島根県,pref,32,島根県,1985100000,1985年度,1985,00001|F1102,観測値|F1102_就業者数,人,414268.0,414268
labour,働く人の環境（就業・求人・給与）,32000,島根県,pref,32,島根県,1990100000,1990年度,1990,00001|F1102,観測値|F1102_就業者数,人,402557.0,402557
labour,働く人の環境（就業・求人・給与）,32000,島根県,pref,32,島根県,1995100000,1995年度,1995,00001|F1102,観測値|F1102_就業者数,人,406463.0,406463
labour,働く人の環境（就業・求人・給与）,32000,島根県,pref,32,島根県,2000100000,2000年度,2000,00001|F1102,観測値|F1102_就業者数,人,389849.0,389849
labour,働く人の環境（就業・求人・給与）,32000,島根県,pref,32,島根県,2005100000,2005年度,2005,00001|F1102,観測値|F1102_就業者数,人,368957.0,368957
labour,働く人の環境（就業・求人・給与）,32000,島根県,pref,32,島根県,2010100000,2010年度,2010,00001|F1102,観測値|F1102_就業者数,人,347889.0,347889
labour,働く人の環境（就業・求人・給与）,32000,島根県,pref,32,島根県,2015100000,2015年度,2015,00001|F1102,観測値|F1102_就業者数,人,342994.0,342994
labour,働く人の環境（就業・求人・給与）,32000,島根県,pref,32,島根県,2020100000,2020年度,2020,00001|F1102,観測値|F1102_就業者数,人,332592.0,332592
labour,働く人の環境（就業・求人・給与）,33000,岡山県,pref,33,岡山県,1975100000,1975年度,1975,00001|F1102,観測値|F1102_就業者数,人,911239.0,911239
labour,働く人の環境（就業・求人・給与）,33000,岡山県,pref,33,岡山県,1980100000,1980年度,1980,00001|F1102,観測値|F1102_就業者数,人,924525.0,924525
labour,働く人の環境（就業・求人・給与）,33000,岡山県,pref,33,岡山県,1985100000,1985年度,1985,00001|F1102,観測値|F1102_就業者数,人,937529.0,937529
labour,働く人の環境（就業・求人・給与）,33000,岡山県,pref,33,岡山県,1990100000,1990年度,1990,00001|F1102,観測値|F1102_就業者数,人,953445.0,953445
labour,働く人の環境（就業・求人・給与）,33000,岡山県,pref,33,岡山県,1995100000,1995年度,1995,00001|F1102,観測値|F1102_就業者数,人,989559.0,989559
labour,働く人の環境（就業・求人・給与）,33000,岡山県,pref,33,岡山県,2000100000,2000年度,2000,00001|F1102,観測値|F1102_就業者数,人,955507.0,955507
labour,働く人の環境（就業・求人・給与）,33000,岡山県,pref,33,岡山県,2005100000,2005年度,2005,00001|F1102,観測値|F1102_就業者数,人,932588.0,932588
labour,働く人の環境（就業・求人・給与）,33000,岡山県,pref,33,岡山県,2010100000,2010年度,2010,00001|F1102,観測値|F1102_就業者数,人,900116.0,900116
labour,働く人の環境（就業・求人・給与）,33000,岡山県,pref,33,岡山県,2015100000,2015年度,2015,00001|F1102,観測値|F1102_就業者数,人,900871.0,900871
labour,働く人の環境（就業・求人・給与）,33000,岡山県,pref,33,岡山県,2020100000,2020年度,2020,00001|F1102,観測値|F1102_就業者数,人,867759.0,867759
labour,働く人の環境（就業・求人・給与）,34000,広島県,pref,34,広島県,1975100000,1975年度,1975,00001|F1102,観測値|F1102_就業者数,人,1298657.0,1298657
labour,働く人の環境（就業・求人・給与）,34000,広島県,pref,34,広島県,1980100000,1980年度,1980,00001|F1102,観測値|F1102_就業者数,人,1326783.0,1326783
labour,働く人の環境（就業・求人・給与）,34000,広島県,pref,34,広島県,1985100000,1985年度,1985,00001|F1102,観測値|F1102_就業者数,人,1363685.0,1363685
labour,働く人の環境（就業・求人・給与）,34000,広島県,pref,34,広島県,1990100000,1990年度,1990,00001|F1102,観測値|F1102_就業者数,人,1414268.0,1414268
labour,働く人の環境（就業・求人・給与）,34000,広島県,pref,34,広島県,1995100000,1995年度,1995,00001|F1102,観測値|F1102_就業者数,人,1472610.0,1472610
labour,働く人の環境（就業・求人・給与）,34000,広島県,pref,34,広島県,2000100000,2000年度,2000,00001|F1102,観測値|F1102_就業者数,人,1428326.0,1428326
labour,働く人の環境（就業・求人・給与）,34000,広島県,pref,34,広島県,2005100000,2005年度,2005,00001|F1102,観測値|F1102_就業者数,人,1398474.0,1398474
labour,働く人の環境（就業・求人・給与）,34000,広島県,pref,34,広島県,2010100000,2010年度,2010,00001|F1102,観測値|F1102_就業者数,人,1343318.0,1343318
labour,働く人の環境（就業・求人・給与）,34000,広島県,pref,34,広島県,2015100000,2015年度,2015,00001|F1102,観測値|F1102_就業者数,人,1336568.0,1336568
labour,働く人の環境（就業・求人・給与）,34000,広島県,pref,34,広島県,2020100000,2020年度,2020,00001|F1102,観測値|F1102_就業者数,人,1318328.0,1318328
labour,働く人の環境（就業・求人・給与）,35000,山口県,pref,35,山口県,1975100000,1975年度,1975,00001|F1102,観測値|F1102_就業者数,人,762617.0,762617
labour,働く人の環境（就業・求人・給与）,35000,山口県,pref,35,山口県,1980100000,1980年度,1980,00001|F1102,観測値|F1102_就業者数,人,767930.0,767930
labour,働く人の環境（就業・求人・給与）,35000,山口県,pref,35,山口県,1985100000,1985年度,1985,00001|F1102,観測値|F1102_就業者数,人,767544.0,767544
labour,働く人の環境（就業・求人・給与）,35000,山口県,pref,35,山口県,1990100000,1990年度,1990,00001|F1102,観測値|F1102_就業者数,人,766513.0,766513
labour,働く人の環境（就業・求人・給与）,35000,山口県,pref,35,山口県,1995100000,1995年度,1995,00001|F1102,観測値|F1102_就業者数,人,784540.0,784540
labour,働く人の環境（就業・求人・給与）,35000,山口県,pref,35,山口県,2000100000,2000年度,2000,00001|F1102,観測値|F1102_就業者数,人,746704.0,746704
labour,働く人の環境（就業・求人・給与）,35000,山口県,pref,35,山口県,2005100000,2005年度,2005,00001|F1102,観測値|F1102_就業者数,人,716331.0,716331
labour,働く人の環境（就業・求人・給与）,35000,山口県,pref,35,山口県,2010100000,2010年度,2010,00001|F1102,観測値|F1102_就業者数,人,665489.0,665489
labour,働く人の環境（就業・求人・給与）,35000,山口県,pref,35,山口県,2015100000,2015年度,2015,00001|F1102,観測値|F1102_就業者数,人,645035.0,645035
labour,働く人の環境（就業・求人・給与）,35000,山口県,pref,35,山口県,2020100000,2020年度,2020,00001|F1102,観測値|F1102_就業者数,人,620702.0,620702
labour,働く人の環境（就業・求人・給与）,36000,徳島県,pref,36,徳島県,1975100000,1975年度,1975,00001|F1102,観測値|F1102_就業者数,人,393539.0,393539
labour,働く人の環境（就業・求人・給与）,36000,徳島県,pref,36,徳島県,1980100000,1980年度,1980,00001|F1102,観測値|F1102_就業者数,人,404614.0,404614
labour,働く人の環境（就業・求人・給与）,36000,徳島県,pref,36,徳島県,1985100000,1985年度,1985,00001|F1102,観測値|F1102_就業者数,人,398428.0,398428
labour,働く人の環境（就業・求人・給与）,36000,徳島県,pref,36,徳島県,1990100000,1990年度,1990,00001|F1102,観測値|F1102_就業者数,人,400046.0,400046
labour,働く人の環境（就業・求人・給与）,36000,徳島県,pref,36,徳島県,1995100000,1995年度,1995,00001|F1102,観測値|F1102_就業者数,人,406031.0,406031
labour,働く人の環境（就業・求人・給与）,36000,徳島県,pref,36,徳島県,2000100000,2000年度,2000,00001|F1102,観測値|F1102_就業者数,人,390509.0,390509
labour,働く人の環境（就業・求人・給与）,36000,徳島県,pref,36,徳島県,2005100000,2005年度,2005,00001|F1102,観測値|F1102_就業者数,人,373825.0,373825
labour,働く人の環境（就業・求人・給与）,36000,徳島県,pref,36,徳島県,2010100000,2010年度,2010,00001|F1102,観測値|F1102_就業者数,人,347093.0,347093
labour,働く人の環境（就業・求人・給与）,36000,徳島県,pref,36,徳島県,2015100000,2015年度,2015,00001|F1102,観測値|F1102_就業者数,人,342906.0,342906
labour,働く人の環境（就業・求人・給与）,36000,徳島県,pref,36,徳島県,2020100000,2020年度,2020,00001|F1102,観測値|F1102_就業者数,人,328286.0,328286
labour,働く人の環境（就業・求人・給与）,37000,香川県,pref,37,香川県,1975100000,1975年度,1975,00001|F1102,観測値|F1102_就業者数,人,481162.0,481162
labour,働く人の環境（就業・求人・給与）,37000,香川県,pref,37,香川県,1980100000,1980年度,1980,00001|F1102,観測値|F1102_就業者数,人,499372.0,499372
labour,働く人の環境（就業・求人・給与）,37000,香川県,pref,37,香川県,1985100000,1985年度,1985,00001|F1102,観測値|F1102_就業者数,人,501626.0,501626
labour,働く人の環境（就業・求人・給与）,37000,香川県,pref,37,香川県,1990100000,1990年度,1990,00001|F1102,観測値|F1102_就業者数,人,510143.0,510143
labour,働く人の環境（就業・求人・給与）,37000,香川県,pref,37,香川県,1995100000,1995年度,1995,00001|F1102,観測値|F1102_就業者数,人,527995.0,527995
labour,働く人の環境（就業・求人・給与）,37000,香川県,pref,37,香川県,2000100000,2000年度,2000,00001|F1102,観測値|F1102_就業者数,人,511354.0,511354
labour,働く人の環境（就業・求人・給与）,37000,香川県,pref,37,香川県,2005100000,2005年度,2005,00001|F1102,観測値|F1102_就業者数,人,490775.0,490775
labour,働く人の環境（就業・求人・給与）,37000,香川県,pref,37,香川県,2010100000,2010年度,2010,00001|F1102,観測値|F1102_就業者数,人,462418.0,462418
labour,働く人の環境（就業・求人・給与）,37000,香川県,pref,37,香川県,2015100000,2015年度,2015,00001|F1102,観測値|F1102_就業者数,人,452644.0,452644
labour,働く人の環境（就業・求人・給与）,37000,香川県,pref,37,香川県,2020100000,2020年度,2020,00001|F1102,観測値|F1102_就業者数,人,443196.0,443196
labour,働く人の環境（就業・求人・給与）,38000,愛媛県,pref,38,愛媛県,1975100000,1975年度,1975,00001|F1102,観測値|F1102_就業者数,人,685568.0,685568
labour,働く人の環境（就業・求人・給与）,38000,愛媛県,pref,38,愛媛県,1980100000,1980年度,1980,00001|F1102,観測値|F1102_就業者数,人,715421.0,715421
labour,働く人の環境（就業・求人・給与）,38000,愛媛県,pref,38,愛媛県,1985100000,1985年度,1985,00001|F1102,観測値|F1102_就業者数,人,719645.0,719645
labour,働く人の環境（就業・求人・給与）,38000,愛媛県,pref,38,愛媛県,1990100000,1990年度,1990,00001|F1102,観測値|F1102_就業者数,人,721181.0,721181
labour,働く人の環境（就業・求人・給与）,38000,愛媛県,pref,38,愛媛県,1995100000,1995年度,1995,00001|F1102,観測値|F1102_就業者数,人,736919.0,736919
labour,働く人の環境（就業・求人・給与）,38000,愛媛県,pref,38,愛媛県,2000100000,2000年度,2000,00001|F1102,観測値|F1102_就業者数,人,709607.0,709607
labour,働く人の環境（就業・求人・給与）,38000,愛媛県,pref,38,愛媛県,2005100000,2005年度,2005,00001|F1102,観測値|F1102_就業者数,人,679915.0,679915
labour,働く人の環境（就業・求人・給与）,38000,愛媛県,pref,38,愛媛県,2010100000,2010年度,2010,00001|F1102,観測値|F1102_就業者数,人,651605.0,651605
labour,働く人の環境（就業・求人・給与）,38000,愛媛県,pref,38,愛媛県,2015100000,2015年度,2015,00001|F1102,観測値|F1102_就業者数,人,642741.0,642741
labour,働く人の環境（就業・求人・給与）,38000,愛媛県,pref,38,愛媛県,2020100000,2020年度,2020,00001|F1102,観測値|F1102_就業者数,人,601302.0,601302
labour,働く人の環境（就業・求人・給与）,39000,高知県,pref,39,高知県,1975100000,1975年度,1975,00001|F1102,観測値|F1102_就業者数,人,399550.0,399550
labour,働く人の環境（就業・求人・給与）,39000,高知県,pref,39,高知県,1980100000,1980年度,1980,00001|F1102,観測値|F1102_就業者数,人,414404.0,414404
labour,働く人の環境（就業・求人・給与）,39000,高知県,pref,39,高知県,1985100000,1985年度,1985,00001|F1102,観測値|F1102_就業者数,人,403909.0,403909
labour,働く人の環境（就業・求人・給与）,39000,高知県,pref,39,高知県,1990100000,1990年度,1990,00001|F1102,観測値|F1102_就業者数,人,401535.0,401535
labour,働く人の環境（就業・求人・給与）,39000,高知県,pref,39,高知県,1995100000,1995年度,1995,00001|F1102,観測値|F1102_就業者数,人,409277.0,409277
labour,働く人の環境（就業・求人・給与）,39000,高知県,pref,39,高知県,2000100000,2000年度,2000,00001|F1102,観測値|F1102_就業者数,人,393820.0,393820
labour,働く人の環境（就業・求人・給与）,39000,高知県,pref,39,高知県,2005100000,2005年度,2005,00001|F1102,観測値|F1102_就業者数,人,370395.0,370395
labour,働く人の環境（就業・求人・給与）,39000,高知県,pref,39,高知県,2010100000,2010年度,2010,00001|F1102,観測値|F1102_就業者数,人,335775.0,335775
labour,働く人の環境（就業・求人・給与）,39000,高知県,pref,39,高知県,2015100000,2015年度,2015,00001|F1102,観測値|F1102_就業者数,人,323408.0,323408
labour,働く人の環境（就業・求人・給与）,39000,高知県,pref,39,高知県,2020100000,2020年度,2020,00001|F1102,観測値|F1102_就業者数,人,308565.0,308565
labour,働く人の環境（就業・求人・給与）,40000,福岡県,pref,40,福岡県,1975100000,1975年度,1975,00001|F1102,観測値|F1102_就業者数,人,1916134.0,1916134
labour,働く人の環境（就業・求人・給与）,40000,福岡県,pref,40,福岡県,1980100000,1980年度,1980,00001|F1102,観測値|F1102_就業者数,人,2023297.0,2023297
labour,働く人の環境（就業・求人・給与）,40000,福岡県,pref,40,福岡県,1985100000,1985年度,1985,00001|F1102,観測値|F1102_就業者数,人,2071541.0,2071541
labour,働く人の環境（就業・求人・給与）,40000,福岡県,pref,40,福岡県,1990100000,1990年度,1990,00001|F1102,観測値|F1102_就業者数,人,2181788.0,2181788
labour,働く人の環境（就業・求人・給与）,40000,福岡県,pref,40,福岡県,1995100000,1995年度,1995,00001|F1102,観測値|F1102_就業者数,人,2326268.0,2326268
labour,働く人の環境（就業・求人・給与）,40000,福岡県,pref,40,福岡県,2000100000,2000年度,2000,00001|F1102,観測値|F1102_就業者数,人,2323182.0,2323182
labour,働く人の環境（就業・求人・給与）,40000,福岡県,pref,40,福岡県,2005100000,2005年度,2005,00001|F1102,観測値|F1102_就業者数,人,2297154.0,2297154
labour,働く人の環境（就業・求人・給与）,40000,福岡県,pref,40,福岡県,2010100000,2010年度,2010,00001|F1102,観測値|F1102_就業者数,人,2262722.0,2262722
labour,働く人の環境（就業・求人・給与）,40000,福岡県,pref,40,福岡県,2015100000,2015年度,2015,00001|F1102,観測値|F1102_就業者数,人,2254095.0,2254095
labour,働く人の環境（就業・求人・給与）,40000,福岡県,pref,40,福岡県,2020100000,2020年度,2020,00001|F1102,観測値|F1102_就業者数,人,2253134.0,2253134
labour,働く人の環境（就業・求人・給与）,41000,佐賀県,pref,41,佐賀県,1975100000,1975年度,1975,00001|F1102,観測値|F1102_就業者数,人,397097.0,397097
labour,働く人の環境（就業・求人・給与）,41000,佐賀県,pref,41,佐賀県,1980100000,1980年度,1980,00001|F1102,観測値|F1102_就業者数,人,419548.0,419548
labour,働く人の環境（就業・求人・給与）,41000,佐賀県,pref,41,佐賀県,1985100000,1985年度,1985,00001|F1102,観測値|F1102_就業者数,人,419636.0,419636
labour,働く人の環境（就業・求人・給与）,41000,佐賀県,pref,41,佐賀県,1990100000,1990年度,1990,00001|F1102,観測値|F1102_就業者数,人,426775.0,426775
labour,働く人の環境（就業・求人・給与）,41000,佐賀県,pref,41,佐賀県,1995100000,1995年度,1995,00001|F1102,観測値|F1102_就業者数,人,443037.0,443037
labour,働く人の環境（就業・求人・給与）,41000,佐賀県,pref,41,佐賀県,2000100000,2000年度,2000,00001|F1102,観測値|F1102_就業者数,人,431457.0,431457
labour,働く人の環境（就業・求人・給与）,41000,佐賀県,pref,41,佐賀県,2005100000,2005年度,2005,00001|F1102,観測値|F1102_就業者数,人,423379.0,423379
labour,働く人の環境（就業・求人・給与）,41000,佐賀県,pref,41,佐賀県,2010100000,2010年度,2010,00001|F1102,観測値|F1102_就業者数,人,409277.0,409277
labour,働く人の環境（就業・求人・給与）,41000,佐賀県,pref,41,佐賀県,2015100000,2015年度,2015,00001|F1102,観測値|F1102_就業者数,人,410237.0,410237
labour,働く人の環境（就業・求人・給与）,41000,佐賀県,pref,41,佐賀県,2020100000,2020年度,2020,00001|F1102,観測値|F1102_就業者数,人,400264.0,400264
labour,働く人の環境（就業・求人・給与）,42000,長崎県,pref,42,長崎県,1975100000,1975年度,1975,00001|F1102,観測値|F1102_就業者数,人,678264.0,678264
labour,働く人の環境（就業・求人・給与）,42000,長崎県,pref,42,長崎県,1980100000,1980年度,1980,00001|F1102,観測値|F1102_就業者数,人,702887.0,702887
labour,働く人の環境（就業・求人・給与）,42000,長崎県,pref,42,長崎県,1985100000,1985年度,1985,00001|F1102,観測値|F1102_就業者数,人,701157.0,701157
labour,働く人の環境（就業・求人・給与）,42000,長崎県,pref,42,長崎県,1990100000,1990年度,1990,00001|F1102,観測値|F1102_就業者数,人,706441.0,706441
labour,働く人の環境（就業・求人・給与）,42000,長崎県,pref,42,長崎県,1995100000,1995年度,1995,00001|F1102,観測値|F1102_就業者数,人,725810.0,725810
labour,働く人の環境（就業・求人・給与）,42000,長崎県,pref,42,長崎県,2000100000,2000年度,2000,00001|F1102,観測値|F1102_就業者数,人,702091.0,702091
labour,働く人の環境（就業・求人・給与）,42000,長崎県,pref,42,長崎県,2005100000,2005年度,2005,00001|F1102,観測値|F1102_就業者数,人,679847.0,679847
labour,働く人の環境（就業・求人・給与）,42000,長崎県,pref,42,長崎県,2010100000,2010年度,2010,00001|F1102,観測値|F1102_就業者数,人,650972.0,650972
labour,働く人の環境（就業・求人・給与）,42000,長崎県,pref,42,長崎県,2015100000,2015年度,2015,00001|F1102,観測値|F1102_就業者数,人,644154.0,644154
labour,働く人の環境（就業・求人・給与）,42000,長崎県,pref,42,長崎県,2020100000,2020年度,2020,00001|F1102,観測値|F1102_就業者数,人,617707.0,617707
labour,働く人の環境（就業・求人・給与）,43000,熊本県,pref,43,熊本県,1975100000,1975年度,1975,00001|F1102,観測値|F1102_就業者数,人,796043.0,796043
labour,働く人の環境（就業・求人・給与）,43000,熊本県,pref,43,熊本県,1980100000,1980年度,1980,00001|F1102,観測値|F1102_就業者数,人,847638.0,847638
labour,働く人の環境（就業・求人・給与）,43000,熊本県,pref,43,熊本県,1985100000,1985年度,1985,00001|F1102,観測値|F1102_就業者数,人,861973.0,861973
labour,働く人の環境（就業・求人・給与）,43000,熊本県,pref,43,熊本県,1990100000,1990年度,1990,00001|F1102,観測値|F1102_就業者数,人,872301.0,872301
labour,働く人の環境（就業・求人・給与）,43000,熊本県,pref,43,熊本県,1995100000,1995年度,1995,00001|F1102,観測値|F1102_就業者数,人,897965.0,897965
labour,働く人の環境（就業・求人・給与）,43000,熊本県,pref,43,熊本県,2000100000,2000年度,2000,00001|F1102,観測値|F1102_就業者数,人,886887.0,886887
labour,働く人の環境（就業・求人・給与）,43000,熊本県,pref,43,熊本県,2005100000,2005年度,2005,00001|F1102,観測値|F1102_就業者数,人,873871.0,873871
labour,働く人の環境（就業・求人・給与）,43000,熊本県,pref,43,熊本県,2010100000,2010年度,2010,00001|F1102,観測値|F1102_就業者数,人,834244.0,834244
labour,働く人の環境（就業・求人・給与）,43000,熊本県,pref,43,熊本県,2015100000,2015年度,2015,00001|F1102,観測値|F1102_就業者数,人,834257.0,834257
labour,働く人の環境（就業・求人・給与）,43000,熊本県,pref,43,熊本県,2020100000,2020年度,2020,00001|F1102,観測値|F1102_就業者数,人,819259.0,819259
labour,働く人の環境（就業・求人・給与）,44000,大分県,pref,44,大分県,1975100000,1975年度,1975,00001|F1102,観測値|F1102_就業者数,人,562627.0,562627
labour,働く人の環境（就業・求人・給与）,44000,大分県,pref,44,大分県,1980100000,1980年度,1980,00001|F1102,観測値|F1102_就業者数,人,581272.0,581272
labour,働く人の環境（就業・求人・給与）,44000,大分県,pref,44,大分県,1985100000,1985年度,1985,00001|F1102,観測値|F1102_就業者数,人,579143.0,579143
labour,働く人の環境（就業・求人・給与）,44000,大分県,pref,44,大分県,1990100000,1990年度,1990,00001|F1102,観測値|F1102_就業者数,人,582392.0,582392
labour,働く人の環境（就業・求人・給与）,44000,大分県,pref,44,大分県,1995100000,1995年度,1995,00001|F1102,観測値|F1102_就業者数,人,601852.0,601852
labour,働く人の環境（就業・求人・給与）,44000,大分県,pref,44,大分県,2000100000,2000年度,2000,00001|F1102,観測値|F1102_就業者数,人,583294.0,583294
labour,働く人の環境（就業・求人・給与）,44000,大分県,pref,44,大分県,2005100000,2005年度,2005,00001|F1102,観測値|F1102_就業者数,人,571645.0,571645
labour,働く人の環境（就業・求人・給与）,44000,大分県,pref,44,大分県,2010100000,2010年度,2010,00001|F1102,観測値|F1102_就業者数,人,550451.0,550451
labour,働く人の環境（就業・求人・給与）,44000,大分県,pref,44,大分県,2015100000,2015年度,2015,00001|F1102,観測値|F1102_就業者数,人,546167.0,546167
labour,働く人の環境（就業・求人・給与）,44000,大分県,pref,44,大分県,2020100000,2020年度,2020,00001|F1102,観測値|F1102_就業者数,人,520322.0,520322
labour,働く人の環境（就業・求人・給与）,45000,宮崎県,pref,45,宮崎県,1975100000,1975年度,1975,00001|F1102,観測値|F1102_就業者数,人,518779.0,518779
labour,働く人の環境（就業・求人・給与）,45000,宮崎県,pref,45,宮崎県,1980100000,1980年度,1980,00001|F1102,観測値|F1102_就業者数,人,558615.0,558615
labour,働く人の環境（就業・求人・給与）,45000,宮崎県,pref,45,宮崎県,1985100000,1985年度,1985,00001|F1102,観測値|F1102_就業者数,人,557801.0,557801
labour,働く人の環境（就業・求人・給与）,45000,宮崎県,pref,45,宮崎県,1990100000,1990年度,1990,00001|F1102,観測値|F1102_就業者数,人,560769.0,560769
labour,働く人の環境（就業・求人・給与）,45000,宮崎県,pref,45,宮崎県,1995100000,1995年度,1995,00001|F1102,観測値|F1102_就業者数,人,582549.0,582549
labour,働く人の環境（就業・求人・給与）,45000,宮崎県,pref,45,宮崎県,2000100000,2000年度,2000,00001|F1102,観測値|F1102_就業者数,人,566981.0,566981
labour,働く人の環境（就業・求人・給与）,45000,宮崎県,pref,45,宮崎県,2005100000,2005年度,2005,00001|F1102,観測値|F1102_就業者数,人,552738.0,552738
labour,働く人の環境（就業・求人・給与）,45000,宮崎県,pref,45,宮崎県,2010100000,2010年度,2010,00001|F1102,観測値|F1102_就業者数,人,531213.0,531213
labour,働く人の環境（就業・求人・給与）,45000,宮崎県,pref,45,宮崎県,2015100000,2015年度,2015,00001|F1102,観測値|F1102_就業者数,人,519210.0,519210
labour,働く人の環境（就業・求人・給与）,45000,宮崎県,pref,45,宮崎県,2020100000,2020年度,2020,00001|F1102,観測値|F1102_就業者数,人,498592.0,498592
labour,働く人の環境（就業・求人・給与）,46000,鹿児島県,pref,46,鹿児島県,1975100000,1975年度,1975,00001|F1102,観測値|F1102_就業者数,人,798377.0,798377
labour,働く人の環境（就業・求人・給与）,46000,鹿児島県,pref,46,鹿児島県,1980100000,1980年度,1980,00001|F1102,観測値|F1102_就業者数,人,844029.0,844029
labour,働く人の環境（就業・求人・給与）,46000,鹿児島県,pref,46,鹿児島県,1985100000,1985年度,1985,00001|F1102,観測値|F1102_就業者数,人,841479.0,841479
labour,働く人の環境（就業・求人・給与）,46000,鹿児島県,pref,46,鹿児島県,1990100000,1990年度,1990,00001|F1102,観測値|F1102_就業者数,人,820576.0,820576
labour,働く人の環境（就業・求人・給与）,46000,鹿児島県,pref,46,鹿児島県,1995100000,1995年度,1995,00001|F1102,観測値|F1102_就業者数,人,843625.0,843625
labour,働く人の環境（就業・求人・給与）,46000,鹿児島県,pref,46,鹿児島県,2000100000,2000年度,2000,00001|F1102,観測値|F1102_就業者数,人,828957.0,828957
labour,働く人の環境（就業・求人・給与）,46000,鹿児島県,pref,46,鹿児島県,2005100000,2005年度,2005,00001|F1102,観測値|F1102_就業者数,人,809835.0,809835
labour,働く人の環境（就業・求人・給与）,46000,鹿児島県,pref,46,鹿児島県,2010100000,2010年度,2010,00001|F1102,観測値|F1102_就業者数,人,776993.0,776993
labour,働く人の環境（就業・求人・給与）,46000,鹿児島県,pref,46,鹿児島県,2015100000,2015年度,2015,00001|F1102,観測値|F1102_就業者数,人,753855.0,753855
labour,働く人の環境（就業・求人・給与）,46000,鹿児島県,pref,46,鹿児島県,2020100000,2020年度,2020,00001|F1102,観測値|F1102_就業者数,人,738343.0,738343
labour,働く人の環境（就業・求人・給与）,47000,沖縄県,pref,47,沖縄県,1975100000,1975年度,1975,00001|F1102,観測値|F1102_就業者数,人,379803.0,379803
labour,働く人の環境（就業・求人・給与）,47000,沖縄県,pref,47,沖縄県,1980100000,1980年度,1980,00001|F1102,観測値|F1102_就業者数,人,428729.0,428729
labour,働く人の環境（就業・求人・給与）,47000,沖縄県,pref,47,沖縄県,1985100000,1985年度,1985,00001|F1102,観測値|F1102_就業者数,人,478576.0,478576
labour,働く人の環境（就業・求人・給与）,47000,沖縄県,pref,47,沖縄県,1990100000,1990年度,1990,00001|F1102,観測値|F1102_就業者数,人,509900.0,509900
labour,働く人の環境（就業・求人・給与）,47000,沖縄県,pref,47,沖縄県,1995100000,1995年度,1995,00001|F1102,観測値|F1102_就業者数,人,541693.0,541693
labour,働く人の環境（就業・求人・給与）,47000,沖縄県,pref,47,沖縄県,2000100000,2000年度,2000,00001|F1102,観測値|F1102_就業者数,人,555562.0,555562
labour,働く人の環境（就業・求人・給与）,47000,沖縄県,pref,47,沖縄県,2005100000,2005年度,2005,00001|F1102,観測値|F1102_就業者数,人,560477.0,560477
labour,働く人の環境（就業・求人・給与）,47000,沖縄県,pref,47,沖縄県,2010100000,2010年度,2010,00001|F1102,観測値|F1102_就業者数,人,578638.0,578638
labour,働く人の環境（就業・求人・給与）,47000,沖縄県,pref,47,沖縄県,2015100000,2015年度,2015,00001|F1102,観測値|F1102_就業者数,人,589634.0,589634
labour,働く人の環境（就業・求人・給与）,47000,沖縄県,pref,47,沖縄県,2020100000,2020年度,2020,00001|F1102,観測値|F1102_就業者数,人,577419.0,577419
labour,働く人の環境（就業・求人・給与）,00000,全国,national,,,1975100000,1975年度,1975,00001|F2201,観測値|F2201_第1次産業就業者数,人,7353872.0,7353872
labour,働く人の環境（就業・求人・給与）,00000,全国,national,,,1980100000,1980年度,1980,00001|F2201,観測値|F2201_第1次産業就業者数,人,6110987.0,6110987
labour,働く人の環境（就業・求人・給与）,00000,全国,national,,,1985100000,1985年度,1985,00001|F2201,観測値|F2201_第1次産業就業者数,人,5412193.0,5412193
labour,働く人の環境（就業・求人・給与）,00000,全国,national,,,1990100000,1990年度,1990,00001|F2201,観測値|F2201_第1次産業就業者数,人,4391281.0,4391281
labour,働く人の環境（就業・求人・給与）,00000,全国,national,,,1995100000,1995年度,1995,00001|F2201,観測値|F2201_第1次産業就業者数,人,3819849.0,3819849
labour,働く人の環境（就業・求人・給与）,00000,全国,national,,,2000100000,2000年度,2000,00001|F2201,観測値|F2201_第1次産業就業者数,人,3172509.0,3172509
labour,働く人の環境（就業・求人・給与）,00000,全国,national,,,2005100000,2005年度,2005,00001|F2201,観測値|F2201_第1次産業就業者数,人,2965791.0,2965791
labour,働く人の環境（就業・求人・給与）,00000,全国,national,,,2010100000,2010年度,2010,00001|F2201,観測値|F2201_第1次産業就業者数,人,2381415.0,2381415
labour,働く人の環境（就業・求人・給与）,00000,全国,national,,,2015100000,2015年度,2015,00001|F2201,観測値|F2201_第1次産業就業者数,人,2221699.0,2221699
labour,働く人の環境（就業・求人・給与）,00000,全国,national,,,2020100000,2020年度,2020,00001|F2201,観測値|F2201_第1次産業就業者数,人,1962762.0,1962762
labour,働く人の環境（就業・求人・給与）,01000,北海道,pref,01,北海道,1975100000,1975年度,1975,00001|F2201,観測値|F2201_第1次産業就業者数,人,396837.0,396837
labour,働く人の環境（就業・求人・給与）,01000,北海道,pref,01,北海道,1980100000,1980年度,1980,00001|F2201,観測値|F2201_第1次産業就業者数,人,353178.0,353178
labour,働く人の環境（就業・求人・給与）,01000,北海道,pref,01,北海道,1985100000,1985年度,1985,00001|F2201,観測値|F2201_第1次産業就業者数,人,332034.0,332034
labour,働く人の環境（就業・求人・給与）,01000,北海道,pref,01,北海道,1990100000,1990年度,1990,00001|F2201,観測値|F2201_第1次産業就業者数,人,290867.0,290867
labour,働く人の環境（就業・求人・給与）,01000,北海道,pref,01,北海道,1995100000,1995年度,1995,00001|F2201,観測値|F2201_第1次産業就業者数,人,251434.0,251434
labour,働く人の環境（就業・求人・給与）,01000,北海道,pref,01,北海道,2000100000,2000年度,2000,00001|F2201,観測値|F2201_第1次産業就業者数,人,217908.0,217908
labour,働く人の環境（就業・求人・給与）,01000,北海道,pref,01,北海道,2005100000,2005年度,2005,00001|F2201,観測値|F2201_第1次産業就業者数,人,200822.0,200822
labour,働く人の環境（就業・求人・給与）,01000,北海道,pref,01,北海道,2010100000,2010年度,2010,00001|F2201,観測値|F2201_第1次産業就業者数,人,181531.0,181531
labour,働く人の環境（就業・求人・給与）,01000,北海道,pref,01,北海道,2015100000,2015年度,2015,00001|F2201,観測値|F2201_第1次産業就業者数,人,170336.0,170336
labour,働く人の環境（就業・求人・給与）,01000,北海道,pref,01,北海道,2020100000,2020年度,2020,00001|F2201,観測値|F2201_第1次産業就業者数,人,156298.0,156298
labour,働く人の環境（就業・求人・給与）,02000,青森県,pref,02,青森県,1975100000,1975年度,1975,00001|F2201,観測値|F2201_第1次産業就業者数,人,230336.0,230336
labour,働く人の環境（就業・求人・給与）,02000,青森県,pref,02,青森県,1980100000,1980年度,1980,00001|F2201,観測値|F2201_第1次産業就業者数,人,183912.0,183912
labour,働く人の環境（就業・求人・給与）,02000,青森県,pref,02,青森県,1985100000,1985年度,1985,00001|F2201,観測値|F2201_第1次産業就業者数,人,172836.0,172836
labour,働く人の環境（就業・求人・給与）,02000,青森県,pref,02,青森県,1990100000,1990年度,1990,00001|F2201,観測値|F2201_第1次産業就業者数,人,149530.0,149530
labour,働く人の環境（就業・求人・給与）,02000,青森県,pref,02,青森県,1995100000,1995年度,1995,00001|F2201,観測値|F2201_第1次産業就業者数,人,124232.0,124232
labour,働く人の環境（就業・求人・給与）,02000,青森県,pref,02,青森県,2000100000,2000年度,2000,00001|F2201,観測値|F2201_第1次産業就業者数,人,103735.0,103735
labour,働く人の環境（就業・求人・給与）,02000,青森県,pref,02,青森県,2005100000,2005年度,2005,00001|F2201,観測値|F2201_第1次産業就業者数,人,95725.0,95725
labour,働く人の環境（就業・求人・給与）,02000,青森県,pref,02,青森県,2010100000,2010年度,2010,00001|F2201,観測値|F2201_第1次産業就業者数,人,81042.0,81042
labour,働く人の環境（就業・求人・給与）,02000,青森県,pref,02,青森県,2015100000,2015年度,2015,00001|F2201,観測値|F2201_第1次産業就業者数,人,75300.0,75300
labour,働く人の環境（就業・求人・給与）,02000,青森県,pref,02,青森県,2020100000,2020年度,2020,00001|F2201,観測値|F2201_第1次産業就業者数,人,67001.0,67001
labour,働く人の環境（就業・求人・給与）,03000,岩手県,pref,03,岩手県,1975100000,1975年度,1975,00001|F2201,観測値|F2201_第1次産業就業者数,人,244710.0,244710
labour,働く人の環境（就業・求人・給与）,03000,岩手県,pref,03,岩手県,1980100000,1980年度,1980,00001|F2201,観測値|F2201_第1次産業就業者数,人,192263.0,192263
labour,働く人の環境（就業・求人・給与）,03000,岩手県,pref,03,岩手県,1985100000,1985年度,1985,00001|F2201,観測値|F2201_第1次産業就業者数,人,185324.0,185324
labour,働く人の環境（就業・求人・給与）,03000,岩手県,pref,03,岩手県,1990100000,1990年度,1990,00001|F2201,観測値|F2201_第1次産業就業者数,人,155356.0,155356
labour,働く人の環境（就業・求人・給与）,03000,岩手県,pref,03,岩手県,1995100000,1995年度,1995,00001|F2201,観測値|F2201_第1次産業就業者数,人,124837.0,124837
labour,働く人の環境（就業・求人・給与）,03000,岩手県,pref,03,岩手県,2000100000,2000年度,2000,00001|F2201,観測値|F2201_第1次産業就業者数,人,103992.0,103992
labour,働く人の環境（就業・求人・給与）,03000,岩手県,pref,03,岩手県,2005100000,2005年度,2005,00001|F2201,観測値|F2201_第1次産業就業者数,人,94437.0,94437
labour,働く人の環境（就業・求人・給与）,03000,岩手県,pref,03,岩手県,2010100000,2010年度,2010,00001|F2201,観測値|F2201_第1次産業就業者数,人,76003.0,76003
labour,働く人の環境（就業・求人・給与）,03000,岩手県,pref,03,岩手県,2015100000,2015年度,2015,00001|F2201,観測値|F2201_第1次産業就業者数,人,67731.0,67731
labour,働く人の環境（就業・求人・給与）,03000,岩手県,pref,03,岩手県,2020100000,2020年度,2020,00001|F2201,観測値|F2201_第1次産業就業者数,人,57926.0,57926
labour,働く人の環境（就業・求人・給与）,04000,宮城県,pref,04,宮城県,1975100000,1975年度,1975,00001|F2201,観測値|F2201_第1次産業就業者数,人,214288.0,214288
labour,働く人の環境（就業・求人・給与）,04000,宮城県,pref,04,宮城県,1980100000,1980年度,1980,00001|F2201,観測値|F2201_第1次産業就業者数,人,159413.0,159413
labour,働く人の環境（就業・求人・給与）,04000,宮城県,pref,04,宮城県,1985100000,1985年度,1985,00001|F2201,観測値|F2201_第1次産業就業者数,人,150932.0,150932
labour,働く人の環境（就業・求人・給与）,04000,宮城県,pref,04,宮城県,1990100000,1990年度,1990,00001|F2201,観測値|F2201_第1次産業就業者数,人,123479.0,123479
labour,働く人の環境（就業・求人・給与）,04000,宮城県,pref,04,宮城県,1995100000,1995年度,1995,00001|F2201,観測値|F2201_第1次産業就業者数,人,95534.0,95534
labour,働く人の環境（就業・求人・給与）,04000,宮城県,pref,04,宮城県,2000100000,2000年度,2000,00001|F2201,観測値|F2201_第1次産業就業者数,人,74909.0,74909
labour,働く人の環境（就業・求人・給与）,04000,宮城県,pref,04,宮城県,2005100000,2005年度,2005,00001|F2201,観測値|F2201_第1次産業就業者数,人,68985.0,68985
labour,働く人の環境（就業・求人・給与）,04000,宮城県,pref,04,宮城県,2010100000,2010年度,2010,00001|F2201,観測値|F2201_第1次産業就業者数,人,53219.0,53219
labour,働く人の環境（就業・求人・給与）,04000,宮城県,pref,04,宮城県,2015100000,2015年度,2015,00001|F2201,観測値|F2201_第1次産業就業者数,人,47017.0,47017
labour,働く人の環境（就業・求人・給与）,04000,宮城県,pref,04,宮城県,2020100000,2020年度,2020,00001|F2201,観測値|F2201_第1次産業就業者数,人,44050.0,44050
labour,働く人の環境（就業・求人・給与）,05000,秋田県,pref,05,秋田県,1975100000,1975年度,1975,00001|F2201,観測値|F2201_第1次産業就業者数,人,204813.0,204813
labour,働く人の環境（就業・求人・給与）,05000,秋田県,pref,05,秋田県,1980100000,1980年度,1980,00001|F2201,観測値|F2201_第1次産業就業者数,人,147728.0,147728
labour,働く人の環境（就業・求人・給与）,05000,秋田県,pref,05,秋田県,1985100000,1985年度,1985,00001|F2201,観測値|F2201_第1次産業就業者数,人,135259.0,135259
labour,働く人の環境（就業・求人・給与）,05000,秋田県,pref,05,秋田県,1990100000,1990年度,1990,00001|F2201,観測値|F2201_第1次産業就業者数,人,105594.0,105594
labour,働く人の環境（就業・求人・給与）,05000,秋田県,pref,05,秋田県,1995100000,1995年度,1995,00001|F2201,観測値|F2201_第1次産業就業者数,人,79926.0,79926
labour,働く人の環境（就業・求人・給与）,05000,秋田県,pref,05,秋田県,2000100000,2000年度,2000,00001|F2201,観測値|F2201_第1次産業就業者数,人,64465.0,64465
labour,働く人の環境（就業・求人・給与）,05000,秋田県,pref,05,秋田県,2005100000,2005年度,2005,00001|F2201,観測値|F2201_第1次産業就業者数,人,61307.0,61307
labour,働く人の環境（就業・求人・給与）,05000,秋田県,pref,05,秋田県,2010100000,2010年度,2010,00001|F2201,観測値|F2201_第1次産業就業者数,人,49929.0,49929
labour,働く人の環境（就業・求人・給与）,05000,秋田県,pref,05,秋田県,2015100000,2015年度,2015,00001|F2201,観測値|F2201_第1次産業就業者数,人,46456.0,46456
labour,働く人の環境（就業・求人・給与）,05000,秋田県,pref,05,秋田県,2020100000,2020年度,2020,00001|F2201,観測値|F2201_第1次産業就業者数,人,40122.0,40122
labour,働く人の環境（就業・求人・給与）,06000,山形県,pref,06,山形県,1975100000,1975年度,1975,00001|F2201,観測値|F2201_第1次産業就業者数,人,186797.0,186797
labour,働く人の環境（就業・求人・給与）,06000,山形県,pref,06,山形県,1980100000,1980年度,1980,00001|F2201,観測値|F2201_第1次産業就業者数,人,149449.0,149449
labour,働く人の環境（就業・求人・給与）,06000,山形県,pref,06,山形県,1985100000,1985年度,1985,00001|F2201,観測値|F2201_第1次産業就業者数,人,130899.0,130899
labour,働く人の環境（就業・求人・給与）,06000,山形県,pref,06,山形県,1990100000,1990年度,1990,00001|F2201,観測値|F2201_第1次産業就業者数,人,104857.0,104857
labour,働く人の環境（就業・求人・給与）,06000,山形県,pref,06,山形県,1995100000,1995年度,1995,00001|F2201,観測値|F2201_第1次産業就業者数,人,84933.0,84933
labour,働く人の環境（就業・求人・給与）,06000,山形県,pref,06,山形県,2000100000,2000年度,2000,00001|F2201,観測値|F2201_第1次産業就業者数,人,71049.0,71049
labour,働く人の環境（就業・求人・給与）,06000,山形県,pref,06,山形県,2005100000,2005年度,2005,00001|F2201,観測値|F2201_第1次産業就業者数,人,66700.0,66700
labour,働く人の環境（就業・求人・給与）,06000,山形県,pref,06,山形県,2010100000,2010年度,2010,00001|F2201,観測値|F2201_第1次産業就業者数,人,55606.0,55606
labour,働く人の環境（就業・求人・給与）,06000,山形県,pref,06,山形県,2015100000,2015年度,2015,00001|F2201,観測値|F2201_第1次産業就業者数,人,51681.0,51681
labour,働く人の環境（就業・求人・給与）,06000,山形県,pref,06,山形県,2020100000,2020年度,2020,00001|F2201,観測値|F2201_第1次産業就業者数,人,46647.0,46647
labour,働く人の環境（就業・求人・給与）,07000,福島県,pref,07,福島県,1975100000,1975年度,1975,00001|F2201,観測値|F2201_第1次産業就業者数,人,277477.0,277477
labour,働く人の環境（就業・求人・給与）,07000,福島県,pref,07,福島県,1980100000,1980年度,1980,00001|F2201,観測値|F2201_第1次産業就業者数,人,227744.0,227744
labour,働く人の環境（就業・求人・給与）,07000,福島県,pref,07,福島県,1985100000,1985年度,1985,00001|F2201,観測値|F2201_第1次産業就業者数,人,197085.0,197085
labour,働く人の環境（就業・求人・給与）,07000,福島県,pref,07,福島県,1990100000,1990年度,1990,00001|F2201,観測値|F2201_第1次産業就業者数,人,151443.0,151443
labour,働く人の環境（就業・求人・給与）,07000,福島県,pref,07,福島県,1995100000,1995年度,1995,00001|F2201,観測値|F2201_第1次産業就業者数,人,117560.0,117560
labour,働く人の環境（就業・求人・給与）,07000,福島県,pref,07,福島県,2000100000,2000年度,2000,00001|F2201,観測値|F2201_第1次産業就業者数,人,102115.0,102115
labour,働く人の環境（就業・求人・給与）,07000,福島県,pref,07,福島県,2005100000,2005年度,2005,00001|F2201,観測値|F2201_第1次産業就業者数,人,92540.0,92540
labour,働く人の環境（就業・求人・給与）,07000,福島県,pref,07,福島県,2010100000,2010年度,2010,00001|F2201,観測値|F2201_第1次産業就業者数,人,71428.0,71428
labour,働く人の環境（就業・求人・給与）,07000,福島県,pref,07,福島県,2015100000,2015年度,2015,00001|F2201,観測値|F2201_第1次産業就業者数,人,59780.0,59780
labour,働く人の環境（就業・求人・給与）,07000,福島県,pref,07,福島県,2020100000,2020年度,2020,00001|F2201,観測値|F2201_第1次産業就業者数,人,53665.0,53665
labour,働く人の環境（就業・求人・給与）,08000,茨城県,pref,08,茨城県,1975100000,1975年度,1975,00001|F2201,観測値|F2201_第1次産業就業者数,人,313333.0,313333
labour,働く人の環境（就業・求人・給与）,08000,茨城県,pref,08,茨城県,1980100000,1980年度,1980,00001|F2201,観測値|F2201_第1次産業就業者数,人,264923.0,264923
labour,働く人の環境（就業・求人・給与）,08000,茨城県,pref,08,茨城県,1985100000,1985年度,1985,00001|F2201,観測値|F2201_第1次産業就業者数,人,219575.0,219575
labour,働く人の環境（就業・求人・給与）,08000,茨城県,pref,08,茨城県,1990100000,1990年度,1990,00001|F2201,観測値|F2201_第1次産業就業者数,人,171652.0,171652
labour,働く人の環境（就業・求人・給与）,08000,茨城県,pref,08,茨城県,1995100000,1995年度,1995,00001|F2201,観測値|F2201_第1次産業就業者数,人,142143.0,142143
labour,働く人の環境（就業・求人・給与）,08000,茨城県,pref,08,茨城県,2000100000,2000年度,2000,00001|F2201,観測値|F2201_第1次産業就業者数,人,120520.0,120520
labour,働く人の環境（就業・求人・給与）,08000,茨城県,pref,08,茨城県,2005100000,2005年度,2005,00001|F2201,観測値|F2201_第1次産業就業者数,人,108019.0,108019
labour,働く人の環境（就業・求人・給与）,08000,茨城県,pref,08,茨城県,2010100000,2010年度,2010,00001|F2201,観測値|F2201_第1次産業就業者数,人,82873.0,82873
labour,働く人の環境（就業・求人・給与）,08000,茨城県,pref,08,茨城県,2015100000,2015年度,2015,00001|F2201,観測値|F2201_第1次産業就業者数,人,78996.0,78996
labour,働く人の環境（就業・求人・給与）,08000,茨城県,pref,08,茨城県,2020100000,2020年度,2020,00001|F2201,観測値|F2201_第1次産業就業者数,人,69281.0,69281
labour,働く人の環境（就業・求人・給与）,09000,栃木県,pref,09,栃木県,1975100000,1975年度,1975,00001|F2201,観測値|F2201_第1次産業就業者数,人,175836.0,175836
labour,働く人の環境（就業・求人・給与）,09000,栃木県,pref,09,栃木県,1980100000,1980年度,1980,00001|F2201,観測値|F2201_第1次産業就業者数,人,147305.0,147305
labour,働く人の環境（就業・求人・給与）,09000,栃木県,pref,09,栃木県,1985100000,1985年度,1985,00001|F2201,観測値|F2201_第1次産業就業者数,人,126797.0,126797
labour,働く人の環境（就業・求人・給与）,09000,栃木県,pref,09,栃木県,1990100000,1990年度,1990,00001|F2201,観測値|F2201_第1次産業就業者数,人,101790.0,101790
labour,働く人の環境（就業・求人・給与）,09000,栃木県,pref,09,栃木県,1995100000,1995年度,1995,00001|F2201,観測値|F2201_第1次産業就業者数,人,87278.0,87278
labour,働く人の環境（就業・求人・給与）,09000,栃木県,pref,09,栃木県,2000100000,2000年度,2000,00001|F2201,観測値|F2201_第1次産業就業者数,人,75214.0,75214
labour,働く人の環境（就業・求人・給与）,09000,栃木県,pref,09,栃木県,2005100000,2005年度,2005,00001|F2201,観測値|F2201_第1次産業就業者数,人,69344.0,69344
labour,働く人の環境（就業・求人・給与）,09000,栃木県,pref,09,栃木県,2010100000,2010年度,2010,00001|F2201,観測値|F2201_第1次産業就業者数,人,54746.0,54746
labour,働く人の環境（就業・求人・給与）,09000,栃木県,pref,09,栃木県,2015100000,2015年度,2015,00001|F2201,観測値|F2201_第1次産業就業者数,人,53177.0,53177
labour,働く人の環境（就業・求人・給与）,09000,栃木県,pref,09,栃木県,2020100000,2020年度,2020,00001|F2201,観測値|F2201_第1次産業就業者数,人,48245.0,48245
labour,働く人の環境（就業・求人・給与）,10000,群馬県,pref,10,群馬県,1975100000,1975年度,1975,00001|F2201,観測値|F2201_第1次産業就業者数,人,175710.0,175710
labour,働く人の環境（就業・求人・給与）,10000,群馬県,pref,10,群馬県,1980100000,1980年度,1980,00001|F2201,観測値|F2201_第1次産業就業者数,人,148458.0,148458
labour,働く人の環境（就業・求人・給与）,10000,群馬県,pref,10,群馬県,1985100000,1985年度,1985,00001|F2201,観測値|F2201_第1次産業就業者数,人,124072.0,124072
labour,働く人の環境（就業・求人・給与）,10000,群馬県,pref,10,群馬県,1990100000,1990年度,1990,00001|F2201,観測値|F2201_第1次産業就業者数,人,99167.0,99167
labour,働く人の環境（就業・求人・給与）,10000,群馬県,pref,10,群馬県,1995100000,1995年度,1995,00001|F2201,観測値|F2201_第1次産業就業者数,人,83222.0,83222
labour,働く人の環境（就業・求人・給与）,10000,群馬県,pref,10,群馬県,2000100000,2000年度,2000,00001|F2201,観測値|F2201_第1次産業就業者数,人,71815.0,71815
labour,働く人の環境（就業・求人・給与）,10000,群馬県,pref,10,群馬県,2005100000,2005年度,2005,00001|F2201,観測値|F2201_第1次産業就業者数,人,66291.0,66291
labour,働く人の環境（就業・求人・給与）,10000,群馬県,pref,10,群馬県,2010100000,2010年度,2010,00001|F2201,観測値|F2201_第1次産業就業者数,人,51801.0,51801
labour,働く人の環境（就業・求人・給与）,10000,群馬県,pref,10,群馬県,2015100000,2015年度,2015,00001|F2201,観測値|F2201_第1次産業就業者数,人,47943.0,47943
labour,働く人の環境（就業・求人・給与）,10000,群馬県,pref,10,群馬県,2020100000,2020年度,2020,00001|F2201,観測値|F2201_第1次産業就業者数,人,42484.0,42484
labour,働く人の環境（就業・求人・給与）,11000,埼玉県,pref,11,埼玉県,1975100000,1975年度,1975,00001|F2201,観測値|F2201_第1次産業就業者数,人,198509.0,198509
labour,働く人の環境（就業・求人・給与）,11000,埼玉県,pref,11,埼玉県,1980100000,1980年度,1980,00001|F2201,観測値|F2201_第1次産業就業者数,人,161243.0,161243
labour,働く人の環境（就業・求人・給与）,11000,埼玉県,pref,11,埼玉県,1985100000,1985年度,1985,00001|F2201,観測値|F2201_第1次産業就業者数,人,139405.0,139405
labour,働く人の環境（就業・求人・給与）,11000,埼玉県,pref,11,埼玉県,1990100000,1990年度,1990,00001|F2201,観測値|F2201_第1次産業就業者数,人,111877.0,111877
labour,働く人の環境（就業・求人・給与）,11000,埼玉県,pref,11,埼玉県,1995100000,1995年度,1995,00001|F2201,観測値|F2201_第1次産業就業者数,人,99990.0,99990
labour,働く人の環境（就業・求人・給与）,11000,埼玉県,pref,11,埼玉県,2000100000,2000年度,2000,00001|F2201,観測値|F2201_第1次産業就業者数,人,84853.0,84853
labour,働く人の環境（就業・求人・給与）,11000,埼玉県,pref,11,埼玉県,2005100000,2005年度,2005,00001|F2201,観測値|F2201_第1次産業就業者数,人,76358.0,76358
labour,働く人の環境（就業・求人・給与）,11000,埼玉県,pref,11,埼玉県,2010100000,2010年度,2010,00001|F2201,観測値|F2201_第1次産業就業者数,人,58301.0,58301
labour,働く人の環境（就業・求人・給与）,11000,埼玉県,pref,11,埼玉県,2015100000,2015年度,2015,00001|F2201,観測値|F2201_第1次産業就業者数,人,55488.0,55488
labour,働く人の環境（就業・求人・給与）,11000,埼玉県,pref,11,埼玉県,2020100000,2020年度,2020,00001|F2201,観測値|F2201_第1次産業就業者数,人,50424.0,50424
labour,働く人の環境（就業・求人・給与）,12000,千葉県,pref,12,千葉県,1975100000,1975年度,1975,00001|F2201,観測値|F2201_第1次産業就業者数,人,266946.0,266946
labour,働く人の環境（就業・求人・給与）,12000,千葉県,pref,12,千葉県,1980100000,1980年度,1980,00001|F2201,観測値|F2201_第1次産業就業者数,人,234158.0,234158
labour,働く人の環境（就業・求人・給与）,12000,千葉県,pref,12,千葉県,1985100000,1985年度,1985,00001|F2201,観測値|F2201_第1次産業就業者数,人,196922.0,196922
labour,働く人の環境（就業・求人・給与）,12000,千葉県,pref,12,千葉県,1990100000,1990年度,1990,00001|F2201,観測値|F2201_第1次産業就業者数,人,157781.0,157781
labour,働く人の環境（就業・求人・給与）,12000,千葉県,pref,12,千葉県,1995100000,1995年度,1995,00001|F2201,観測値|F2201_第1次産業就業者数,人,136962.0,136962
labour,働く人の環境（就業・求人・給与）,12000,千葉県,pref,12,千葉県,2000100000,2000年度,2000,00001|F2201,観測値|F2201_第1次産業就業者数,人,117446.0,117446
labour,働く人の環境（就業・求人・給与）,12000,千葉県,pref,12,千葉県,2005100000,2005年度,2005,00001|F2201,観測値|F2201_第1次産業就業者数,人,107971.0,107971
labour,働く人の環境（就業・求人・給与）,12000,千葉県,pref,12,千葉県,2010100000,2010年度,2010,00001|F2201,観測値|F2201_第1次産業就業者数,人,82826.0,82826
labour,働く人の環境（就業・求人・給与）,12000,千葉県,pref,12,千葉県,2015100000,2015年度,2015,00001|F2201,観測値|F2201_第1次産業就業者数,人,80221.0,80221
labour,働く人の環境（就業・求人・給与）,12000,千葉県,pref,12,千葉県,2020100000,2020年度,2020,00001|F2201,観測値|F2201_第1次産業就業者数,人,69472.0,69472
labour,働く人の環境（就業・求人・給与）,13000,東京都,pref,13,東京都,1975100000,1975年度,1975,00001|F2201,観測値|F2201_第1次産業就業者数,人,42879.0,42879
labour,働く人の環境（就業・求人・給与）,13000,東京都,pref,13,東京都,1980100000,1980年度,1980,00001|F2201,観測値|F2201_第1次産業就業者数,人,39650.0,39650
labour,働く人の環境（就業・求人・給与）,13000,東京都,pref,13,東京都,1985100000,1985年度,1985,00001|F2201,観測値|F2201_第1次産業就業者数,人,37485.0,37485
labour,働く人の環境（就業・求人・給与）,13000,東京都,pref,13,東京都,1990100000,1990年度,1990,00001|F2201,観測値|F2201_第1次産業就業者数,人,33177.0,33177
labour,働く人の環境（就業・求人・給与）,13000,東京都,pref,13,東京都,1995100000,1995年度,1995,00001|F2201,観測値|F2201_第1次産業就業者数,人,31325.0,31325
labour,働く人の環境（就業・求人・給与）,13000,東京都,pref,13,東京都,2000100000,2000年度,2000,00001|F2201,観測値|F2201_第1次産業就業者数,人,27126.0,27126
labour,働く人の環境（就業・求人・給与）,13000,東京都,pref,13,東京都,2005100000,2005年度,2005,00001|F2201,観測値|F2201_第1次産業就業者数,人,25889.0,25889
labour,働く人の環境（就業・求人・給与）,13000,東京都,pref,13,東京都,2010100000,2010年度,2010,00001|F2201,観測値|F2201_第1次産業就業者数,人,22400.0,22400
labour,働く人の環境（就業・求人・給与）,13000,東京都,pref,13,東京都,2015100000,2015年度,2015,00001|F2201,観測値|F2201_第1次産業就業者数,人,22690.0,22690
labour,働く人の環境（就業・求人・給与）,13000,東京都,pref,13,東京都,2020100000,2020年度,2020,00001|F2201,観測値|F2201_第1次産業就業者数,人,21996.0,21996
labour,働く人の環境（就業・求人・給与）,14000,神奈川県,pref,14,神奈川県,1975100000,1975年度,1975,00001|F2201,観測値|F2201_第1次産業就業者数,人,75719.0,75719
labour,働く人の環境（就業・求人・給与）,14000,神奈川県,pref,14,神奈川県,1980100000,1980年度,1980,00001|F2201,観測値|F2201_第1次産業就業者数,人,67361.0,67361
labour,働く人の環境（就業・求人・給与）,14000,神奈川県,pref,14,神奈川県,1985100000,1985年度,1985,00001|F2201,観測値|F2201_第1次産業就業者数,人,61945.0,61945
labour,働く人の環境（就業・求人・給与）,14000,神奈川県,pref,14,神奈川県,1990100000,1990年度,1990,00001|F2201,観測値|F2201_第1次産業就業者数,人,53687.0,53687
labour,働く人の環境（就業・求人・給与）,14000,神奈川県,pref,14,神奈川県,1995100000,1995年度,1995,00001|F2201,観測値|F2201_第1次産業就業者数,人,50332.0,50332
labour,働く人の環境（就業・求人・給与）,14000,神奈川県,pref,14,神奈川県,2000100000,2000年度,2000,00001|F2201,観測値|F2201_第1次産業就業者数,人,43871.0,43871
labour,働く人の環境（就業・求人・給与）,14000,神奈川県,pref,14,神奈川県,2005100000,2005年度,2005,00001|F2201,観測値|F2201_第1次産業就業者数,人,41831.0,41831
labour,働く人の環境（就業・求人・給与）,14000,神奈川県,pref,14,神奈川県,2010100000,2010年度,2010,00001|F2201,観測値|F2201_第1次産業就業者数,人,35044.0,35044
labour,働く人の環境（就業・求人・給与）,14000,神奈川県,pref,14,神奈川県,2015100000,2015年度,2015,00001|F2201,観測値|F2201_第1次産業就業者数,人,34368.0,34368
labour,働く人の環境（就業・求人・給与）,14000,神奈川県,pref,14,神奈川県,2020100000,2020年度,2020,00001|F2201,観測値|F2201_第1次産業就業者数,人,31897.0,31897
labour,働く人の環境（就業・求人・給与）,15000,新潟県,pref,15,新潟県,1975100000,1975年度,1975,00001|F2201,観測値|F2201_第1次産業就業者数,人,285111.0,285111
labour,働く人の環境（就業・求人・給与）,15000,新潟県,pref,15,新潟県,1980100000,1980年度,1980,00001|F2201,観測値|F2201_第1次産業就業者数,人,228101.0,228101
labour,働く人の環境（就業・求人・給与）,15000,新潟県,pref,15,新潟県,1985100000,1985年度,1985,00001|F2201,観測値|F2201_第1次産業就業者数,人,177760.0,177760
labour,働く人の環境（就業・求人・給与）,15000,新潟県,pref,15,新潟県,1990100000,1990年度,1990,00001|F2201,観測値|F2201_第1次産業就業者数,人,135499.0,135499
labour,働く人の環境（就業・求人・給与）,15000,新潟県,pref,15,新潟県,1995100000,1995年度,1995,00001|F2201,観測値|F2201_第1次産業就業者数,人,119883.0,119883
labour,働く人の環境（就業・求人・給与）,15000,新潟県,pref,15,新潟県,2000100000,2000年度,2000,00001|F2201,観測値|F2201_第1次産業就業者数,人,92127.0,92127
labour,働く人の環境（就業・求人・給与）,15000,新潟県,pref,15,新潟県,2005100000,2005年度,2005,00001|F2201,観測値|F2201_第1次産業就業者数,人,92194.0,92194
labour,働く人の環境（就業・求人・給与）,15000,新潟県,pref,15,新潟県,2010100000,2010年度,2010,00001|F2201,観測値|F2201_第1次産業就業者数,人,70680.0,70680
labour,働く人の環境（就業・求人・給与）,15000,新潟県,pref,15,新潟県,2015100000,2015年度,2015,00001|F2201,観測値|F2201_第1次産業就業者数,人,65717.0,65717
labour,働く人の環境（就業・求人・給与）,15000,新潟県,pref,15,新潟県,2020100000,2020年度,2020,00001|F2201,観測値|F2201_第1次産業就業者数,人,55719.0,55719
labour,働く人の環境（就業・求人・給与）,16000,富山県,pref,16,富山県,1975100000,1975年度,1975,00001|F2201,観測値|F2201_第1次産業就業者数,人,88779.0,88779
labour,働く人の環境（就業・求人・給与）,16000,富山県,pref,16,富山県,1980100000,1980年度,1980,00001|F2201,観測値|F2201_第1次産業就業者数,人,69618.0,69618
labour,働く人の環境（就業・求人・給与）,16000,富山県,pref,16,富山県,1985100000,1985年度,1985,00001|F2201,観測値|F2201_第1次産業就業者数,人,52775.0,52775
labour,働く人の環境（就業・求人・給与）,16000,富山県,pref,16,富山県,1990100000,1990年度,1990,00001|F2201,観測値|F2201_第1次産業就業者数,人,39215.0,39215
labour,働く人の環境（就業・求人・給与）,16000,富山県,pref,16,富山県,1995100000,1995年度,1995,00001|F2201,観測値|F2201_第1次産業就業者数,人,34734.0,34734
labour,働く人の環境（就業・求人・給与）,16000,富山県,pref,16,富山県,2000100000,2000年度,2000,00001|F2201,観測値|F2201_第1次産業就業者数,人,23515.0,23515
labour,働く人の環境（就業・求人・給与）,16000,富山県,pref,16,富山県,2005100000,2005年度,2005,00001|F2201,観測値|F2201_第1次産業就業者数,人,24576.0,24576
labour,働く人の環境（就業・求人・給与）,16000,富山県,pref,16,富山県,2010100000,2010年度,2010,00001|F2201,観測値|F2201_第1次産業就業者数,人,18916.0,18916
labour,働く人の環境（就業・求人・給与）,16000,富山県,pref,16,富山県,2015100000,2015年度,2015,00001|F2201,観測値|F2201_第1次産業就業者数,人,17599.0,17599
labour,働く人の環境（就業・求人・給与）,16000,富山県,pref,16,富山県,2020100000,2020年度,2020,00001|F2201,観測値|F2201_第1次産業就業者数,人,15431.0,15431
labour,働く人の環境（就業・求人・給与）,17000,石川県,pref,17,石川県,1975100000,1975年度,1975,00001|F2201,観測値|F2201_第1次産業就業者数,人,75557.0,75557
labour,働く人の環境（就業・求人・給与）,17000,石川県,pref,17,石川県,1980100000,1980年度,1980,00001|F2201,観測値|F2201_第1次産業就業者数,人,62602.0,62602
labour,働く人の環境（就業・求人・給与）,17000,石川県,pref,17,石川県,1985100000,1985年度,1985,00001|F2201,観測値|F2201_第1次産業就業者数,人,50076.0,50076
labour,働く人の環境（就業・求人・給与）,17000,石川県,pref,17,石川県,1990100000,1990年度,1990,00001|F2201,観測値|F2201_第1次産業就業者数,人,39104.0,39104
labour,働く人の環境（就業・求人・給与）,17000,石川県,pref,17,石川県,1995100000,1995年度,1995,00001|F2201,観測値|F2201_第1次産業就業者数,人,34066.0,34066
labour,働く人の環境（就業・求人・給与）,17000,石川県,pref,17,石川県,2000100000,2000年度,2000,00001|F2201,観測値|F2201_第1次産業就業者数,人,23925.0,23925
labour,働く人の環境（就業・求人・給与）,17000,石川県,pref,17,石川県,2005100000,2005年度,2005,00001|F2201,観測値|F2201_第1次産業就業者数,人,23237.0,23237
labour,働く人の環境（就業・求人・給与）,17000,石川県,pref,17,石川県,2010100000,2010年度,2010,00001|F2201,観測値|F2201_第1次産業就業者数,人,18402.0,18402
labour,働く人の環境（就業・求人・給与）,17000,石川県,pref,17,石川県,2015100000,2015年度,2015,00001|F2201,観測値|F2201_第1次産業就業者数,人,17289.0,17289
labour,働く人の環境（就業・求人・給与）,17000,石川県,pref,17,石川県,2020100000,2020年度,2020,00001|F2201,観測値|F2201_第1次産業就業者数,人,14815.0,14815
labour,働く人の環境（就業・求人・給与）,18000,福井県,pref,18,福井県,1975100000,1975年度,1975,00001|F2201,観測値|F2201_第1次産業就業者数,人,66856.0,66856
labour,働く人の環境（就業・求人・給与）,18000,福井県,pref,18,福井県,1980100000,1980年度,1980,00001|F2201,観測値|F2201_第1次産業就業者数,人,53303.0,53303
labour,働く人の環境（就業・求人・給与）,18000,福井県,pref,18,福井県,1985100000,1985年度,1985,00001|F2201,観測値|F2201_第1次産業就業者数,人,41786.0,41786
labour,働く人の環境（就業・求人・給与）,18000,福井県,pref,18,福井県,1990100000,1990年度,1990,00001|F2201,観測値|F2201_第1次産業就業者数,人,32472.0,32472
labour,働く人の環境（就業・求人・給与）,18000,福井県,pref,18,福井県,1995100000,1995年度,1995,00001|F2201,観測値|F2201_第1次産業就業者数,人,29423.0,29423
labour,働く人の環境（就業・求人・給与）,18000,福井県,pref,18,福井県,2000100000,2000年度,2000,00001|F2201,観測値|F2201_第1次産業就業者数,人,20730.0,20730
labour,働く人の環境（就業・求人・給与）,18000,福井県,pref,18,福井県,2005100000,2005年度,2005,00001|F2201,観測値|F2201_第1次産業就業者数,人,20115.0,20115
labour,働く人の環境（就業・求人・給与）,18000,福井県,pref,18,福井県,2010100000,2010年度,2010,00001|F2201,観測値|F2201_第1次産業就業者数,人,15641.0,15641
labour,働く人の環境（就業・求人・給与）,18000,福井県,pref,18,福井県,2015100000,2015年度,2015,00001|F2201,観測値|F2201_第1次産業就業者数,人,14826.0,14826
labour,働く人の環境（就業・求人・給与）,18000,福井県,pref,18,福井県,2020100000,2020年度,2020,00001|F2201,観測値|F2201_第1次産業就業者数,人,12640.0,12640
labour,働く人の環境（就業・求人・給与）,19000,山梨県,pref,19,山梨県,1975100000,1975年度,1975,00001|F2201,観測値|F2201_第1次産業就業者数,人,84156.0,84156
labour,働く人の環境（就業・求人・給与）,19000,山梨県,pref,19,山梨県,1980100000,1980年度,1980,00001|F2201,観測値|F2201_第1次産業就業者数,人,72775.0,72775
labour,働く人の環境（就業・求人・給与）,19000,山梨県,pref,19,山梨県,1985100000,1985年度,1985,00001|F2201,観測値|F2201_第1次産業就業者数,人,62973.0,62973
labour,働く人の環境（就業・求人・給与）,19000,山梨県,pref,19,山梨県,1990100000,1990年度,1990,00001|F2201,観測値|F2201_第1次産業就業者数,人,51454.0,51454
labour,働く人の環境（就業・求人・給与）,19000,山梨県,pref,19,山梨県,1995100000,1995年度,1995,00001|F2201,観測値|F2201_第1次産業就業者数,人,45872.0,45872
labour,働く人の環境（就業・求人・給与）,19000,山梨県,pref,19,山梨県,2000100000,2000年度,2000,00001|F2201,観測値|F2201_第1次産業就業者数,人,40135.0,40135
labour,働く人の環境（就業・求人・給与）,19000,山梨県,pref,19,山梨県,2005100000,2005年度,2005,00001|F2201,観測値|F2201_第1次産業就業者数,人,37651.0,37651
labour,働く人の環境（就業・求人・給与）,19000,山梨県,pref,19,山梨県,2010100000,2010年度,2010,00001|F2201,観測値|F2201_第1次産業就業者数,人,29906.0,29906
labour,働く人の環境（就業・求人・給与）,19000,山梨県,pref,19,山梨県,2015100000,2015年度,2015,00001|F2201,観測値|F2201_第1次産業就業者数,人,29367.0,29367
labour,働く人の環境（就業・求人・給与）,19000,山梨県,pref,19,山梨県,2020100000,2020年度,2020,00001|F2201,観測値|F2201_第1次産業就業者数,人,26392.0,26392
labour,働く人の環境（就業・求人・給与）,20000,長野県,pref,20,長野県,1975100000,1975年度,1975,00001|F2201,観測値|F2201_第1次産業就業者数,人,260736.0,260736
labour,働く人の環境（就業・求人・給与）,20000,長野県,pref,20,長野県,1980100000,1980年度,1980,00001|F2201,観測値|F2201_第1次産業就業者数,人,219041.0,219041
labour,働く人の環境（就業・求人・給与）,20000,長野県,pref,20,長野県,1985100000,1985年度,1985,00001|F2201,観測値|F2201_第1次産業就業者数,人,195256.0,195256
labour,働く人の環境（就業・求人・給与）,20000,長野県,pref,20,長野県,1990100000,1990年度,1990,00001|F2201,観測値|F2201_第1次産業就業者数,人,166617.0,166617
labour,働く人の環境（就業・求人・給与）,20000,長野県,pref,20,長野県,1995100000,1995年度,1995,00001|F2201,観測値|F2201_第1次産業就業者数,人,155541.0,155541
labour,働く人の環境（就業・求人・給与）,20000,長野県,pref,20,長野県,2000100000,2000年度,2000,00001|F2201,観測値|F2201_第1次産業就業者数,人,134545.0,134545
labour,働く人の環境（就業・求人・給与）,20000,長野県,pref,20,長野県,2005100000,2005年度,2005,00001|F2201,観測値|F2201_第1次産業就業者数,人,131645.0,131645
labour,働く人の環境（就業・求人・給与）,20000,長野県,pref,20,長野県,2010100000,2010年度,2010,00001|F2201,観測値|F2201_第1次産業就業者数,人,103387.0,103387
labour,働く人の環境（就業・求人・給与）,20000,長野県,pref,20,長野県,2015100000,2015年度,2015,00001|F2201,観測値|F2201_第1次産業就業者数,人,96899.0,96899
labour,働く人の環境（就業・求人・給与）,20000,長野県,pref,20,長野県,2020100000,2020年度,2020,00001|F2201,観測値|F2201_第1次産業就業者数,人,86411.0,86411
labour,働く人の環境（就業・求人・給与）,21000,岐阜県,pref,21,岐阜県,1975100000,1975年度,1975,00001|F2201,観測値|F2201_第1次産業就業者数,人,113374.0,113374
labour,働く人の環境（就業・求人・給与）,21000,岐阜県,pref,21,岐阜県,1980100000,1980年度,1980,00001|F2201,観測値|F2201_第1次産業就業者数,人,87256.0,87256
labour,働く人の環境（就業・求人・給与）,21000,岐阜県,pref,21,岐阜県,1985100000,1985年度,1985,00001|F2201,観測値|F2201_第1次産業就業者数,人,73337.0,73337
labour,働く人の環境（就業・求人・給与）,21000,岐阜県,pref,21,岐阜県,1990100000,1990年度,1990,00001|F2201,観測値|F2201_第1次産業就業者数,人,55283.0,55283
labour,働く人の環境（就業・求人・給与）,21000,岐阜県,pref,21,岐阜県,1995100000,1995年度,1995,00001|F2201,観測値|F2201_第1次産業就業者数,人,49692.0,49692
labour,働く人の環境（就業・求人・給与）,21000,岐阜県,pref,21,岐阜県,2000100000,2000年度,2000,00001|F2201,観測値|F2201_第1次産業就業者数,人,41079.0,41079
labour,働く人の環境（就業・求人・給与）,21000,岐阜県,pref,21,岐阜県,2005100000,2005年度,2005,00001|F2201,観測値|F2201_第1次産業就業者数,人,39662.0,39662
labour,働く人の環境（就業・求人・給与）,21000,岐阜県,pref,21,岐阜県,2010100000,2010年度,2010,00001|F2201,観測値|F2201_第1次産業就業者数,人,31614.0,31614
labour,働く人の環境（就業・求人・給与）,21000,岐阜県,pref,21,岐阜県,2015100000,2015年度,2015,00001|F2201,観測値|F2201_第1次産業就業者数,人,31350.0,31350
labour,働く人の環境（就業・求人・給与）,21000,岐阜県,pref,21,岐阜県,2020100000,2020年度,2020,00001|F2201,観測値|F2201_第1次産業就業者数,人,27445.0,27445
labour,働く人の環境（就業・求人・給与）,22000,静岡県,pref,22,静岡県,1975100000,1975年度,1975,00001|F2201,観測値|F2201_第1次産業就業者数,人,209812.0,209812
labour,働く人の環境（就業・求人・給与）,22000,静岡県,pref,22,静岡県,1980100000,1980年度,1980,00001|F2201,観測値|F2201_第1次産業就業者数,人,184399.0,184399
labour,働く人の環境（就業・求人・給与）,22000,静岡県,pref,22,静岡県,1985100000,1985年度,1985,00001|F2201,観測値|F2201_第1次産業就業者数,人,164154.0,164154
labour,働く人の環境（就業・求人・給与）,22000,静岡県,pref,22,静岡県,1990100000,1990年度,1990,00001|F2201,観測値|F2201_第1次産業就業者数,人,136119.0,136119
labour,働く人の環境（就業・求人・給与）,22000,静岡県,pref,22,静岡県,1995100000,1995年度,1995,00001|F2201,観測値|F2201_第1次産業就業者数,人,125084.0,125084
labour,働く人の環境（就業・求人・給与）,22000,静岡県,pref,22,静岡県,2000100000,2000年度,2000,00001|F2201,観測値|F2201_第1次産業就業者数,人,107709.0,107709
labour,働く人の環境（就業・求人・給与）,22000,静岡県,pref,22,静岡県,2005100000,2005年度,2005,00001|F2201,観測値|F2201_第1次産業就業者数,人,98047.0,98047
labour,働く人の環境（就業・求人・給与）,22000,静岡県,pref,22,静岡県,2010100000,2010年度,2010,00001|F2201,観測値|F2201_第1次産業就業者数,人,77478.0,77478
labour,働く人の環境（就業・求人・給与）,22000,静岡県,pref,22,静岡県,2015100000,2015年度,2015,00001|F2201,観測値|F2201_第1次産業就業者数,人,70905.0,70905
labour,働く人の環境（就業・求人・給与）,22000,静岡県,pref,22,静岡県,2020100000,2020年度,2020,00001|F2201,観測値|F2201_第1次産業就業者数,人,63034.0,63034
labour,働く人の環境（就業・求人・給与）,23000,愛知県,pref,23,愛知県,1975100000,1975年度,1975,00001|F2201,観測値|F2201_第1次産業就業者数,人,194586.0,194586
labour,働く人の環境（就業・求人・給与）,23000,愛知県,pref,23,愛知県,1980100000,1980年度,1980,00001|F2201,観測値|F2201_第1次産業就業者数,人,166269.0,166269
labour,働く人の環境（就業・求人・給与）,23000,愛知県,pref,23,愛知県,1985100000,1985年度,1985,00001|F2201,観測値|F2201_第1次産業就業者数,人,150303.0,150303
labour,働く人の環境（就業・求人・給与）,23000,愛知県,pref,23,愛知県,1990100000,1990年度,1990,00001|F2201,観測値|F2201_第1次産業就業者数,人,128680.0,128680
labour,働く人の環境（就業・求人・給与）,23000,愛知県,pref,23,愛知県,1995100000,1995年度,1995,00001|F2201,観測値|F2201_第1次産業就業者数,人,122634.0,122634
labour,働く人の環境（就業・求人・給与）,23000,愛知県,pref,23,愛知県,2000100000,2000年度,2000,00001|F2201,観測値|F2201_第1次産業就業者数,人,109181.0,109181
labour,働く人の環境（就業・求人・給与）,23000,愛知県,pref,23,愛知県,2005100000,2005年度,2005,00001|F2201,観測値|F2201_第1次産業就業者数,人,102471.0,102471
labour,働く人の環境（就業・求人・給与）,23000,愛知県,pref,23,愛知県,2010100000,2010年度,2010,00001|F2201,観測値|F2201_第1次産業就業者数,人,80540.0,80540
labour,働く人の環境（就業・求人・給与）,23000,愛知県,pref,23,愛知県,2015100000,2015年度,2015,00001|F2201,観測値|F2201_第1次産業就業者数,人,75997.0,75997
labour,働く人の環境（就業・求人・給与）,23000,愛知県,pref,23,愛知県,2020100000,2020年度,2020,00001|F2201,観測値|F2201_第1次産業就業者数,人,69002.0,69002
labour,働く人の環境（就業・求人・給与）,24000,三重県,pref,24,三重県,1975100000,1975年度,1975,00001|F2201,観測値|F2201_第1次産業就業者数,人,130872.0,130872
labour,働く人の環境（就業・求人・給与）,24000,三重県,pref,24,三重県,1980100000,1980年度,1980,00001|F2201,観測値|F2201_第1次産業就業者数,人,102325.0,102325
labour,働く人の環境（就業・求人・給与）,24000,三重県,pref,24,三重県,1985100000,1985年度,1985,00001|F2201,観測値|F2201_第1次産業就業者数,人,85621.0,85621
labour,働く人の環境（就業・求人・給与）,24000,三重県,pref,24,三重県,1990100000,1990年度,1990,00001|F2201,観測値|F2201_第1次産業就業者数,人,66786.0,66786
labour,働く人の環境（就業・求人・給与）,24000,三重県,pref,24,三重県,1995100000,1995年度,1995,00001|F2201,観測値|F2201_第1次産業就業者数,人,61609.0,61609
labour,働く人の環境（就業・求人・給与）,24000,三重県,pref,24,三重県,2000100000,2000年度,2000,00001|F2201,観測値|F2201_第1次産業就業者数,人,48545.0,48545
labour,働く人の環境（就業・求人・給与）,24000,三重県,pref,24,三重県,2005100000,2005年度,2005,00001|F2201,観測値|F2201_第1次産業就業者数,人,45103.0,45103
labour,働く人の環境（就業・求人・給与）,24000,三重県,pref,24,三重県,2010100000,2010年度,2010,00001|F2201,観測値|F2201_第1次産業就業者数,人,33016.0,33016
labour,働く人の環境（就業・求人・給与）,24000,三重県,pref,24,三重県,2015100000,2015年度,2015,00001|F2201,観測値|F2201_第1次産業就業者数,人,31229.0,31229
labour,働く人の環境（就業・求人・給与）,24000,三重県,pref,24,三重県,2020100000,2020年度,2020,00001|F2201,観測値|F2201_第1次産業就業者数,人,26455.0,26455
labour,働く人の環境（就業・求人・給与）,25000,滋賀県,pref,25,滋賀県,1975100000,1975年度,1975,00001|F2201,観測値|F2201_第1次産業就業者数,人,87787.0,87787
labour,働く人の環境（就業・求人・給与）,25000,滋賀県,pref,25,滋賀県,1980100000,1980年度,1980,00001|F2201,観測値|F2201_第1次産業就業者数,人,60961.0,60961
labour,働く人の環境（就業・求人・給与）,25000,滋賀県,pref,25,滋賀県,1985100000,1985年度,1985,00001|F2201,観測値|F2201_第1次産業就業者数,人,46399.0,46399
labour,働く人の環境（就業・求人・給与）,25000,滋賀県,pref,25,滋賀県,1990100000,1990年度,1990,00001|F2201,観測値|F2201_第1次産業就業者数,人,34527.0,34527
labour,働く人の環境（就業・求人・給与）,25000,滋賀県,pref,25,滋賀県,1995100000,1995年度,1995,00001|F2201,観測値|F2201_第1次産業就業者数,人,33047.0,33047
labour,働く人の環境（就業・求人・給与）,25000,滋賀県,pref,25,滋賀県,2000100000,2000年度,2000,00001|F2201,観測値|F2201_第1次産業就業者数,人,23518.0,23518
labour,働く人の環境（就業・求人・給与）,25000,滋賀県,pref,25,滋賀県,2005100000,2005年度,2005,00001|F2201,観測値|F2201_第1次産業就業者数,人,25145.0,25145
labour,働く人の環境（就業・求人・給与）,25000,滋賀県,pref,25,滋賀県,2010100000,2010年度,2010,00001|F2201,観測値|F2201_第1次産業就業者数,人,18548.0,18548
labour,働く人の環境（就業・求人・給与）,25000,滋賀県,pref,25,滋賀県,2015100000,2015年度,2015,00001|F2201,観測値|F2201_第1次産業就業者数,人,17935.0,17935
labour,働く人の環境（就業・求人・給与）,25000,滋賀県,pref,25,滋賀県,2020100000,2020年度,2020,00001|F2201,観測値|F2201_第1次産業就業者数,人,15971.0,15971
labour,働く人の環境（就業・求人・給与）,26000,京都府,pref,26,京都府,1975100000,1975年度,1975,00001|F2201,観測値|F2201_第1次産業就業者数,人,78969.0,78969
labour,働く人の環境（就業・求人・給与）,26000,京都府,pref,26,京都府,1980100000,1980年度,1980,00001|F2201,観測値|F2201_第1次産業就業者数,人,65175.0,65175
labour,働く人の環境（就業・求人・給与）,26000,京都府,pref,26,京都府,1985100000,1985年度,1985,00001|F2201,観測値|F2201_第1次産業就業者数,人,56834.0,56834
labour,働く人の環境（就業・求人・給与）,26000,京都府,pref,26,京都府,1990100000,1990年度,1990,00001|F2201,観測値|F2201_第1次産業就業者数,人,45882.0,45882
labour,働く人の環境（就業・求人・給与）,26000,京都府,pref,26,京都府,1995100000,1995年度,1995,00001|F2201,観測値|F2201_第1次産業就業者数,人,43194.0,43194
labour,働く人の環境（就業・求人・給与）,26000,京都府,pref,26,京都府,2000100000,2000年度,2000,00001|F2201,観測値|F2201_第1次産業就業者数,人,34853.0,34853
labour,働く人の環境（就業・求人・給与）,26000,京都府,pref,26,京都府,2005100000,2005年度,2005,00001|F2201,観測値|F2201_第1次産業就業者数,人,33764.0,33764
labour,働く人の環境（就業・求人・給与）,26000,京都府,pref,26,京都府,2010100000,2010年度,2010,00001|F2201,観測値|F2201_第1次産業就業者数,人,26054.0,26054
labour,働く人の環境（就業・求人・給与）,26000,京都府,pref,26,京都府,2015100000,2015年度,2015,00001|F2201,観測値|F2201_第1次産業就業者数,人,24472.0,24472
labour,働く人の環境（就業・求人・給与）,26000,京都府,pref,26,京都府,2020100000,2020年度,2020,00001|F2201,観測値|F2201_第1次産業就業者数,人,21319.0,21319
labour,働く人の環境（就業・求人・給与）,27000,大阪府,pref,27,大阪府,1975100000,1975年度,1975,00001|F2201,観測値|F2201_第1次産業就業者数,人,47202.0,47202
labour,働く人の環境（就業・求人・給与）,27000,大阪府,pref,27,大阪府,1980100000,1980年度,1980,00001|F2201,観測値|F2201_第1次産業就業者数,人,40748.0,40748
labour,働く人の環境（就業・求人・給与）,27000,大阪府,pref,27,大阪府,1985100000,1985年度,1985,00001|F2201,観測値|F2201_第1次産業就業者数,人,36742.0,36742
labour,働く人の環境（就業・求人・給与）,27000,大阪府,pref,27,大阪府,1990100000,1990年度,1990,00001|F2201,観測値|F2201_第1次産業就業者数,人,29594.0,29594
labour,働く人の環境（就業・求人・給与）,27000,大阪府,pref,27,大阪府,1995100000,1995年度,1995,00001|F2201,観測値|F2201_第1次産業就業者数,人,27929.0,27929
labour,働く人の環境（就業・求人・給与）,27000,大阪府,pref,27,大阪府,2000100000,2000年度,2000,00001|F2201,観測値|F2201_第1次産業就業者数,人,22493.0,22493
labour,働く人の環境（就業・求人・給与）,27000,大阪府,pref,27,大阪府,2005100000,2005年度,2005,00001|F2201,観測値|F2201_第1次産業就業者数,人,22861.0,22861
labour,働く人の環境（就業・求人・給与）,27000,大阪府,pref,27,大阪府,2010100000,2010年度,2010,00001|F2201,観測値|F2201_第1次産業就業者数,人,19228.0,19228
labour,働く人の環境（就業・求人・給与）,27000,大阪府,pref,27,大阪府,2015100000,2015年度,2015,00001|F2201,観測値|F2201_第1次産業就業者数,人,19067.0,19067
labour,働く人の環境（就業・求人・給与）,27000,大阪府,pref,27,大阪府,2020100000,2020年度,2020,00001|F2201,観測値|F2201_第1次産業就業者数,人,17807.0,17807
labour,働く人の環境（就業・求人・給与）,28000,兵庫県,pref,28,兵庫県,1975100000,1975年度,1975,00001|F2201,観測値|F2201_第1次産業就業者数,人,155839.0,155839
labour,働く人の環境（就業・求人・給与）,28000,兵庫県,pref,28,兵庫県,1980100000,1980年度,1980,00001|F2201,観測値|F2201_第1次産業就業者数,人,123182.0,123182
labour,働く人の環境（就業・求人・給与）,28000,兵庫県,pref,28,兵庫県,1985100000,1985年度,1985,00001|F2201,観測値|F2201_第1次産業就業者数,人,106675.0,106675
labour,働く人の環境（就業・求人・給与）,28000,兵庫県,pref,28,兵庫県,1990100000,1990年度,1990,00001|F2201,観測値|F2201_第1次産業就業者数,人,84851.0,84851
labour,働く人の環境（就業・求人・給与）,28000,兵庫県,pref,28,兵庫県,1995100000,1995年度,1995,00001|F2201,観測値|F2201_第1次産業就業者数,人,78825.0,78825
labour,働く人の環境（就業・求人・給与）,28000,兵庫県,pref,28,兵庫県,2000100000,2000年度,2000,00001|F2201,観測値|F2201_第1次産業就業者数,人,63913.0,63913
labour,働く人の環境（就業・求人・給与）,28000,兵庫県,pref,28,兵庫県,2005100000,2005年度,2005,00001|F2201,観測値|F2201_第1次産業就業者数,人,62580.0,62580
labour,働く人の環境（就業・求人・給与）,28000,兵庫県,pref,28,兵庫県,2010100000,2010年度,2010,00001|F2201,観測値|F2201_第1次産業就業者数,人,49014.0,49014
labour,働く人の環境（就業・求人・給与）,28000,兵庫県,pref,28,兵庫県,2015100000,2015年度,2015,00001|F2201,観測値|F2201_第1次産業就業者数,人,48098.0,48098
labour,働く人の環境（就業・求人・給与）,28000,兵庫県,pref,28,兵庫県,2020100000,2020年度,2020,00001|F2201,観測値|F2201_第1次産業就業者数,人,43535.0,43535
labour,働く人の環境（就業・求人・給与）,29000,奈良県,pref,29,奈良県,1975100000,1975年度,1975,00001|F2201,観測値|F2201_第1次産業就業者数,人,53345.0,53345
labour,働く人の環境（就業・求人・給与）,29000,奈良県,pref,29,奈良県,1980100000,1980年度,1980,00001|F2201,観測値|F2201_第1次産業就業者数,人,42496.0,42496
labour,働く人の環境（就業・求人・給与）,29000,奈良県,pref,29,奈良県,1985100000,1985年度,1985,00001|F2201,観測値|F2201_第1次産業就業者数,人,36041.0,36041
labour,働く人の環境（就業・求人・給与）,29000,奈良県,pref,29,奈良県,1990100000,1990年度,1990,00001|F2201,観測値|F2201_第1次産業就業者数,人,28132.0,28132
labour,働く人の環境（就業・求人・給与）,29000,奈良県,pref,29,奈良県,1995100000,1995年度,1995,00001|F2201,観測値|F2201_第1次産業就業者数,人,25672.0,25672
labour,働く人の環境（就業・求人・給与）,29000,奈良県,pref,29,奈良県,2000100000,2000年度,2000,00001|F2201,観測値|F2201_第1次産業就業者数,人,21003.0,21003
labour,働く人の環境（就業・求人・給与）,29000,奈良県,pref,29,奈良県,2005100000,2005年度,2005,00001|F2201,観測値|F2201_第1次産業就業者数,人,20349.0,20349
labour,働く人の環境（就業・求人・給与）,29000,奈良県,pref,29,奈良県,2010100000,2010年度,2010,00001|F2201,観測値|F2201_第1次産業就業者数,人,15655.0,15655
labour,働く人の環境（就業・求人・給与）,29000,奈良県,pref,29,奈良県,2015100000,2015年度,2015,00001|F2201,観測値|F2201_第1次産業就業者数,人,15507.0,15507
labour,働く人の環境（就業・求人・給与）,29000,奈良県,pref,29,奈良県,2020100000,2020年度,2020,00001|F2201,観測値|F2201_第1次産業就業者数,人,13589.0,13589
labour,働く人の環境（就業・求人・給与）,30000,和歌山県,pref,30,和歌山県,1975100000,1975年度,1975,00001|F2201,観測値|F2201_第1次産業就業者数,人,87405.0,87405
labour,働く人の環境（就業・求人・給与）,30000,和歌山県,pref,30,和歌山県,1980100000,1980年度,1980,00001|F2201,観測値|F2201_第1次産業就業者数,人,80323.0,80323
labour,働く人の環境（就業・求人・給与）,30000,和歌山県,pref,30,和歌山県,1985100000,1985年度,1985,00001|F2201,観測値|F2201_第1次産業就業者数,人,74153.0,74153
labour,働く人の環境（就業・求人・給与）,30000,和歌山県,pref,30,和歌山県,1990100000,1990年度,1990,00001|F2201,観測値|F2201_第1次産業就業者数,人,63542.0,63542
labour,働く人の環境（就業・求人・給与）,30000,和歌山県,pref,30,和歌山県,1995100000,1995年度,1995,00001|F2201,観測値|F2201_第1次産業就業者数,人,60823.0,60823
labour,働く人の環境（就業・求人・給与）,30000,和歌山県,pref,30,和歌山県,2000100000,2000年度,2000,00001|F2201,観測値|F2201_第1次産業就業者数,人,52712.0,52712
labour,働く人の環境（就業・求人・給与）,30000,和歌山県,pref,30,和歌山県,2005100000,2005年度,2005,00001|F2201,観測値|F2201_第1次産業就業者数,人,49873.0,49873
labour,働く人の環境（就業・求人・給与）,30000,和歌山県,pref,30,和歌山県,2010100000,2010年度,2010,00001|F2201,観測値|F2201_第1次産業就業者数,人,41923.0,41923
labour,働く人の環境（就業・求人・給与）,30000,和歌山県,pref,30,和歌山県,2015100000,2015年度,2015,00001|F2201,観測値|F2201_第1次産業就業者数,人,38997.0,38997
labour,働く人の環境（就業・求人・給与）,30000,和歌山県,pref,30,和歌山県,2020100000,2020年度,2020,00001|F2201,観測値|F2201_第1次産業就業者数,人,34773.0,34773
labour,働く人の環境（就業・求人・給与）,31000,鳥取県,pref,31,鳥取県,1975100000,1975年度,1975,00001|F2201,観測値|F2201_第1次産業就業者数,人,78174.0,78174
labour,働く人の環境（就業・求人・給与）,31000,鳥取県,pref,31,鳥取県,1980100000,1980年度,1980,00001|F2201,観測値|F2201_第1次産業就業者数,人,66078.0,66078
labour,働く人の環境（就業・求人・給与）,31000,鳥取県,pref,31,鳥取県,1985100000,1985年度,1985,00001|F2201,観測値|F2201_第1次産業就業者数,人,60994.0,60994
labour,働く人の環境（就業・求人・給与）,31000,鳥取県,pref,31,鳥取県,1990100000,1990年度,1990,00001|F2201,観測値|F2201_第1次産業就業者数,人,51756.0,51756
labour,働く人の環境（就業・求人・給与）,31000,鳥取県,pref,31,鳥取県,1995100000,1995年度,1995,00001|F2201,観測値|F2201_第1次産業就業者数,人,45633.0,45633
labour,働く人の環境（就業・求人・給与）,31000,鳥取県,pref,31,鳥取県,2000100000,2000年度,2000,00001|F2201,観測値|F2201_第1次産業就業者数,人,36741.0,36741
labour,働く人の環境（就業・求人・給与）,31000,鳥取県,pref,31,鳥取県,2005100000,2005年度,2005,00001|F2201,観測値|F2201_第1次産業就業者数,人,33269.0,33269
labour,働く人の環境（就業・求人・給与）,31000,鳥取県,pref,31,鳥取県,2010100000,2010年度,2010,00001|F2201,観測値|F2201_第1次産業就業者数,人,26791.0,26791
labour,働く人の環境（就業・求人・給与）,31000,鳥取県,pref,31,鳥取県,2015100000,2015年度,2015,00001|F2201,観測値|F2201_第1次産業就業者数,人,24671.0,24671
labour,働く人の環境（就業・求人・給与）,31000,鳥取県,pref,31,鳥取県,2020100000,2020年度,2020,00001|F2201,観測値|F2201_第1次産業就業者数,人,20713.0,20713
labour,働く人の環境（就業・求人・給与）,32000,島根県,pref,32,島根県,1975100000,1975年度,1975,00001|F2201,観測値|F2201_第1次産業就業者数,人,118438.0,118438
labour,働く人の環境（就業・求人・給与）,32000,島根県,pref,32,島根県,1980100000,1980年度,1980,00001|F2201,観測値|F2201_第1次産業就業者数,人,93217.0,93217
labour,働く人の環境（就業・求人・給与）,32000,島根県,pref,32,島根県,1985100000,1985年度,1985,00001|F2201,観測値|F2201_第1次産業就業者数,人,80479.0,80479
labour,働く人の環境（就業・求人・給与）,32000,島根県,pref,32,島根県,1990100000,1990年度,1990,00001|F2201,観測値|F2201_第1次産業就業者数,人,62891.0,62891
labour,働く人の環境（就業・求人・給与）,32000,島根県,pref,32,島根県,1995100000,1995年度,1995,00001|F2201,観測値|F2201_第1次産業就業者数,人,55667.0,55667
labour,働く人の環境（就業・求人・給与）,32000,島根県,pref,32,島根県,2000100000,2000年度,2000,00001|F2201,観測値|F2201_第1次産業就業者数,人,40896.0,40896
labour,働く人の環境（就業・求人・給与）,32000,島根県,pref,32,島根県,2005100000,2005年度,2005,00001|F2201,観測値|F2201_第1次産業就業者数,人,37109.0,37109
labour,働く人の環境（就業・求人・給与）,32000,島根県,pref,32,島根県,2010100000,2010年度,2010,00001|F2201,観測値|F2201_第1次産業就業者数,人,28816.0,28816
labour,働く人の環境（就業・求人・給与）,32000,島根県,pref,32,島根県,2015100000,2015年度,2015,00001|F2201,観測値|F2201_第1次産業就業者数,人,26608.0,26608
labour,働く人の環境（就業・求人・給与）,32000,島根県,pref,32,島根県,2020100000,2020年度,2020,00001|F2201,観測値|F2201_第1次産業就業者数,人,21440.0,21440
labour,働く人の環境（就業・求人・給与）,33000,岡山県,pref,33,岡山県,1975100000,1975年度,1975,00001|F2201,観測値|F2201_第1次産業就業者数,人,152419.0,152419
labour,働く人の環境（就業・求人・給与）,33000,岡山県,pref,33,岡山県,1980100000,1980年度,1980,00001|F2201,観測値|F2201_第1次産業就業者数,人,122088.0,122088
labour,働く人の環境（就業・求人・給与）,33000,岡山県,pref,33,岡山県,1985100000,1985年度,1985,00001|F2201,観測値|F2201_第1次産業就業者数,人,109366.0,109366
labour,働く人の環境（就業・求人・給与）,33000,岡山県,pref,33,岡山県,1990100000,1990年度,1990,00001|F2201,観測値|F2201_第1次産業就業者数,人,86017.0,86017
labour,働く人の環境（就業・求人・給与）,33000,岡山県,pref,33,岡山県,1995100000,1995年度,1995,00001|F2201,観測値|F2201_第1次産業就業者数,人,77875.0,77875
labour,働く人の環境（就業・求人・給与）,33000,岡山県,pref,33,岡山県,2000100000,2000年度,2000,00001|F2201,観測値|F2201_第1次産業就業者数,人,62358.0,62358
labour,働く人の環境（就業・求人・給与）,33000,岡山県,pref,33,岡山県,2005100000,2005年度,2005,00001|F2201,観測値|F2201_第1次産業就業者数,人,59677.0,59677
labour,働く人の環境（就業・求人・給与）,33000,岡山県,pref,33,岡山県,2010100000,2010年度,2010,00001|F2201,観測値|F2201_第1次産業就業者数,人,43096.0,43096
labour,働く人の環境（就業・求人・給与）,33000,岡山県,pref,33,岡山県,2015100000,2015年度,2015,00001|F2201,観測値|F2201_第1次産業就業者数,人,41206.0,41206
labour,働く人の環境（就業・求人・給与）,33000,岡山県,pref,33,岡山県,2020100000,2020年度,2020,00001|F2201,観測値|F2201_第1次産業就業者数,人,35699.0,35699
labour,働く人の環境（就業・求人・給与）,34000,広島県,pref,34,広島県,1975100000,1975年度,1975,00001|F2201,観測値|F2201_第1次産業就業者数,人,149202.0,149202
labour,働く人の環境（就業・求人・給与）,34000,広島県,pref,34,広島県,1980100000,1980年度,1980,00001|F2201,観測値|F2201_第1次産業就業者数,人,123779.0,123779
labour,働く人の環境（就業・求人・給与）,34000,広島県,pref,34,広島県,1985100000,1985年度,1985,00001|F2201,観測値|F2201_第1次産業就業者数,人,115984.0,115984
labour,働く人の環境（就業・求人・給与）,34000,広島県,pref,34,広島県,1990100000,1990年度,1990,00001|F2201,観測値|F2201_第1次産業就業者数,人,88934.0,88934
labour,働く人の環境（就業・求人・給与）,34000,広島県,pref,34,広島県,1995100000,1995年度,1995,00001|F2201,観測値|F2201_第1次産業就業者数,人,83251.0,83251
labour,働く人の環境（就業・求人・給与）,34000,広島県,pref,34,広島県,2000100000,2000年度,2000,00001|F2201,観測値|F2201_第1次産業就業者数,人,65937.0,65937
labour,働く人の環境（就業・求人・給与）,34000,広島県,pref,34,広島県,2005100000,2005年度,2005,00001|F2201,観測値|F2201_第1次産業就業者数,人,59924.0,59924
labour,働く人の環境（就業・求人・給与）,34000,広島県,pref,34,広島県,2010100000,2010年度,2010,00001|F2201,観測値|F2201_第1次産業就業者数,人,43953.0,43953
labour,働く人の環境（就業・求人・給与）,34000,広島県,pref,34,広島県,2015100000,2015年度,2015,00001|F2201,観測値|F2201_第1次産業就業者数,人,41312.0,41312
labour,働く人の環境（就業・求人・給与）,34000,広島県,pref,34,広島県,2020100000,2020年度,2020,00001|F2201,観測値|F2201_第1次産業就業者数,人,35582.0,35582
labour,働く人の環境（就業・求人・給与）,35000,山口県,pref,35,山口県,1975100000,1975年度,1975,00001|F2201,観測値|F2201_第1次産業就業者数,人,133011.0,133011
labour,働く人の環境（就業・求人・給与）,35000,山口県,pref,35,山口県,1980100000,1980年度,1980,00001|F2201,観測値|F2201_第1次産業就業者数,人,105894.0,105894
labour,働く人の環境（就業・求人・給与）,35000,山口県,pref,35,山口県,1985100000,1985年度,1985,00001|F2201,観測値|F2201_第1次産業就業者数,人,98937.0,98937
labour,働く人の環境（就業・求人・給与）,35000,山口県,pref,35,山口県,1990100000,1990年度,1990,00001|F2201,観測値|F2201_第1次産業就業者数,人,78401.0,78401
labour,働く人の環境（就業・求人・給与）,35000,山口県,pref,35,山口県,1995100000,1995年度,1995,00001|F2201,観測値|F2201_第1次産業就業者数,人,68960.0,68960
labour,働く人の環境（就業・求人・給与）,35000,山口県,pref,35,山口県,2000100000,2000年度,2000,00001|F2201,観測値|F2201_第1次産業就業者数,人,53894.0,53894
labour,働く人の環境（就業・求人・給与）,35000,山口県,pref,35,山口県,2005100000,2005年度,2005,00001|F2201,観測値|F2201_第1次産業就業者数,人,48908.0,48908
labour,働く人の環境（就業・求人・給与）,35000,山口県,pref,35,山口県,2010100000,2010年度,2010,00001|F2201,観測値|F2201_第1次産業就業者数,人,35975.0,35975
labour,働く人の環境（就業・求人・給与）,35000,山口県,pref,35,山口県,2015100000,2015年度,2015,00001|F2201,観測値|F2201_第1次産業就業者数,人,31011.0,31011
labour,働く人の環境（就業・求人・給与）,35000,山口県,pref,35,山口県,2020100000,2020年度,2020,00001|F2201,観測値|F2201_第1次産業就業者数,人,25265.0,25265
labour,働く人の環境（就業・求人・給与）,36000,徳島県,pref,36,徳島県,1975100000,1975年度,1975,00001|F2201,観測値|F2201_第1次産業就業者数,人,93934.0,93934
labour,働く人の環境（就業・求人・給与）,36000,徳島県,pref,36,徳島県,1980100000,1980年度,1980,00001|F2201,観測値|F2201_第1次産業就業者数,人,78364.0,78364
labour,働く人の環境（就業・求人・給与）,36000,徳島県,pref,36,徳島県,1985100000,1985年度,1985,00001|F2201,観測値|F2201_第1次産業就業者数,人,69774.0,69774
labour,働く人の環境（就業・求人・給与）,36000,徳島県,pref,36,徳島県,1990100000,1990年度,1990,00001|F2201,観測値|F2201_第1次産業就業者数,人,56989.0,56989
labour,働く人の環境（就業・求人・給与）,36000,徳島県,pref,36,徳島県,1995100000,1995年度,1995,00001|F2201,観測値|F2201_第1次産業就業者数,人,49349.0,49349
labour,働く人の環境（就業・求人・給与）,36000,徳島県,pref,36,徳島県,2000100000,2000年度,2000,00001|F2201,観測値|F2201_第1次産業就業者数,人,40352.0,40352
labour,働く人の環境（就業・求人・給与）,36000,徳島県,pref,36,徳島県,2005100000,2005年度,2005,00001|F2201,観測値|F2201_第1次産業就業者数,人,36475.0,36475
labour,働く人の環境（就業・求人・給与）,36000,徳島県,pref,36,徳島県,2010100000,2010年度,2010,00001|F2201,観測値|F2201_第1次産業就業者数,人,29377.0,29377
labour,働く人の環境（就業・求人・給与）,36000,徳島県,pref,36,徳島県,2015100000,2015年度,2015,00001|F2201,観測値|F2201_第1次産業就業者数,人,28086.0,28086
labour,働く人の環境（就業・求人・給与）,36000,徳島県,pref,36,徳島県,2020100000,2020年度,2020,00001|F2201,観測値|F2201_第1次産業就業者数,人,24448.0,24448
labour,働く人の環境（就業・求人・給与）,37000,香川県,pref,37,香川県,1975100000,1975年度,1975,00001|F2201,観測値|F2201_第1次産業就業者数,人,81872.0,81872
labour,働く人の環境（就業・求人・給与）,37000,香川県,pref,37,香川県,1980100000,1980年度,1980,00001|F2201,観測値|F2201_第1次産業就業者数,人,70269.0,70269
labour,働く人の環境（就業・求人・給与）,37000,香川県,pref,37,香川県,1985100000,1985年度,1985,00001|F2201,観測値|F2201_第1次産業就業者数,人,63177.0,63177
labour,働く人の環境（就業・求人・給与）,37000,香川県,pref,37,香川県,1990100000,1990年度,1990,00001|F2201,観測値|F2201_第1次産業就業者数,人,50191.0,50191
labour,働く人の環境（就業・求人・給与）,37000,香川県,pref,37,香川県,1995100000,1995年度,1995,00001|F2201,観測値|F2201_第1次産業就業者数,人,45207.0,45207
labour,働く人の環境（就業・求人・給与）,37000,香川県,pref,37,香川県,2000100000,2000年度,2000,00001|F2201,観測値|F2201_第1次産業就業者数,人,37582.0,37582
labour,働く人の環境（就業・求人・給与）,37000,香川県,pref,37,香川県,2005100000,2005年度,2005,00001|F2201,観測値|F2201_第1次産業就業者数,人,35086.0,35086
labour,働く人の環境（就業・求人・給与）,37000,香川県,pref,37,香川県,2010100000,2010年度,2010,00001|F2201,観測値|F2201_第1次産業就業者数,人,26464.0,26464
labour,働く人の環境（就業・求人・給与）,37000,香川県,pref,37,香川県,2015100000,2015年度,2015,00001|F2201,観測値|F2201_第1次産業就業者数,人,23823.0,23823
labour,働く人の環境（就業・求人・給与）,37000,香川県,pref,37,香川県,2020100000,2020年度,2020,00001|F2201,観測値|F2201_第1次産業就業者数,人,20792.0,20792
labour,働く人の環境（就業・求人・給与）,38000,愛媛県,pref,38,愛媛県,1975100000,1975年度,1975,00001|F2201,観測値|F2201_第1次産業就業者数,人,149499.0,149499
labour,働く人の環境（就業・求人・給与）,38000,愛媛県,pref,38,愛媛県,1980100000,1980年度,1980,00001|F2201,観測値|F2201_第1次産業就業者数,人,131558.0,131558
labour,働く人の環境（就業・求人・給与）,38000,愛媛県,pref,38,愛媛県,1985100000,1985年度,1985,00001|F2201,観測値|F2201_第1次産業就業者数,人,120402.0,120402
labour,働く人の環境（就業・求人・給与）,38000,愛媛県,pref,38,愛媛県,1990100000,1990年度,1990,00001|F2201,観測値|F2201_第1次産業就業者数,人,98555.0,98555
labour,働く人の環境（就業・求人・給与）,38000,愛媛県,pref,38,愛媛県,1995100000,1995年度,1995,00001|F2201,観測値|F2201_第1次産業就業者数,人,88552.0,88552
labour,働く人の環境（就業・求人・給与）,38000,愛媛県,pref,38,愛媛県,2000100000,2000年度,2000,00001|F2201,観測値|F2201_第1次産業就業者数,人,70957.0,70957
labour,働く人の環境（就業・求人・給与）,38000,愛媛県,pref,38,愛媛県,2005100000,2005年度,2005,00001|F2201,観測値|F2201_第1次産業就業者数,人,64126.0,64126
labour,働く人の環境（就業・求人・給与）,38000,愛媛県,pref,38,愛媛県,2010100000,2010年度,2010,00001|F2201,観測値|F2201_第1次産業就業者数,人,52430.0,52430
labour,働く人の環境（就業・求人・給与）,38000,愛媛県,pref,38,愛媛県,2015100000,2015年度,2015,00001|F2201,観測値|F2201_第1次産業就業者数,人,47194.0,47194
labour,働く人の環境（就業・求人・給与）,38000,愛媛県,pref,38,愛媛県,2020100000,2020年度,2020,00001|F2201,観測値|F2201_第1次産業就業者数,人,40866.0,40866
labour,働く人の環境（就業・求人・給与）,39000,高知県,pref,39,高知県,1975100000,1975年度,1975,00001|F2201,観測値|F2201_第1次産業就業者数,人,102231.0,102231
labour,働く人の環境（就業・求人・給与）,39000,高知県,pref,39,高知県,1980100000,1980年度,1980,00001|F2201,観測値|F2201_第1次産業就業者数,人,88741.0,88741
labour,働く人の環境（就業・求人・給与）,39000,高知県,pref,39,高知県,1985100000,1985年度,1985,00001|F2201,観測値|F2201_第1次産業就業者数,人,80162.0,80162
labour,働く人の環境（就業・求人・給与）,39000,高知県,pref,39,高知県,1990100000,1990年度,1990,00001|F2201,観測値|F2201_第1次産業就業者数,人,67037.0,67037
labour,働く人の環境（就業・求人・給与）,39000,高知県,pref,39,高知県,1995100000,1995年度,1995,00001|F2201,観測値|F2201_第1次産業就業者数,人,60691.0,60691
labour,働く人の環境（就業・求人・給与）,39000,高知県,pref,39,高知県,2000100000,2000年度,2000,00001|F2201,観測値|F2201_第1次産業就業者数,人,50512.0,50512
labour,働く人の環境（就業・求人・給与）,39000,高知県,pref,39,高知県,2005100000,2005年度,2005,00001|F2201,観測値|F2201_第1次産業就業者数,人,47198.0,47198
labour,働く人の環境（就業・求人・給与）,39000,高知県,pref,39,高知県,2010100000,2010年度,2010,00001|F2201,観測値|F2201_第1次産業就業者数,人,40623.0,40623
labour,働く人の環境（就業・求人・給与）,39000,高知県,pref,39,高知県,2015100000,2015年度,2015,00001|F2201,観測値|F2201_第1次産業就業者数,人,36923.0,36923
labour,働く人の環境（就業・求人・給与）,39000,高知県,pref,39,高知県,2020100000,2020年度,2020,00001|F2201,観測値|F2201_第1次産業就業者数,人,31512.0,31512
labour,働く人の環境（就業・求人・給与）,40000,福岡県,pref,40,福岡県,1975100000,1975年度,1975,00001|F2201,観測値|F2201_第1次産業就業者数,人,191266.0,191266
labour,働く人の環境（就業・求人・給与）,40000,福岡県,pref,40,福岡県,1980100000,1980年度,1980,00001|F2201,観測値|F2201_第1次産業就業者数,人,158807.0,158807
labour,働く人の環境（就業・求人・給与）,40000,福岡県,pref,40,福岡県,1985100000,1985年度,1985,00001|F2201,観測値|F2201_第1次産業就業者数,人,138830.0,138830
labour,働く人の環境（就業・求人・給与）,40000,福岡県,pref,40,福岡県,1990100000,1990年度,1990,00001|F2201,観測値|F2201_第1次産業就業者数,人,114379.0,114379
labour,働く人の環境（就業・求人・給与）,40000,福岡県,pref,40,福岡県,1995100000,1995年度,1995,00001|F2201,観測値|F2201_第1次産業就業者数,人,100905.0,100905
labour,働く人の環境（就業・求人・給与）,40000,福岡県,pref,40,福岡県,2000100000,2000年度,2000,00001|F2201,観測値|F2201_第1次産業就業者数,人,86591.0,86591
labour,働く人の環境（就業・求人・給与）,40000,福岡県,pref,40,福岡県,2005100000,2005年度,2005,00001|F2201,観測値|F2201_第1次産業就業者数,人,81219.0,81219
labour,働く人の環境（就業・求人・給与）,40000,福岡県,pref,40,福岡県,2010100000,2010年度,2010,00001|F2201,観測値|F2201_第1次産業就業者数,人,65806.0,65806
labour,働く人の環境（就業・求人・給与）,40000,福岡県,pref,40,福岡県,2015100000,2015年度,2015,00001|F2201,観測値|F2201_第1次産業就業者数,人,62642.0,62642
labour,働く人の環境（就業・求人・給与）,40000,福岡県,pref,40,福岡県,2020100000,2020年度,2020,00001|F2201,観測値|F2201_第1次産業就業者数,人,54589.0,54589
labour,働く人の環境（就業・求人・給与）,41000,佐賀県,pref,41,佐賀県,1975100000,1975年度,1975,00001|F2201,観測値|F2201_第1次産業就業者数,人,102632.0,102632
labour,働く人の環境（就業・求人・給与）,41000,佐賀県,pref,41,佐賀県,1980100000,1980年度,1980,00001|F2201,観測値|F2201_第1次産業就業者数,人,89583.0,89583
labour,働く人の環境（就業・求人・給与）,41000,佐賀県,pref,41,佐賀県,1985100000,1985年度,1985,00001|F2201,観測値|F2201_第1次産業就業者数,人,79005.0,79005
labour,働く人の環境（就業・求人・給与）,41000,佐賀県,pref,41,佐賀県,1990100000,1990年度,1990,00001|F2201,観測値|F2201_第1次産業就業者数,人,66142.0,66142
labour,働く人の環境（就業・求人・給与）,41000,佐賀県,pref,41,佐賀県,1995100000,1995年度,1995,00001|F2201,観測値|F2201_第1次産業就業者数,人,56788.0,56788
labour,働く人の環境（就業・求人・給与）,41000,佐賀県,pref,41,佐賀県,2000100000,2000年度,2000,00001|F2201,観測値|F2201_第1次産業就業者数,人,49601.0,49601
labour,働く人の環境（就業・求人・給与）,41000,佐賀県,pref,41,佐賀県,2005100000,2005年度,2005,00001|F2201,観測値|F2201_第1次産業就業者数,人,46533.0,46533
labour,働く人の環境（就業・求人・給与）,41000,佐賀県,pref,41,佐賀県,2010100000,2010年度,2010,00001|F2201,観測値|F2201_第1次産業就業者数,人,37838.0,37838
labour,働く人の環境（就業・求人・給与）,41000,佐賀県,pref,41,佐賀県,2015100000,2015年度,2015,00001|F2201,観測値|F2201_第1次産業就業者数,人,34634.0,34634
labour,働く人の環境（就業・求人・給与）,41000,佐賀県,pref,41,佐賀県,2020100000,2020年度,2020,00001|F2201,観測値|F2201_第1次産業就業者数,人,29617.0,29617
labour,働く人の環境（就業・求人・給与）,42000,長崎県,pref,42,長崎県,1975100000,1975年度,1975,00001|F2201,観測値|F2201_第1次産業就業者数,人,152257.0,152257
labour,働く人の環境（就業・求人・給与）,42000,長崎県,pref,42,長崎県,1980100000,1980年度,1980,00001|F2201,観測値|F2201_第1次産業就業者数,人,134742.0,134742
labour,働く人の環境（就業・求人・給与）,42000,長崎県,pref,42,長崎県,1985100000,1985年度,1985,00001|F2201,観測値|F2201_第1次産業就業者数,人,121243.0,121243
labour,働く人の環境（就業・求人・給与）,42000,長崎県,pref,42,長崎県,1990100000,1990年度,1990,00001|F2201,観測値|F2201_第1次産業就業者数,人,96896.0,96896
labour,働く人の環境（就業・求人・給与）,42000,長崎県,pref,42,長崎県,1995100000,1995年度,1995,00001|F2201,観測値|F2201_第1次産業就業者数,人,80544.0,80544
labour,働く人の環境（就業・求人・給与）,42000,長崎県,pref,42,長崎県,2000100000,2000年度,2000,00001|F2201,観測値|F2201_第1次産業就業者数,人,67198.0,67198
labour,働く人の環境（就業・求人・給与）,42000,長崎県,pref,42,長崎県,2005100000,2005年度,2005,00001|F2201,観測値|F2201_第1次産業就業者数,人,62011.0,62011
labour,働く人の環境（就業・求人・給与）,42000,長崎県,pref,42,長崎県,2010100000,2010年度,2010,00001|F2201,観測値|F2201_第1次産業就業者数,人,51695.0,51695
labour,働く人の環境（就業・求人・給与）,42000,長崎県,pref,42,長崎県,2015100000,2015年度,2015,00001|F2201,観測値|F2201_第1次産業就業者数,人,47812.0,47812
labour,働く人の環境（就業・求人・給与）,42000,長崎県,pref,42,長崎県,2020100000,2020年度,2020,00001|F2201,観測値|F2201_第1次産業就業者数,人,40802.0,40802
labour,働く人の環境（就業・求人・給与）,43000,熊本県,pref,43,熊本県,1975100000,1975年度,1975,00001|F2201,観測値|F2201_第1次産業就業者数,人,227470.0,227470
labour,働く人の環境（就業・求人・給与）,43000,熊本県,pref,43,熊本県,1980100000,1980年度,1980,00001|F2201,観測値|F2201_第1次産業就業者数,人,202043.0,202043
labour,働く人の環境（就業・求人・給与）,43000,熊本県,pref,43,熊本県,1985100000,1985年度,1985,00001|F2201,観測値|F2201_第1次産業就業者数,人,183665.0,183665
labour,働く人の環境（就業・求人・給与）,43000,熊本県,pref,43,熊本県,1990100000,1990年度,1990,00001|F2201,観測値|F2201_第1次産業就業者数,人,150237.0,150237
labour,働く人の環境（就業・求人・給与）,43000,熊本県,pref,43,熊本県,1995100000,1995年度,1995,00001|F2201,観測値|F2201_第1次産業就業者数,人,127576.0,127576
labour,働く人の環境（就業・求人・給与）,43000,熊本県,pref,43,熊本県,2000100000,2000年度,2000,00001|F2201,観測値|F2201_第1次産業就業者数,人,107480.0,107480
labour,働く人の環境（就業・求人・給与）,43000,熊本県,pref,43,熊本県,2005100000,2005年度,2005,00001|F2201,観測値|F2201_第1次産業就業者数,人,100095.0,100095
labour,働く人の環境（就業・求人・給与）,43000,熊本県,pref,43,熊本県,2010100000,2010年度,2010,00001|F2201,観測値|F2201_第1次産業就業者数,人,85007.0,85007
labour,働く人の環境（就業・求人・給与）,43000,熊本県,pref,43,熊本県,2015100000,2015年度,2015,00001|F2201,観測値|F2201_第1次産業就業者数,人,80001.0,80001
labour,働く人の環境（就業・求人・給与）,43000,熊本県,pref,43,熊本県,2020100000,2020年度,2020,00001|F2201,観測値|F2201_第1次産業就業者数,人,71768.0,71768
labour,働く人の環境（就業・求人・給与）,44000,大分県,pref,44,大分県,1975100000,1975年度,1975,00001|F2201,観測値|F2201_第1次産業就業者数,人,140550.0,140550
labour,働く人の環境（就業・求人・給与）,44000,大分県,pref,44,大分県,1980100000,1980年度,1980,00001|F2201,観測値|F2201_第1次産業就業者数,人,115510.0,115510
labour,働く人の環境（就業・求人・給与）,44000,大分県,pref,44,大分県,1985100000,1985年度,1985,00001|F2201,観測値|F2201_第1次産業就業者数,人,103241.0,103241
labour,働く人の環境（就業・求人・給与）,44000,大分県,pref,44,大分県,1990100000,1990年度,1990,00001|F2201,観測値|F2201_第1次産業就業者数,人,80692.0,80692
labour,働く人の環境（就業・求人・給与）,44000,大分県,pref,44,大分県,1995100000,1995年度,1995,00001|F2201,観測値|F2201_第1次産業就業者数,人,68247.0,68247
labour,働く人の環境（就業・求人・給与）,44000,大分県,pref,44,大分県,2000100000,2000年度,2000,00001|F2201,観測値|F2201_第1次産業就業者数,人,55917.0,55917
labour,働く人の環境（就業・求人・給与）,44000,大分県,pref,44,大分県,2005100000,2005年度,2005,00001|F2201,観測値|F2201_第1次産業就業者数,人,51513.0,51513
labour,働く人の環境（就業・求人・給与）,44000,大分県,pref,44,大分県,2010100000,2010年度,2010,00001|F2201,観測値|F2201_第1次産業就業者数,人,39813.0,39813
labour,働く人の環境（就業・求人・給与）,44000,大分県,pref,44,大分県,2015100000,2015年度,2015,00001|F2201,観測値|F2201_第1次産業就業者数,人,36475.0,36475
labour,働く人の環境（就業・求人・給与）,44000,大分県,pref,44,大分県,2020100000,2020年度,2020,00001|F2201,観測値|F2201_第1次産業就業者数,人,31917.0,31917
labour,働く人の環境（就業・求人・給与）,45000,宮崎県,pref,45,宮崎県,1975100000,1975年度,1975,00001|F2201,観測値|F2201_第1次産業就業者数,人,151676.0,151676
labour,働く人の環境（就業・求人・給与）,45000,宮崎県,pref,45,宮崎県,1980100000,1980年度,1980,00001|F2201,観測値|F2201_第1次産業就業者数,人,132421.0,132421
labour,働く人の環境（就業・求人・給与）,45000,宮崎県,pref,45,宮崎県,1985100000,1985年度,1985,00001|F2201,観測値|F2201_第1次産業就業者数,人,121900.0,121900
labour,働く人の環境（就業・求人・給与）,45000,宮崎県,pref,45,宮崎県,1990100000,1990年度,1990,00001|F2201,観測値|F2201_第1次産業就業者数,人,100578.0,100578
labour,働く人の環境（就業・求人・給与）,45000,宮崎県,pref,45,宮崎県,1995100000,1995年度,1995,00001|F2201,観測値|F2201_第1次産業就業者数,人,87219.0,87219
labour,働く人の環境（就業・求人・給与）,45000,宮崎県,pref,45,宮崎県,2000100000,2000年度,2000,00001|F2201,観測値|F2201_第1次産業就業者数,人,74013.0,74013
labour,働く人の環境（就業・求人・給与）,45000,宮崎県,pref,45,宮崎県,2005100000,2005年度,2005,00001|F2201,観測値|F2201_第1次産業就業者数,人,69948.0,69948
labour,働く人の環境（就業・求人・給与）,45000,宮崎県,pref,45,宮崎県,2010100000,2010年度,2010,00001|F2201,観測値|F2201_第1次産業就業者数,人,60300.0,60300
labour,働く人の環境（就業・求人・給与）,45000,宮崎県,pref,45,宮崎県,2015100000,2015年度,2015,00001|F2201,観測値|F2201_第1次産業就業者数,人,56021.0,56021
labour,働く人の環境（就業・求人・給与）,45000,宮崎県,pref,45,宮崎県,2020100000,2020年度,2020,00001|F2201,観測値|F2201_第1次産業就業者数,人,49175.0,49175
labour,働く人の環境（就業・求人・給与）,46000,鹿児島県,pref,46,鹿児島県,1975100000,1975年度,1975,00001|F2201,観測値|F2201_第1次産業就業者数,人,251831.0,251831
labour,働く人の環境（就業・求人・給与）,46000,鹿児島県,pref,46,鹿児島県,1980100000,1980年度,1980,00001|F2201,観測値|F2201_第1次産業就業者数,人,208603.0,208603
labour,働く人の環境（就業・求人・給与）,46000,鹿児島県,pref,46,鹿児島県,1985100000,1985年度,1985,00001|F2201,観測値|F2201_第1次産業就業者数,人,189473.0,189473
labour,働く人の環境（就業・求人・給与）,46000,鹿児島県,pref,46,鹿児島県,1990100000,1990年度,1990,00001|F2201,観測値|F2201_第1次産業就業者数,人,146277.0,146277
labour,働く人の環境（就業・求人・給与）,46000,鹿児島県,pref,46,鹿児島県,1995100000,1995年度,1995,00001|F2201,観測値|F2201_第1次産業就業者数,人,125331.0,125331
labour,働く人の環境（就業・求人・給与）,46000,鹿児島県,pref,46,鹿児島県,2000100000,2000年度,2000,00001|F2201,観測値|F2201_第1次産業就業者数,人,99323.0,99323
labour,働く人の環境（就業・求人・給与）,46000,鹿児島県,pref,46,鹿児島県,2005100000,2005年度,2005,00001|F2201,観測値|F2201_第1次産業就業者数,人,94335.0,94335
labour,働く人の環境（就業・求人・給与）,46000,鹿児島県,pref,46,鹿児島県,2010100000,2010年度,2010,00001|F2201,観測値|F2201_第1次産業就業者数,人,77967.0,77967
labour,働く人の環境（就業・求人・給与）,46000,鹿児島県,pref,46,鹿児島県,2015100000,2015年度,2015,00001|F2201,観測値|F2201_第1次産業就業者数,人,70249.0,70249
labour,働く人の環境（就業・求人・給与）,46000,鹿児島県,pref,46,鹿児島県,2020100000,2020年度,2020,00001|F2201,観測値|F2201_第1次産業就業者数,人,61464.0,61464
labour,働く人の環境（就業・求人・給与）,47000,沖縄県,pref,47,沖縄県,1975100000,1975年度,1975,00001|F2201,観測値|F2201_第1次産業就業者数,人,52834.0,52834
labour,働く人の環境（就業・求人・給与）,47000,沖縄県,pref,47,沖縄県,1980100000,1980年度,1980,00001|F2201,観測値|F2201_第1次産業就業者数,人,53931.0,53931
labour,働く人の環境（就業・求人・給与）,47000,沖縄県,pref,47,沖縄県,1985100000,1985年度,1985,00001|F2201,観測値|F2201_第1次産業就業者数,人,54106.0,54106
labour,働く人の環境（就業・求人・給与）,47000,沖縄県,pref,47,沖縄県,1990100000,1990年度,1990,00001|F2201,観測値|F2201_第1次産業就業者数,人,47295.0,47295
labour,働く人の環境（就業・求人・給与）,47000,沖縄県,pref,47,沖縄県,1995100000,1995年度,1995,00001|F2201,観測値|F2201_第1次産業就業者数,人,40318.0,40318
labour,働く人の環境（就業・求人・給与）,47000,沖縄県,pref,47,沖縄県,2000100000,2000年度,2000,00001|F2201,観測値|F2201_第1次産業就業者数,人,34156.0,34156
labour,働く人の環境（就業・求人・給与）,47000,沖縄県,pref,47,沖縄県,2005100000,2005年度,2005,00001|F2201,観測値|F2201_第1次産業就業者数,人,32873.0,32873
labour,働く人の環境（就業・求人・給与）,47000,沖縄県,pref,47,沖縄県,2010100000,2010年度,2010,00001|F2201,観測値|F2201_第1次産業就業者数,人,28713.0,28713
labour,働く人の環境（就業・求人・給与）,47000,沖縄県,pref,47,沖縄県,2015100000,2015年度,2015,00001|F2201,観測値|F2201_第1次産業就業者数,人,26593.0,26593
labour,働く人の環境（就業・求人・給与）,47000,沖縄県,pref,47,沖縄県,2020100000,2020年度,2020,00001|F2201,観測値|F2201_第1次産業就業者数,人,23267.0,23267
labour,働く人の環境（就業・求人・給与）,00000,全国,national,,,1975100000,1975年度,1975,00001|F2211,観測値|F2211_第2次産業就業者数,人,18097553.0,18097553
labour,働く人の環境（就業・求人・給与）,00000,全国,national,,,1980100000,1980年度,1980,00001|F2211,観測値|F2211_第2次産業就業者数,人,18737426.0,18737426
labour,働く人の環境（就業・求人・給与）,00000,全国,national,,,1985100000,1985年度,1985,00001|F2211,観測値|F2211_第2次産業就業者数,人,19334215.0,19334215
labour,働く人の環境（就業・求人・給与）,00000,全国,national,,,1990100000,1990年度,1990,00001|F2211,観測値|F2211_第2次産業就業者数,人,20548086.0,20548086
labour,働く人の環境（就業・求人・給与）,00000,全国,national,,,1995100000,1995年度,1995,00001|F2211,観測値|F2211_第2次産業就業者数,人,20247428.0,20247428
labour,働く人の環境（就業・求人・給与）,00000,全国,national,,,2000100000,2000年度,2000,00001|F2211,観測値|F2211_第2次産業就業者数,人,18571057.0,18571057
labour,働く人の環境（就業・求人・給与）,00000,全国,national,,,2005100000,2005年度,2005,00001|F2211,観測値|F2211_第2次産業就業者数,人,16065188.0,16065188
labour,働く人の環境（就業・求人・給与）,00000,全国,national,,,2010100000,2010年度,2010,00001|F2211,観測値|F2211_第2次産業就業者数,人,14123282.0,14123282
labour,働く人の環境（就業・求人・給与）,00000,全国,national,,,2015100000,2015年度,2015,00001|F2211,観測値|F2211_第2次産業就業者数,人,13920834.0,13920834
labour,働く人の環境（就業・求人・給与）,00000,全国,national,,,2020100000,2020年度,2020,00001|F2211,観測値|F2211_第2次産業就業者数,人,13259479.0,13259479
labour,働く人の環境（就業・求人・給与）,01000,北海道,pref,01,北海道,1975100000,1975年度,1975,00001|F2211,観測値|F2211_第2次産業就業者数,人,638471.0,638471
labour,働く人の環境（就業・求人・給与）,01000,北海道,pref,01,北海道,1980100000,1980年度,1980,00001|F2211,観測値|F2211_第2次産業就業者数,人,661597.0,661597
labour,働く人の環境（就業・求人・給与）,01000,北海道,pref,01,北海道,1985100000,1985年度,1985,00001|F2211,観測値|F2211_第2次産業就業者数,人,616489.0,616489
labour,働く人の環境（就業・求人・給与）,01000,北海道,pref,01,北海道,1990100000,1990年度,1990,00001|F2211,観測値|F2211_第2次産業就業者数,人,630809.0,630809
labour,働く人の環境（就業・求人・給与）,01000,北海道,pref,01,北海道,1995100000,1995年度,1995,00001|F2211,観測値|F2211_第2次産業就業者数,人,658540.0,658540
labour,働く人の環境（就業・求人・給与）,01000,北海道,pref,01,北海道,2000100000,2000年度,2000,00001|F2211,観測値|F2211_第2次産業就業者数,人,602859.0,602859
labour,働く人の環境（就業・求人・給与）,01000,北海道,pref,01,北海道,2005100000,2005年度,2005,00001|F2211,観測値|F2211_第2次産業就業者数,人,495496.0,495496
labour,働く人の環境（就業・求人・給与）,01000,北海道,pref,01,北海道,2010100000,2010年度,2010,00001|F2211,観測値|F2211_第2次産業就業者数,人,429376.0,429376
labour,働く人の環境（就業・求人・給与）,01000,北海道,pref,01,北海道,2015100000,2015年度,2015,00001|F2211,観測値|F2211_第2次産業就業者数,人,411569.0,411569
labour,働く人の環境（就業・求人・給与）,01000,北海道,pref,01,北海道,2020100000,2020年度,2020,00001|F2211,観測値|F2211_第2次産業就業者数,人,387947.0,387947
labour,働く人の環境（就業・求人・給与）,02000,青森県,pref,02,青森県,1975100000,1975年度,1975,00001|F2211,観測値|F2211_第2次産業就業者数,人,130812.0,130812
labour,働く人の環境（就業・求人・給与）,02000,青森県,pref,02,青森県,1980100000,1980年度,1980,00001|F2211,観測値|F2211_第2次産業就業者数,人,159089.0,159089
labour,働く人の環境（就業・求人・給与）,02000,青森県,pref,02,青森県,1985100000,1985年度,1985,00001|F2211,観測値|F2211_第2次産業就業者数,人,155387.0,155387
labour,働く人の環境（就業・求人・給与）,02000,青森県,pref,02,青森県,1990100000,1990年度,1990,00001|F2211,観測値|F2211_第2次産業就業者数,人,170710.0,170710
labour,働く人の環境（就業・求人・給与）,02000,青森県,pref,02,青森県,1995100000,1995年度,1995,00001|F2211,観測値|F2211_第2次産業就業者数,人,184534.0,184534
labour,働く人の環境（就業・求人・給与）,02000,青森県,pref,02,青森県,2000100000,2000年度,2000,00001|F2211,観測値|F2211_第2次産業就業者数,人,185571.0,185571
labour,働く人の環境（就業・求人・給与）,02000,青森県,pref,02,青森県,2005100000,2005年度,2005,00001|F2211,観測値|F2211_第2次産業就業者数,人,146847.0,146847
labour,働く人の環境（就業・求人・給与）,02000,青森県,pref,02,青森県,2010100000,2010年度,2010,00001|F2211,観測値|F2211_第2次産業就業者数,人,127978.0,127978
labour,働く人の環境（就業・求人・給与）,02000,青森県,pref,02,青森県,2015100000,2015年度,2015,00001|F2211,観測値|F2211_第2次産業就業者数,人,124032.0,124032
labour,働く人の環境（就業・求人・給与）,02000,青森県,pref,02,青森県,2020100000,2020年度,2020,00001|F2211,観測値|F2211_第2次産業就業者数,人,118134.0,118134
labour,働く人の環境（就業・求人・給与）,03000,岩手県,pref,03,岩手県,1975100000,1975年度,1975,00001|F2211,観測値|F2211_第2次産業就業者数,人,161128.0,161128
labour,働く人の環境（就業・求人・給与）,03000,岩手県,pref,03,岩手県,1980100000,1980年度,1980,00001|F2211,観測値|F2211_第2次産業就業者数,人,190535.0,190535
labour,働く人の環境（就業・求人・給与）,03000,岩手県,pref,03,岩手県,1985100000,1985年度,1985,00001|F2211,観測値|F2211_第2次産業就業者数,人,191619.0,191619
labour,働く人の環境（就業・求人・給与）,03000,岩手県,pref,03,岩手県,1990100000,1990年度,1990,00001|F2211,観測値|F2211_第2次産業就業者数,人,212474.0,212474
labour,働く人の環境（就業・求人・給与）,03000,岩手県,pref,03,岩手県,1995100000,1995年度,1995,00001|F2211,観測値|F2211_第2次産業就業者数,人,221365.0,221365
labour,働く人の環境（就業・求人・給与）,03000,岩手県,pref,03,岩手県,2000100000,2000年度,2000,00001|F2211,観測値|F2211_第2次産業就業者数,人,216142.0,216142
labour,働く人の環境（就業・求人・給与）,03000,岩手県,pref,03,岩手県,2005100000,2005年度,2005,00001|F2211,観測値|F2211_第2次産業就業者数,人,178042.0,178042
labour,働く人の環境（就業・求人・給与）,03000,岩手県,pref,03,岩手県,2010100000,2010年度,2010,00001|F2211,観測値|F2211_第2次産業就業者数,人,153479.0,153479
labour,働く人の環境（就業・求人・給与）,03000,岩手県,pref,03,岩手県,2015100000,2015年度,2015,00001|F2211,観測値|F2211_第2次産業就業者数,人,159640.0,159640
labour,働く人の環境（就業・求人・給与）,03000,岩手県,pref,03,岩手県,2020100000,2020年度,2020,00001|F2211,観測値|F2211_第2次産業就業者数,人,147219.0,147219
labour,働く人の環境（就業・求人・給与）,04000,宮城県,pref,04,宮城県,1975100000,1975年度,1975,00001|F2211,観測値|F2211_第2次産業就業者数,人,225749.0,225749
labour,働く人の環境（就業・求人・給与）,04000,宮城県,pref,04,宮城県,1980100000,1980年度,1980,00001|F2211,観測値|F2211_第2次産業就業者数,人,271049.0,271049
labour,働く人の環境（就業・求人・給与）,04000,宮城県,pref,04,宮城県,1985100000,1985年度,1985,00001|F2211,観測値|F2211_第2次産業就業者数,人,276818.0,276818
labour,働く人の環境（就業・求人・給与）,04000,宮城県,pref,04,宮城県,1990100000,1990年度,1990,00001|F2211,観測値|F2211_第2次産業就業者数,人,312531.0,312531
labour,働く人の環境（就業・求人・給与）,04000,宮城県,pref,04,宮城県,1995100000,1995年度,1995,00001|F2211,観測値|F2211_第2次産業就業者数,人,319950.0,319950
labour,働く人の環境（就業・求人・給与）,04000,宮城県,pref,04,宮城県,2000100000,2000年度,2000,00001|F2211,観測値|F2211_第2次産業就業者数,人,308345.0,308345
labour,働く人の環境（就業・求人・給与）,04000,宮城県,pref,04,宮城県,2005100000,2005年度,2005,00001|F2211,観測値|F2211_第2次産業就業者数,人,260754.0,260754
labour,働く人の環境（就業・求人・給与）,04000,宮城県,pref,04,宮城県,2010100000,2010年度,2010,00001|F2211,観測値|F2211_第2次産業就業者数,人,234210.0,234210
labour,働く人の環境（就業・求人・給与）,04000,宮城県,pref,04,宮城県,2015100000,2015年度,2015,00001|F2211,観測値|F2211_第2次産業就業者数,人,246510.0,246510
labour,働く人の環境（就業・求人・給与）,04000,宮城県,pref,04,宮城県,2020100000,2020年度,2020,00001|F2211,観測値|F2211_第2次産業就業者数,人,236613.0,236613
labour,働く人の環境（就業・求人・給与）,05000,秋田県,pref,05,秋田県,1975100000,1975年度,1975,00001|F2211,観測値|F2211_第2次産業就業者数,人,141431.0,141431
labour,働く人の環境（就業・求人・給与）,05000,秋田県,pref,05,秋田県,1980100000,1980年度,1980,00001|F2211,観測値|F2211_第2次産業就業者数,人,172612.0,172612
labour,働く人の環境（就業・求人・給与）,05000,秋田県,pref,05,秋田県,1985100000,1985年度,1985,00001|F2211,観測値|F2211_第2次産業就業者数,人,177609.0,177609
labour,働く人の環境（就業・求人・給与）,05000,秋田県,pref,05,秋田県,1990100000,1990年度,1990,00001|F2211,観測値|F2211_第2次産業就業者数,人,195871.0,195871
labour,働く人の環境（就業・求人・給与）,05000,秋田県,pref,05,秋田県,1995100000,1995年度,1995,00001|F2211,観測値|F2211_第2次産業就業者数,人,195627.0,195627
labour,働く人の環境（就業・求人・給与）,05000,秋田県,pref,05,秋田県,2000100000,2000年度,2000,00001|F2211,観測値|F2211_第2次産業就業者数,人,181688.0,181688
labour,働く人の環境（就業・求人・給与）,05000,秋田県,pref,05,秋田県,2005100000,2005年度,2005,00001|F2211,観測値|F2211_第2次産業就業者数,人,146880.0,146880
labour,働く人の環境（就業・求人・給与）,05000,秋田県,pref,05,秋田県,2010100000,2010年度,2010,00001|F2211,観測値|F2211_第2次産業就業者数,人,124501.0,124501
labour,働く人の環境（就業・求人・給与）,05000,秋田県,pref,05,秋田県,2015100000,2015年度,2015,00001|F2211,観測値|F2211_第2次産業就業者数,人,115978.0,115978
labour,働く人の環境（就業・求人・給与）,05000,秋田県,pref,05,秋田県,2020100000,2020年度,2020,00001|F2211,観測値|F2211_第2次産業就業者数,人,109589.0,109589
labour,働く人の環境（就業・求人・給与）,06000,山形県,pref,06,山形県,1975100000,1975年度,1975,00001|F2211,観測値|F2211_第2次産業就業者数,人,173024.0,173024
labour,働く人の環境（就業・求人・給与）,06000,山形県,pref,06,山形県,1980100000,1980年度,1980,00001|F2211,観測値|F2211_第2次産業就業者数,人,199879.0,199879
labour,働く人の環境（就業・求人・給与）,06000,山形県,pref,06,山形県,1985100000,1985年度,1985,00001|F2211,観測値|F2211_第2次産業就業者数,人,218338.0,218338
labour,働く人の環境（就業・求人・給与）,06000,山形県,pref,06,山形県,1990100000,1990年度,1990,00001|F2211,観測値|F2211_第2次産業就業者数,人,234626.0,234626
labour,働く人の環境（就業・求人・給与）,06000,山形県,pref,06,山形県,1995100000,1995年度,1995,00001|F2211,観測値|F2211_第2次産業就業者数,人,231855.0,231855
labour,働く人の環境（就業・求人・給与）,06000,山形県,pref,06,山形県,2000100000,2000年度,2000,00001|F2211,観測値|F2211_第2次産業就業者数,人,223328.0,223328
labour,働く人の環境（就業・求人・給与）,06000,山形県,pref,06,山形県,2005100000,2005年度,2005,00001|F2211,観測値|F2211_第2次産業就業者数,人,185752.0,185752
labour,働く人の環境（就業・求人・給与）,06000,山形県,pref,06,山形県,2010100000,2010年度,2010,00001|F2211,観測値|F2211_第2次産業就業者数,人,164010.0,164010
labour,働く人の環境（就業・求人・給与）,06000,山形県,pref,06,山形県,2015100000,2015年度,2015,00001|F2211,観測値|F2211_第2次産業就業者数,人,159873.0,159873
labour,働く人の環境（就業・求人・給与）,06000,山形県,pref,06,山形県,2020100000,2020年度,2020,00001|F2211,観測値|F2211_第2次産業就業者数,人,152051.0,152051
labour,働く人の環境（就業・求人・給与）,07000,福島県,pref,07,福島県,1975100000,1975年度,1975,00001|F2211,観測値|F2211_第2次産業就業者数,人,288168.0,288168
labour,働く人の環境（就業・求人・給与）,07000,福島県,pref,07,福島県,1980100000,1980年度,1980,00001|F2211,観測値|F2211_第2次産業就業者数,人,330978.0,330978
labour,働く人の環境（就業・求人・給与）,07000,福島県,pref,07,福島県,1985100000,1985年度,1985,00001|F2211,観測値|F2211_第2次産業就業者数,人,359554.0,359554
labour,働く人の環境（就業・求人・給与）,07000,福島県,pref,07,福島県,1990100000,1990年度,1990,00001|F2211,観測値|F2211_第2次産業就業者数,人,392124.0,392124
labour,働く人の環境（就業・求人・給与）,07000,福島県,pref,07,福島県,1995100000,1995年度,1995,00001|F2211,観測値|F2211_第2次産業就業者数,人,392816.0,392816
labour,働く人の環境（就業・求人・給与）,07000,福島県,pref,07,福島県,2000100000,2000年度,2000,00001|F2211,観測値|F2211_第2次産業就業者数,人,368425.0,368425
labour,働く人の環境（就業・求人・給与）,07000,福島県,pref,07,福島県,2005100000,2005年度,2005,00001|F2211,観測値|F2211_第2次産業就業者数,人,309660.0,309660
labour,働く人の環境（就業・求人・給与）,07000,福島県,pref,07,福島県,2010100000,2010年度,2010,00001|F2211,観測値|F2211_第2次産業就業者数,人,272417.0,272417
labour,働く人の環境（就業・求人・給与）,07000,福島県,pref,07,福島県,2015100000,2015年度,2015,00001|F2211,観測値|F2211_第2次産業就業者数,人,271326.0,271326
labour,働く人の環境（就業・求人・給与）,07000,福島県,pref,07,福島県,2020100000,2020年度,2020,00001|F2211,観測値|F2211_第2次産業就業者数,人,250803.0,250803
labour,働く人の環境（就業・求人・給与）,08000,茨城県,pref,08,茨城県,1975100000,1975年度,1975,00001|F2211,観測値|F2211_第2次産業就業者数,人,359756.0,359756
labour,働く人の環境（就業・求人・給与）,08000,茨城県,pref,08,茨城県,1980100000,1980年度,1980,00001|F2211,観測値|F2211_第2次産業就業者数,人,410579.0,410579
labour,働く人の環境（就業・求人・給与）,08000,茨城県,pref,08,茨城県,1985100000,1985年度,1985,00001|F2211,観測値|F2211_第2次産業就業者数,人,460249.0,460249
labour,働く人の環境（就業・求人・給与）,08000,茨城県,pref,08,茨城県,1990100000,1990年度,1990,00001|F2211,観測値|F2211_第2次産業就業者数,人,520444.0,520444
labour,働く人の環境（就業・求人・給与）,08000,茨城県,pref,08,茨城県,1995100000,1995年度,1995,00001|F2211,観測値|F2211_第2次産業就業者数,人,533203.0,533203
labour,働く人の環境（就業・求人・給与）,08000,茨城県,pref,08,茨城県,2000100000,2000年度,2000,00001|F2211,観測値|F2211_第2次産業就業者数,人,504285.0,504285
labour,働く人の環境（就業・求人・給与）,08000,茨城県,pref,08,茨城県,2005100000,2005年度,2005,00001|F2211,観測値|F2211_第2次産業就業者数,人,443203.0,443203
labour,働く人の環境（就業・求人・給与）,08000,茨城県,pref,08,茨城県,2010100000,2010年度,2010,00001|F2211,観測値|F2211_第2次産業就業者数,人,401004.0,401004
labour,働く人の環境（就業・求人・給与）,08000,茨城県,pref,08,茨城県,2015100000,2015年度,2015,00001|F2211,観測値|F2211_第2次産業就業者数,人,399707.0,399707
labour,働く人の環境（就業・求人・給与）,08000,茨城県,pref,08,茨城県,2020100000,2020年度,2020,00001|F2211,観測値|F2211_第2次産業就業者数,人,380140.0,380140
labour,働く人の環境（就業・求人・給与）,09000,栃木県,pref,09,栃木県,1975100000,1975年度,1975,00001|F2211,観測値|F2211_第2次産業就業者数,人,307490.0,307490
labour,働く人の環境（就業・求人・給与）,09000,栃木県,pref,09,栃木県,1980100000,1980年度,1980,00001|F2211,観測値|F2211_第2次産業就業者数,人,335885.0,335885
labour,働く人の環境（就業・求人・給与）,09000,栃木県,pref,09,栃木県,1985100000,1985年度,1985,00001|F2211,観測値|F2211_第2次産業就業者数,人,366542.0,366542
labour,働く人の環境（就業・求人・給与）,09000,栃木県,pref,09,栃木県,1990100000,1990年度,1990,00001|F2211,観測値|F2211_第2次産業就業者数,人,397931.0,397931
labour,働く人の環境（就業・求人・給与）,09000,栃木県,pref,09,栃木県,1995100000,1995年度,1995,00001|F2211,観測値|F2211_第2次産業就業者数,人,389283.0,389283
labour,働く人の環境（就業・求人・給与）,09000,栃木県,pref,09,栃木県,2000100000,2000年度,2000,00001|F2211,観測値|F2211_第2次産業就業者数,人,373403.0,373403
labour,働く人の環境（就業・求人・給与）,09000,栃木県,pref,09,栃木県,2005100000,2005年度,2005,00001|F2211,観測値|F2211_第2次産業就業者数,人,331774.0,331774
labour,働く人の環境（就業・求人・給与）,09000,栃木県,pref,09,栃木県,2010100000,2010年度,2010,00001|F2211,観測値|F2211_第2次産業就業者数,人,300422.0,300422
labour,働く人の環境（就業・求人・給与）,09000,栃木県,pref,09,栃木県,2015100000,2015年度,2015,00001|F2211,観測値|F2211_第2次産業就業者数,人,296120.0,296120
labour,働く人の環境（就業・求人・給与）,09000,栃木県,pref,09,栃木県,2020100000,2020年度,2020,00001|F2211,観測値|F2211_第2次産業就業者数,人,282005.0,282005
labour,働く人の環境（就業・求人・給与）,10000,群馬県,pref,10,群馬県,1975100000,1975年度,1975,00001|F2211,観測値|F2211_第2次産業就業者数,人,316003.0,316003
labour,働く人の環境（就業・求人・給与）,10000,群馬県,pref,10,群馬県,1980100000,1980年度,1980,00001|F2211,観測値|F2211_第2次産業就業者数,人,344283.0,344283
labour,働く人の環境（就業・求人・給与）,10000,群馬県,pref,10,群馬県,1985100000,1985年度,1985,00001|F2211,観測値|F2211_第2次産業就業者数,人,376044.0,376044
labour,働く人の環境（就業・求人・給与）,10000,群馬県,pref,10,群馬県,1990100000,1990年度,1990,00001|F2211,観測値|F2211_第2次産業就業者数,人,406254.0,406254
labour,働く人の環境（就業・求人・給与）,10000,群馬県,pref,10,群馬県,1995100000,1995年度,1995,00001|F2211,観測値|F2211_第2次産業就業者数,人,401218.0,401218
labour,働く人の環境（就業・求人・給与）,10000,群馬県,pref,10,群馬県,2000100000,2000年度,2000,00001|F2211,観測値|F2211_第2次産業就業者数,人,378958.0,378958
labour,働く人の環境（就業・求人・給与）,10000,群馬県,pref,10,群馬県,2005100000,2005年度,2005,00001|F2211,観測値|F2211_第2次産業就業者数,人,332689.0,332689
labour,働く人の環境（就業・求人・給与）,10000,群馬県,pref,10,群馬県,2010100000,2010年度,2010,00001|F2211,観測値|F2211_第2次産業就業者数,人,297640.0,297640
labour,働く人の環境（就業・求人・給与）,10000,群馬県,pref,10,群馬県,2015100000,2015年度,2015,00001|F2211,観測値|F2211_第2次産業就業者数,人,297919.0,297919
labour,働く人の環境（就業・求人・給与）,10000,群馬県,pref,10,群馬県,2020100000,2020年度,2020,00001|F2211,観測値|F2211_第2次産業就業者数,人,287927.0,287927
labour,働く人の環境（就業・求人・給与）,11000,埼玉県,pref,11,埼玉県,1975100000,1975年度,1975,00001|F2211,観測値|F2211_第2次産業就業者数,人,866213.0,866213
labour,働く人の環境（就業・求人・給与）,11000,埼玉県,pref,11,埼玉県,1980100000,1980年度,1980,00001|F2211,観測値|F2211_第2次産業就業者数,人,953457.0,953457
labour,働く人の環境（就業・求人・給与）,11000,埼玉県,pref,11,埼玉県,1985100000,1985年度,1985,00001|F2211,観測値|F2211_第2次産業就業者数,人,1051967.0,1051967
labour,働く人の環境（就業・求人・給与）,11000,埼玉県,pref,11,埼玉県,1990100000,1990年度,1990,00001|F2211,観測値|F2211_第2次産業就業者数,人,1178007.0,1178007
labour,働く人の環境（就業・求人・給与）,11000,埼玉県,pref,11,埼玉県,1995100000,1995年度,1995,00001|F2211,観測値|F2211_第2次産業就業者数,人,1178655.0,1178655
labour,働く人の環境（就業・求人・給与）,11000,埼玉県,pref,11,埼玉県,2000100000,2000年度,2000,00001|F2211,観測値|F2211_第2次産業就業者数,人,1078947.0,1078947
labour,働く人の環境（就業・求人・給与）,11000,埼玉県,pref,11,埼玉県,2005100000,2005年度,2005,00001|F2211,観測値|F2211_第2次産業就業者数,人,942028.0,942028
labour,働く人の環境（就業・求人・給与）,11000,埼玉県,pref,11,埼玉県,2010100000,2010年度,2010,00001|F2211,観測値|F2211_第2次産業就業者数,人,816866.0,816866
labour,働く人の環境（就業・求人・給与）,11000,埼玉県,pref,11,埼玉県,2015100000,2015年度,2015,00001|F2211,観測値|F2211_第2次産業就業者数,人,803861.0,803861
labour,働く人の環境（就業・求人・給与）,11000,埼玉県,pref,11,埼玉県,2020100000,2020年度,2020,00001|F2211,観測値|F2211_第2次産業就業者数,人,752258.0,752258
labour,働く人の環境（就業・求人・給与）,12000,千葉県,pref,12,千葉県,1975100000,1975年度,1975,00001|F2211,観測値|F2211_第2次産業就業者数,人,600452.0,600452
labour,働く人の環境（就業・求人・給与）,12000,千葉県,pref,12,千葉県,1980100000,1980年度,1980,00001|F2211,観測値|F2211_第2次産業就業者数,人,660064.0,660064
labour,働く人の環境（就業・求人・給与）,12000,千葉県,pref,12,千葉県,1985100000,1985年度,1985,00001|F2211,観測値|F2211_第2次産業就業者数,人,720984.0,720984
labour,働く人の環境（就業・求人・給与）,12000,千葉県,pref,12,千葉県,1990100000,1990年度,1990,00001|F2211,観測値|F2211_第2次産業就業者数,人,816539.0,816539
labour,働く人の環境（就業・求人・給与）,12000,千葉県,pref,12,千葉県,1995100000,1995年度,1995,00001|F2211,観測値|F2211_第2次産業就業者数,人,821687.0,821687
labour,働く人の環境（就業・求人・給与）,12000,千葉県,pref,12,千葉県,2000100000,2000年度,2000,00001|F2211,観測値|F2211_第2次産業就業者数,人,733961.0,733961
labour,働く人の環境（就業・求人・給与）,12000,千葉県,pref,12,千葉県,2005100000,2005年度,2005,00001|F2211,観測値|F2211_第2次産業就業者数,人,640754.0,640754
labour,働く人の環境（就業・求人・給与）,12000,千葉県,pref,12,千葉県,2010100000,2010年度,2010,00001|F2211,観測値|F2211_第2次産業就業者数,人,556856.0,556856
labour,働く人の環境（就業・求人・給与）,12000,千葉県,pref,12,千葉県,2015100000,2015年度,2015,00001|F2211,観測値|F2211_第2次産業就業者数,人,559952.0,559952
labour,働く人の環境（就業・求人・給与）,12000,千葉県,pref,12,千葉県,2020100000,2020年度,2020,00001|F2211,観測値|F2211_第2次産業就業者数,人,527288.0,527288
labour,働く人の環境（就業・求人・給与）,13000,東京都,pref,13,東京都,1975100000,1975年度,1975,00001|F2211,観測値|F2211_第2次産業就業者数,人,1928483.0,1928483
labour,働く人の環境（就業・求人・給与）,13000,東京都,pref,13,東京都,1980100000,1980年度,1980,00001|F2211,観測値|F2211_第2次産業就業者数,人,1805449.0,1805449
labour,働く人の環境（就業・求人・給与）,13000,東京都,pref,13,東京都,1985100000,1985年度,1985,00001|F2211,観測値|F2211_第2次産業就業者数,人,1785930.0,1785930
labour,働く人の環境（就業・求人・給与）,13000,東京都,pref,13,東京都,1990100000,1990年度,1990,00001|F2211,観測値|F2211_第2次産業就業者数,人,1786620.0,1786620
labour,働く人の環境（就業・求人・給与）,13000,東京都,pref,13,東京都,1995100000,1995年度,1995,00001|F2211,観測値|F2211_第2次産業就業者数,人,1614837.0,1614837
labour,働く人の環境（就業・求人・給与）,13000,東京都,pref,13,東京都,2000100000,2000年度,2000,00001|F2211,観測値|F2211_第2次産業就業者数,人,1382941.0,1382941
labour,働く人の環境（就業・求人・給与）,13000,東京都,pref,13,東京都,2005100000,2005年度,2005,00001|F2211,観測値|F2211_第2次産業就業者数,人,1108964.0,1108964
labour,働く人の環境（就業・求人・給与）,13000,東京都,pref,13,東京都,2010100000,2010年度,2010,00001|F2211,観測値|F2211_第2次産業就業者数,人,912116.0,912116
labour,働く人の環境（就業・求人・給与）,13000,東京都,pref,13,東京都,2015100000,2015年度,2015,00001|F2211,観測値|F2211_第2次産業就業者数,人,898380.0,898380
labour,働く人の環境（就業・求人・給与）,13000,東京都,pref,13,東京都,2020100000,2020年度,2020,00001|F2211,観測値|F2211_第2次産業就業者数,人,873231.0,873231
labour,働く人の環境（就業・求人・給与）,14000,神奈川県,pref,14,神奈川県,1975100000,1975年度,1975,00001|F2211,観測値|F2211_第2次産業就業者数,人,1190215.0,1190215
labour,働く人の環境（就業・求人・給与）,14000,神奈川県,pref,14,神奈川県,1980100000,1980年度,1980,00001|F2211,観測値|F2211_第2次産業就業者数,人,1206012.0,1206012
labour,働く人の環境（就業・求人・給与）,14000,神奈川県,pref,14,神奈川県,1985100000,1985年度,1985,00001|F2211,観測値|F2211_第2次産業就業者数,人,1309155.0,1309155
labour,働く人の環境（就業・求人・給与）,14000,神奈川県,pref,14,神奈川県,1990100000,1990年度,1990,00001|F2211,観測値|F2211_第2次産業就業者数,人,1400341.0,1400341
labour,働く人の環境（就業・求人・給与）,14000,神奈川県,pref,14,神奈川県,1995100000,1995年度,1995,00001|F2211,観測値|F2211_第2次産業就業者数,人,1345876.0,1345876
labour,働く人の環境（就業・求人・給与）,14000,神奈川県,pref,14,神奈川県,2000100000,2000年度,2000,00001|F2211,観測値|F2211_第2次産業就業者数,人,1177728.0,1177728
labour,働く人の環境（就業・求人・給与）,14000,神奈川県,pref,14,神奈川県,2005100000,2005年度,2005,00001|F2211,観測値|F2211_第2次産業就業者数,人,1022655.0,1022655
labour,働く人の環境（就業・求人・給与）,14000,神奈川県,pref,14,神奈川県,2010100000,2010年度,2010,00001|F2211,観測値|F2211_第2次産業就業者数,人,892678.0,892678
labour,働く人の環境（就業・求人・給与）,14000,神奈川県,pref,14,神奈川県,2015100000,2015年度,2015,00001|F2211,観測値|F2211_第2次産業就業者数,人,867104.0,867104
labour,働く人の環境（就業・求人・給与）,14000,神奈川県,pref,14,神奈川県,2020100000,2020年度,2020,00001|F2211,観測値|F2211_第2次産業就業者数,人,811104.0,811104
labour,働く人の環境（就業・求人・給与）,15000,新潟県,pref,15,新潟県,1975100000,1975年度,1975,00001|F2211,観測値|F2211_第2次産業就業者数,人,406537.0,406537
labour,働く人の環境（就業・求人・給与）,15000,新潟県,pref,15,新潟県,1980100000,1980年度,1980,00001|F2211,観測値|F2211_第2次産業就業者数,人,429572.0,429572
labour,働く人の環境（就業・求人・給与）,15000,新潟県,pref,15,新潟県,1985100000,1985年度,1985,00001|F2211,観測値|F2211_第2次産業就業者数,人,451437.0,451437
labour,働く人の環境（就業・求人・給与）,15000,新潟県,pref,15,新潟県,1990100000,1990年度,1990,00001|F2211,観測値|F2211_第2次産業就業者数,人,475238.0,475238
labour,働く人の環境（就業・求人・給与）,15000,新潟県,pref,15,新潟県,1995100000,1995年度,1995,00001|F2211,観測値|F2211_第2次産業就業者数,人,474719.0,474719
labour,働く人の環境（就業・求人・給与）,15000,新潟県,pref,15,新潟県,2000100000,2000年度,2000,00001|F2211,観測値|F2211_第2次産業就業者数,人,435752.0,435752
labour,働く人の環境（就業・求人・給与）,15000,新潟県,pref,15,新潟県,2005100000,2005年度,2005,00001|F2211,観測値|F2211_第2次産業就業者数,人,380795.0,380795
labour,働く人の環境（就業・求人・給与）,15000,新潟県,pref,15,新潟県,2010100000,2010年度,2010,00001|F2211,観測値|F2211_第2次産業就業者数,人,331725.0,331725
labour,働く人の環境（就業・求人・給与）,15000,新潟県,pref,15,新潟県,2015100000,2015年度,2015,00001|F2211,観測値|F2211_第2次産業就業者数,人,323075.0,323075
labour,働く人の環境（就業・求人・給与）,15000,新潟県,pref,15,新潟県,2020100000,2020年度,2020,00001|F2211,観測値|F2211_第2次産業就業者数,人,302187.0,302187
labour,働く人の環境（就業・求人・給与）,16000,富山県,pref,16,富山県,1975100000,1975年度,1975,00001|F2211,観測値|F2211_第2次産業就業者数,人,211487.0,211487
labour,働く人の環境（就業・求人・給与）,16000,富山県,pref,16,富山県,1980100000,1980年度,1980,00001|F2211,観測値|F2211_第2次産業就業者数,人,220906.0,220906
labour,働く人の環境（就業・求人・給与）,16000,富山県,pref,16,富山県,1985100000,1985年度,1985,00001|F2211,観測値|F2211_第2次産業就業者数,人,230354.0,230354
labour,働く人の環境（就業・求人・給与）,16000,富山県,pref,16,富山県,1990100000,1990年度,1990,00001|F2211,観測値|F2211_第2次産業就業者数,人,242293.0,242293
labour,働く人の環境（就業・求人・給与）,16000,富山県,pref,16,富山県,1995100000,1995年度,1995,00001|F2211,観測値|F2211_第2次産業就業者数,人,244989.0,244989
labour,働く人の環境（就業・求人・給与）,16000,富山県,pref,16,富山県,2000100000,2000年度,2000,00001|F2211,観測値|F2211_第2次産業就業者数,人,229675.0,229675
labour,働く人の環境（就業・求人・給与）,16000,富山県,pref,16,富山県,2005100000,2005年度,2005,00001|F2211,観測値|F2211_第2次産業就業者数,人,201001.0,201001
labour,働く人の環境（就業・求人・給与）,16000,富山県,pref,16,富山県,2010100000,2010年度,2010,00001|F2211,観測値|F2211_第2次産業就業者数,人,182225.0,182225
labour,働く人の環境（就業・求人・給与）,16000,富山県,pref,16,富山県,2015100000,2015年度,2015,00001|F2211,観測値|F2211_第2次産業就業者数,人,178261.0,178261
labour,働く人の環境（就業・求人・給与）,16000,富山県,pref,16,富山県,2020100000,2020年度,2020,00001|F2211,観測値|F2211_第2次産業就業者数,人,172096.0,172096
labour,働く人の環境（就業・求人・給与）,17000,石川県,pref,17,石川県,1975100000,1975年度,1975,00001|F2211,観測値|F2211_第2次産業就業者数,人,186364.0,186364
labour,働く人の環境（就業・求人・給与）,17000,石川県,pref,17,石川県,1980100000,1980年度,1980,00001|F2211,観測値|F2211_第2次産業就業者数,人,193667.0,193667
labour,働く人の環境（就業・求人・給与）,17000,石川県,pref,17,石川県,1985100000,1985年度,1985,00001|F2211,観測値|F2211_第2次産業就業者数,人,198597.0,198597
labour,働く人の環境（就業・求人・給与）,17000,石川県,pref,17,石川県,1990100000,1990年度,1990,00001|F2211,観測値|F2211_第2次産業就業者数,人,212034.0,212034
labour,働く人の環境（就業・求人・給与）,17000,石川県,pref,17,石川県,1995100000,1995年度,1995,00001|F2211,観測値|F2211_第2次産業就業者数,人,211731.0,211731
labour,働く人の環境（就業・求人・給与）,17000,石川県,pref,17,石川県,2000100000,2000年度,2000,00001|F2211,観測値|F2211_第2次産業就業者数,人,200209.0,200209
labour,働く人の環境（就業・求人・給与）,17000,石川県,pref,17,石川県,2005100000,2005年度,2005,00001|F2211,観測値|F2211_第2次産業就業者数,人,176786.0,176786
labour,働く人の環境（就業・求人・給与）,17000,石川県,pref,17,石川県,2010100000,2010年度,2010,00001|F2211,観測値|F2211_第2次産業就業者数,人,159109.0,159109
labour,働く人の環境（就業・求人・給与）,17000,石川県,pref,17,石川県,2015100000,2015年度,2015,00001|F2211,観測値|F2211_第2次産業就業者数,人,156786.0,156786
labour,働く人の環境（就業・求人・給与）,17000,石川県,pref,17,石川県,2020100000,2020年度,2020,00001|F2211,観測値|F2211_第2次産業就業者数,人,153512.0,153512
labour,働く人の環境（就業・求人・給与）,18000,福井県,pref,18,福井県,1975100000,1975年度,1975,00001|F2211,観測値|F2211_第2次産業就業者数,人,158232.0,158232
labour,働く人の環境（就業・求人・給与）,18000,福井県,pref,18,福井県,1980100000,1980年度,1980,00001|F2211,観測値|F2211_第2次産業就業者数,人,165600.0,165600
labour,働く人の環境（就業・求人・給与）,18000,福井県,pref,18,福井県,1985100000,1985年度,1985,00001|F2211,観測値|F2211_第2次産業就業者数,人,173051.0,173051
labour,働く人の環境（就業・求人・給与）,18000,福井県,pref,18,福井県,1990100000,1990年度,1990,00001|F2211,観測値|F2211_第2次産業就業者数,人,179090.0,179090
labour,働く人の環境（就業・求人・給与）,18000,福井県,pref,18,福井県,1995100000,1995年度,1995,00001|F2211,観測値|F2211_第2次産業就業者数,人,172058.0,172058
labour,働く人の環境（就業・求人・給与）,18000,福井県,pref,18,福井県,2000100000,2000年度,2000,00001|F2211,観測値|F2211_第2次産業就業者数,人,164175.0,164175
labour,働く人の環境（就業・求人・給与）,18000,福井県,pref,18,福井県,2005100000,2005年度,2005,00001|F2211,観測値|F2211_第2次産業就業者数,人,140527.0,140527
labour,働く人の環境（就業・求人・給与）,18000,福井県,pref,18,福井県,2010100000,2010年度,2010,00001|F2211,観測値|F2211_第2次産業就業者数,人,125977.0,125977
labour,働く人の環境（就業・求人・給与）,18000,福井県,pref,18,福井県,2015100000,2015年度,2015,00001|F2211,観測値|F2211_第2次産業就業者数,人,122602.0,122602
labour,働く人の環境（就業・求人・給与）,18000,福井県,pref,18,福井県,2020100000,2020年度,2020,00001|F2211,観測値|F2211_第2次産業就業者数,人,122364.0,122364
labour,働く人の環境（就業・求人・給与）,19000,山梨県,pref,19,山梨県,1975100000,1975年度,1975,00001|F2211,観測値|F2211_第2次産業就業者数,人,124341.0,124341
labour,働く人の環境（就業・求人・給与）,19000,山梨県,pref,19,山梨県,1980100000,1980年度,1980,00001|F2211,観測値|F2211_第2次産業就業者数,人,130830.0,130830
labour,働く人の環境（就業・求人・給与）,19000,山梨県,pref,19,山梨県,1985100000,1985年度,1985,00001|F2211,観測値|F2211_第2次産業就業者数,人,146901.0,146901
labour,働く人の環境（就業・求人・給与）,19000,山梨県,pref,19,山梨県,1990100000,1990年度,1990,00001|F2211,観測値|F2211_第2次産業就業者数,人,159947.0,159947
labour,働く人の環境（就業・求人・給与）,19000,山梨県,pref,19,山梨県,1995100000,1995年度,1995,00001|F2211,観測値|F2211_第2次産業就業者数,人,163436.0,163436
labour,働く人の環境（就業・求人・給与）,19000,山梨県,pref,19,山梨県,2000100000,2000年度,2000,00001|F2211,観測値|F2211_第2次産業就業者数,人,156116.0,156116
labour,働く人の環境（就業・求人・給与）,19000,山梨県,pref,19,山梨県,2005100000,2005年度,2005,00001|F2211,観測値|F2211_第2次産業就業者数,人,135819.0,135819
labour,働く人の環境（就業・求人・給与）,19000,山梨県,pref,19,山梨県,2010100000,2010年度,2010,00001|F2211,観測値|F2211_第2次産業就業者数,人,118367.0,118367
labour,働く人の環境（就業・求人・給与）,19000,山梨県,pref,19,山梨県,2015100000,2015年度,2015,00001|F2211,観測値|F2211_第2次産業就業者数,人,113674.0,113674
labour,働く人の環境（就業・求人・給与）,19000,山梨県,pref,19,山梨県,2020100000,2020年度,2020,00001|F2211,観測値|F2211_第2次産業就業者数,人,109721.0,109721
labour,働く人の環境（就業・求人・給与）,20000,長野県,pref,20,長野県,1975100000,1975年度,1975,00001|F2211,観測値|F2211_第2次産業就業者数,人,369264.0,369264
labour,働く人の環境（就業・求人・給与）,20000,長野県,pref,20,長野県,1980100000,1980年度,1980,00001|F2211,観測値|F2211_第2次産業就業者数,人,403209.0,403209
labour,働く人の環境（就業・求人・給与）,20000,長野県,pref,20,長野県,1985100000,1985年度,1985,00001|F2211,観測値|F2211_第2次産業就業者数,人,435248.0,435248
labour,働く人の環境（就業・求人・給与）,20000,長野県,pref,20,長野県,1990100000,1990年度,1990,00001|F2211,観測値|F2211_第2次産業就業者数,人,447276.0,447276
labour,働く人の環境（就業・求人・給与）,20000,長野県,pref,20,長野県,1995100000,1995年度,1995,00001|F2211,観測値|F2211_第2次産業就業者数,人,441997.0,441997
labour,働く人の環境（就業・求人・給与）,20000,長野県,pref,20,長野県,2000100000,2000年度,2000,00001|F2211,観測値|F2211_第2次産業就業者数,人,421450.0,421450
labour,働く人の環境（就業・求人・給与）,20000,長野県,pref,20,長野県,2005100000,2005年度,2005,00001|F2211,観測値|F2211_第2次産業就業者数,人,354812.0,354812
labour,働く人の環境（就業・求人・給与）,20000,長野県,pref,20,長野県,2010100000,2010年度,2010,00001|F2211,観測値|F2211_第2次産業就業者数,人,310884.0,310884
labour,働く人の環境（就業・求人・給与）,20000,長野県,pref,20,長野県,2015100000,2015年度,2015,00001|F2211,観測値|F2211_第2次産業就業者数,人,304510.0,304510
labour,働く人の環境（就業・求人・給与）,20000,長野県,pref,20,長野県,2020100000,2020年度,2020,00001|F2211,観測値|F2211_第2次産業就業者数,人,290821.0,290821
labour,働く人の環境（就業・求人・給与）,21000,岐阜県,pref,21,岐阜県,1975100000,1975年度,1975,00001|F2211,観測値|F2211_第2次産業就業者数,人,410781.0,410781
labour,働く人の環境（就業・求人・給与）,21000,岐阜県,pref,21,岐阜県,1980100000,1980年度,1980,00001|F2211,観測値|F2211_第2次産業就業者数,人,431085.0,431085
labour,働く人の環境（就業・求人・給与）,21000,岐阜県,pref,21,岐阜県,1985100000,1985年度,1985,00001|F2211,観測値|F2211_第2次産業就業者数,人,453181.0,453181
labour,働く人の環境（就業・求人・給与）,21000,岐阜県,pref,21,岐阜県,1990100000,1990年度,1990,00001|F2211,観測値|F2211_第2次産業就業者数,人,473551.0,473551
labour,働く人の環境（就業・求人・給与）,21000,岐阜県,pref,21,岐阜県,1995100000,1995年度,1995,00001|F2211,観測値|F2211_第2次産業就業者数,人,456067.0,456067
labour,働く人の環境（就業・求人・給与）,21000,岐阜県,pref,21,岐阜県,2000100000,2000年度,2000,00001|F2211,観測値|F2211_第2次産業就業者数,人,422661.0,422661
labour,働く人の環境（就業・求人・給与）,21000,岐阜県,pref,21,岐阜県,2005100000,2005年度,2005,00001|F2211,観測値|F2211_第2次産業就業者数,人,372018.0,372018
labour,働く人の環境（就業・求人・給与）,21000,岐阜県,pref,21,岐阜県,2010100000,2010年度,2010,00001|F2211,観測値|F2211_第2次産業就業者数,人,331945.0,331945
labour,働く人の環境（就業・求人・給与）,21000,岐阜県,pref,21,岐阜県,2015100000,2015年度,2015,00001|F2211,観測値|F2211_第2次産業就業者数,人,326393.0,326393
labour,働く人の環境（就業・求人・給与）,21000,岐阜県,pref,21,岐阜県,2020100000,2020年度,2020,00001|F2211,観測値|F2211_第2次産業就業者数,人,310096.0,310096
labour,働く人の環境（就業・求人・給与）,22000,静岡県,pref,22,静岡県,1975100000,1975年度,1975,00001|F2211,観測値|F2211_第2次産業就業者数,人,645598.0,645598
labour,働く人の環境（就業・求人・給与）,22000,静岡県,pref,22,静岡県,1980100000,1980年度,1980,00001|F2211,観測値|F2211_第2次産業就業者数,人,689019.0,689019
labour,働く人の環境（就業・求人・給与）,22000,静岡県,pref,22,静岡県,1985100000,1985年度,1985,00001|F2211,観測値|F2211_第2次産業就業者数,人,741259.0,741259
labour,働く人の環境（就業・求人・給与）,22000,静岡県,pref,22,静岡県,1990100000,1990年度,1990,00001|F2211,観測値|F2211_第2次産業就業者数,人,798637.0,798637
labour,働く人の環境（就業・求人・給与）,22000,静岡県,pref,22,静岡県,1995100000,1995年度,1995,00001|F2211,観測値|F2211_第2次産業就業者数,人,792120.0,792120
labour,働く人の環境（就業・求人・給与）,22000,静岡県,pref,22,静岡県,2000100000,2000年度,2000,00001|F2211,観測値|F2211_第2次産業就業者数,人,755887.0,755887
labour,働く人の環境（就業・求人・給与）,22000,静岡県,pref,22,静岡県,2005100000,2005年度,2005,00001|F2211,観測値|F2211_第2次産業就業者数,人,687182.0,687182
labour,働く人の環境（就業・求人・給与）,22000,静岡県,pref,22,静岡県,2010100000,2010年度,2010,00001|F2211,観測値|F2211_第2次産業就業者数,人,623180.0,623180
labour,働く人の環境（就業・求人・給与）,22000,静岡県,pref,22,静岡県,2015100000,2015年度,2015,00001|F2211,観測値|F2211_第2次産業就業者数,人,600751.0,600751
labour,働く人の環境（就業・求人・給与）,22000,静岡県,pref,22,静岡県,2020100000,2020年度,2020,00001|F2211,観測値|F2211_第2次産業就業者数,人,583871.0,583871
labour,働く人の環境（就業・求人・給与）,23000,愛知県,pref,23,愛知県,1975100000,1975年度,1975,00001|F2211,観測値|F2211_第2次産業就業者数,人,1270251.0,1270251
labour,働く人の環境（就業・求人・給与）,23000,愛知県,pref,23,愛知県,1980100000,1980年度,1980,00001|F2211,観測値|F2211_第2次産業就業者数,人,1292074.0,1292074
labour,働く人の環境（就業・求人・給与）,23000,愛知県,pref,23,愛知県,1985100000,1985年度,1985,00001|F2211,観測値|F2211_第2次産業就業者数,人,1353968.0,1353968
labour,働く人の環境（就業・求人・給与）,23000,愛知県,pref,23,愛知県,1990100000,1990年度,1990,00001|F2211,観測値|F2211_第2次産業就業者数,人,1473141.0,1473141
labour,働く人の環境（就業・求人・給与）,23000,愛知県,pref,23,愛知県,1995100000,1995年度,1995,00001|F2211,観測値|F2211_第2次産業就業者数,人,1435510.0,1435510
labour,働く人の環境（就業・求人・給与）,23000,愛知県,pref,23,愛知県,2000100000,2000年度,2000,00001|F2211,観測値|F2211_第2次産業就業者数,人,1360214.0,1360214
labour,働く人の環境（就業・求人・給与）,23000,愛知県,pref,23,愛知県,2005100000,2005年度,2005,00001|F2211,観測値|F2211_第2次産業就業者数,人,1273655.0,1273655
labour,働く人の環境（就業・求人・給与）,23000,愛知県,pref,23,愛知県,2010100000,2010年度,2010,00001|F2211,観測値|F2211_第2次産業就業者数,人,1155162.0,1155162
labour,働く人の環境（就業・求人・給与）,23000,愛知県,pref,23,愛知県,2015100000,2015年度,2015,00001|F2211,観測値|F2211_第2次産業就業者数,人,1174385.0,1174385
labour,働く人の環境（就業・求人・給与）,23000,愛知県,pref,23,愛知県,2020100000,2020年度,2020,00001|F2211,観測値|F2211_第2次産業就業者数,人,1135848.0,1135848
labour,働く人の環境（就業・求人・給与）,24000,三重県,pref,24,三重県,1975100000,1975年度,1975,00001|F2211,観測値|F2211_第2次産業就業者数,人,288779.0,288779
labour,働く人の環境（就業・求人・給与）,24000,三重県,pref,24,三重県,1980100000,1980年度,1980,00001|F2211,観測値|F2211_第2次産業就業者数,人,302150.0,302150
labour,働く人の環境（就業・求人・給与）,24000,三重県,pref,24,三重県,1985100000,1985年度,1985,00001|F2211,観測値|F2211_第2次産業就業者数,人,326608.0,326608
labour,働く人の環境（就業・求人・給与）,24000,三重県,pref,24,三重県,1990100000,1990年度,1990,00001|F2211,観測値|F2211_第2次産業就業者数,人,355104.0,355104
labour,働く人の環境（就業・求人・給与）,24000,三重県,pref,24,三重県,1995100000,1995年度,1995,00001|F2211,観測値|F2211_第2次産業就業者数,人,355048.0,355048
labour,働く人の環境（就業・求人・給与）,24000,三重県,pref,24,三重県,2000100000,2000年度,2000,00001|F2211,観測値|F2211_第2次産業就業者数,人,334299.0,334299
labour,働く人の環境（就業・求人・給与）,24000,三重県,pref,24,三重県,2005100000,2005年度,2005,00001|F2211,観測値|F2211_第2次産業就業者数,人,306113.0,306113
labour,働く人の環境（就業・求人・給与）,24000,三重県,pref,24,三重県,2010100000,2010年度,2010,00001|F2211,観測値|F2211_第2次産業就業者数,人,278346.0,278346
labour,働く人の環境（就業・求人・給与）,24000,三重県,pref,24,三重県,2015100000,2015年度,2015,00001|F2211,観測値|F2211_第2次産業就業者数,人,270322.0,270322
labour,働く人の環境（就業・求人・給与）,24000,三重県,pref,24,三重県,2020100000,2020年度,2020,00001|F2211,観測値|F2211_第2次産業就業者数,人,259965.0,259965
labour,働く人の環境（就業・求人・給与）,25000,滋賀県,pref,25,滋賀県,1975100000,1975年度,1975,00001|F2211,観測値|F2211_第2次産業就業者数,人,189144.0,189144
labour,働く人の環境（就業・求人・給与）,25000,滋賀県,pref,25,滋賀県,1980100000,1980年度,1980,00001|F2211,観測値|F2211_第2次産業就業者数,人,208216.0,208216
labour,働く人の環境（就業・求人・給与）,25000,滋賀県,pref,25,滋賀県,1985100000,1985年度,1985,00001|F2211,観測値|F2211_第2次産業就業者数,人,229897.0,229897
labour,働く人の環境（就業・求人・給与）,25000,滋賀県,pref,25,滋賀県,1990100000,1990年度,1990,00001|F2211,観測値|F2211_第2次産業就業者数,人,255076.0,255076
labour,働く人の環境（就業・求人・給与）,25000,滋賀県,pref,25,滋賀県,1995100000,1995年度,1995,00001|F2211,観測値|F2211_第2次産業就業者数,人,267257.0,267257
labour,働く人の環境（就業・求人・給与）,25000,滋賀県,pref,25,滋賀県,2000100000,2000年度,2000,00001|F2211,観測値|F2211_第2次産業就業者数,人,259531.0,259531
labour,働く人の環境（就業・求人・給与）,25000,滋賀県,pref,25,滋賀県,2005100000,2005年度,2005,00001|F2211,観測値|F2211_第2次産業就業者数,人,234322.0,234322
labour,働く人の環境（就業・求人・給与）,25000,滋賀県,pref,25,滋賀県,2010100000,2010年度,2010,00001|F2211,観測値|F2211_第2次産業就業者数,人,220587.0,220587
labour,働く人の環境（就業・求人・給与）,25000,滋賀県,pref,25,滋賀県,2015100000,2015年度,2015,00001|F2211,観測値|F2211_第2次産業就業者数,人,220904.0,220904
labour,働く人の環境（就業・求人・給与）,25000,滋賀県,pref,25,滋賀県,2020100000,2020年度,2020,00001|F2211,観測値|F2211_第2次産業就業者数,人,212389.0,212389
labour,働く人の環境（就業・求人・給与）,26000,京都府,pref,26,京都府,1975100000,1975年度,1975,00001|F2211,観測値|F2211_第2次産業就業者数,人,421995.0,421995
labour,働く人の環境（就業・求人・給与）,26000,京都府,pref,26,京都府,1980100000,1980年度,1980,00001|F2211,観測値|F2211_第2次産業就業者数,人,415759.0,415759
labour,働く人の環境（就業・求人・給与）,26000,京都府,pref,26,京都府,1985100000,1985年度,1985,00001|F2211,観測値|F2211_第2次産業就業者数,人,410153.0,410153
labour,働く人の環境（就業・求人・給与）,26000,京都府,pref,26,京都府,1990100000,1990年度,1990,00001|F2211,観測値|F2211_第2次産業就業者数,人,422245.0,422245
labour,働く人の環境（就業・求人・給与）,26000,京都府,pref,26,京都府,1995100000,1995年度,1995,00001|F2211,観測値|F2211_第2次産業就業者数,人,401574.0,401574
labour,働く人の環境（就業・求人・給与）,26000,京都府,pref,26,京都府,2000100000,2000年度,2000,00001|F2211,観測値|F2211_第2次産業就業者数,人,365766.0,365766
labour,働く人の環境（就業・求人・給与）,26000,京都府,pref,26,京都府,2005100000,2005年度,2005,00001|F2211,観測値|F2211_第2次産業就業者数,人,312201.0,312201
labour,働く人の環境（就業・求人・給与）,26000,京都府,pref,26,京都府,2010100000,2010年度,2010,00001|F2211,観測値|F2211_第2次産業就業者数,人,266440.0,266440
labour,働く人の環境（就業・求人・給与）,26000,京都府,pref,26,京都府,2015100000,2015年度,2015,00001|F2211,観測値|F2211_第2次産業就業者数,人,257071.0,257071
labour,働く人の環境（就業・求人・給与）,26000,京都府,pref,26,京都府,2020100000,2020年度,2020,00001|F2211,観測値|F2211_第2次産業就業者数,人,235511.0,235511
labour,働く人の環境（就業・求人・給与）,27000,大阪府,pref,27,大阪府,1975100000,1975年度,1975,00001|F2211,観測値|F2211_第2次産業就業者数,人,1546225.0,1546225
labour,働く人の環境（就業・求人・給与）,27000,大阪府,pref,27,大阪府,1980100000,1980年度,1980,00001|F2211,観測値|F2211_第2次産業就業者数,人,1478189.0,1478189
labour,働く人の環境（就業・求人・給与）,27000,大阪府,pref,27,大阪府,1985100000,1985年度,1985,00001|F2211,観測値|F2211_第2次産業就業者数,人,1473334.0,1473334
labour,働く人の環境（就業・求人・給与）,27000,大阪府,pref,27,大阪府,1990100000,1990年度,1990,00001|F2211,観測値|F2211_第2次産業就業者数,人,1525347.0,1525347
labour,働く人の環境（就業・求人・給与）,27000,大阪府,pref,27,大阪府,1995100000,1995年度,1995,00001|F2211,観測値|F2211_第2次産業就業者数,人,1449286.0,1449286
labour,働く人の環境（就業・求人・給与）,27000,大阪府,pref,27,大阪府,2000100000,2000年度,2000,00001|F2211,観測値|F2211_第2次産業就業者数,人,1245424.0,1245424
labour,働く人の環境（就業・求人・給与）,27000,大阪府,pref,27,大阪府,2005100000,2005年度,2005,00001|F2211,観測値|F2211_第2次産業就業者数,人,1034592.0,1034592
labour,働く人の環境（就業・求人・給与）,27000,大阪府,pref,27,大阪府,2010100000,2010年度,2010,00001|F2211,観測値|F2211_第2次産業就業者数,人,867157.0,867157
labour,働く人の環境（就業・求人・給与）,27000,大阪府,pref,27,大阪府,2015100000,2015年度,2015,00001|F2211,観測値|F2211_第2次産業就業者数,人,837772.0,837772
labour,働く人の環境（就業・求人・給与）,27000,大阪府,pref,27,大阪府,2020100000,2020年度,2020,00001|F2211,観測値|F2211_第2次産業就業者数,人,786169.0,786169
labour,働く人の環境（就業・求人・給与）,28000,兵庫県,pref,28,兵庫県,1975100000,1975年度,1975,00001|F2211,観測値|F2211_第2次産業就業者数,人,862533.0,862533
labour,働く人の環境（就業・求人・給与）,28000,兵庫県,pref,28,兵庫県,1980100000,1980年度,1980,00001|F2211,観測値|F2211_第2次産業就業者数,人,839495.0,839495
labour,働く人の環境（就業・求人・給与）,28000,兵庫県,pref,28,兵庫県,1985100000,1985年度,1985,00001|F2211,観測値|F2211_第2次産業就業者数,人,840154.0,840154
labour,働く人の環境（就業・求人・給与）,28000,兵庫県,pref,28,兵庫県,1990100000,1990年度,1990,00001|F2211,観測値|F2211_第2次産業就業者数,人,878606.0,878606
labour,働く人の環境（就業・求人・給与）,28000,兵庫県,pref,28,兵庫県,1995100000,1995年度,1995,00001|F2211,観測値|F2211_第2次産業就業者数,人,869988.0,869988
labour,働く人の環境（就業・求人・給与）,28000,兵庫県,pref,28,兵庫県,2000100000,2000年度,2000,00001|F2211,観測値|F2211_第2次産業就業者数,人,788846.0,788846
labour,働く人の環境（就業・求人・給与）,28000,兵庫県,pref,28,兵庫県,2005100000,2005年度,2005,00001|F2211,観測値|F2211_第2次産業就業者数,人,692213.0,692213
labour,働く人の環境（就業・求人・給与）,28000,兵庫県,pref,28,兵庫県,2010100000,2010年度,2010,00001|F2211,観測値|F2211_第2次産業就業者数,人,615889.0,615889
labour,働く人の環境（就業・求人・給与）,28000,兵庫県,pref,28,兵庫県,2015100000,2015年度,2015,00001|F2211,観測値|F2211_第2次産業就業者数,人,609949.0,609949
labour,働く人の環境（就業・求人・給与）,28000,兵庫県,pref,28,兵庫県,2020100000,2020年度,2020,00001|F2211,観測値|F2211_第2次産業就業者数,人,573688.0,573688
labour,働く人の環境（就業・求人・給与）,29000,奈良県,pref,29,奈良県,1975100000,1975年度,1975,00001|F2211,観測値|F2211_第2次産業就業者数,人,159515.0,159515
labour,働く人の環境（就業・求人・給与）,29000,奈良県,pref,29,奈良県,1980100000,1980年度,1980,00001|F2211,観測値|F2211_第2次産業就業者数,人,174512.0,174512
labour,働く人の環境（就業・求人・給与）,29000,奈良県,pref,29,奈良県,1985100000,1985年度,1985,00001|F2211,観測値|F2211_第2次産業就業者数,人,186469.0,186469
labour,働く人の環境（就業・求人・給与）,29000,奈良県,pref,29,奈良県,1990100000,1990年度,1990,00001|F2211,観測値|F2211_第2次産業就業者数,人,202182.0,202182
labour,働く人の環境（就業・求人・給与）,29000,奈良県,pref,29,奈良県,1995100000,1995年度,1995,00001|F2211,観測値|F2211_第2次産業就業者数,人,205987.0,205987
labour,働く人の環境（就業・求人・給与）,29000,奈良県,pref,29,奈良県,2000100000,2000年度,2000,00001|F2211,観測値|F2211_第2次産業就業者数,人,191152.0,191152
labour,働く人の環境（就業・求人・給与）,29000,奈良県,pref,29,奈良県,2005100000,2005年度,2005,00001|F2211,観測値|F2211_第2次産業就業者数,人,160754.0,160754
labour,働く人の環境（就業・求人・給与）,29000,奈良県,pref,29,奈良県,2010100000,2010年度,2010,00001|F2211,観測値|F2211_第2次産業就業者数,人,137503.0,137503
labour,働く人の環境（就業・求人・給与）,29000,奈良県,pref,29,奈良県,2015100000,2015年度,2015,00001|F2211,観測値|F2211_第2次産業就業者数,人,133653.0,133653
labour,働く人の環境（就業・求人・給与）,29000,奈良県,pref,29,奈良県,2020100000,2020年度,2020,00001|F2211,観測値|F2211_第2次産業就業者数,人,122712.0,122712
labour,働く人の環境（就業・求人・給与）,30000,和歌山県,pref,30,和歌山県,1975100000,1975年度,1975,00001|F2211,観測値|F2211_第2次産業就業者数,人,150660.0,150660
labour,働く人の環境（就業・求人・給与）,30000,和歌山県,pref,30,和歌山県,1980100000,1980年度,1980,00001|F2211,観測値|F2211_第2次産業就業者数,人,148264.0,148264
labour,働く人の環境（就業・求人・給与）,30000,和歌山県,pref,30,和歌山県,1985100000,1985年度,1985,00001|F2211,観測値|F2211_第2次産業就業者数,人,140508.0,140508
labour,働く人の環境（就業・求人・給与）,30000,和歌山県,pref,30,和歌山県,1990100000,1990年度,1990,00001|F2211,観測値|F2211_第2次産業就業者数,人,146093.0,146093
labour,働く人の環境（就業・求人・給与）,30000,和歌山県,pref,30,和歌山県,1995100000,1995年度,1995,00001|F2211,観測値|F2211_第2次産業就業者数,人,146920.0,146920
labour,働く人の環境（就業・求人・給与）,30000,和歌山県,pref,30,和歌山県,2000100000,2000年度,2000,00001|F2211,観測値|F2211_第2次産業就業者数,人,132006.0,132006
labour,働く人の環境（就業・求人・給与）,30000,和歌山県,pref,30,和歌山県,2005100000,2005年度,2005,00001|F2211,観測値|F2211_第2次産業就業者数,人,110347.0,110347
labour,働く人の環境（就業・求人・給与）,30000,和歌山県,pref,30,和歌山県,2010100000,2010年度,2010,00001|F2211,観測値|F2211_第2次産業就業者数,人,97816.0,97816
labour,働く人の環境（就業・求人・給与）,30000,和歌山県,pref,30,和歌山県,2015100000,2015年度,2015,00001|F2211,観測値|F2211_第2次産業就業者数,人,96639.0,96639
labour,働く人の環境（就業・求人・給与）,30000,和歌山県,pref,30,和歌山県,2020100000,2020年度,2020,00001|F2211,観測値|F2211_第2次産業就業者数,人,92015.0,92015
labour,働く人の環境（就業・求人・給与）,31000,鳥取県,pref,31,鳥取県,1975100000,1975年度,1975,00001|F2211,観測値|F2211_第2次産業就業者数,人,82459.0,82459
labour,働く人の環境（就業・求人・給与）,31000,鳥取県,pref,31,鳥取県,1980100000,1980年度,1980,00001|F2211,観測値|F2211_第2次産業就業者数,人,93313.0,93313
labour,働く人の環境（就業・求人・給与）,31000,鳥取県,pref,31,鳥取県,1985100000,1985年度,1985,00001|F2211,観測値|F2211_第2次産業就業者数,人,94068.0,94068
labour,働く人の環境（就業・求人・給与）,31000,鳥取県,pref,31,鳥取県,1990100000,1990年度,1990,00001|F2211,観測値|F2211_第2次産業就業者数,人,99020.0,99020
labour,働く人の環境（就業・求人・給与）,31000,鳥取県,pref,31,鳥取県,1995100000,1995年度,1995,00001|F2211,観測値|F2211_第2次産業就業者数,人,99257.0,99257
labour,働く人の環境（就業・求人・給与）,31000,鳥取県,pref,31,鳥取県,2000100000,2000年度,2000,00001|F2211,観測値|F2211_第2次産業就業者数,人,94790.0,94790
labour,働く人の環境（就業・求人・給与）,31000,鳥取県,pref,31,鳥取県,2005100000,2005年度,2005,00001|F2211,観測値|F2211_第2次産業就業者数,人,75543.0,75543
labour,働く人の環境（就業・求人・給与）,31000,鳥取県,pref,31,鳥取県,2010100000,2010年度,2010,00001|F2211,観測値|F2211_第2次産業就業者数,人,62777.0,62777
labour,働く人の環境（就業・求人・給与）,31000,鳥取県,pref,31,鳥取県,2015100000,2015年度,2015,00001|F2211,観測値|F2211_第2次産業就業者数,人,59764.0,59764
labour,働く人の環境（就業・求人・給与）,31000,鳥取県,pref,31,鳥取県,2020100000,2020年度,2020,00001|F2211,観測値|F2211_第2次産業就業者数,人,56777.0,56777
labour,働く人の環境（就業・求人・給与）,32000,島根県,pref,32,島根県,1975100000,1975年度,1975,00001|F2211,観測値|F2211_第2次産業就業者数,人,104811.0,104811
labour,働く人の環境（就業・求人・給与）,32000,島根県,pref,32,島根県,1980100000,1980年度,1980,00001|F2211,観測値|F2211_第2次産業就業者数,人,120467.0,120467
labour,働く人の環境（就業・求人・給与）,32000,島根県,pref,32,島根県,1985100000,1985年度,1985,00001|F2211,観測値|F2211_第2次産業就業者数,人,125028.0,125028
labour,働く人の環境（就業・求人・給与）,32000,島根県,pref,32,島根県,1990100000,1990年度,1990,00001|F2211,観測値|F2211_第2次産業就業者数,人,126264.0,126264
labour,働く人の環境（就業・求人・給与）,32000,島根県,pref,32,島根県,1995100000,1995年度,1995,00001|F2211,観測値|F2211_第2次産業就業者数,人,123299.0,123299
labour,働く人の環境（就業・求人・給与）,32000,島根県,pref,32,島根県,2000100000,2000年度,2000,00001|F2211,観測値|F2211_第2次産業就業者数,人,112631.0,112631
labour,働く人の環境（就業・求人・給与）,32000,島根県,pref,32,島根県,2005100000,2005年度,2005,00001|F2211,観測値|F2211_第2次産業就業者数,人,93085.0,93085
labour,働く人の環境（就業・求人・給与）,32000,島根県,pref,32,島根県,2010100000,2010年度,2010,00001|F2211,観測値|F2211_第2次産業就業者数,人,81235.0,81235
labour,働く人の環境（就業・求人・給与）,32000,島根県,pref,32,島根県,2015100000,2015年度,2015,00001|F2211,観測値|F2211_第2次産業就業者数,人,77033.0,77033
labour,働く人の環境（就業・求人・給与）,32000,島根県,pref,32,島根県,2020100000,2020年度,2020,00001|F2211,観測値|F2211_第2次産業就業者数,人,76093.0,76093
labour,働く人の環境（就業・求人・給与）,33000,岡山県,pref,33,岡山県,1975100000,1975年度,1975,00001|F2211,観測値|F2211_第2次産業就業者数,人,336950.0,336950
labour,働く人の環境（就業・求人・給与）,33000,岡山県,pref,33,岡山県,1980100000,1980年度,1980,00001|F2211,観測値|F2211_第2次産業就業者数,人,338168.0,338168
labour,働く人の環境（就業・求人・給与）,33000,岡山県,pref,33,岡山県,1985100000,1985年度,1985,00001|F2211,観測値|F2211_第2次産業就業者数,人,340234.0,340234
labour,働く人の環境（就業・求人・給与）,33000,岡山県,pref,33,岡山県,1990100000,1990年度,1990,00001|F2211,観測値|F2211_第2次産業就業者数,人,347743.0,347743
labour,働く人の環境（就業・求人・給与）,33000,岡山県,pref,33,岡山県,1995100000,1995年度,1995,00001|F2211,観測値|F2211_第2次産業就業者数,人,344069.0,344069
labour,働く人の環境（就業・求人・給与）,33000,岡山県,pref,33,岡山県,2000100000,2000年度,2000,00001|F2211,観測値|F2211_第2次産業就業者数,人,309353.0,309353
labour,働く人の環境（就業・求人・給与）,33000,岡山県,pref,33,岡山県,2005100000,2005年度,2005,00001|F2211,観測値|F2211_第2次産業就業者数,人,272414.0,272414
labour,働く人の環境（就業・求人・給与）,33000,岡山県,pref,33,岡山県,2010100000,2010年度,2010,00001|F2211,観測値|F2211_第2次産業就業者数,人,240159.0,240159
labour,働く人の環境（就業・求人・給与）,33000,岡山県,pref,33,岡山県,2015100000,2015年度,2015,00001|F2211,観測値|F2211_第2次産業就業者数,人,234984.0,234984
labour,働く人の環境（就業・求人・給与）,33000,岡山県,pref,33,岡山県,2020100000,2020年度,2020,00001|F2211,観測値|F2211_第2次産業就業者数,人,227154.0,227154
labour,働く人の環境（就業・求人・給与）,34000,広島県,pref,34,広島県,1975100000,1975年度,1975,00001|F2211,観測値|F2211_第2次産業就業者数,人,487888.0,487888
labour,働く人の環境（就業・求人・給与）,34000,広島県,pref,34,広島県,1980100000,1980年度,1980,00001|F2211,観測値|F2211_第2次産業就業者数,人,469120.0,469120
labour,働く人の環境（就業・求人・給与）,34000,広島県,pref,34,広島県,1985100000,1985年度,1985,00001|F2211,観測値|F2211_第2次産業就業者数,人,464721.0,464721
labour,働く人の環境（就業・求人・給与）,34000,広島県,pref,34,広島県,1990100000,1990年度,1990,00001|F2211,観測値|F2211_第2次産業就業者数,人,486415.0,486415
labour,働く人の環境（就業・求人・給与）,34000,広島県,pref,34,広島県,1995100000,1995年度,1995,00001|F2211,観測値|F2211_第2次産業就業者数,人,469216.0,469216
labour,働く人の環境（就業・求人・給与）,34000,広島県,pref,34,広島県,2000100000,2000年度,2000,00001|F2211,観測値|F2211_第2次産業就業者数,人,423026.0,423026
labour,働く人の環境（就業・求人・給与）,34000,広島県,pref,34,広島県,2005100000,2005年度,2005,00001|F2211,観測値|F2211_第2次産業就業者数,人,380356.0,380356
labour,働く人の環境（就業・求人・給与）,34000,広島県,pref,34,広島県,2010100000,2010年度,2010,00001|F2211,観測値|F2211_第2次産業就業者数,人,340016.0,340016
labour,働く人の環境（就業・求人・給与）,34000,広島県,pref,34,広島県,2015100000,2015年度,2015,00001|F2211,観測値|F2211_第2次産業就業者数,人,347007.0,347007
labour,働く人の環境（就業・求人・給与）,34000,広島県,pref,34,広島県,2020100000,2020年度,2020,00001|F2211,観測値|F2211_第2次産業就業者数,人,333144.0,333144
labour,働く人の環境（就業・求人・給与）,35000,山口県,pref,35,山口県,1975100000,1975年度,1975,00001|F2211,観測値|F2211_第2次産業就業者数,人,239063.0,239063
labour,働く人の環境（就業・求人・給与）,35000,山口県,pref,35,山口県,1980100000,1980年度,1980,00001|F2211,観測値|F2211_第2次産業就業者数,人,238327.0,238327
labour,働く人の環境（就業・求人・給与）,35000,山口県,pref,35,山口県,1985100000,1985年度,1985,00001|F2211,観測値|F2211_第2次産業就業者数,人,231075.0,231075
labour,働く人の環境（就業・求人・給与）,35000,山口県,pref,35,山口県,1990100000,1990年度,1990,00001|F2211,観測値|F2211_第2次産業就業者数,人,238611.0,238611
labour,働く人の環境（就業・求人・給与）,35000,山口県,pref,35,山口県,1995100000,1995年度,1995,00001|F2211,観測値|F2211_第2次産業就業者数,人,243675.0,243675
labour,働く人の環境（就業・求人・給与）,35000,山口県,pref,35,山口県,2000100000,2000年度,2000,00001|F2211,観測値|F2211_第2次産業就業者数,人,222034.0,222034
labour,働く人の環境（就業・求人・給与）,35000,山口県,pref,35,山口県,2005100000,2005年度,2005,00001|F2211,観測値|F2211_第2次産業就業者数,人,192829.0,192829
labour,働く人の環境（就業・求人・給与）,35000,山口県,pref,35,山口県,2010100000,2010年度,2010,00001|F2211,観測値|F2211_第2次産業就業者数,人,174457.0,174457
labour,働く人の環境（就業・求人・給与）,35000,山口県,pref,35,山口県,2015100000,2015年度,2015,00001|F2211,観測値|F2211_第2次産業就業者数,人,165051.0,165051
labour,働く人の環境（就業・求人・給与）,35000,山口県,pref,35,山口県,2020100000,2020年度,2020,00001|F2211,観測値|F2211_第2次産業就業者数,人,159792.0,159792
labour,働く人の環境（就業・求人・給与）,36000,徳島県,pref,36,徳島県,1975100000,1975年度,1975,00001|F2211,観測値|F2211_第2次産業就業者数,人,119421.0,119421
labour,働く人の環境（就業・求人・給与）,36000,徳島県,pref,36,徳島県,1980100000,1980年度,1980,00001|F2211,観測値|F2211_第2次産業就業者数,人,125759.0,125759
labour,働く人の環境（就業・求人・給与）,36000,徳島県,pref,36,徳島県,1985100000,1985年度,1985,00001|F2211,観測値|F2211_第2次産業就業者数,人,121059.0,121059
labour,働く人の環境（就業・求人・給与）,36000,徳島県,pref,36,徳島県,1990100000,1990年度,1990,00001|F2211,観測値|F2211_第2次産業就業者数,人,125531.0,125531
labour,働く人の環境（就業・求人・給与）,36000,徳島県,pref,36,徳島県,1995100000,1995年度,1995,00001|F2211,観測値|F2211_第2次産業就業者数,人,124049.0,124049
labour,働く人の環境（就業・求人・給与）,36000,徳島県,pref,36,徳島県,2000100000,2000年度,2000,00001|F2211,観測値|F2211_第2次産業就業者数,人,112939.0,112939
labour,働く人の環境（就業・求人・給与）,36000,徳島県,pref,36,徳島県,2005100000,2005年度,2005,00001|F2211,観測値|F2211_第2次産業就業者数,人,95211.0,95211
labour,働く人の環境（就業・求人・給与）,36000,徳島県,pref,36,徳島県,2010100000,2010年度,2010,00001|F2211,観測値|F2211_第2次産業就業者数,人,81147.0,81147
labour,働く人の環境（就業・求人・給与）,36000,徳島県,pref,36,徳島県,2015100000,2015年度,2015,00001|F2211,観測値|F2211_第2次産業就業者数,人,80079.0,80079
labour,働く人の環境（就業・求人・給与）,36000,徳島県,pref,36,徳島県,2020100000,2020年度,2020,00001|F2211,観測値|F2211_第2次産業就業者数,人,74530.0,74530
labour,働く人の環境（就業・求人・給与）,37000,香川県,pref,37,香川県,1975100000,1975年度,1975,00001|F2211,観測値|F2211_第2次産業就業者数,人,158266.0,158266
labour,働く人の環境（就業・求人・給与）,37000,香川県,pref,37,香川県,1980100000,1980年度,1980,00001|F2211,観測値|F2211_第2次産業就業者数,人,161456.0,161456
labour,働く人の環境（就業・求人・給与）,37000,香川県,pref,37,香川県,1985100000,1985年度,1985,00001|F2211,観測値|F2211_第2次産業就業者数,人,161338.0,161338
labour,働く人の環境（就業・求人・給与）,37000,香川県,pref,37,香川県,1990100000,1990年度,1990,00001|F2211,観測値|F2211_第2次産業就業者数,人,163296.0,163296
labour,働く人の環境（就業・求人・給与）,37000,香川県,pref,37,香川県,1995100000,1995年度,1995,00001|F2211,観測値|F2211_第2次産業就業者数,人,163203.0,163203
labour,働く人の環境（就業・求人・給与）,37000,香川県,pref,37,香川県,2000100000,2000年度,2000,00001|F2211,観測値|F2211_第2次産業就業者数,人,149372.0,149372
labour,働く人の環境（就業・求人・給与）,37000,香川県,pref,37,香川県,2005100000,2005年度,2005,00001|F2211,観測値|F2211_第2次産業就業者数,人,130359.0,130359
labour,働く人の環境（就業・求人・給与）,37000,香川県,pref,37,香川県,2010100000,2010年度,2010,00001|F2211,観測値|F2211_第2次産業就業者数,人,115035.0,115035
labour,働く人の環境（就業・求人・給与）,37000,香川県,pref,37,香川県,2015100000,2015年度,2015,00001|F2211,観測値|F2211_第2次産業就業者数,人,113711.0,113711
labour,働く人の環境（就業・求人・給与）,37000,香川県,pref,37,香川県,2020100000,2020年度,2020,00001|F2211,観測値|F2211_第2次産業就業者数,人,107950.0,107950
labour,働く人の環境（就業・求人・給与）,38000,愛媛県,pref,38,愛媛県,1975100000,1975年度,1975,00001|F2211,観測値|F2211_第2次産業就業者数,人,209383.0,209383
labour,働く人の環境（就業・求人・給与）,38000,愛媛県,pref,38,愛媛県,1980100000,1980年度,1980,00001|F2211,観測値|F2211_第2次産業就業者数,人,218969.0,218969
labour,働く人の環境（就業・求人・給与）,38000,愛媛県,pref,38,愛媛県,1985100000,1985年度,1985,00001|F2211,観測値|F2211_第2次産業就業者数,人,217183.0,217183
labour,働く人の環境（就業・求人・給与）,38000,愛媛県,pref,38,愛媛県,1990100000,1990年度,1990,00001|F2211,観測値|F2211_第2次産業就業者数,人,224488.0,224488
labour,働く人の環境（就業・求人・給与）,38000,愛媛県,pref,38,愛媛県,1995100000,1995年度,1995,00001|F2211,観測値|F2211_第2次産業就業者数,人,223397.0,223397
labour,働く人の環境（就業・求人・給与）,38000,愛媛県,pref,38,愛媛県,2000100000,2000年度,2000,00001|F2211,観測値|F2211_第2次産業就業者数,人,205711.0,205711
labour,働く人の環境（就業・求人・給与）,38000,愛媛県,pref,38,愛媛県,2005100000,2005年度,2005,00001|F2211,観測値|F2211_第2次産業就業者数,人,174634.0,174634
labour,働く人の環境（就業・求人・給与）,38000,愛媛県,pref,38,愛媛県,2010100000,2010年度,2010,00001|F2211,観測値|F2211_第2次産業就業者数,人,154858.0,154858
labour,働く人の環境（就業・求人・給与）,38000,愛媛県,pref,38,愛媛県,2015100000,2015年度,2015,00001|F2211,観測値|F2211_第2次産業就業者数,人,148409.0,148409
labour,働く人の環境（就業・求人・給与）,38000,愛媛県,pref,38,愛媛県,2020100000,2020年度,2020,00001|F2211,観測値|F2211_第2次産業就業者数,人,140228.0,140228
labour,働く人の環境（就業・求人・給与）,39000,高知県,pref,39,高知県,1975100000,1975年度,1975,00001|F2211,観測値|F2211_第2次産業就業者数,人,90476.0,90476
labour,働く人の環境（就業・求人・給与）,39000,高知県,pref,39,高知県,1980100000,1980年度,1980,00001|F2211,観測値|F2211_第2次産業就業者数,人,97251.0,97251
labour,働く人の環境（就業・求人・給与）,39000,高知県,pref,39,高知県,1985100000,1985年度,1985,00001|F2211,観測値|F2211_第2次産業就業者数,人,89675.0,89675
labour,働く人の環境（就業・求人・給与）,39000,高知県,pref,39,高知県,1990100000,1990年度,1990,00001|F2211,観測値|F2211_第2次産業就業者数,人,93552.0,93552
labour,働く人の環境（就業・求人・給与）,39000,高知県,pref,39,高知県,1995100000,1995年度,1995,00001|F2211,観測値|F2211_第2次産業就業者数,人,95471.0,95471
labour,働く人の環境（就業・求人・給与）,39000,高知県,pref,39,高知県,2000100000,2000年度,2000,00001|F2211,観測値|F2211_第2次産業就業者数,人,87827.0,87827
labour,働く人の環境（就業・求人・給与）,39000,高知県,pref,39,高知県,2005100000,2005年度,2005,00001|F2211,観測値|F2211_第2次産業就業者数,人,71144.0,71144
labour,働く人の環境（就業・求人・給与）,39000,高知県,pref,39,高知県,2010100000,2010年度,2010,00001|F2211,観測値|F2211_第2次産業就業者数,人,57251.0,57251
labour,働く人の環境（就業・求人・給与）,39000,高知県,pref,39,高知県,2015100000,2015年度,2015,00001|F2211,観測値|F2211_第2次産業就業者数,人,53755.0,53755
labour,働く人の環境（就業・求人・給与）,39000,高知県,pref,39,高知県,2020100000,2020年度,2020,00001|F2211,観測値|F2211_第2次産業就業者数,人,50806.0,50806
labour,働く人の環境（就業・求人・給与）,40000,福岡県,pref,40,福岡県,1975100000,1975年度,1975,00001|F2211,観測値|F2211_第2次産業就業者数,人,591343.0,591343
labour,働く人の環境（就業・求人・給与）,40000,福岡県,pref,40,福岡県,1980100000,1980年度,1980,00001|F2211,観測値|F2211_第2次産業就業者数,人,587888.0,587888
labour,働く人の環境（就業・求人・給与）,40000,福岡県,pref,40,福岡県,1985100000,1985年度,1985,00001|F2211,観測値|F2211_第2次産業就業者数,人,563399.0,563399
labour,働く人の環境（就業・求人・給与）,40000,福岡県,pref,40,福岡県,1990100000,1990年度,1990,00001|F2211,観測値|F2211_第2次産業就業者数,人,606377.0,606377
labour,働く人の環境（就業・求人・給与）,40000,福岡県,pref,40,福岡県,1995100000,1995年度,1995,00001|F2211,観測値|F2211_第2次産業就業者数,人,609986.0,609986
labour,働く人の環境（就業・求人・給与）,40000,福岡県,pref,40,福岡県,2000100000,2000年度,2000,00001|F2211,観測値|F2211_第2次産業就業者数,人,566654.0,566654
labour,働く人の環境（就業・求人・給与）,40000,福岡県,pref,40,福岡県,2005100000,2005年度,2005,00001|F2211,観測値|F2211_第2次産業就業者数,人,496942.0,496942
labour,働く人の環境（就業・求人・給与）,40000,福岡県,pref,40,福岡県,2010100000,2010年度,2010,00001|F2211,観測値|F2211_第2次産業就業者数,人,447596.0,447596
labour,働く人の環境（就業・求人・給与）,40000,福岡県,pref,40,福岡県,2015100000,2015年度,2015,00001|F2211,観測値|F2211_第2次産業就業者数,人,454485.0,454485
labour,働く人の環境（就業・求人・給与）,40000,福岡県,pref,40,福岡県,2020100000,2020年度,2020,00001|F2211,観測値|F2211_第2次産業就業者数,人,436066.0,436066
labour,働く人の環境（就業・求人・給与）,41000,佐賀県,pref,41,佐賀県,1975100000,1975年度,1975,00001|F2211,観測値|F2211_第2次産業就業者数,人,104657.0,104657
labour,働く人の環境（就業・求人・給与）,41000,佐賀県,pref,41,佐賀県,1980100000,1980年度,1980,00001|F2211,観測値|F2211_第2次産業就業者数,人,115588.0,115588
labour,働く人の環境（就業・求人・給与）,41000,佐賀県,pref,41,佐賀県,1985100000,1985年度,1985,00001|F2211,観測値|F2211_第2次産業就業者数,人,116497.0,116497
labour,働く人の環境（就業・求人・給与）,41000,佐賀県,pref,41,佐賀県,1990100000,1990年度,1990,00001|F2211,観測値|F2211_第2次産業就業者数,人,124120.0,124120
labour,働く人の環境（就業・求人・給与）,41000,佐賀県,pref,41,佐賀県,1995100000,1995年度,1995,00001|F2211,観測値|F2211_第2次産業就業者数,人,129952.0,129952
labour,働く人の環境（就業・求人・給与）,41000,佐賀県,pref,41,佐賀県,2000100000,2000年度,2000,00001|F2211,観測値|F2211_第2次産業就業者数,人,118528.0,118528
labour,働く人の環境（就業・求人・給与）,41000,佐賀県,pref,41,佐賀県,2005100000,2005年度,2005,00001|F2211,観測値|F2211_第2次産業就業者数,人,104795.0,104795
labour,働く人の環境（就業・求人・給与）,41000,佐賀県,pref,41,佐賀県,2010100000,2010年度,2010,00001|F2211,観測値|F2211_第2次産業就業者数,人,96188.0,96188
labour,働く人の環境（就業・求人・給与）,41000,佐賀県,pref,41,佐賀県,2015100000,2015年度,2015,00001|F2211,観測値|F2211_第2次産業就業者数,人,96255.0,96255
labour,働く人の環境（就業・求人・給与）,41000,佐賀県,pref,41,佐賀県,2020100000,2020年度,2020,00001|F2211,観測値|F2211_第2次産業就業者数,人,93908.0,93908
labour,働く人の環境（就業・求人・給与）,42000,長崎県,pref,42,長崎県,1975100000,1975年度,1975,00001|F2211,観測値|F2211_第2次産業就業者数,人,164742.0,164742
labour,働く人の環境（就業・求人・給与）,42000,長崎県,pref,42,長崎県,1980100000,1980年度,1980,00001|F2211,観測値|F2211_第2次産業就業者数,人,166569.0,166569
labour,働く人の環境（就業・求人・給与）,42000,長崎県,pref,42,長崎県,1985100000,1985年度,1985,00001|F2211,観測値|F2211_第2次産業就業者数,人,163501.0,163501
labour,働く人の環境（就業・求人・給与）,42000,長崎県,pref,42,長崎県,1990100000,1990年度,1990,00001|F2211,観測値|F2211_第2次産業就業者数,人,174147.0,174147
labour,働く人の環境（就業・求人・給与）,42000,長崎県,pref,42,長崎県,1995100000,1995年度,1995,00001|F2211,観測値|F2211_第2次産業就業者数,人,179102.0,179102
labour,働く人の環境（就業・求人・給与）,42000,長崎県,pref,42,長崎県,2000100000,2000年度,2000,00001|F2211,観測値|F2211_第2次産業就業者数,人,165956.0,165956
labour,働く人の環境（就業・求人・給与）,42000,長崎県,pref,42,長崎県,2005100000,2005年度,2005,00001|F2211,観測値|F2211_第2次産業就業者数,人,140390.0,140390
labour,働く人の環境（就業・求人・給与）,42000,長崎県,pref,42,長崎県,2010100000,2010年度,2010,00001|F2211,観測値|F2211_第2次産業就業者数,人,127183.0,127183
labour,働く人の環境（就業・求人・給与）,42000,長崎県,pref,42,長崎県,2015100000,2015年度,2015,00001|F2211,観測値|F2211_第2次産業就業者数,人,125674.0,125674
labour,働く人の環境（就業・求人・給与）,42000,長崎県,pref,42,長崎県,2020100000,2020年度,2020,00001|F2211,観測値|F2211_第2次産業就業者数,人,116363.0,116363
labour,働く人の環境（就業・求人・給与）,43000,熊本県,pref,43,熊本県,1975100000,1975年度,1975,00001|F2211,観測値|F2211_第2次産業就業者数,人,172709.0,172709
labour,働く人の環境（就業・求人・給与）,43000,熊本県,pref,43,熊本県,1980100000,1980年度,1980,00001|F2211,観測値|F2211_第2次産業就業者数,人,197104.0,197104
labour,働く人の環境（就業・求人・給与）,43000,熊本県,pref,43,熊本県,1985100000,1985年度,1985,00001|F2211,観測値|F2211_第2次産業就業者数,人,204850.0,204850
labour,働く人の環境（就業・求人・給与）,43000,熊本県,pref,43,熊本県,1990100000,1990年度,1990,00001|F2211,観測値|F2211_第2次産業就業者数,人,222359.0,222359
labour,働く人の環境（就業・求人・給与）,43000,熊本県,pref,43,熊本県,1995100000,1995年度,1995,00001|F2211,観測値|F2211_第2次産業就業者数,人,228691.0,228691
labour,働く人の環境（就業・求人・給与）,43000,熊本県,pref,43,熊本県,2000100000,2000年度,2000,00001|F2211,観測値|F2211_第2次産業就業者数,人,218013.0,218013
labour,働く人の環境（就業・求人・給与）,43000,熊本県,pref,43,熊本県,2005100000,2005年度,2005,00001|F2211,観測値|F2211_第2次産業就業者数,人,193175.0,193175
labour,働く人の環境（就業・求人・給与）,43000,熊本県,pref,43,熊本県,2010100000,2010年度,2010,00001|F2211,観測値|F2211_第2次産業就業者数,人,171899.0,171899
labour,働く人の環境（就業・求人・給与）,43000,熊本県,pref,43,熊本県,2015100000,2015年度,2015,00001|F2211,観測値|F2211_第2次産業就業者数,人,171591.0,171591
labour,働く人の環境（就業・求人・給与）,43000,熊本県,pref,43,熊本県,2020100000,2020年度,2020,00001|F2211,観測値|F2211_第2次産業就業者数,人,169965.0,169965
labour,働く人の環境（就業・求人・給与）,44000,大分県,pref,44,大分県,1975100000,1975年度,1975,00001|F2211,観測値|F2211_第2次産業就業者数,人,136677.0,136677
labour,働く人の環境（就業・求人・給与）,44000,大分県,pref,44,大分県,1980100000,1980年度,1980,00001|F2211,観測値|F2211_第2次産業就業者数,人,148628.0,148628
labour,働く人の環境（就業・求人・給与）,44000,大分県,pref,44,大分県,1985100000,1985年度,1985,00001|F2211,観測値|F2211_第2次産業就業者数,人,146457.0,146457
labour,働く人の環境（就業・求人・給与）,44000,大分県,pref,44,大分県,1990100000,1990年度,1990,00001|F2211,観測値|F2211_第2次産業就業者数,人,159920.0,159920
labour,働く人の環境（就業・求人・給与）,44000,大分県,pref,44,大分県,1995100000,1995年度,1995,00001|F2211,観測値|F2211_第2次産業就業者数,人,167537.0,167537
labour,働く人の環境（就業・求人・給与）,44000,大分県,pref,44,大分県,2000100000,2000年度,2000,00001|F2211,観測値|F2211_第2次産業就業者数,人,156061.0,156061
labour,働く人の環境（就業・求人・給与）,44000,大分県,pref,44,大分県,2005100000,2005年度,2005,00001|F2211,観測値|F2211_第2次産業就業者数,人,136583.0,136583
labour,働く人の環境（就業・求人・給与）,44000,大分県,pref,44,大分県,2010100000,2010年度,2010,00001|F2211,観測値|F2211_第2次産業就業者数,人,129443.0,129443
labour,働く人の環境（就業・求人・給与）,44000,大分県,pref,44,大分県,2015100000,2015年度,2015,00001|F2211,観測値|F2211_第2次産業就業者数,人,121915.0,121915
labour,働く人の環境（就業・求人・給与）,44000,大分県,pref,44,大分県,2020100000,2020年度,2020,00001|F2211,観測値|F2211_第2次産業就業者数,人,117736.0,117736
labour,働く人の環境（就業・求人・給与）,45000,宮崎県,pref,45,宮崎県,1975100000,1975年度,1975,00001|F2211,観測値|F2211_第2次産業就業者数,人,116874.0,116874
labour,働く人の環境（就業・求人・給与）,45000,宮崎県,pref,45,宮崎県,1980100000,1980年度,1980,00001|F2211,観測値|F2211_第2次産業就業者数,人,136762.0,136762
labour,働く人の環境（就業・求人・給与）,45000,宮崎県,pref,45,宮崎県,1985100000,1985年度,1985,00001|F2211,観測値|F2211_第2次産業就業者数,人,134573.0,134573
labour,働く人の環境（就業・求人・給与）,45000,宮崎県,pref,45,宮崎県,1990100000,1990年度,1990,00001|F2211,観測値|F2211_第2次産業就業者数,人,148490.0,148490
labour,働く人の環境（就業・求人・給与）,45000,宮崎県,pref,45,宮崎県,1995100000,1995年度,1995,00001|F2211,観測値|F2211_第2次産業就業者数,人,154765.0,154765
labour,働く人の環境（就業・求人・給与）,45000,宮崎県,pref,45,宮崎県,2000100000,2000年度,2000,00001|F2211,観測値|F2211_第2次産業就業者数,人,143649.0,143649
labour,働く人の環境（就業・求人・給与）,45000,宮崎県,pref,45,宮崎県,2005100000,2005年度,2005,00001|F2211,観測値|F2211_第2次産業就業者数,人,126238.0,126238
labour,働く人の環境（就業・求人・給与）,45000,宮崎県,pref,45,宮崎県,2010100000,2010年度,2010,00001|F2211,観測値|F2211_第2次産業就業者数,人,110638.0,110638
labour,働く人の環境（就業・求人・給与）,45000,宮崎県,pref,45,宮崎県,2015100000,2015年度,2015,00001|F2211,観測値|F2211_第2次産業就業者数,人,107057.0,107057
labour,働く人の環境（就業・求人・給与）,45000,宮崎県,pref,45,宮崎県,2020100000,2020年度,2020,00001|F2211,観測値|F2211_第2次産業就業者数,人,101547.0,101547
labour,働く人の環境（就業・求人・給与）,46000,鹿児島県,pref,46,鹿児島県,1975100000,1975年度,1975,00001|F2211,観測値|F2211_第2次産業就業者数,人,173750.0,173750
labour,働く人の環境（就業・求人・給与）,46000,鹿児島県,pref,46,鹿児島県,1980100000,1980年度,1980,00001|F2211,観測値|F2211_第2次産業就業者数,人,205855.0,205855
labour,働く人の環境（就業・求人・給与）,46000,鹿児島県,pref,46,鹿児島県,1985100000,1985年度,1985,00001|F2211,観測値|F2211_第2次産業就業者数,人,202822.0,202822
labour,働く人の環境（就業・求人・給与）,46000,鹿児島県,pref,46,鹿児島県,1990100000,1990年度,1990,00001|F2211,観測値|F2211_第2次産業就業者数,人,205890.0,205890
labour,働く人の環境（就業・求人・給与）,46000,鹿児島県,pref,46,鹿児島県,1995100000,1995年度,1995,00001|F2211,観測値|F2211_第2次産業就業者数,人,208381.0,208381
labour,働く人の環境（就業・求人・給与）,46000,鹿児島県,pref,46,鹿児島県,2000100000,2000年度,2000,00001|F2211,観測値|F2211_第2次産業就業者数,人,200548.0,200548
labour,働く人の環境（就業・求人・給与）,46000,鹿児島県,pref,46,鹿児島県,2005100000,2005年度,2005,00001|F2211,観測値|F2211_第2次産業就業者数,人,171497.0,171497
labour,働く人の環境（就業・求人・給与）,46000,鹿児島県,pref,46,鹿児島県,2010100000,2010年度,2010,00001|F2211,観測値|F2211_第2次産業就業者数,人,146393.0,146393
labour,働く人の環境（就業・求人・給与）,46000,鹿児島県,pref,46,鹿児島県,2015100000,2015年度,2015,00001|F2211,観測値|F2211_第2次産業就業者数,人,143838.0,143838
labour,働く人の環境（就業・求人・給与）,46000,鹿児島県,pref,46,鹿児島県,2020100000,2020年度,2020,00001|F2211,観測値|F2211_第2次産業就業者数,人,138793.0,138793
labour,働く人の環境（就業・求人・給与）,47000,沖縄県,pref,47,沖縄県,1975100000,1975年度,1975,00001|F2211,観測値|F2211_第2次産業就業者数,人,78983.0,78983
labour,働く人の環境（就業・求人・給与）,47000,沖縄県,pref,47,沖縄県,1980100000,1980年度,1980,00001|F2211,観測値|F2211_第2次産業就業者数,人,92187.0,92187
labour,働く人の環境（就業・求人・給与）,47000,沖縄県,pref,47,沖縄県,1985100000,1985年度,1985,00001|F2211,観測値|F2211_第2次産業就業者数,人,99931.0,99931
labour,働く人の環境（就業・求人・給与）,47000,沖縄県,pref,47,沖縄県,1990100000,1990年度,1990,00001|F2211,観測値|F2211_第2次産業就業者数,人,100722.0,100722
labour,働く人の環境（就業・求人・給与）,47000,沖縄県,pref,47,沖縄県,1995100000,1995年度,1995,00001|F2211,観測値|F2211_第2次産業就業者数,人,105245.0,105245
labour,働く人の環境（就業・求人・給与）,47000,沖縄県,pref,47,沖縄県,2000100000,2000年度,2000,00001|F2211,観測値|F2211_第2次産業就業者数,人,104221.0,104221
labour,働く人の環境（就業・求人・給与）,47000,沖縄県,pref,47,沖縄県,2005100000,2005年度,2005,00001|F2211,観測値|F2211_第2次産業就業者数,人,91358.0,91358
labour,働く人の環境（就業・求人・給与）,47000,沖縄県,pref,47,沖縄県,2010100000,2010年度,2010,00001|F2211,観測値|F2211_第2次産業就業者数,人,81142.0,81142
labour,働く人の環境（就業・求人・給与）,47000,沖縄県,pref,47,沖縄県,2015100000,2015年度,2015,00001|F2211,観測値|F2211_第2次産業就業者数,人,81508.0,81508
labour,働く人の環境（就業・求人・給与）,47000,沖縄県,pref,47,沖縄県,2020100000,2020年度,2020,00001|F2211,観測値|F2211_第2次産業就業者数,人,79353.0,79353
labour,働く人の環境（就業・求人・給与）,00000,全国,national,,,1975100000,1975年度,1975,00001|F2221,観測値|F2221_第3次産業就業者数,人,27522212.0,27522212
labour,働く人の環境（就業・求人・給与）,00000,全国,national,,,1980100000,1980年度,1980,00001|F2221,観測値|F2221_第3次産業就業者数,人,30901357.0,30901357
labour,働く人の環境（就業・求人・給与）,00000,全国,national,,,1985100000,1985年度,1985,00001|F2221,観測値|F2221_第3次産業就業者数,人,33444306.0,33444306
labour,働く人の環境（就業・求人・給与）,00000,全国,national,,,1990100000,1990年度,1990,00001|F2221,観測値|F2221_第3次産業就業者数,人,36421356.0,36421356
labour,働く人の環境（就業・求人・給与）,00000,全国,national,,,1995100000,1995年度,1995,00001|F2221,観測値|F2221_第3次産業就業者数,人,39642059.0,39642059
labour,働く人の環境（就業・求人・給与）,00000,全国,national,,,2000100000,2000年度,2000,00001|F2221,観測値|F2221_第3次産業就業者数,人,40484679.0,40484679
labour,働く人の環境（就業・求人・給与）,00000,全国,national,,,2005100000,2005年度,2005,00001|F2221,観測値|F2221_第3次産業就業者数,人,41328993.0,41328993
labour,働く人の環境（就業・求人・給与）,00000,全国,national,,,2010100000,2010年度,2010,00001|F2221,観測値|F2221_第3次産業就業者数,人,39646316.0,39646316
labour,働く人の環境（就業・求人・給与）,00000,全国,national,,,2015100000,2015年度,2015,00001|F2221,観測値|F2221_第3次産業就業者数,人,39614567.0,39614567
labour,働く人の環境（就業・求人・給与）,00000,全国,national,,,2020100000,2020年度,2020,00001|F2221,観測値|F2221_第3次産業就業者数,人,40679332.0,40679332
labour,働く人の環境（就業・求人・給与）,01000,北海道,pref,01,北海道,1975100000,1975年度,1975,00001|F2221,観測値|F2221_第3次産業就業者数,人,1422645.0,1422645
labour,働く人の環境（就業・求人・給与）,01000,北海道,pref,01,北海道,1980100000,1980年度,1980,00001|F2221,観測値|F2221_第3次産業就業者数,人,1582340.0,1582340
labour,働く人の環境（就業・求人・給与）,01000,北海道,pref,01,北海道,1985100000,1985年度,1985,00001|F2221,観測値|F2221_第3次産業就業者数,人,1673622.0,1673622
labour,働く人の環境（就業・求人・給与）,01000,北海道,pref,01,北海道,1990100000,1990年度,1990,00001|F2221,観測値|F2221_第3次産業就業者数,人,1763593.0,1763593
labour,働く人の環境（就業・求人・給与）,01000,北海道,pref,01,北海道,1995100000,1995年度,1995,00001|F2221,観測値|F2221_第3次産業就業者数,人,1881483.0,1881483
labour,働く人の環境（就業・求人・給与）,01000,北海道,pref,01,北海道,2000100000,2000年度,2000,00001|F2221,観測値|F2221_第3次産業就業者数,人,1881089.0,1881089
labour,働く人の環境（就業・求人・給与）,01000,北海道,pref,01,北海道,2005100000,2005年度,2005,00001|F2221,観測値|F2221_第3次産業就業者数,人,1857082.0,1857082
labour,働く人の環境（就業・求人・給与）,01000,北海道,pref,01,北海道,2010100000,2010年度,2010,00001|F2221,観測値|F2221_第3次産業就業者数,人,1761386.0,1761386
labour,働く人の環境（就業・求人・給与）,01000,北海道,pref,01,北海道,2015100000,2015年度,2015,00001|F2221,観測値|F2221_第3次産業就業者数,人,1718253.0,1718253
labour,働く人の環境（就業・求人・給与）,01000,北海道,pref,01,北海道,2020100000,2020年度,2020,00001|F2221,観測値|F2221_第3次産業就業者数,人,1738586.0,1738586
labour,働く人の環境（就業・求人・給与）,02000,青森県,pref,02,青森県,1975100000,1975年度,1975,00001|F2221,観測値|F2221_第3次産業就業者数,人,325178.0,325178
labour,働く人の環境（就業・求人・給与）,02000,青森県,pref,02,青森県,1980100000,1980年度,1980,00001|F2221,観測値|F2221_第3次産業就業者数,人,378687.0,378687
labour,働く人の環境（就業・求人・給与）,02000,青森県,pref,02,青森県,1985100000,1985年度,1985,00001|F2221,観測値|F2221_第3次産業就業者数,人,389081.0,389081
labour,働く人の環境（就業・求人・給与）,02000,青森県,pref,02,青森県,1990100000,1990年度,1990,00001|F2221,観測値|F2221_第3次産業就業者数,人,396971.0,396971
labour,働く人の環境（就業・求人・給与）,02000,青森県,pref,02,青森県,1995100000,1995年度,1995,00001|F2221,観測値|F2221_第3次産業就業者数,人,426433.0,426433
labour,働く人の環境（就業・求人・給与）,02000,青森県,pref,02,青森県,2000100000,2000年度,2000,00001|F2221,観測値|F2221_第3次産業就業者数,人,437142.0,437142
labour,働く人の環境（就業・求人・給与）,02000,青森県,pref,02,青森県,2005100000,2005年度,2005,00001|F2221,観測値|F2221_第3次産業就業者数,人,436789.0,436789
labour,働く人の環境（就業・求人・給与）,02000,青森県,pref,02,青森県,2010100000,2010年度,2010,00001|F2221,観測値|F2221_第3次産業就業者数,人,413318.0,413318
labour,働く人の環境（就業・求人・給与）,02000,青森県,pref,02,青森県,2015100000,2015年度,2015,00001|F2221,観測値|F2221_第3次産業就業者数,人,407585.0,407585
labour,働く人の環境（就業・求人・給与）,02000,青森県,pref,02,青森県,2020100000,2020年度,2020,00001|F2221,観測値|F2221_第3次産業就業者数,人,404441.0,404441
labour,働く人の環境（就業・求人・給与）,03000,岩手県,pref,03,岩手県,1975100000,1975年度,1975,00001|F2221,観測値|F2221_第3次産業就業者数,人,295181.0,295181
labour,働く人の環境（就業・求人・給与）,03000,岩手県,pref,03,岩手県,1980100000,1980年度,1980,00001|F2221,観測値|F2221_第3次産業就業者数,人,340026.0,340026
labour,働く人の環境（就業・求人・給与）,03000,岩手県,pref,03,岩手県,1985100000,1985年度,1985,00001|F2221,観測値|F2221_第3次産業就業者数,人,352374.0,352374
labour,働く人の環境（就業・求人・給与）,03000,岩手県,pref,03,岩手県,1990100000,1990年度,1990,00001|F2221,観測値|F2221_第3次産業就業者数,人,370143.0,370143
labour,働く人の環境（就業・求人・給与）,03000,岩手県,pref,03,岩手県,1995100000,1995年度,1995,00001|F2221,観測値|F2221_第3次産業就業者数,人,400782.0,400782
labour,働く人の環境（就業・求人・給与）,03000,岩手県,pref,03,岩手県,2000100000,2000年度,2000,00001|F2221,観測値|F2221_第3次産業就業者数,人,412187.0,412187
labour,働く人の環境（就業・求人・給与）,03000,岩手県,pref,03,岩手県,2005100000,2005年度,2005,00001|F2221,観測値|F2221_第3次産業就業者数,人,413615.0,413615
labour,働く人の環境（就業・求人・給与）,03000,岩手県,pref,03,岩手県,2010100000,2010年度,2010,00001|F2221,観測値|F2221_第3次産業就業者数,人,393167.0,393167
labour,働く人の環境（就業・求人・給与）,03000,岩手県,pref,03,岩手県,2015100000,2015年度,2015,00001|F2221,観測値|F2221_第3次産業就業者数,人,400306.0,400306
labour,働く人の環境（就業・求人・給与）,03000,岩手県,pref,03,岩手県,2020100000,2020年度,2020,00001|F2221,観測値|F2221_第3次産業就業者数,人,389295.0,389295
labour,働く人の環境（就業・求人・給与）,04000,宮城県,pref,04,宮城県,1975100000,1975年度,1975,00001|F2221,観測値|F2221_第3次産業就業者数,人,481612.0,481612
labour,働く人の環境（就業・求人・給与）,04000,宮城県,pref,04,宮城県,1980100000,1980年度,1980,00001|F2221,観測値|F2221_第3次産業就業者数,人,557207.0,557207
labour,働く人の環境（就業・求人・給与）,04000,宮城県,pref,04,宮城県,1985100000,1985年度,1985,00001|F2221,観測値|F2221_第3次産業就業者数,人,605503.0,605503
labour,働く人の環境（就業・求人・給与）,04000,宮城県,pref,04,宮城県,1990100000,1990年度,1990,00001|F2221,観測値|F2221_第3次産業就業者数,人,662211.0,662211
labour,働く人の環境（就業・求人・給与）,04000,宮城県,pref,04,宮城県,1995100000,1995年度,1995,00001|F2221,観測値|F2221_第3次産業就業者数,人,743999.0,743999
labour,働く人の環境（就業・求人・給与）,04000,宮城県,pref,04,宮城県,2000100000,2000年度,2000,00001|F2221,観測値|F2221_第3次産業就業者数,人,759343.0,759343
labour,働く人の環境（就業・求人・給与）,04000,宮城県,pref,04,宮城県,2005100000,2005年度,2005,00001|F2221,観測値|F2221_第3次産業就業者数,人,765734.0,765734
labour,働く人の環境（就業・求人・給与）,04000,宮城県,pref,04,宮城県,2010100000,2010年度,2010,00001|F2221,観測値|F2221_第3次産業就業者数,人,746752.0,746752
labour,働く人の環境（就業・求人・給与）,04000,宮城県,pref,04,宮城県,2015100000,2015年度,2015,00001|F2221,観測値|F2221_第3次産業就業者数,人,760125.0,760125
labour,働く人の環境（就業・求人・給与）,04000,宮城県,pref,04,宮城県,2020100000,2020年度,2020,00001|F2221,観測値|F2221_第3次産業就業者数,人,772212.0,772212
labour,働く人の環境（就業・求人・給与）,05000,秋田県,pref,05,秋田県,1975100000,1975年度,1975,00001|F2221,観測値|F2221_第3次産業就業者数,人,269903.0,269903
labour,働く人の環境（就業・求人・給与）,05000,秋田県,pref,05,秋田県,1980100000,1980年度,1980,00001|F2221,観測値|F2221_第3次産業就業者数,人,303864.0,303864
labour,働く人の環境（就業・求人・給与）,05000,秋田県,pref,05,秋田県,1985100000,1985年度,1985,00001|F2221,観測値|F2221_第3次産業就業者数,人,305560.0,305560
labour,働く人の環境（就業・求人・給与）,05000,秋田県,pref,05,秋田県,1990100000,1990年度,1990,00001|F2221,観測値|F2221_第3次産業就業者数,人,312451.0,312451
labour,働く人の環境（就業・求人・給与）,05000,秋田県,pref,05,秋田県,1995100000,1995年度,1995,00001|F2221,観測値|F2221_第3次産業就業者数,人,332322.0,332322
labour,働く人の環境（就業・求人・給与）,05000,秋田県,pref,05,秋田県,2000100000,2000年度,2000,00001|F2221,観測値|F2221_第3次産業就業者数,人,341462.0,341462
labour,働く人の環境（就業・求人・給与）,05000,秋田県,pref,05,秋田県,2005100000,2005年度,2005,00001|F2221,観測値|F2221_第3次産業就業者数,人,338573.0,338573
labour,働く人の環境（就業・求人・給与）,05000,秋田県,pref,05,秋田県,2010100000,2010年度,2010,00001|F2221,観測値|F2221_第3次産業就業者数,人,321378.0,321378
labour,働く人の環境（就業・求人・給与）,05000,秋田県,pref,05,秋田県,2015100000,2015年度,2015,00001|F2221,観測値|F2221_第3次産業就業者数,人,312620.0,312620
labour,働く人の環境（就業・求人・給与）,05000,秋田県,pref,05,秋田県,2020100000,2020年度,2020,00001|F2221,観測値|F2221_第3次産業就業者数,人,306541.0,306541
labour,働く人の環境（就業・求人・給与）,06000,山形県,pref,06,山形県,1975100000,1975年度,1975,00001|F2221,観測値|F2221_第3次産業就業者数,人,265485.0,265485
labour,働く人の環境（就業・求人・給与）,06000,山形県,pref,06,山形県,1980100000,1980年度,1980,00001|F2221,観測値|F2221_第3次産業就業者数,人,299490.0,299490
labour,働く人の環境（就業・求人・給与）,06000,山形県,pref,06,山形県,1985100000,1985年度,1985,00001|F2221,観測値|F2221_第3次産業就業者数,人,302989.0,302989
labour,働く人の環境（就業・求人・給与）,06000,山形県,pref,06,山形県,1990100000,1990年度,1990,00001|F2221,観測値|F2221_第3次産業就業者数,人,316925.0,316925
labour,働く人の環境（就業・求人・給与）,06000,山形県,pref,06,山形県,1995100000,1995年度,1995,00001|F2221,観測値|F2221_第3次産業就業者数,人,339708.0,339708
labour,働く人の環境（就業・求人・給与）,06000,山形県,pref,06,山形県,2000100000,2000年度,2000,00001|F2221,観測値|F2221_第3次産業就業者数,人,347535.0,347535
labour,働く人の環境（就業・求人・給与）,06000,山形県,pref,06,山形県,2005100000,2005年度,2005,00001|F2221,観測値|F2221_第3次産業就業者数,人,356207.0,356207
labour,働く人の環境（就業・求人・給与）,06000,山形県,pref,06,山形県,2010100000,2010年度,2010,00001|F2221,観測値|F2221_第3次産業就業者数,人,336562.0,336562
labour,働く人の環境（就業・求人・給与）,06000,山形県,pref,06,山形県,2015100000,2015年度,2015,00001|F2221,観測値|F2221_第3次産業就業者数,人,338284.0,338284
labour,働く人の環境（就業・求人・給与）,06000,山形県,pref,06,山形県,2020100000,2020年度,2020,00001|F2221,観測値|F2221_第3次産業就業者数,人,331954.0,331954
labour,働く人の環境（就業・求人・給与）,07000,福島県,pref,07,福島県,1975100000,1975年度,1975,00001|F2221,観測値|F2221_第3次産業就業者数,人,414907.0,414907
labour,働く人の環境（就業・求人・給与）,07000,福島県,pref,07,福島県,1980100000,1980年度,1980,00001|F2221,観測値|F2221_第3次産業就業者数,人,467857.0,467857
labour,働く人の環境（就業・求人・給与）,07000,福島県,pref,07,福島県,1985100000,1985年度,1985,00001|F2221,観測値|F2221_第3次産業就業者数,人,488876.0,488876
labour,働く人の環境（就業・求人・給与）,07000,福島県,pref,07,福島県,1990100000,1990年度,1990,00001|F2221,観測値|F2221_第3次産業就業者数,人,523179.0,523179
labour,働く人の環境（就業・求人・給与）,07000,福島県,pref,07,福島県,1995100000,1995年度,1995,00001|F2221,観測値|F2221_第3次産業就業者数,人,575236.0,575236
labour,働く人の環境（就業・求人・給与）,07000,福島県,pref,07,福島県,2000100000,2000年度,2000,00001|F2221,観測値|F2221_第3次産業就業者数,人,585926.0,585926
labour,働く人の環境（就業・求人・給与）,07000,福島県,pref,07,福島県,2005100000,2005年度,2005,00001|F2221,観測値|F2221_第3次産業就業者数,人,599263.0,599263
labour,働く人の環境（就業・求人・給与）,07000,福島県,pref,07,福島県,2010100000,2010年度,2010,00001|F2221,観測値|F2221_第3次産業就業者数,人,560520.0,560520
labour,働く人の環境（就業・求人・給与）,07000,福島県,pref,07,福島県,2015100000,2015年度,2015,00001|F2221,観測値|F2221_第3次産業就業者数,人,555204.0,555204
labour,働く人の環境（就業・求人・給与）,07000,福島県,pref,07,福島県,2020100000,2020年度,2020,00001|F2221,観測値|F2221_第3次産業就業者数,人,540975.0,540975
labour,働く人の環境（就業・求人・給与）,08000,茨城県,pref,08,茨城県,1975100000,1975年度,1975,00001|F2221,観測値|F2221_第3次産業就業者数,人,465549.0,465549
labour,働く人の環境（就業・求人・給与）,08000,茨城県,pref,08,茨城県,1980100000,1980年度,1980,00001|F2221,観測値|F2221_第3次産業就業者数,人,565421.0,565421
labour,働く人の環境（就業・求人・給与）,08000,茨城県,pref,08,茨城県,1985100000,1985年度,1985,00001|F2221,観測値|F2221_第3次産業就業者数,人,643998.0,643998
labour,働く人の環境（就業・求人・給与）,08000,茨城県,pref,08,茨城県,1990100000,1990年度,1990,00001|F2221,観測値|F2221_第3次産業就業者数,人,735438.0,735438
labour,働く人の環境（就業・求人・給与）,08000,茨城県,pref,08,茨城県,1995100000,1995年度,1995,00001|F2221,観測値|F2221_第3次産業就業者数,人,835361.0,835361
labour,働く人の環境（就業・求人・給与）,08000,茨城県,pref,08,茨城県,2000100000,2000年度,2000,00001|F2221,観測値|F2221_第3次産業就業者数,人,866352.0,866352
labour,働く人の環境（就業・求人・給与）,08000,茨城県,pref,08,茨城県,2005100000,2005年度,2005,00001|F2221,観測値|F2221_第3次産業就業者数,人,888758.0,888758
labour,働く人の環境（就業・求人・給与）,08000,茨城県,pref,08,茨城県,2010100000,2010年度,2010,00001|F2221,観測値|F2221_第3次産業就業者数,人,863268.0,863268
labour,働く人の環境（就業・求人・給与）,08000,茨城県,pref,08,茨城県,2015100000,2015年度,2015,00001|F2221,観測値|F2221_第3次産業就業者数,人,864715.0,864715
labour,働く人の環境（就業・求人・給与）,08000,茨城県,pref,08,茨城県,2020100000,2020年度,2020,00001|F2221,観測値|F2221_第3次産業就業者数,人,872083.0,872083
labour,働く人の環境（就業・求人・給与）,09000,栃木県,pref,09,栃木県,1975100000,1975年度,1975,00001|F2221,観測値|F2221_第3次産業就業者数,人,358283.0,358283
labour,働く人の環境（就業・求人・給与）,09000,栃木県,pref,09,栃木県,1980100000,1980年度,1980,00001|F2221,観測値|F2221_第3次産業就業者数,人,411406.0,411406
labour,働く人の環境（就業・求人・給与）,09000,栃木県,pref,09,栃木県,1985100000,1985年度,1985,00001|F2221,観測値|F2221_第3次産業就業者数,人,444552.0,444552
labour,働く人の環境（就業・求人・給与）,09000,栃木県,pref,09,栃木県,1990100000,1990年度,1990,00001|F2221,観測値|F2221_第3次産業就業者数,人,500718.0,500718
labour,働く人の環境（就業・求人・給与）,09000,栃木県,pref,09,栃木県,1995100000,1995年度,1995,00001|F2221,観測値|F2221_第3次産業就業者数,人,561762.0,561762
labour,働く人の環境（就業・求人・給与）,09000,栃木県,pref,09,栃木県,2000100000,2000年度,2000,00001|F2221,観測値|F2221_第3次産業就業者数,人,582635.0,582635
labour,働く人の環境（就業・求人・給与）,09000,栃木県,pref,09,栃木県,2005100000,2005年度,2005,00001|F2221,観測値|F2221_第3次産業就業者数,人,605280.0,605280
labour,働く人の環境（就業・求人・給与）,09000,栃木県,pref,09,栃木県,2010100000,2010年度,2010,00001|F2221,観測値|F2221_第3次産業就業者数,人,582535.0,582535
labour,働く人の環境（就業・求人・給与）,09000,栃木県,pref,09,栃木県,2015100000,2015年度,2015,00001|F2221,観測値|F2221_第3次産業就業者数,人,578864.0,578864
labour,働く人の環境（就業・求人・給与）,09000,栃木県,pref,09,栃木県,2020100000,2020年度,2020,00001|F2221,観測値|F2221_第3次産業就業者数,人,571094.0,571094
labour,働く人の環境（就業・求人・給与）,10000,群馬県,pref,10,群馬県,1975100000,1975年度,1975,00001|F2221,観測値|F2221_第3次産業就業者数,人,378239.0,378239
labour,働く人の環境（就業・求人・給与）,10000,群馬県,pref,10,群馬県,1980100000,1980年度,1980,00001|F2221,観測値|F2221_第3次産業就業者数,人,427518.0,427518
labour,働く人の環境（就業・求人・給与）,10000,群馬県,pref,10,群馬県,1985100000,1985年度,1985,00001|F2221,観測値|F2221_第3次産業就業者数,人,458342.0,458342
labour,働く人の環境（就業・求人・給与）,10000,群馬県,pref,10,群馬県,1990100000,1990年度,1990,00001|F2221,観測値|F2221_第3次産業就業者数,人,509546.0,509546
labour,働く人の環境（就業・求人・給与）,10000,群馬県,pref,10,群馬県,1995100000,1995年度,1995,00001|F2221,観測値|F2221_第3次産業就業者数,人,564569.0,564569
labour,働く人の環境（就業・求人・給与）,10000,群馬県,pref,10,群馬県,2000100000,2000年度,2000,00001|F2221,観測値|F2221_第3次産業就業者数,人,584534.0,584534
labour,働く人の環境（就業・求人・給与）,10000,群馬県,pref,10,群馬県,2005100000,2005年度,2005,00001|F2221,観測値|F2221_第3次産業就業者数,人,608896.0,608896
labour,働く人の環境（就業・求人・給与）,10000,群馬県,pref,10,群馬県,2010100000,2010年度,2010,00001|F2221,観測値|F2221_第3次産業就業者数,人,585636.0,585636
labour,働く人の環境（就業・求人・給与）,10000,群馬県,pref,10,群馬県,2015100000,2015年度,2015,00001|F2221,観測値|F2221_第3次産業就業者数,人,591710.0,591710
labour,働く人の環境（就業・求人・給与）,10000,群馬県,pref,10,群馬県,2020100000,2020年度,2020,00001|F2221,観測値|F2221_第3次産業就業者数,人,593348.0,593348
labour,働く人の環境（就業・求人・給与）,11000,埼玉県,pref,11,埼玉県,1975100000,1975年度,1975,00001|F2221,観測値|F2221_第3次産業就業者数,人,1098980.0,1098980
labour,働く人の環境（就業・求人・給与）,11000,埼玉県,pref,11,埼玉県,1980100000,1980年度,1980,00001|F2221,観測値|F2221_第3次産業就業者数,人,1341697.0,1341697
labour,働く人の環境（就業・求人・給与）,11000,埼玉県,pref,11,埼玉県,1985100000,1985年度,1985,00001|F2221,観測値|F2221_第3次産業就業者数,人,1573834.0,1573834
labour,働く人の環境（就業・求人・給与）,11000,埼玉県,pref,11,埼玉県,1990100000,1990年度,1990,00001|F2221,観測値|F2221_第3次産業就業者数,人,1917328.0,1917328
labour,働く人の環境（就業・求人・給与）,11000,埼玉県,pref,11,埼玉県,1995100000,1995年度,1995,00001|F2221,観測値|F2221_第3次産業就業者数,人,2198202.0,2198202
labour,働く人の環境（就業・求人・給与）,11000,埼玉県,pref,11,埼玉県,2000100000,2000年度,2000,00001|F2221,観測値|F2221_第3次産業就業者数,人,2303748.0,2303748
labour,働く人の環境（就業・求人・給与）,11000,埼玉県,pref,11,埼玉県,2005100000,2005年度,2005,00001|F2221,観測値|F2221_第3次産業就業者数,人,2401721.0,2401721
labour,働く人の環境（就業・求人・給与）,11000,埼玉県,pref,11,埼玉県,2010100000,2010年度,2010,00001|F2221,観測値|F2221_第3次産業就業者数,人,2352355.0,2352355
labour,働く人の環境（就業・求人・給与）,11000,埼玉県,pref,11,埼玉県,2015100000,2015年度,2015,00001|F2221,観測値|F2221_第3次産業就業者数,人,2367338.0,2367338
labour,働く人の環境（就業・求人・給与）,11000,埼玉県,pref,11,埼玉県,2020100000,2020年度,2020,00001|F2221,観測値|F2221_第3次産業就業者数,人,2471070.0,2471070
labour,働く人の環境（就業・求人・給与）,12000,千葉県,pref,12,千葉県,1975100000,1975年度,1975,00001|F2221,観測値|F2221_第3次産業就業者数,人,1007223.0,1007223
labour,働く人の環境（就業・求人・給与）,12000,千葉県,pref,12,千葉県,1980100000,1980年度,1980,00001|F2221,観測値|F2221_第3次産業就業者数,人,1261227.0,1261227
labour,働く人の環境（就業・求人・給与）,12000,千葉県,pref,12,千葉県,1985100000,1985年度,1985,00001|F2221,観測値|F2221_第3次産業就業者数,人,1488511.0,1488511
labour,働く人の環境（就業・求人・給与）,12000,千葉県,pref,12,千葉県,1990100000,1990年度,1990,00001|F2221,観測値|F2221_第3次産業就業者数,人,1774061.0,1774061
labour,働く人の環境（就業・求人・給与）,12000,千葉県,pref,12,千葉県,1995100000,1995年度,1995,00001|F2221,観測値|F2221_第3次産業就業者数,人,2004533.0,2004533
labour,働く人の環境（就業・求人・給与）,12000,千葉県,pref,12,千葉県,2000100000,2000年度,2000,00001|F2221,観測値|F2221_第3次産業就業者数,人,2070669.0,2070669
labour,働く人の環境（就業・求人・給与）,12000,千葉県,pref,12,千葉県,2005100000,2005年度,2005,00001|F2221,観測値|F2221_第3次産業就業者数,人,2124422.0,2124422
labour,働く人の環境（就業・求人・給与）,12000,千葉県,pref,12,千葉県,2010100000,2010年度,2010,00001|F2221,観測値|F2221_第3次産業就業者数,人,2074615.0,2074615
labour,働く人の環境（就業・求人・給与）,12000,千葉県,pref,12,千葉県,2015100000,2015年度,2015,00001|F2221,観測値|F2221_第3次産業就業者数,人,2082474.0,2082474
labour,働く人の環境（就業・求人・給与）,12000,千葉県,pref,12,千葉県,2020100000,2020年度,2020,00001|F2221,観測値|F2221_第3次産業就業者数,人,2166702.0,2166702
labour,働く人の環境（就業・求人・給与）,13000,東京都,pref,13,東京都,1975100000,1975年度,1975,00001|F2221,観測値|F2221_第3次産業就業者数,人,3618620.0,3618620
labour,働く人の環境（就業・求人・給与）,13000,東京都,pref,13,東京都,1980100000,1980年度,1980,00001|F2221,観測値|F2221_第3次産業就業者数,人,3814487.0,3814487
labour,働く人の環境（就業・求人・給与）,13000,東京都,pref,13,東京都,1985100000,1985年度,1985,00001|F2221,観測値|F2221_第3次産業就業者数,人,4145328.0,4145328
labour,働く人の環境（就業・求人・給与）,13000,東京都,pref,13,東京都,1990100000,1990年度,1990,00001|F2221,観測値|F2221_第3次産業就業者数,人,4385700.0,4385700
labour,働く人の環境（就業・求人・給与）,13000,東京都,pref,13,東京都,1995100000,1995年度,1995,00001|F2221,観測値|F2221_第3次産業就業者数,人,4547134.0,4547134
labour,働く人の環境（就業・求人・給与）,13000,東京都,pref,13,東京都,2000100000,2000年度,2000,00001|F2221,観測値|F2221_第3次産業就業者数,人,4572511.0,4572511
labour,働く人の環境（就業・求人・給与）,13000,東京都,pref,13,東京都,2005100000,2005年度,2005,00001|F2221,観測値|F2221_第3次産業就業者数,人,4575993.0,4575993
labour,働く人の環境（就業・求人・給与）,13000,東京都,pref,13,東京都,2010100000,2010年度,2010,00001|F2221,観測値|F2221_第3次産業就業者数,人,4256323.0,4256323
labour,働く人の環境（就業・求人・給与）,13000,東京都,pref,13,東京都,2015100000,2015年度,2015,00001|F2221,観測値|F2221_第3次産業就業者数,人,4226110.0,4226110
labour,働く人の環境（就業・求人・給与）,13000,東京都,pref,13,東京都,2020100000,2020年度,2020,00001|F2221,観測値|F2221_第3次産業就業者数,人,4833623.0,4833623
labour,働く人の環境（就業・求人・給与）,14000,神奈川県,pref,14,神奈川県,1975100000,1975年度,1975,00001|F2221,観測値|F2221_第3次産業就業者数,人,1616723.0,1616723
labour,働く人の環境（就業・求人・給与）,14000,神奈川県,pref,14,神奈川県,1980100000,1980年度,1980,00001|F2221,観測値|F2221_第3次産業就業者数,人,1861431.0,1861431
labour,働く人の環境（就業・求人・給与）,14000,神奈川県,pref,14,神奈川県,1985100000,1985年度,1985,00001|F2221,観測値|F2221_第3次産業就業者数,人,2156260.0,2156260
labour,働く人の環境（就業・求人・給与）,14000,神奈川県,pref,14,神奈川県,1990100000,1990年度,1990,00001|F2221,観測値|F2221_第3次産業就業者数,人,2552923.0,2552923
labour,働く人の環境（就業・求人・給与）,14000,神奈川県,pref,14,神奈川県,1995100000,1995年度,1995,00001|F2221,観測値|F2221_第3次産業就業者数,人,2832997.0,2832997
labour,働く人の環境（就業・求人・給与）,14000,神奈川県,pref,14,神奈川県,2000100000,2000年度,2000,00001|F2221,観測値|F2221_第3次産業就業者数,人,2954215.0,2954215
labour,働く人の環境（就業・求人・給与）,14000,神奈川県,pref,14,神奈川県,2005100000,2005年度,2005,00001|F2221,観測値|F2221_第3次産業就業者数,人,3109733.0,3109733
labour,働く人の環境（就業・求人・給与）,14000,神奈川県,pref,14,神奈川県,2010100000,2010年度,2010,00001|F2221,観測値|F2221_第3次産業就業者数,人,3015408.0,3015408
labour,働く人の環境（就業・求人・給与）,14000,神奈川県,pref,14,神奈川県,2015100000,2015年度,2015,00001|F2221,観測値|F2221_第3次産業就業者数,人,2970267.0,2970267
labour,働く人の環境（就業・求人・給与）,14000,神奈川県,pref,14,神奈川県,2020100000,2020年度,2020,00001|F2221,観測値|F2221_第3次産業就業者数,人,3175503.0,3175503
labour,働く人の環境（就業・求人・給与）,15000,新潟県,pref,15,新潟県,1975100000,1975年度,1975,00001|F2221,観測値|F2221_第3次産業就業者数,人,552766.0,552766
labour,働く人の環境（就業・求人・給与）,15000,新潟県,pref,15,新潟県,1980100000,1980年度,1980,00001|F2221,観測値|F2221_第3次産業就業者数,人,614069.0,614069
labour,働く人の環境（就業・求人・給与）,15000,新潟県,pref,15,新潟県,1985100000,1985年度,1985,00001|F2221,観測値|F2221_第3次産業就業者数,人,632994.0,632994
labour,働く人の環境（就業・求人・給与）,15000,新潟県,pref,15,新潟県,1990100000,1990年度,1990,00001|F2221,観測値|F2221_第3次産業就業者数,人,670321.0,670321
labour,働く人の環境（就業・求人・給与）,15000,新潟県,pref,15,新潟県,1995100000,1995年度,1995,00001|F2221,観測値|F2221_第3次産業就業者数,人,720817.0,720817
labour,働く人の環境（就業・求人・給与）,15000,新潟県,pref,15,新潟県,2000100000,2000年度,2000,00001|F2221,観測値|F2221_第3次産業就業者数,人,733329.0,733329
labour,働く人の環境（就業・求人・給与）,15000,新潟県,pref,15,新潟県,2005100000,2005年度,2005,00001|F2221,観測値|F2221_第3次産業就業者数,人,744314.0,744314
labour,働く人の環境（就業・求人・給与）,15000,新潟県,pref,15,新潟県,2010100000,2010年度,2010,00001|F2221,観測値|F2221_第3次産業就業者数,人,724632.0,724632
labour,働く人の環境（就業・求人・給与）,15000,新潟県,pref,15,新潟県,2015100000,2015年度,2015,00001|F2221,観測値|F2221_第3次産業就業者数,人,728878.0,728878
labour,働く人の環境（就業・求人・給与）,15000,新潟県,pref,15,新潟県,2020100000,2020年度,2020,00001|F2221,観測値|F2221_第3次産業就業者数,人,704334.0,704334
labour,働く人の環境（就業・求人・給与）,16000,富山県,pref,16,富山県,1975100000,1975年度,1975,00001|F2221,観測値|F2221_第3次産業就業者数,人,259242.0,259242
labour,働く人の環境（就業・求人・給与）,16000,富山県,pref,16,富山県,1980100000,1980年度,1980,00001|F2221,観測値|F2221_第3次産業就業者数,人,284763.0,284763
labour,働く人の環境（就業・求人・給与）,16000,富山県,pref,16,富山県,1985100000,1985年度,1985,00001|F2221,観測値|F2221_第3次産業就業者数,人,296436.0,296436
labour,働く人の環境（就業・求人・給与）,16000,富山県,pref,16,富山県,1990100000,1990年度,1990,00001|F2221,観測値|F2221_第3次産業就業者数,人,311872.0,311872
labour,働く人の環境（就業・求人・給与）,16000,富山県,pref,16,富山県,1995100000,1995年度,1995,00001|F2221,観測値|F2221_第3次産業就業者数,人,335098.0,335098
labour,働く人の環境（就業・求人・給与）,16000,富山県,pref,16,富山県,2000100000,2000年度,2000,00001|F2221,観測値|F2221_第3次産業就業者数,人,343204.0,343204
labour,働く人の環境（就業・求人・給与）,16000,富山県,pref,16,富山県,2005100000,2005年度,2005,00001|F2221,観測値|F2221_第3次産業就業者数,人,348942.0,348942
labour,働く人の環境（就業・求人・給与）,16000,富山県,pref,16,富山県,2010100000,2010年度,2010,00001|F2221,観測値|F2221_第3次産業就業者数,人,334233.0,334233
labour,働く人の環境（就業・求人・給与）,16000,富山県,pref,16,富山県,2015100000,2015年度,2015,00001|F2221,観測値|F2221_第3次産業就業者数,人,334575.0,334575
labour,働く人の環境（就業・求人・給与）,16000,富山県,pref,16,富山県,2020100000,2020年度,2020,00001|F2221,観測値|F2221_第3次産業就業者数,人,329678.0,329678
labour,働く人の環境（就業・求人・給与）,17000,石川県,pref,17,石川県,1975100000,1975年度,1975,00001|F2221,観測値|F2221_第3次産業就業者数,人,275065.0,275065
labour,働く人の環境（就業・求人・給与）,17000,石川県,pref,17,石川県,1980100000,1980年度,1980,00001|F2221,観測値|F2221_第3次産業就業者数,人,311169.0,311169
labour,働く人の環境（就業・求人・給与）,17000,石川県,pref,17,石川県,1985100000,1985年度,1985,00001|F2221,観測値|F2221_第3次産業就業者数,人,333410.0,333410
labour,働く人の環境（就業・求人・給与）,17000,石川県,pref,17,石川県,1990100000,1990年度,1990,00001|F2221,観測値|F2221_第3次産業就業者数,人,354325.0,354325
labour,働く人の環境（就業・求人・給与）,17000,石川県,pref,17,石川県,1995100000,1995年度,1995,00001|F2221,観測値|F2221_第3次産業就業者数,人,384397.0,384397
labour,働く人の環境（就業・求人・給与）,17000,石川県,pref,17,石川県,2000100000,2000年度,2000,00001|F2221,観測値|F2221_第3次産業就業者数,人,386267.0,386267
labour,働く人の環境（就業・求人・給与）,17000,石川県,pref,17,石川県,2005100000,2005年度,2005,00001|F2221,観測値|F2221_第3次産業就業者数,人,389749.0,389749
labour,働く人の環境（就業・求人・給与）,17000,石川県,pref,17,石川県,2010100000,2010年度,2010,00001|F2221,観測値|F2221_第3次産業就業者数,人,377337.0,377337
labour,働く人の環境（就業・求人・給与）,17000,石川県,pref,17,石川県,2015100000,2015年度,2015,00001|F2221,観測値|F2221_第3次産業就業者数,人,375106.0,375106
labour,働く人の環境（就業・求人・給与）,17000,石川県,pref,17,石川県,2020100000,2020年度,2020,00001|F2221,観測値|F2221_第3次産業就業者数,人,380462.0,380462
labour,働く人の環境（就業・求人・給与）,18000,福井県,pref,18,福井県,1975100000,1975年度,1975,00001|F2221,観測値|F2221_第3次産業就業者数,人,183983.0,183983
labour,働く人の環境（就業・求人・給与）,18000,福井県,pref,18,福井県,1980100000,1980年度,1980,00001|F2221,観測値|F2221_第3次産業就業者数,人,206068.0,206068
labour,働く人の環境（就業・求人・給与）,18000,福井県,pref,18,福井県,1985100000,1985年度,1985,00001|F2221,観測値|F2221_第3次産業就業者数,人,218703.0,218703
labour,働く人の環境（就業・求人・給与）,18000,福井県,pref,18,福井県,1990100000,1990年度,1990,00001|F2221,観測値|F2221_第3次産業就業者数,人,230089.0,230089
labour,働く人の環境（就業・求人・給与）,18000,福井県,pref,18,福井県,1995100000,1995年度,1995,00001|F2221,観測値|F2221_第3次産業就業者数,人,249162.0,249162
labour,働く人の環境（就業・求人・給与）,18000,福井県,pref,18,福井県,2000100000,2000年度,2000,00001|F2221,観測値|F2221_第3次産業就業者数,人,253673.0,253673
labour,働く人の環境（就業・求人・給与）,18000,福井県,pref,18,福井県,2005100000,2005年度,2005,00001|F2221,観測値|F2221_第3次産業就業者数,人,260578.0,260578
labour,働く人の環境（就業・求人・給与）,18000,福井県,pref,18,福井県,2010100000,2010年度,2010,00001|F2221,観測値|F2221_第3次産業就業者数,人,253605.0,253605
labour,働く人の環境（就業・求人・給与）,18000,福井県,pref,18,福井県,2015100000,2015年度,2015,00001|F2221,観測値|F2221_第3次産業就業者数,人,254676.0,254676
labour,働く人の環境（就業・求人・給与）,18000,福井県,pref,18,福井県,2020100000,2020年度,2020,00001|F2221,観測値|F2221_第3次産業就業者数,人,252272.0,252272
labour,働く人の環境（就業・求人・給与）,19000,山梨県,pref,19,山梨県,1975100000,1975年度,1975,00001|F2221,観測値|F2221_第3次産業就業者数,人,172444.0,172444
labour,働く人の環境（就業・求人・給与）,19000,山梨県,pref,19,山梨県,1980100000,1980年度,1980,00001|F2221,観測値|F2221_第3次産業就業者数,人,194843.0,194843
labour,働く人の環境（就業・求人・給与）,19000,山梨県,pref,19,山梨県,1985100000,1985年度,1985,00001|F2221,観測値|F2221_第3次産業就業者数,人,208247.0,208247
labour,働く人の環境（就業・求人・給与）,19000,山梨県,pref,19,山梨県,1990100000,1990年度,1990,00001|F2221,観測値|F2221_第3次産業就業者数,人,228233.0,228233
labour,働く人の環境（就業・求人・給与）,19000,山梨県,pref,19,山梨県,1995100000,1995年度,1995,00001|F2221,観測値|F2221_第3次産業就業者数,人,252757.0,252757
labour,働く人の環境（就業・求人・給与）,19000,山梨県,pref,19,山梨県,2000100000,2000年度,2000,00001|F2221,観測値|F2221_第3次産業就業者数,人,259940.0,259940
labour,働く人の環境（就業・求人・給与）,19000,山梨県,pref,19,山梨県,2005100000,2005年度,2005,00001|F2221,観測値|F2221_第3次産業就業者数,人,266763.0,266763
labour,働く人の環境（就業・求人・給与）,19000,山梨県,pref,19,山梨県,2010100000,2010年度,2010,00001|F2221,観測値|F2221_第3次産業就業者数,人,257789.0,257789
labour,働く人の環境（就業・求人・給与）,19000,山梨県,pref,19,山梨県,2015100000,2015年度,2015,00001|F2221,観測値|F2221_第3次産業就業者数,人,257263.0,257263
labour,働く人の環境（就業・求人・給与）,19000,山梨県,pref,19,山梨県,2020100000,2020年度,2020,00001|F2221,観測値|F2221_第3次産業就業者数,人,255564.0,255564
labour,働く人の環境（就業・求人・給与）,20000,長野県,pref,20,長野県,1975100000,1975年度,1975,00001|F2221,観測値|F2221_第3次産業就業者数,人,441856.0,441856
labour,働く人の環境（就業・求人・給与）,20000,長野県,pref,20,長野県,1980100000,1980年度,1980,00001|F2221,観測値|F2221_第3次産業就業者数,人,488877.0,488877
labour,働く人の環境（就業・求人・給与）,20000,長野県,pref,20,長野県,1985100000,1985年度,1985,00001|F2221,観測値|F2221_第3次産業就業者数,人,516589.0,516589
labour,働く人の環境（就業・求人・給与）,20000,長野県,pref,20,長野県,1990100000,1990年度,1990,00001|F2221,観測値|F2221_第3次産業就業者数,人,559293.0,559293
labour,働く人の環境（就業・求人・給与）,20000,長野県,pref,20,長野県,1995100000,1995年度,1995,00001|F2221,観測値|F2221_第3次産業就業者数,人,619478.0,619478
labour,働く人の環境（就業・求人・給与）,20000,長野県,pref,20,長野県,2000100000,2000年度,2000,00001|F2221,観測値|F2221_第3次産業就業者数,人,639860.0,639860
labour,働く人の環境（就業・求人・給与）,20000,長野県,pref,20,長野県,2005100000,2005年度,2005,00001|F2221,観測値|F2221_第3次産業就業者数,人,655477.0,655477
labour,働く人の環境（就業・求人・給与）,20000,長野県,pref,20,長野県,2010100000,2010年度,2010,00001|F2221,観測値|F2221_第3次産業就業者数,人,639888.0,639888
labour,働く人の環境（就業・求人・給与）,20000,長野県,pref,20,長野県,2015100000,2015年度,2015,00001|F2221,観測値|F2221_第3次産業就業者数,人,643203.0,643203
labour,働く人の環境（就業・求人・給与）,20000,長野県,pref,20,長野県,2020100000,2020年度,2020,00001|F2221,観測値|F2221_第3次産業就業者数,人,633501.0,633501
labour,働く人の環境（就業・求人・給与）,21000,岐阜県,pref,21,岐阜県,1975100000,1975年度,1975,00001|F2221,観測値|F2221_第3次産業就業者数,人,414947.0,414947
labour,働く人の環境（就業・求人・給与）,21000,岐阜県,pref,21,岐阜県,1980100000,1980年度,1980,00001|F2221,観測値|F2221_第3次産業就業者数,人,471442.0,471442
labour,働く人の環境（就業・求人・給与）,21000,岐阜県,pref,21,岐阜県,1985100000,1985年度,1985,00001|F2221,観測値|F2221_第3次産業就業者数,人,503563.0,503563
labour,働く人の環境（就業・求人・給与）,21000,岐阜県,pref,21,岐阜県,1990100000,1990年度,1990,00001|F2221,観測値|F2221_第3次産業就業者数,人,548097.0,548097
labour,働く人の環境（就業・求人・給与）,21000,岐阜県,pref,21,岐阜県,1995100000,1995年度,1995,00001|F2221,観測値|F2221_第3次産業就業者数,人,605027.0,605027
labour,働く人の環境（就業・求人・給与）,21000,岐阜県,pref,21,岐阜県,2000100000,2000年度,2000,00001|F2221,観測値|F2221_第3次産業就業者数,人,626692.0,626692
labour,働く人の環境（就業・求人・給与）,21000,岐阜県,pref,21,岐阜県,2005100000,2005年度,2005,00001|F2221,観測値|F2221_第3次産業就業者数,人,652924.0,652924
labour,働く人の環境（就業・求人・給与）,21000,岐阜県,pref,21,岐阜県,2010100000,2010年度,2010,00001|F2221,観測値|F2221_第3次産業就業者数,人,625184.0,625184
labour,働く人の環境（就業・求人・給与）,21000,岐阜県,pref,21,岐阜県,2015100000,2015年度,2015,00001|F2221,観測値|F2221_第3次産業就業者数,人,627696.0,627696
labour,働く人の環境（就業・求人・給与）,21000,岐阜県,pref,21,岐阜県,2020100000,2020年度,2020,00001|F2221,観測値|F2221_第3次産業就業者数,人,613840.0,613840
labour,働く人の環境（就業・求人・給与）,22000,静岡県,pref,22,静岡県,1975100000,1975年度,1975,00001|F2221,観測値|F2221_第3次産業就業者数,人,786671.0,786671
labour,働く人の環境（就業・求人・給与）,22000,静岡県,pref,22,静岡県,1980100000,1980年度,1980,00001|F2221,観測値|F2221_第3次産業就業者数,人,869646.0,869646
labour,働く人の環境（就業・求人・給与）,22000,静岡県,pref,22,静岡県,1985100000,1985年度,1985,00001|F2221,観測値|F2221_第3次産業就業者数,人,932327.0,932327
labour,働く人の環境（就業・求人・給与）,22000,静岡県,pref,22,静岡県,1990100000,1990年度,1990,00001|F2221,観測値|F2221_第3次産業就業者数,人,1029408.0,1029408
labour,働く人の環境（就業・求人・給与）,22000,静岡県,pref,22,静岡県,1995100000,1995年度,1995,00001|F2221,観測値|F2221_第3次産業就業者数,人,1119803.0,1119803
labour,働く人の環境（就業・求人・給与）,22000,静岡県,pref,22,静岡県,2000100000,2000年度,2000,00001|F2221,観測値|F2221_第3次産業就業者数,人,1139711.0,1139711
labour,働く人の環境（就業・求人・給与）,22000,静岡県,pref,22,静岡県,2005100000,2005年度,2005,00001|F2221,観測値|F2221_第3次産業就業者数,人,1186964.0,1186964
labour,働く人の環境（就業・求人・給与）,22000,静岡県,pref,22,静岡県,2010100000,2010年度,2010,00001|F2221,観測値|F2221_第3次産業就業者数,人,1147043.0,1147043
labour,働く人の環境（就業・求人・給与）,22000,静岡県,pref,22,静岡県,2015100000,2015年度,2015,00001|F2221,観測値|F2221_第3次産業就業者数,人,1136779.0,1136779
labour,働く人の環境（就業・求人・給与）,22000,静岡県,pref,22,静岡県,2020100000,2020年度,2020,00001|F2221,観測値|F2221_第3次産業就業者数,人,1141032.0,1141032
labour,働く人の環境（就業・求人・給与）,23000,愛知県,pref,23,愛知県,1975100000,1975年度,1975,00001|F2221,観測値|F2221_第3次産業就業者数,人,1407240.0,1407240
labour,働く人の環境（就業・求人・給与）,23000,愛知県,pref,23,愛知県,1980100000,1980年度,1980,00001|F2221,観測値|F2221_第3次産業就業者数,人,1588973.0,1588973
labour,働く人の環境（就業・求人・給与）,23000,愛知県,pref,23,愛知県,1985100000,1985年度,1985,00001|F2221,観測値|F2221_第3次産業就業者数,人,1722795.0,1722795
labour,働く人の環境（就業・求人・給与）,23000,愛知県,pref,23,愛知県,1990100000,1990年度,1990,00001|F2221,観測値|F2221_第3次産業就業者数,人,1901910.0,1901910
labour,働く人の環境（就業・求人・給与）,23000,愛知県,pref,23,愛知県,1995100000,1995年度,1995,00001|F2221,観測値|F2221_第3次産業就業者数,人,2115883.0,2115883
labour,働く人の環境（就業・求人・給与）,23000,愛知県,pref,23,愛知県,2000100000,2000年度,2000,00001|F2221,観測値|F2221_第3次産業就業者数,人,2192586.0,2192586
labour,働く人の環境（就業・求人・給与）,23000,愛知県,pref,23,愛知県,2005100000,2005年度,2005,00001|F2221,観測値|F2221_第3次産業就業者数,人,2271237.0,2271237
labour,働く人の環境（就業・求人・給与）,23000,愛知県,pref,23,愛知県,2010100000,2010年度,2010,00001|F2221,観測値|F2221_第3次産業就業者数,人,2204759.0,2204759
labour,働く人の環境（就業・求人・給与）,23000,愛知県,pref,23,愛知県,2015100000,2015年度,2015,00001|F2221,観測値|F2221_第3次産業就業者数,人,2249542.0,2249542
labour,働く人の環境（就業・求人・給与）,23000,愛知県,pref,23,愛知県,2020100000,2020年度,2020,00001|F2221,観測値|F2221_第3次産業就業者数,人,2297585.0,2297585
labour,働く人の環境（就業・求人・給与）,24000,三重県,pref,24,三重県,1975100000,1975年度,1975,00001|F2221,観測値|F2221_第3次産業就業者数,人,361606.0,361606
labour,働く人の環境（就業・求人・給与）,24000,三重県,pref,24,三重県,1980100000,1980年度,1980,00001|F2221,観測値|F2221_第3次産業就業者数,人,406709.0,406709
labour,働く人の環境（就業・求人・給与）,24000,三重県,pref,24,三重県,1985100000,1985年度,1985,00001|F2221,観測値|F2221_第3次産業就業者数,人,438196.0,438196
labour,働く人の環境（就業・求人・給与）,24000,三重県,pref,24,三重県,1990100000,1990年度,1990,00001|F2221,観測値|F2221_第3次産業就業者数,人,474467.0,474467
labour,働く人の環境（就業・求人・給与）,24000,三重県,pref,24,三重県,1995100000,1995年度,1995,00001|F2221,観測値|F2221_第3次産業就業者数,人,529942.0,529942
labour,働く人の環境（就業・求人・給与）,24000,三重県,pref,24,三重県,2000100000,2000年度,2000,00001|F2221,観測値|F2221_第3次産業就業者数,人,543529.0,543529
labour,働く人の環境（就業・求人・給与）,24000,三重県,pref,24,三重県,2005100000,2005年度,2005,00001|F2221,観測値|F2221_第3次産業就業者数,人,557537.0,557537
labour,働く人の環境（就業・求人・給与）,24000,三重県,pref,24,三重県,2010100000,2010年度,2010,00001|F2221,観測値|F2221_第3次産業就業者数,人,536802.0,536802
labour,働く人の環境（就業・求人・給与）,24000,三重県,pref,24,三重県,2015100000,2015年度,2015,00001|F2221,観測値|F2221_第3次産業就業者数,人,541969.0,541969
labour,働く人の環境（就業・求人・給与）,24000,三重県,pref,24,三重県,2020100000,2020年度,2020,00001|F2221,観測値|F2221_第3次産業就業者数,人,529951.0,529951
labour,働く人の環境（就業・求人・給与）,25000,滋賀県,pref,25,滋賀県,1975100000,1975年度,1975,00001|F2221,観測値|F2221_第3次産業就業者数,人,210549.0,210549
labour,働く人の環境（就業・求人・給与）,25000,滋賀県,pref,25,滋賀県,1980100000,1980年度,1980,00001|F2221,観測値|F2221_第3次産業就業者数,人,250556.0,250556
labour,働く人の環境（就業・求人・給与）,25000,滋賀県,pref,25,滋賀県,1985100000,1985年度,1985,00001|F2221,観測値|F2221_第3次産業就業者数,人,278104.0,278104
labour,働く人の環境（就業・求人・給与）,25000,滋賀県,pref,25,滋賀県,1990100000,1990年度,1990,00001|F2221,観測値|F2221_第3次産業就業者数,人,309539.0,309539
labour,働く人の環境（就業・求人・給与）,25000,滋賀県,pref,25,滋賀県,1995100000,1995年度,1995,00001|F2221,観測値|F2221_第3次産業就業者数,人,352168.0,352168
labour,働く人の環境（就業・求人・給与）,25000,滋賀県,pref,25,滋賀県,2000100000,2000年度,2000,00001|F2221,観測値|F2221_第3次産業就業者数,人,378477.0,378477
labour,働く人の環境（就業・求人・給与）,25000,滋賀県,pref,25,滋賀県,2005100000,2005年度,2005,00001|F2221,観測値|F2221_第3次産業就業者数,人,411386.0,411386
labour,働く人の環境（就業・求人・給与）,25000,滋賀県,pref,25,滋賀県,2010100000,2010年度,2010,00001|F2221,観測値|F2221_第3次産業就業者数,人,400229.0,400229
labour,働く人の環境（就業・求人・給与）,25000,滋賀県,pref,25,滋賀県,2015100000,2015年度,2015,00001|F2221,観測値|F2221_第3次産業就業者数,人,414488.0,414488
labour,働く人の環境（就業・求人・給与）,25000,滋賀県,pref,25,滋賀県,2020100000,2020年度,2020,00001|F2221,観測値|F2221_第3次産業就業者数,人,416840.0,416840
labour,働く人の環境（就業・求人・給与）,26000,京都府,pref,26,京都府,1975100000,1975年度,1975,00001|F2221,観測値|F2221_第3次産業就業者数,人,642922.0,642922
labour,働く人の環境（就業・求人・給与）,26000,京都府,pref,26,京都府,1980100000,1980年度,1980,00001|F2221,観測値|F2221_第3次産業就業者数,人,704146.0,704146
labour,働く人の環境（就業・求人・給与）,26000,京都府,pref,26,京都府,1985100000,1985年度,1985,00001|F2221,観測値|F2221_第3次産業就業者数,人,747177.0,747177
labour,働く人の環境（就業・求人・給与）,26000,京都府,pref,26,京都府,1990100000,1990年度,1990,00001|F2221,観測値|F2221_第3次産業就業者数,人,786812.0,786812
labour,働く人の環境（就業・求人・給与）,26000,京都府,pref,26,京都府,1995100000,1995年度,1995,00001|F2221,観測値|F2221_第3次産業就業者数,人,851512.0,851512
labour,働く人の環境（就業・求人・給与）,26000,京都府,pref,26,京都府,2000100000,2000年度,2000,00001|F2221,観測値|F2221_第3次産業就業者数,人,846116.0,846116
labour,働く人の環境（就業・求人・給与）,26000,京都府,pref,26,京都府,2005100000,2005年度,2005,00001|F2221,観測値|F2221_第3次産業就業者数,人,868092.0,868092
labour,働く人の環境（就業・求人・給与）,26000,京都府,pref,26,京都府,2010100000,2010年度,2010,00001|F2221,観測値|F2221_第3次産業就業者数,人,819831.0,819831
labour,働く人の環境（就業・求人・給与）,26000,京都府,pref,26,京都府,2015100000,2015年度,2015,00001|F2221,観測値|F2221_第3次産業就業者数,人,807002.0,807002
labour,働く人の環境（就業・求人・給与）,26000,京都府,pref,26,京都府,2020100000,2020年度,2020,00001|F2221,観測値|F2221_第3次産業就業者数,人,790802.0,790802
labour,働く人の環境（就業・求人・給与）,27000,大阪府,pref,27,大阪府,1975100000,1975年度,1975,00001|F2221,観測値|F2221_第3次産業就業者数,人,2097439.0,2097439
labour,働く人の環境（就業・求人・給与）,27000,大阪府,pref,27,大阪府,1980100000,1980年度,1980,00001|F2221,観測値|F2221_第3次産業就業者数,人,2285523.0,2285523
labour,働く人の環境（就業・求人・給与）,27000,大阪府,pref,27,大阪府,1985100000,1985年度,1985,00001|F2221,観測値|F2221_第3次産業就業者数,人,2475759.0,2475759
labour,働く人の環境（就業・求人・給与）,27000,大阪府,pref,27,大阪府,1990100000,1990年度,1990,00001|F2221,観測値|F2221_第3次産業就業者数,人,2638168.0,2638168
labour,働く人の環境（就業・求人・給与）,27000,大阪府,pref,27,大阪府,1995100000,1995年度,1995,00001|F2221,観測値|F2221_第3次産業就業者数,人,2843315.0,2843315
labour,働く人の環境（就業・求人・給与）,27000,大阪府,pref,27,大阪府,2000100000,2000年度,2000,00001|F2221,観測値|F2221_第3次産業就業者数,人,2795399.0,2795399
labour,働く人の環境（就業・求人・給与）,27000,大阪府,pref,27,大阪府,2005100000,2005年度,2005,00001|F2221,観測値|F2221_第3次産業就業者数,人,2796504.0,2796504
labour,働く人の環境（就業・求人・給与）,27000,大阪府,pref,27,大阪府,2010100000,2010年度,2010,00001|F2221,観測値|F2221_第3次産業就業者数,人,2621746.0,2621746
labour,働く人の環境（就業・求人・給与）,27000,大阪府,pref,27,大阪府,2015100000,2015年度,2015,00001|F2221,観測値|F2221_第3次産業就業者数,人,2588183.0,2588183
labour,働く人の環境（就業・求人・給与）,27000,大阪府,pref,27,大阪府,2020100000,2020年度,2020,00001|F2221,観測値|F2221_第3次産業就業者数,人,2678446.0,2678446
labour,働く人の環境（就業・求人・給与）,28000,兵庫県,pref,28,兵庫県,1975100000,1975年度,1975,00001|F2221,観測値|F2221_第3次産業就業者数,人,1232759.0,1232759
labour,働く人の環境（就業・求人・給与）,28000,兵庫県,pref,28,兵庫県,1980100000,1980年度,1980,00001|F2221,観測値|F2221_第3次産業就業者数,人,1344259.0,1344259
labour,働く人の環境（就業・求人・給与）,28000,兵庫県,pref,28,兵庫県,1985100000,1985年度,1985,00001|F2221,観測値|F2221_第3次産業就業者数,人,1439139.0,1439139
labour,働く人の環境（就業・求人・給与）,28000,兵庫県,pref,28,兵庫県,1990100000,1990年度,1990,00001|F2221,観測値|F2221_第3次産業就業者数,人,1554059.0,1554059
labour,働く人の環境（就業・求人・給与）,28000,兵庫県,pref,28,兵庫県,1995100000,1995年度,1995,00001|F2221,観測値|F2221_第3次産業就業者数,人,1632542.0,1632542
labour,働く人の環境（就業・求人・給与）,28000,兵庫県,pref,28,兵庫県,2000100000,2000年度,2000,00001|F2221,観測値|F2221_第3次産業就業者数,人,1698171.0,1698171
labour,働く人の環境（就業・求人・給与）,28000,兵庫県,pref,28,兵庫県,2005100000,2005年度,2005,00001|F2221,観測値|F2221_第3次産業就業者数,人,1740780.0,1740780
labour,働く人の環境（就業・求人・給与）,28000,兵庫県,pref,28,兵庫県,2010100000,2010年度,2010,00001|F2221,観測値|F2221_第3次産業就業者数,人,1680141.0,1680141
labour,働く人の環境（就業・求人・給与）,28000,兵庫県,pref,28,兵庫県,2015100000,2015年度,2015,00001|F2221,観測値|F2221_第3次産業就業者数,人,1685535.0,1685535
labour,働く人の環境（就業・求人・給与）,28000,兵庫県,pref,28,兵庫県,2020100000,2020年度,2020,00001|F2221,観測値|F2221_第3次産業就業者数,人,1678329.0,1678329
labour,働く人の環境（就業・求人・給与）,29000,奈良県,pref,29,奈良県,1975100000,1975年度,1975,00001|F2221,観測値|F2221_第3次産業就業者数,人,250151.0,250151
labour,働く人の環境（就業・求人・給与）,29000,奈良県,pref,29,奈良県,1980100000,1980年度,1980,00001|F2221,観測値|F2221_第3次産業就業者数,人,299560.0,299560
labour,働く人の環境（就業・求人・給与）,29000,奈良県,pref,29,奈良県,1985100000,1985年度,1985,00001|F2221,観測値|F2221_第3次産業就業者数,人,339068.0,339068
labour,働く人の環境（就業・求人・給与）,29000,奈良県,pref,29,奈良県,1990100000,1990年度,1990,00001|F2221,観測値|F2221_第3次産業就業者数,人,380657.0,380657
labour,働く人の環境（就業・求人・給与）,29000,奈良県,pref,29,奈良県,1995100000,1995年度,1995,00001|F2221,観測値|F2221_第3次産業就業者数,人,426917.0,426917
labour,働く人の環境（就業・求人・給与）,29000,奈良県,pref,29,奈良県,2000100000,2000年度,2000,00001|F2221,観測値|F2221_第3次産業就業者数,人,432140.0,432140
labour,働く人の環境（就業・求人・給与）,29000,奈良県,pref,29,奈良県,2005100000,2005年度,2005,00001|F2221,観測値|F2221_第3次産業就業者数,人,441326.0,441326
labour,働く人の環境（就業・求人・給与）,29000,奈良県,pref,29,奈良県,2010100000,2010年度,2010,00001|F2221,観測値|F2221_第3次産業就業者数,人,418542.0,418542
labour,働く人の環境（就業・求人・給与）,29000,奈良県,pref,29,奈良県,2015100000,2015年度,2015,00001|F2221,観測値|F2221_第3次産業就業者数,人,422971.0,422971
labour,働く人の環境（就業・求人・給与）,29000,奈良県,pref,29,奈良県,2020100000,2020年度,2020,00001|F2221,観測値|F2221_第3次産業就業者数,人,419099.0,419099
labour,働く人の環境（就業・求人・給与）,30000,和歌山県,pref,30,和歌山県,1975100000,1975年度,1975,00001|F2221,観測値|F2221_第3次産業就業者数,人,247245.0,247245
labour,働く人の環境（就業・求人・給与）,30000,和歌山県,pref,30,和歌山県,1980100000,1980年度,1980,00001|F2221,観測値|F2221_第3次産業就業者数,人,270182.0,270182
labour,働く人の環境（就業・求人・給与）,30000,和歌山県,pref,30,和歌山県,1985100000,1985年度,1985,00001|F2221,観測値|F2221_第3次産業就業者数,人,281078.0,281078
labour,働く人の環境（就業・求人・給与）,30000,和歌山県,pref,30,和歌山県,1990100000,1990年度,1990,00001|F2221,観測値|F2221_第3次産業就業者数,人,291796.0,291796
labour,働く人の環境（就業・求人・給与）,30000,和歌山県,pref,30,和歌山県,1995100000,1995年度,1995,00001|F2221,観測値|F2221_第3次産業就業者数,人,310469.0,310469
labour,働く人の環境（就業・求人・給与）,30000,和歌山県,pref,30,和歌山県,2000100000,2000年度,2000,00001|F2221,観測値|F2221_第3次産業就業者数,人,310576.0,310576
labour,働く人の環境（就業・求人・給与）,30000,和歌山県,pref,30,和歌山県,2005100000,2005年度,2005,00001|F2221,観測値|F2221_第3次産業就業者数,人,310170.0,310170
labour,働く人の環境（就業・求人・給与）,30000,和歌山県,pref,30,和歌山県,2010100000,2010年度,2010,00001|F2221,観測値|F2221_第3次産業就業者数,人,297550.0,297550
labour,働く人の環境（就業・求人・給与）,30000,和歌山県,pref,30,和歌山県,2015100000,2015年度,2015,00001|F2221,観測値|F2221_第3次産業就業者数,人,297145.0,297145
labour,働く人の環境（就業・求人・給与）,30000,和歌山県,pref,30,和歌山県,2020100000,2020年度,2020,00001|F2221,観測値|F2221_第3次産業就業者数,人,287585.0,287585
labour,働く人の環境（就業・求人・給与）,31000,鳥取県,pref,31,鳥取県,1975100000,1975年度,1975,00001|F2221,観測値|F2221_第3次産業就業者数,人,147941.0,147941
labour,働く人の環境（就業・求人・給与）,31000,鳥取県,pref,31,鳥取県,1980100000,1980年度,1980,00001|F2221,観測値|F2221_第3次産業就業者数,人,163702.0,163702
labour,働く人の環境（就業・求人・給与）,31000,鳥取県,pref,31,鳥取県,1985100000,1985年度,1985,00001|F2221,観測値|F2221_第3次産業就業者数,人,166188.0,166188
labour,働く人の環境（就業・求人・給与）,31000,鳥取県,pref,31,鳥取県,1990100000,1990年度,1990,00001|F2221,観測値|F2221_第3次産業就業者数,人,170602.0,170602
labour,働く人の環境（就業・求人・給与）,31000,鳥取県,pref,31,鳥取県,1995100000,1995年度,1995,00001|F2221,観測値|F2221_第3次産業就業者数,人,181207.0,181207
labour,働く人の環境（就業・求人・給与）,31000,鳥取県,pref,31,鳥取県,2000100000,2000年度,2000,00001|F2221,観測値|F2221_第3次産業就業者数,人,186316.0,186316
labour,働く人の環境（就業・求人・給与）,31000,鳥取県,pref,31,鳥取県,2005100000,2005年度,2005,00001|F2221,観測値|F2221_第3次産業就業者数,人,191665.0,191665
labour,働く人の環境（就業・求人・給与）,31000,鳥取県,pref,31,鳥取県,2010100000,2010年度,2010,00001|F2221,観測値|F2221_第3次産業就業者数,人,182150.0,182150
labour,働く人の環境（就業・求人・給与）,31000,鳥取県,pref,31,鳥取県,2015100000,2015年度,2015,00001|F2221,観測値|F2221_第3次産業就業者数,人,187826.0,187826
labour,働く人の環境（就業・求人・給与）,31000,鳥取県,pref,31,鳥取県,2020100000,2020年度,2020,00001|F2221,観測値|F2221_第3次産業就業者数,人,184007.0,184007
labour,働く人の環境（就業・求人・給与）,32000,島根県,pref,32,島根県,1975100000,1975年度,1975,00001|F2221,観測値|F2221_第3次産業就業者数,人,181897.0,181897
labour,働く人の環境（就業・求人・給与）,32000,島根県,pref,32,島根県,1980100000,1980年度,1980,00001|F2221,観測値|F2221_第3次産業就業者数,人,201425.0,201425
labour,働く人の環境（就業・求人・給与）,32000,島根県,pref,32,島根県,1985100000,1985年度,1985,00001|F2221,観測値|F2221_第3次産業就業者数,人,208585.0,208585
labour,働く人の環境（就業・求人・給与）,32000,島根県,pref,32,島根県,1990100000,1990年度,1990,00001|F2221,観測値|F2221_第3次産業就業者数,人,213033.0,213033
labour,働く人の環境（就業・求人・給与）,32000,島根県,pref,32,島根県,1995100000,1995年度,1995,00001|F2221,観測値|F2221_第3次産業就業者数,人,227066.0,227066
labour,働く人の環境（就業・求人・給与）,32000,島根県,pref,32,島根県,2000100000,2000年度,2000,00001|F2221,観測値|F2221_第3次産業就業者数,人,234762.0,234762
labour,働く人の環境（就業・求人・給与）,32000,島根県,pref,32,島根県,2005100000,2005年度,2005,00001|F2221,観測値|F2221_第3次産業就業者数,人,236524.0,236524
labour,働く人の環境（就業・求人・給与）,32000,島根県,pref,32,島根県,2010100000,2010年度,2010,00001|F2221,観測値|F2221_第3次産業就業者数,人,227870.0,227870
labour,働く人の環境（就業・求人・給与）,32000,島根県,pref,32,島根県,2015100000,2015年度,2015,00001|F2221,観測値|F2221_第3次産業就業者数,人,230774.0,230774
labour,働く人の環境（就業・求人・給与）,32000,島根県,pref,32,島根県,2020100000,2020年度,2020,00001|F2221,観測値|F2221_第3次産業就業者数,人,226127.0,226127
labour,働く人の環境（就業・求人・給与）,33000,岡山県,pref,33,岡山県,1975100000,1975年度,1975,00001|F2221,観測値|F2221_第3次産業就業者数,人,420059.0,420059
labour,働く人の環境（就業・求人・給与）,33000,岡山県,pref,33,岡山県,1980100000,1980年度,1980,00001|F2221,観測値|F2221_第3次産業就業者数,人,463841.0,463841
labour,働く人の環境（就業・求人・給与）,33000,岡山県,pref,33,岡山県,1985100000,1985年度,1985,00001|F2221,観測値|F2221_第3次産業就業者数,人,486802.0,486802
labour,働く人の環境（就業・求人・給与）,33000,岡山県,pref,33,岡山県,1990100000,1990年度,1990,00001|F2221,観測値|F2221_第3次産業就業者数,人,518825.0,518825
labour,働く人の環境（就業・求人・給与）,33000,岡山県,pref,33,岡山県,1995100000,1995年度,1995,00001|F2221,観測値|F2221_第3次産業就業者数,人,565228.0,565228
labour,働く人の環境（就業・求人・給与）,33000,岡山県,pref,33,岡山県,2000100000,2000年度,2000,00001|F2221,観測値|F2221_第3次産業就業者数,人,576947.0,576947
labour,働く人の環境（就業・求人・給与）,33000,岡山県,pref,33,岡山県,2005100000,2005年度,2005,00001|F2221,観測値|F2221_第3次産業就業者数,人,586459.0,586459
labour,働く人の環境（就業・求人・給与）,33000,岡山県,pref,33,岡山県,2010100000,2010年度,2010,00001|F2221,観測値|F2221_第3次産業就業者数,人,572340.0,572340
labour,働く人の環境（就業・求人・給与）,33000,岡山県,pref,33,岡山県,2015100000,2015年度,2015,00001|F2221,観測値|F2221_第3次産業就業者数,人,580527.0,580527
labour,働く人の環境（就業・求人・給与）,33000,岡山県,pref,33,岡山県,2020100000,2020年度,2020,00001|F2221,観測値|F2221_第3次産業就業者数,人,577858.0,577858
labour,働く人の環境（就業・求人・給与）,34000,広島県,pref,34,広島県,1975100000,1975年度,1975,00001|F2221,観測値|F2221_第3次産業就業者数,人,658126.0,658126
labour,働く人の環境（就業・求人・給与）,34000,広島県,pref,34,広島県,1980100000,1980年度,1980,00001|F2221,観測値|F2221_第3次産業就業者数,人,732874.0,732874
labour,働く人の環境（就業・求人・給与）,34000,広島県,pref,34,広島県,1985100000,1985年度,1985,00001|F2221,観測値|F2221_第3次産業就業者数,人,780109.0,780109
labour,働く人の環境（就業・求人・給与）,34000,広島県,pref,34,広島県,1990100000,1990年度,1990,00001|F2221,観測値|F2221_第3次産業就業者数,人,832912.0,832912
labour,働く人の環境（就業・求人・給与）,34000,広島県,pref,34,広島県,1995100000,1995年度,1995,00001|F2221,観測値|F2221_第3次産業就業者数,人,911549.0,911549
labour,働く人の環境（就業・求人・給与）,34000,広島県,pref,34,広島県,2000100000,2000年度,2000,00001|F2221,観測値|F2221_第3次産業就業者数,人,923587.0,923587
labour,働く人の環境（就業・求人・給与）,34000,広島県,pref,34,広島県,2005100000,2005年度,2005,00001|F2221,観測値|F2221_第3次産業就業者数,人,936003.0,936003
labour,働く人の環境（就業・求人・給与）,34000,広島県,pref,34,広島県,2010100000,2010年度,2010,00001|F2221,観測値|F2221_第3次産業就業者数,人,894762.0,894762
labour,働く人の環境（就業・求人・給与）,34000,広島県,pref,34,広島県,2015100000,2015年度,2015,00001|F2221,観測値|F2221_第3次産業就業者数,人,904269.0,904269
labour,働く人の環境（就業・求人・給与）,34000,広島県,pref,34,広島県,2020100000,2020年度,2020,00001|F2221,観測値|F2221_第3次産業就業者数,人,909409.0,909409
labour,働く人の環境（就業・求人・給与）,35000,山口県,pref,35,山口県,1975100000,1975年度,1975,00001|F2221,観測値|F2221_第3次産業就業者数,人,388829.0,388829
labour,働く人の環境（就業・求人・給与）,35000,山口県,pref,35,山口県,1980100000,1980年度,1980,00001|F2221,観測値|F2221_第3次産業就業者数,人,423274.0,423274
labour,働く人の環境（就業・求人・給与）,35000,山口県,pref,35,山口県,1985100000,1985年度,1985,00001|F2221,観測値|F2221_第3次産業就業者数,人,436612.0,436612
labour,働く人の環境（就業・求人・給与）,35000,山口県,pref,35,山口県,1990100000,1990年度,1990,00001|F2221,観測値|F2221_第3次産業就業者数,人,448388.0,448388
labour,働く人の環境（就業・求人・給与）,35000,山口県,pref,35,山口県,1995100000,1995年度,1995,00001|F2221,観測値|F2221_第3次産業就業者数,人,470240.0,470240
labour,働く人の環境（就業・求人・給与）,35000,山口県,pref,35,山口県,2000100000,2000年度,2000,00001|F2221,観測値|F2221_第3次産業就業者数,人,467310.0,467310
labour,働く人の環境（就業・求人・給与）,35000,山口県,pref,35,山口県,2005100000,2005年度,2005,00001|F2221,観測値|F2221_第3次産業就業者数,人,467924.0,467924
labour,働く人の環境（就業・求人・給与）,35000,山口県,pref,35,山口県,2010100000,2010年度,2010,00001|F2221,観測値|F2221_第3次産業就業者数,人,441050.0,441050
labour,働く人の環境（就業・求人・給与）,35000,山口県,pref,35,山口県,2015100000,2015年度,2015,00001|F2221,観測値|F2221_第3次産業就業者数,人,435596.0,435596
labour,働く人の環境（就業・求人・給与）,35000,山口県,pref,35,山口県,2020100000,2020年度,2020,00001|F2221,観測値|F2221_第3次産業就業者数,人,423776.0,423776
labour,働く人の環境（就業・求人・給与）,36000,徳島県,pref,36,徳島県,1975100000,1975年度,1975,00001|F2221,観測値|F2221_第3次産業就業者数,人,179251.0,179251
labour,働く人の環境（就業・求人・給与）,36000,徳島県,pref,36,徳島県,1980100000,1980年度,1980,00001|F2221,観測値|F2221_第3次産業就業者数,人,199899.0,199899
labour,働く人の環境（就業・求人・給与）,36000,徳島県,pref,36,徳島県,1985100000,1985年度,1985,00001|F2221,観測値|F2221_第3次産業就業者数,人,206565.0,206565
labour,働く人の環境（就業・求人・給与）,36000,徳島県,pref,36,徳島県,1990100000,1990年度,1990,00001|F2221,観測値|F2221_第3次産業就業者数,人,215707.0,215707
labour,働く人の環境（就業・求人・給与）,36000,徳島県,pref,36,徳島県,1995100000,1995年度,1995,00001|F2221,観測値|F2221_第3次産業就業者数,人,230443.0,230443
labour,働く人の環境（就業・求人・給与）,36000,徳島県,pref,36,徳島県,2000100000,2000年度,2000,00001|F2221,観測値|F2221_第3次産業就業者数,人,232078.0,232078
labour,働く人の環境（就業・求人・給与）,36000,徳島県,pref,36,徳島県,2005100000,2005年度,2005,00001|F2221,観測値|F2221_第3次産業就業者数,人,235209.0,235209
labour,働く人の環境（就業・求人・給与）,36000,徳島県,pref,36,徳島県,2010100000,2010年度,2010,00001|F2221,観測値|F2221_第3次産業就業者数,人,223375.0,223375
labour,働く人の環境（就業・求人・給与）,36000,徳島県,pref,36,徳島県,2015100000,2015年度,2015,00001|F2221,観測値|F2221_第3次産業就業者数,人,223895.0,223895
labour,働く人の環境（就業・求人・給与）,36000,徳島県,pref,36,徳島県,2020100000,2020年度,2020,00001|F2221,観測値|F2221_第3次産業就業者数,人,220298.0,220298
labour,働く人の環境（就業・求人・給与）,37000,香川県,pref,37,香川県,1975100000,1975年度,1975,00001|F2221,観測値|F2221_第3次産業就業者数,人,240244.0,240244
labour,働く人の環境（就業・求人・給与）,37000,香川県,pref,37,香川県,1980100000,1980年度,1980,00001|F2221,観測値|F2221_第3次産業就業者数,人,267286.0,267286
labour,働く人の環境（就業・求人・給与）,37000,香川県,pref,37,香川県,1985100000,1985年度,1985,00001|F2221,観測値|F2221_第3次産業就業者数,人,276593.0,276593
labour,働く人の環境（就業・求人・給与）,37000,香川県,pref,37,香川県,1990100000,1990年度,1990,00001|F2221,観測値|F2221_第3次産業就業者数,人,295907.0,295907
labour,働く人の環境（就業・求人・給与）,37000,香川県,pref,37,香川県,1995100000,1995年度,1995,00001|F2221,観測値|F2221_第3次産業就業者数,人,318891.0,318891
labour,働く人の環境（就業・求人・給与）,37000,香川県,pref,37,香川県,2000100000,2000年度,2000,00001|F2221,観測値|F2221_第3次産業就業者数,人,322675.0,322675
labour,働く人の環境（就業・求人・給与）,37000,香川県,pref,37,香川県,2005100000,2005年度,2005,00001|F2221,観測値|F2221_第3次産業就業者数,人,321005.0,321005
labour,働く人の環境（就業・求人・給与）,37000,香川県,pref,37,香川県,2010100000,2010年度,2010,00001|F2221,観測値|F2221_第3次産業就業者数,人,309774.0,309774
labour,働く人の環境（就業・求人・給与）,37000,香川県,pref,37,香川県,2015100000,2015年度,2015,00001|F2221,観測値|F2221_第3次産業就業者数,人,301401.0,301401
labour,働く人の環境（就業・求人・給与）,37000,香川県,pref,37,香川県,2020100000,2020年度,2020,00001|F2221,観測値|F2221_第3次産業就業者数,人,301271.0,301271
labour,働く人の環境（就業・求人・給与）,38000,愛媛県,pref,38,愛媛県,1975100000,1975年度,1975,00001|F2221,観測値|F2221_第3次産業就業者数,人,325073.0,325073
labour,働く人の環境（就業・求人・給与）,38000,愛媛県,pref,38,愛媛県,1980100000,1980年度,1980,00001|F2221,観測値|F2221_第3次産業就業者数,人,364395.0,364395
labour,働く人の環境（就業・求人・給与）,38000,愛媛県,pref,38,愛媛県,1985100000,1985年度,1985,00001|F2221,観測値|F2221_第3次産業就業者数,人,381387.0,381387
labour,働く人の環境（就業・求人・給与）,38000,愛媛県,pref,38,愛媛県,1990100000,1990年度,1990,00001|F2221,観測値|F2221_第3次産業就業者数,人,397464.0,397464
labour,働く人の環境（就業・求人・給与）,38000,愛媛県,pref,38,愛媛県,1995100000,1995年度,1995,00001|F2221,観測値|F2221_第3次産業就業者数,人,423740.0,423740
labour,働く人の環境（就業・求人・給与）,38000,愛媛県,pref,38,愛媛県,2000100000,2000年度,2000,00001|F2221,観測値|F2221_第3次産業就業者数,人,431364.0,431364
labour,働く人の環境（就業・求人・給与）,38000,愛媛県,pref,38,愛媛県,2005100000,2005年度,2005,00001|F2221,観測値|F2221_第3次産業就業者数,人,432943.0,432943
labour,働く人の環境（就業・求人・給与）,38000,愛媛県,pref,38,愛媛県,2010100000,2010年度,2010,00001|F2221,観測値|F2221_第3次産業就業者数,人,425321.0,425321
labour,働く人の環境（就業・求人・給与）,38000,愛媛県,pref,38,愛媛県,2015100000,2015年度,2015,00001|F2221,観測値|F2221_第3次産業就業者数,人,416461.0,416461
labour,働く人の環境（就業・求人・給与）,38000,愛媛県,pref,38,愛媛県,2020100000,2020年度,2020,00001|F2221,観測値|F2221_第3次産業就業者数,人,404912.0,404912
labour,働く人の環境（就業・求人・給与）,39000,高知県,pref,39,高知県,1975100000,1975年度,1975,00001|F2221,観測値|F2221_第3次産業就業者数,人,205819.0,205819
labour,働く人の環境（就業・求人・給与）,39000,高知県,pref,39,高知県,1980100000,1980年度,1980,00001|F2221,観測値|F2221_第3次産業就業者数,人,228025.0,228025
labour,働く人の環境（就業・求人・給与）,39000,高知県,pref,39,高知県,1985100000,1985年度,1985,00001|F2221,観測値|F2221_第3次産業就業者数,人,233198.0,233198
labour,働く人の環境（就業・求人・給与）,39000,高知県,pref,39,高知県,1990100000,1990年度,1990,00001|F2221,観測値|F2221_第3次産業就業者数,人,239749.0,239749
labour,働く人の環境（就業・求人・給与）,39000,高知県,pref,39,高知県,1995100000,1995年度,1995,00001|F2221,観測値|F2221_第3次産業就業者数,人,251874.0,251874
labour,働く人の環境（就業・求人・給与）,39000,高知県,pref,39,高知県,2000100000,2000年度,2000,00001|F2221,観測値|F2221_第3次産業就業者数,人,253065.0,253065
labour,働く人の環境（就業・求人・給与）,39000,高知県,pref,39,高知県,2005100000,2005年度,2005,00001|F2221,観測値|F2221_第3次産業就業者数,人,247648.0,247648
labour,働く人の環境（就業・求人・給与）,39000,高知県,pref,39,高知県,2010100000,2010年度,2010,00001|F2221,観測値|F2221_第3次産業就業者数,人,228825.0,228825
labour,働く人の環境（就業・求人・給与）,39000,高知県,pref,39,高知県,2015100000,2015年度,2015,00001|F2221,観測値|F2221_第3次産業就業者数,人,222070.0,222070
labour,働く人の環境（就業・求人・給与）,39000,高知県,pref,39,高知県,2020100000,2020年度,2020,00001|F2221,観測値|F2221_第3次産業就業者数,人,216760.0,216760
labour,働く人の環境（就業・求人・給与）,40000,福岡県,pref,40,福岡県,1975100000,1975年度,1975,00001|F2221,観測値|F2221_第3次産業就業者数,人,1126542.0,1126542
labour,働く人の環境（就業・求人・給与）,40000,福岡県,pref,40,福岡県,1980100000,1980年度,1980,00001|F2221,観測値|F2221_第3次産業就業者数,人,1272955.0,1272955
labour,働く人の環境（就業・求人・給与）,40000,福岡県,pref,40,福岡県,1985100000,1985年度,1985,00001|F2221,観測値|F2221_第3次産業就業者数,人,1363263.0,1363263
labour,働く人の環境（就業・求人・給与）,40000,福岡県,pref,40,福岡県,1990100000,1990年度,1990,00001|F2221,観測値|F2221_第3次産業就業者数,人,1450404.0,1450404
labour,働く人の環境（就業・求人・給与）,40000,福岡県,pref,40,福岡県,1995100000,1995年度,1995,00001|F2221,観測値|F2221_第3次産業就業者数,人,1599858.0,1599858
labour,働く人の環境（就業・求人・給与）,40000,福岡県,pref,40,福岡県,2000100000,2000年度,2000,00001|F2221,観測値|F2221_第3次産業就業者数,人,1640590.0,1640590
labour,働く人の環境（就業・求人・給与）,40000,福岡県,pref,40,福岡県,2005100000,2005年度,2005,00001|F2221,観測値|F2221_第3次産業就業者数,人,1676446.0,1676446
labour,働く人の環境（就業・求人・給与）,40000,福岡県,pref,40,福岡県,2010100000,2010年度,2010,00001|F2221,観測値|F2221_第3次産業就業者数,人,1624182.0,1624182
labour,働く人の環境（就業・求人・給与）,40000,福岡県,pref,40,福岡県,2015100000,2015年度,2015,00001|F2221,観測値|F2221_第3次産業就業者数,人,1624909.0,1624909
labour,働く人の環境（就業・求人・給与）,40000,福岡県,pref,40,福岡県,2020100000,2020年度,2020,00001|F2221,観測値|F2221_第3次産業就業者数,人,1687998.0,1687998
labour,働く人の環境（就業・求人・給与）,41000,佐賀県,pref,41,佐賀県,1975100000,1975年度,1975,00001|F2221,観測値|F2221_第3次産業就業者数,人,188955.0,188955
labour,働く人の環境（就業・求人・給与）,41000,佐賀県,pref,41,佐賀県,1980100000,1980年度,1980,00001|F2221,観測値|F2221_第3次産業就業者数,人,214132.0,214132
labour,働く人の環境（就業・求人・給与）,41000,佐賀県,pref,41,佐賀県,1985100000,1985年度,1985,00001|F2221,観測値|F2221_第3次産業就業者数,人,223838.0,223838
labour,働く人の環境（就業・求人・給与）,41000,佐賀県,pref,41,佐賀県,1990100000,1990年度,1990,00001|F2221,観測値|F2221_第3次産業就業者数,人,236360.0,236360
labour,働く人の環境（就業・求人・給与）,41000,佐賀県,pref,41,佐賀県,1995100000,1995年度,1995,00001|F2221,観測値|F2221_第3次産業就業者数,人,255991.0,255991
labour,働く人の環境（就業・求人・給与）,41000,佐賀県,pref,41,佐賀県,2000100000,2000年度,2000,00001|F2221,観測値|F2221_第3次産業就業者数,人,262407.0,262407
labour,働く人の環境（就業・求人・給与）,41000,佐賀県,pref,41,佐賀県,2005100000,2005年度,2005,00001|F2221,観測値|F2221_第3次産業就業者数,人,270243.0,270243
labour,働く人の環境（就業・求人・給与）,41000,佐賀県,pref,41,佐賀県,2010100000,2010年度,2010,00001|F2221,観測値|F2221_第3次産業就業者数,人,262820.0,262820
labour,働く人の環境（就業・求人・給与）,41000,佐賀県,pref,41,佐賀県,2015100000,2015年度,2015,00001|F2221,観測値|F2221_第3次産業就業者数,人,266782.0,266782
labour,働く人の環境（就業・求人・給与）,41000,佐賀県,pref,41,佐賀県,2020100000,2020年度,2020,00001|F2221,観測値|F2221_第3次産業就業者数,人,267757.0,267757
labour,働く人の環境（就業・求人・給与）,42000,長崎県,pref,42,長崎県,1975100000,1975年度,1975,00001|F2221,観測値|F2221_第3次産業就業者数,人,359822.0,359822
labour,働く人の環境（就業・求人・給与）,42000,長崎県,pref,42,長崎県,1980100000,1980年度,1980,00001|F2221,観測値|F2221_第3次産業就業者数,人,401266.0,401266
labour,働く人の環境（就業・求人・給与）,42000,長崎県,pref,42,長崎県,1985100000,1985年度,1985,00001|F2221,観測値|F2221_第3次産業就業者数,人,415680.0,415680
labour,働く人の環境（就業・求人・給与）,42000,長崎県,pref,42,長崎県,1990100000,1990年度,1990,00001|F2221,観測値|F2221_第3次産業就業者数,人,434701.0,434701
labour,働く人の環境（就業・求人・給与）,42000,長崎県,pref,42,長崎県,1995100000,1995年度,1995,00001|F2221,観測値|F2221_第3次産業就業者数,人,465119.0,465119
labour,働く人の環境（就業・求人・給与）,42000,長崎県,pref,42,長崎県,2000100000,2000年度,2000,00001|F2221,観測値|F2221_第3次産業就業者数,人,466197.0,466197
labour,働く人の環境（就業・求人・給与）,42000,長崎県,pref,42,長崎県,2005100000,2005年度,2005,00001|F2221,観測値|F2221_第3次産業就業者数,人,473801.0,473801
labour,働く人の環境（就業・求人・給与）,42000,長崎県,pref,42,長崎県,2010100000,2010年度,2010,00001|F2221,観測値|F2221_第3次産業就業者数,人,450757.0,450757
labour,働く人の環境（就業・求人・給与）,42000,長崎県,pref,42,長崎県,2015100000,2015年度,2015,00001|F2221,観測値|F2221_第3次産業就業者数,人,450488.0,450488
labour,働く人の環境（就業・求人・給与）,42000,長崎県,pref,42,長崎県,2020100000,2020年度,2020,00001|F2221,観測値|F2221_第3次産業就業者数,人,446057.0,446057
labour,働く人の環境（就業・求人・給与）,43000,熊本県,pref,43,熊本県,1975100000,1975年度,1975,00001|F2221,観測値|F2221_第3次産業就業者数,人,394292.0,394292
labour,働く人の環境（就業・求人・給与）,43000,熊本県,pref,43,熊本県,1980100000,1980年度,1980,00001|F2221,観測値|F2221_第3次産業就業者数,人,448018.0,448018
labour,働く人の環境（就業・求人・給与）,43000,熊本県,pref,43,熊本県,1985100000,1985年度,1985,00001|F2221,観測値|F2221_第3次産業就業者数,人,472773.0,472773
labour,働く人の環境（就業・求人・給与）,43000,熊本県,pref,43,熊本県,1990100000,1990年度,1990,00001|F2221,観測値|F2221_第3次産業就業者数,人,497429.0,497429
labour,働く人の環境（就業・求人・給与）,43000,熊本県,pref,43,熊本県,1995100000,1995年度,1995,00001|F2221,観測値|F2221_第3次産業就業者数,人,539303.0,539303
labour,働く人の環境（就業・求人・給与）,43000,熊本県,pref,43,熊本県,2000100000,2000年度,2000,00001|F2221,観測値|F2221_第3次産業就業者数,人,554938.0,554938
labour,働く人の環境（就業・求人・給与）,43000,熊本県,pref,43,熊本県,2005100000,2005年度,2005,00001|F2221,観測値|F2221_第3次産業就業者数,人,570915.0,570915
labour,働く人の環境（就業・求人・給与）,43000,熊本県,pref,43,熊本県,2010100000,2010年度,2010,00001|F2221,観測値|F2221_第3次産業就業者数,人,555227.0,555227
labour,働く人の環境（就業・求人・給与）,43000,熊本県,pref,43,熊本県,2015100000,2015年度,2015,00001|F2221,観測値|F2221_第3次産業就業者数,人,563243.0,563243
labour,働く人の環境（就業・求人・給与）,43000,熊本県,pref,43,熊本県,2020100000,2020年度,2020,00001|F2221,観測値|F2221_第3次産業就業者数,人,560851.0,560851
labour,働く人の環境（就業・求人・給与）,44000,大分県,pref,44,大分県,1975100000,1975年度,1975,00001|F2221,観測値|F2221_第3次産業就業者数,人,284393.0,284393
labour,働く人の環境（就業・求人・給与）,44000,大分県,pref,44,大分県,1980100000,1980年度,1980,00001|F2221,観測値|F2221_第3次産業就業者数,人,316758.0,316758
labour,働く人の環境（就業・求人・給与）,44000,大分県,pref,44,大分県,1985100000,1985年度,1985,00001|F2221,観測値|F2221_第3次産業就業者数,人,328768.0,328768
labour,働く人の環境（就業・求人・給与）,44000,大分県,pref,44,大分県,1990100000,1990年度,1990,00001|F2221,観測値|F2221_第3次産業就業者数,人,340661.0,340661
labour,働く人の環境（就業・求人・給与）,44000,大分県,pref,44,大分県,1995100000,1995年度,1995,00001|F2221,観測値|F2221_第3次産業就業者数,人,364848.0,364848
labour,働く人の環境（就業・求人・給与）,44000,大分県,pref,44,大分県,2000100000,2000年度,2000,00001|F2221,観測値|F2221_第3次産業就業者数,人,367080.0,367080
labour,働く人の環境（就業・求人・給与）,44000,大分県,pref,44,大分県,2005100000,2005年度,2005,00001|F2221,観測値|F2221_第3次産業就業者数,人,377974.0,377974
labour,働く人の環境（就業・求人・給与）,44000,大分県,pref,44,大分県,2010100000,2010年度,2010,00001|F2221,観測値|F2221_第3次産業就業者数,人,363194.0,363194
labour,働く人の環境（就業・求人・給与）,44000,大分県,pref,44,大分県,2015100000,2015年度,2015,00001|F2221,観測値|F2221_第3次産業就業者数,人,363361.0,363361
labour,働く人の環境（就業・求人・給与）,44000,大分県,pref,44,大分県,2020100000,2020年度,2020,00001|F2221,観測値|F2221_第3次産業就業者数,人,360834.0,360834
labour,働く人の環境（就業・求人・給与）,45000,宮崎県,pref,45,宮崎県,1975100000,1975年度,1975,00001|F2221,観測値|F2221_第3次産業就業者数,人,249188.0,249188
labour,働く人の環境（就業・求人・給与）,45000,宮崎県,pref,45,宮崎県,1980100000,1980年度,1980,00001|F2221,観測値|F2221_第3次産業就業者数,人,289173.0,289173
labour,働く人の環境（就業・求人・給与）,45000,宮崎県,pref,45,宮崎県,1985100000,1985年度,1985,00001|F2221,観測値|F2221_第3次産業就業者数,人,300903.0,300903
labour,働く人の環境（就業・求人・給与）,45000,宮崎県,pref,45,宮崎県,1990100000,1990年度,1990,00001|F2221,観測値|F2221_第3次産業就業者数,人,311164.0,311164
labour,働く人の環境（就業・求人・給与）,45000,宮崎県,pref,45,宮崎県,1995100000,1995年度,1995,00001|F2221,観測値|F2221_第3次産業就業者数,人,340121.0,340121
labour,働く人の環境（就業・求人・給与）,45000,宮崎県,pref,45,宮崎県,2000100000,2000年度,2000,00001|F2221,観測値|F2221_第3次産業就業者数,人,347773.0,347773
labour,働く人の環境（就業・求人・給与）,45000,宮崎県,pref,45,宮崎県,2005100000,2005年度,2005,00001|F2221,観測値|F2221_第3次産業就業者数,人,351717.0,351717
labour,働く人の環境（就業・求人・給与）,45000,宮崎県,pref,45,宮崎県,2010100000,2010年度,2010,00001|F2221,観測値|F2221_第3次産業就業者数,人,341523.0,341523
labour,働く人の環境（就業・求人・給与）,45000,宮崎県,pref,45,宮崎県,2015100000,2015年度,2015,00001|F2221,観測値|F2221_第3次産業就業者数,人,345159.0,345159
labour,働く人の環境（就業・求人・給与）,45000,宮崎県,pref,45,宮崎県,2020100000,2020年度,2020,00001|F2221,観測値|F2221_第3次産業就業者数,人,338196.0,338196
labour,働く人の環境（就業・求人・給与）,46000,鹿児島県,pref,46,鹿児島県,1975100000,1975年度,1975,00001|F2221,観測値|F2221_第3次産業就業者数,人,370471.0,370471
labour,働く人の環境（就業・求人・給与）,46000,鹿児島県,pref,46,鹿児島県,1980100000,1980年度,1980,00001|F2221,観測値|F2221_第3次産業就業者数,人,428727.0,428727
labour,働く人の環境（就業・求人・給与）,46000,鹿児島県,pref,46,鹿児島県,1985100000,1985年度,1985,00001|F2221,観測値|F2221_第3次産業就業者数,人,448201.0,448201
labour,働く人の環境（就業・求人・給与）,46000,鹿児島県,pref,46,鹿児島県,1990100000,1990年度,1990,00001|F2221,観測値|F2221_第3次産業就業者数,人,467366.0,467366
labour,働く人の環境（就業・求人・給与）,46000,鹿児島県,pref,46,鹿児島県,1995100000,1995年度,1995,00001|F2221,観測値|F2221_第3次産業就業者数,人,508321.0,508321
labour,働く人の環境（就業・求人・給与）,46000,鹿児島県,pref,46,鹿児島県,2000100000,2000年度,2000,00001|F2221,観測値|F2221_第3次産業就業者数,人,526217.0,526217
labour,働く人の環境（就業・求人・給与）,46000,鹿児島県,pref,46,鹿児島県,2005100000,2005年度,2005,00001|F2221,観測値|F2221_第3次産業就業者数,人,539970.0,539970
labour,働く人の環境（就業・求人・給与）,46000,鹿児島県,pref,46,鹿児島県,2010100000,2010年度,2010,00001|F2221,観測値|F2221_第3次産業就業者数,人,522291.0,522291
labour,働く人の環境（就業・求人・給与）,46000,鹿児島県,pref,46,鹿児島県,2015100000,2015年度,2015,00001|F2221,観測値|F2221_第3次産業就業者数,人,525606.0,525606
labour,働く人の環境（就業・求人・給与）,46000,鹿児島県,pref,46,鹿児島県,2020100000,2020年度,2020,00001|F2221,観測値|F2221_第3次産業就業者数,人,525048.0,525048
labour,働く人の環境（就業・求人・給与）,47000,沖縄県,pref,47,沖縄県,1975100000,1975年度,1975,00001|F2221,観測値|F2221_第3次産業就業者数,人,245897.0,245897
labour,働く人の環境（就業・求人・給与）,47000,沖縄県,pref,47,沖縄県,1980100000,1980年度,1980,00001|F2221,観測値|F2221_第3次産業就業者数,人,282164.0,282164
labour,働く人の環境（就業・求人・給与）,47000,沖縄県,pref,47,沖縄県,1985100000,1985年度,1985,00001|F2221,観測値|F2221_第3次産業就業者数,人,322426.0,322426
labour,働く人の環境（就業・求人・給与）,47000,沖縄県,pref,47,沖縄県,1990100000,1990年度,1990,00001|F2221,観測値|F2221_第3次産業就業者数,人,360451.0,360451
labour,働く人の環境（就業・求人・給与）,47000,沖縄県,pref,47,沖縄県,1995100000,1995年度,1995,00001|F2221,観測値|F2221_第3次産業就業者数,人,394452.0,394452
labour,働く人の環境（就業・求人・給与）,47000,沖縄県,pref,47,沖縄県,2000100000,2000年度,2000,00001|F2221,観測値|F2221_第3次産業就業者数,人,412355.0,412355
labour,働く人の環境（就業・求人・給与）,47000,沖縄県,pref,47,沖縄県,2005100000,2005年度,2005,00001|F2221,観測値|F2221_第3次産業就業者数,人,427738.0,427738
labour,働く人の環境（就業・求人・給与）,47000,沖縄県,pref,47,沖縄県,2010100000,2010年度,2010,00001|F2221,観測値|F2221_第3次産業就業者数,人,418321.0,418321
labour,働く人の環境（就業・求人・給与）,47000,沖縄県,pref,47,沖縄県,2015100000,2015年度,2015,00001|F2221,観測値|F2221_第3次産業就業者数,人,433334.0,433334
labour,働く人の環境（就業・求人・給与）,47000,沖縄県,pref,47,沖縄県,2020100000,2020年度,2020,00001|F2221,観測値|F2221_第3次産業就業者数,人,451426.0,451426
labour,働く人の環境（就業・求人・給与）,00000,全国,national,,,2015100000,2015年度,2015,00001|F310301,観測値|F310301_有効求人倍率,倍,1.23,1.23
labour,働く人の環境（就業・求人・給与）,00000,全国,national,,,2016100000,2016年度,2016,00001|F310301,観測値|F310301_有効求人倍率,倍,1.39,1.39
labour,働く人の環境（就業・求人・給与）,00000,全国,national,,,2017100000,2017年度,2017,00001|F310301,観測値|F310301_有効求人倍率,倍,1.54,1.54
labour,働く人の環境（就業・求人・給与）,00000,全国,national,,,2018100000,2018年度,2018,00001|F310301,観測値|F310301_有効求人倍率,倍,1.62,1.62
labour,働く人の環境（就業・求人・給与）,00000,全国,national,,,2019100000,2019年度,2019,00001|F310301,観測値|F310301_有効求人倍率,倍,1.55,1.55
labour,働く人の環境（就業・求人・給与）,00000,全国,national,,,2020100000,2020年度,2020,00001|F310301,観測値|F310301_有効求人倍率,倍,1.1,1.10
labour,働く人の環境（就業・求人・給与）,00000,全国,national,,,2021100000,2021年度,2021,00001|F310301,観測値|F310301_有効求人倍率,倍,1.16,1.16
labour,働く人の環境（就業・求人・給与）,00000,全国,national,,,2022100000,2022年度,2022,00001|F310301,観測値|F310301_有効求人倍率,倍,1.31,1.31
labour,働く人の環境（就業・求人・給与）,00000,全国,national,,,2023100000,2023年度,2023,00001|F310301,観測値|F310301_有効求人倍率,倍,1.29,1.29
labour,働く人の環境（就業・求人・給与）,00000,全国,national,,,2024100000,2024年度,2024,00001|F310301,観測値|F310301_有効求人倍率,倍,1.25,1.25
labour,働く人の環境（就業・求人・給与）,01000,北海道,pref,01,北海道,2015100000,2015年度,2015,00001|F310301,観測値|F310301_有効求人倍率,倍,0.98,0.98
labour,働く人の環境（就業・求人・給与）,01000,北海道,pref,01,北海道,2016100000,2016年度,2016,00001|F310301,観測値|F310301_有効求人倍率,倍,1.07,1.07
labour,働く人の環境（就業・求人・給与）,01000,北海道,pref,01,北海道,2017100000,2017年度,2017,00001|F310301,観測値|F310301_有効求人倍率,倍,1.14,1.14
labour,働く人の環境（就業・求人・給与）,01000,北海道,pref,01,北海道,2018100000,2018年度,2018,00001|F310301,観測値|F310301_有効求人倍率,倍,1.2,1.20
labour,働く人の環境（就業・求人・給与）,01000,北海道,pref,01,北海道,2019100000,2019年度,2019,00001|F310301,観測値|F310301_有効求人倍率,倍,1.22,1.22
labour,働く人の環境（就業・求人・給与）,01000,北海道,pref,01,北海道,2020100000,2020年度,2020,00001|F310301,観測値|F310301_有効求人倍率,倍,0.98,0.98
labour,働く人の環境（就業・求人・給与）,01000,北海道,pref,01,北海道,2021100000,2021年度,2021,00001|F310301,観測値|F310301_有効求人倍率,倍,1.03,1.03
labour,働く人の環境（就業・求人・給与）,01000,北海道,pref,01,北海道,2022100000,2022年度,2022,00001|F310301,観測値|F310301_有効求人倍率,倍,1.15,1.15
labour,働く人の環境（就業・求人・給与）,01000,北海道,pref,01,北海道,2023100000,2023年度,2023,00001|F310301,観測値|F310301_有効求人倍率,倍,1.04,1.04
labour,働く人の環境（就業・求人・給与）,01000,北海道,pref,01,北海道,2024100000,2024年度,2024,00001|F310301,観測値|F310301_有効求人倍率,倍,0.99,0.99
labour,働く人の環境（就業・求人・給与）,02000,青森県,pref,02,青森県,2015100000,2015年度,2015,00001|F310301,観測値|F310301_有効求人倍率,倍,0.95,0.95
labour,働く人の環境（就業・求人・給与）,02000,青森県,pref,02,青森県,2016100000,2016年度,2016,00001|F310301,観測値|F310301_有効求人倍率,倍,1.13,1.13
labour,働く人の環境（就業・求人・給与）,02000,青森県,pref,02,青森県,2017100000,2017年度,2017,00001|F310301,観測値|F310301_有効求人倍率,倍,1.27,1.27
labour,働く人の環境（就業・求人・給与）,02000,青森県,pref,02,青森県,2018100000,2018年度,2018,00001|F310301,観測値|F310301_有効求人倍率,倍,1.3,1.30
labour,働く人の環境（就業・求人・給与）,02000,青森県,pref,02,青森県,2019100000,2019年度,2019,00001|F310301,観測値|F310301_有効求人倍率,倍,1.2,1.20
labour,働く人の環境（就業・求人・給与）,02000,青森県,pref,02,青森県,2020100000,2020年度,2020,00001|F310301,観測値|F310301_有効求人倍率,倍,0.95,0.95
labour,働く人の環境（就業・求人・給与）,02000,青森県,pref,02,青森県,2021100000,2021年度,2021,00001|F310301,観測値|F310301_有効求人倍率,倍,1.09,1.09
labour,働く人の環境（就業・求人・給与）,02000,青森県,pref,02,青森県,2022100000,2022年度,2022,00001|F310301,観測値|F310301_有効求人倍率,倍,1.18,1.18
labour,働く人の環境（就業・求人・給与）,02000,青森県,pref,02,青森県,2023100000,2023年度,2023,00001|F310301,観測値|F310301_有効求人倍率,倍,1.17,1.17
labour,働く人の環境（就業・求人・給与）,02000,青森県,pref,02,青森県,2024100000,2024年度,2024,00001|F310301,観測値|F310301_有効求人倍率,倍,1.1,1.10
labour,働く人の環境（就業・求人・給与）,03000,岩手県,pref,03,岩手県,2015100000,2015年度,2015,00001|F310301,観測値|F310301_有効求人倍率,倍,1.22,1.22
labour,働く人の環境（就業・求人・給与）,03000,岩手県,pref,03,岩手県,2016100000,2016年度,2016,00001|F310301,観測値|F310301_有効求人倍率,倍,1.31,1.31
labour,働く人の環境（就業・求人・給与）,03000,岩手県,pref,03,岩手県,2017100000,2017年度,2017,00001|F310301,観測値|F310301_有効求人倍率,倍,1.42,1.42
labour,働く人の環境（就業・求人・給与）,03000,岩手県,pref,03,岩手県,2018100000,2018年度,2018,00001|F310301,観測値|F310301_有効求人倍率,倍,1.45,1.45
labour,働く人の環境（就業・求人・給与）,03000,岩手県,pref,03,岩手県,2019100000,2019年度,2019,00001|F310301,観測値|F310301_有効求人倍率,倍,1.33,1.33
labour,働く人の環境（就業・求人・給与）,03000,岩手県,pref,03,岩手県,2020100000,2020年度,2020,00001|F310301,観測値|F310301_有効求人倍率,倍,1.06,1.06
labour,働く人の環境（就業・求人・給与）,03000,岩手県,pref,03,岩手県,2021100000,2021年度,2021,00001|F310301,観測値|F310301_有効求人倍率,倍,1.26,1.26
labour,働く人の環境（就業・求人・給与）,03000,岩手県,pref,03,岩手県,2022100000,2022年度,2022,00001|F310301,観測値|F310301_有効求人倍率,倍,1.32,1.32
labour,働く人の環境（就業・求人・給与）,03000,岩手県,pref,03,岩手県,2023100000,2023年度,2023,00001|F310301,観測値|F310301_有効求人倍率,倍,1.22,1.22
labour,働く人の環境（就業・求人・給与）,03000,岩手県,pref,03,岩手県,2024100000,2024年度,2024,00001|F310301,観測値|F310301_有効求人倍率,倍,1.19,1.19
labour,働く人の環境（就業・求人・給与）,04000,宮城県,pref,04,宮城県,2015100000,2015年度,2015,00001|F310301,観測値|F310301_有効求人倍率,倍,1.35,1.35
labour,働く人の環境（就業・求人・給与）,04000,宮城県,pref,04,宮城県,2016100000,2016年度,2016,00001|F310301,観測値|F310301_有効求人倍率,倍,1.5,1.50
labour,働く人の環境（就業・求人・給与）,04000,宮城県,pref,04,宮城県,2017100000,2017年度,2017,00001|F310301,観測値|F310301_有効求人倍率,倍,1.62,1.62
labour,働く人の環境（就業・求人・給与）,04000,宮城県,pref,04,宮城県,2018100000,2018年度,2018,00001|F310301,観測値|F310301_有効求人倍率,倍,1.69,1.69
labour,働く人の環境（就業・求人・給与）,04000,宮城県,pref,04,宮城県,2019100000,2019年度,2019,00001|F310301,観測値|F310301_有効求人倍率,倍,1.57,1.57
labour,働く人の環境（就業・求人・給与）,04000,宮城県,pref,04,宮城県,2020100000,2020年度,2020,00001|F310301,観測値|F310301_有効求人倍率,倍,1.2,1.20
labour,働く人の環境（就業・求人・給与）,04000,宮城県,pref,04,宮城県,2021100000,2021年度,2021,00001|F310301,観測値|F310301_有効求人倍率,倍,1.33,1.33
labour,働く人の環境（就業・求人・給与）,04000,宮城県,pref,04,宮城県,2022100000,2022年度,2022,00001|F310301,観測値|F310301_有効求人倍率,倍,1.4,1.40
labour,働く人の環境（就業・求人・給与）,04000,宮城県,pref,04,宮城県,2023100000,2023年度,2023,00001|F310301,観測値|F310301_有効求人倍率,倍,1.34,1.34
labour,働く人の環境（就業・求人・給与）,04000,宮城県,pref,04,宮城県,2024100000,2024年度,2024,00001|F310301,観測値|F310301_有効求人倍率,倍,1.23,1.23
labour,働く人の環境（就業・求人・給与）,05000,秋田県,pref,05,秋田県,2015100000,2015年度,2015,00001|F310301,観測値|F310301_有効求人倍率,倍,1.07,1.07
labour,働く人の環境（就業・求人・給与）,05000,秋田県,pref,05,秋田県,2016100000,2016年度,2016,00001|F310301,観測値|F310301_有効求人倍率,倍,1.21,1.21
labour,働く人の環境（就業・求人・給与）,05000,秋田県,pref,05,秋田県,2017100000,2017年度,2017,00001|F310301,観測値|F310301_有効求人倍率,倍,1.41,1.41
labour,働く人の環境（就業・求人・給与）,05000,秋田県,pref,05,秋田県,2018100000,2018年度,2018,00001|F310301,観測値|F310301_有効求人倍率,倍,1.53,1.53
labour,働く人の環境（就業・求人・給与）,05000,秋田県,pref,05,秋田県,2019100000,2019年度,2019,00001|F310301,観測値|F310301_有効求人倍率,倍,1.45,1.45
labour,働く人の環境（就業・求人・給与）,05000,秋田県,pref,05,秋田県,2020100000,2020年度,2020,00001|F310301,観測値|F310301_有効求人倍率,倍,1.28,1.28
labour,働く人の環境（就業・求人・給与）,05000,秋田県,pref,05,秋田県,2021100000,2021年度,2021,00001|F310301,観測値|F310301_有効求人倍率,倍,1.49,1.49
labour,働く人の環境（就業・求人・給与）,05000,秋田県,pref,05,秋田県,2022100000,2022年度,2022,00001|F310301,観測値|F310301_有効求人倍率,倍,1.49,1.49
labour,働く人の環境（就業・求人・給与）,05000,秋田県,pref,05,秋田県,2023100000,2023年度,2023,00001|F310301,観測値|F310301_有効求人倍率,倍,1.32,1.32
labour,働く人の環境（就業・求人・給与）,05000,秋田県,pref,05,秋田県,2024100000,2024年度,2024,00001|F310301,観測値|F310301_有効求人倍率,倍,1.26,1.26
labour,働く人の環境（就業・求人・給与）,06000,山形県,pref,06,山形県,2015100000,2015年度,2015,00001|F310301,観測値|F310301_有効求人倍率,倍,1.21,1.21
labour,働く人の環境（就業・求人・給与）,06000,山形県,pref,06,山形県,2016100000,2016年度,2016,00001|F310301,観測値|F310301_有効求人倍率,倍,1.35,1.35
labour,働く人の環境（就業・求人・給与）,06000,山形県,pref,06,山形県,2017100000,2017年度,2017,00001|F310301,観測値|F310301_有効求人倍率,倍,1.59,1.59
labour,働く人の環境（就業・求人・給与）,06000,山形県,pref,06,山形県,2018100000,2018年度,2018,00001|F310301,観測値|F310301_有効求人倍率,倍,1.64,1.64
labour,働く人の環境（就業・求人・給与）,06000,山形県,pref,06,山形県,2019100000,2019年度,2019,00001|F310301,観測値|F310301_有効求人倍率,倍,1.47,1.47
labour,働く人の環境（就業・求人・給与）,06000,山形県,pref,06,山形県,2020100000,2020年度,2020,00001|F310301,観測値|F310301_有効求人倍率,倍,1.11,1.11
labour,働く人の環境（就業・求人・給与）,06000,山形県,pref,06,山形県,2021100000,2021年度,2021,00001|F310301,観測値|F310301_有効求人倍率,倍,1.35,1.35
labour,働く人の環境（就業・求人・給与）,06000,山形県,pref,06,山形県,2022100000,2022年度,2022,00001|F310301,観測値|F310301_有効求人倍率,倍,1.57,1.57
labour,働く人の環境（就業・求人・給与）,06000,山形県,pref,06,山形県,2023100000,2023年度,2023,00001|F310301,観測値|F310301_有効求人倍率,倍,1.38,1.38
labour,働く人の環境（就業・求人・給与）,06000,山形県,pref,06,山形県,2024100000,2024年度,2024,00001|F310301,観測値|F310301_有効求人倍率,倍,1.34,1.34
labour,働く人の環境（就業・求人・給与）,07000,福島県,pref,07,福島県,2015100000,2015年度,2015,00001|F310301,観測値|F310301_有効求人倍率,倍,1.45,1.45
labour,働く人の環境（就業・求人・給与）,07000,福島県,pref,07,福島県,2016100000,2016年度,2016,00001|F310301,観測値|F310301_有効求人倍率,倍,1.43,1.43
labour,働く人の環境（就業・求人・給与）,07000,福島県,pref,07,福島県,2017100000,2017年度,2017,00001|F310301,観測値|F310301_有効求人倍率,倍,1.47,1.47
labour,働く人の環境（就業・求人・給与）,07000,福島県,pref,07,福島県,2018100000,2018年度,2018,00001|F310301,観測値|F310301_有効求人倍率,倍,1.52,1.52
labour,働く人の環境（就業・求人・給与）,07000,福島県,pref,07,福島県,2019100000,2019年度,2019,00001|F310301,観測値|F310301_有効求人倍率,倍,1.48,1.48
labour,働く人の環境（就業・求人・給与）,07000,福島県,pref,07,福島県,2020100000,2020年度,2020,00001|F310301,観測値|F310301_有効求人倍率,倍,1.21,1.21
labour,働く人の環境（就業・求人・給与）,07000,福島県,pref,07,福島県,2021100000,2021年度,2021,00001|F310301,観測値|F310301_有効求人倍率,倍,1.32,1.32
labour,働く人の環境（就業・求人・給与）,07000,福島県,pref,07,福島県,2022100000,2022年度,2022,00001|F310301,観測値|F310301_有効求人倍率,倍,1.43,1.43
labour,働く人の環境（就業・求人・給与）,07000,福島県,pref,07,福島県,2023100000,2023年度,2023,00001|F310301,観測値|F310301_有効求人倍率,倍,1.37,1.37
labour,働く人の環境（就業・求人・給与）,07000,福島県,pref,07,福島県,2024100000,2024年度,2024,00001|F310301,観測値|F310301_有効求人倍率,倍,1.26,1.26
labour,働く人の環境（就業・求人・給与）,08000,茨城県,pref,08,茨城県,2015100000,2015年度,2015,00001|F310301,観測値|F310301_有効求人倍率,倍,1.16,1.16
labour,働く人の環境（就業・求人・給与）,08000,茨城県,pref,08,茨城県,2016100000,2016年度,2016,00001|F310301,観測値|F310301_有効求人倍率,倍,1.28,1.28
labour,働く人の環境（就業・求人・給与）,08000,茨城県,pref,08,茨城県,2017100000,2017年度,2017,00001|F310301,観測値|F310301_有効求人倍率,倍,1.5,1.50
labour,働く人の環境（就業・求人・給与）,08000,茨城県,pref,08,茨城県,2018100000,2018年度,2018,00001|F310301,観測値|F310301_有効求人倍率,倍,1.62,1.62
labour,働く人の環境（就業・求人・給与）,08000,茨城県,pref,08,茨城県,2019100000,2019年度,2019,00001|F310301,観測値|F310301_有効求人倍率,倍,1.58,1.58
labour,働く人の環境（就業・求人・給与）,08000,茨城県,pref,08,茨城県,2020100000,2020年度,2020,00001|F310301,観測値|F310301_有効求人倍率,倍,1.27,1.27
labour,働く人の環境（就業・求人・給与）,08000,茨城県,pref,08,茨城県,2021100000,2021年度,2021,00001|F310301,観測値|F310301_有効求人倍率,倍,1.38,1.38
labour,働く人の環境（就業・求人・給与）,08000,茨城県,pref,08,茨城県,2022100000,2022年度,2022,00001|F310301,観測値|F310301_有効求人倍率,倍,1.49,1.49
labour,働く人の環境（就業・求人・給与）,08000,茨城県,pref,08,茨城県,2023100000,2023年度,2023,00001|F310301,観測値|F310301_有効求人倍率,倍,1.37,1.37
labour,働く人の環境（就業・求人・給与）,08000,茨城県,pref,08,茨城県,2024100000,2024年度,2024,00001|F310301,観測値|F310301_有効求人倍率,倍,1.32,1.32
labour,働く人の環境（就業・求人・給与）,09000,栃木県,pref,09,栃木県,2015100000,2015年度,2015,00001|F310301,観測値|F310301_有効求人倍率,倍,1.09,1.09
labour,働く人の環境（就業・求人・給与）,09000,栃木県,pref,09,栃木県,2016100000,2016年度,2016,00001|F310301,観測値|F310301_有効求人倍率,倍,1.22,1.22
labour,働く人の環境（就業・求人・給与）,09000,栃木県,pref,09,栃木県,2017100000,2017年度,2017,00001|F310301,観測値|F310301_有効求人倍率,倍,1.37,1.37
labour,働く人の環境（就業・求人・給与）,09000,栃木県,pref,09,栃木県,2018100000,2018年度,2018,00001|F310301,観測値|F310301_有効求人倍率,倍,1.43,1.43
labour,働く人の環境（就業・求人・給与）,09000,栃木県,pref,09,栃木県,2019100000,2019年度,2019,00001|F310301,観測値|F310301_有効求人倍率,倍,1.36,1.36
labour,働く人の環境（就業・求人・給与）,09000,栃木県,pref,09,栃木県,2020100000,2020年度,2020,00001|F310301,観測値|F310301_有効求人倍率,倍,1.01,1.01
labour,働く人の環境（就業・求人・給与）,09000,栃木県,pref,09,栃木県,2021100000,2021年度,2021,00001|F310301,観測値|F310301_有効求人倍率,倍,1.08,1.08
labour,働く人の環境（就業・求人・給与）,09000,栃木県,pref,09,栃木県,2022100000,2022年度,2022,00001|F310301,観測値|F310301_有効求人倍率,倍,1.19,1.19
labour,働く人の環境（就業・求人・給与）,09000,栃木県,pref,09,栃木県,2023100000,2023年度,2023,00001|F310301,観測値|F310301_有効求人倍率,倍,1.15,1.15
labour,働く人の環境（就業・求人・給与）,09000,栃木県,pref,09,栃木県,2024100000,2024年度,2024,00001|F310301,観測値|F310301_有効求人倍率,倍,1.16,1.16
labour,働く人の環境（就業・求人・給与）,10000,群馬県,pref,10,群馬県,2015100000,2015年度,2015,00001|F310301,観測値|F310301_有効求人倍率,倍,1.28,1.28
labour,働く人の環境（就業・求人・給与）,10000,群馬県,pref,10,群馬県,2016100000,2016年度,2016,00001|F310301,観測値|F310301_有効求人倍率,倍,1.48,1.48
labour,働く人の環境（就業・求人・給与）,10000,群馬県,pref,10,群馬県,2017100000,2017年度,2017,00001|F310301,観測値|F310301_有効求人倍率,倍,1.62,1.62
labour,働く人の環境（就業・求人・給与）,10000,群馬県,pref,10,群馬県,2018100000,2018年度,2018,00001|F310301,観測値|F310301_有効求人倍率,倍,1.74,1.74
labour,働く人の環境（就業・求人・給与）,10000,群馬県,pref,10,群馬県,2019100000,2019年度,2019,00001|F310301,観測値|F310301_有効求人倍率,倍,1.64,1.64
labour,働く人の環境（就業・求人・給与）,10000,群馬県,pref,10,群馬県,2020100000,2020年度,2020,00001|F310301,観測値|F310301_有効求人倍率,倍,1.18,1.18
labour,働く人の環境（就業・求人・給与）,10000,群馬県,pref,10,群馬県,2021100000,2021年度,2021,00001|F310301,観測値|F310301_有効求人倍率,倍,1.32,1.32
labour,働く人の環境（就業・求人・給与）,10000,群馬県,pref,10,群馬県,2022100000,2022年度,2022,00001|F310301,観測値|F310301_有効求人倍率,倍,1.48,1.48
labour,働く人の環境（就業・求人・給与）,10000,群馬県,pref,10,群馬県,2023100000,2023年度,2023,00001|F310301,観測値|F310301_有効求人倍率,倍,1.4,1.40
labour,働く人の環境（就業・求人・給与）,10000,群馬県,pref,10,群馬県,2024100000,2024年度,2024,00001|F310301,観測値|F310301_有効求人倍率,倍,1.33,1.33
labour,働く人の環境（就業・求人・給与）,11000,埼玉県,pref,11,埼玉県,2015100000,2015年度,2015,00001|F310301,観測値|F310301_有効求人倍率,倍,0.89,0.89
labour,働く人の環境（就業・求人・給与）,11000,埼玉県,pref,11,埼玉県,2016100000,2016年度,2016,00001|F310301,観測値|F310301_有効求人倍率,倍,1.08,1.08
labour,働く人の環境（就業・求人・給与）,11000,埼玉県,pref,11,埼玉県,2017100000,2017年度,2017,00001|F310301,観測値|F310301_有効求人倍率,倍,1.26,1.26
labour,働く人の環境（就業・求人・給与）,11000,埼玉県,pref,11,埼玉県,2018100000,2018年度,2018,00001|F310301,観測値|F310301_有効求人倍率,倍,1.33,1.33
labour,働く人の環境（就業・求人・給与）,11000,埼玉県,pref,11,埼玉県,2019100000,2019年度,2019,00001|F310301,観測値|F310301_有効求人倍率,倍,1.28,1.28
labour,働く人の環境（就業・求人・給与）,11000,埼玉県,pref,11,埼玉県,2020100000,2020年度,2020,00001|F310301,観測値|F310301_有効求人倍率,倍,0.94,0.94
labour,働く人の環境（就業・求人・給与）,11000,埼玉県,pref,11,埼玉県,2021100000,2021年度,2021,00001|F310301,観測値|F310301_有効求人倍率,倍,0.94,0.94
labour,働く人の環境（就業・求人・給与）,11000,埼玉県,pref,11,埼玉県,2022100000,2022年度,2022,00001|F310301,観測値|F310301_有効求人倍率,倍,1.05,1.05
labour,働く人の環境（就業・求人・給与）,11000,埼玉県,pref,11,埼玉県,2023100000,2023年度,2023,00001|F310301,観測値|F310301_有効求人倍率,倍,1.05,1.05
labour,働く人の環境（就業・求人・給与）,11000,埼玉県,pref,11,埼玉県,2024100000,2024年度,2024,00001|F310301,観測値|F310301_有効求人倍率,倍,1.04,1.04
labour,働く人の環境（就業・求人・給与）,12000,千葉県,pref,12,千葉県,2015100000,2015年度,2015,00001|F310301,観測値|F310301_有効求人倍率,倍,1.04,1.04
labour,働く人の環境（就業・求人・給与）,12000,千葉県,pref,12,千葉県,2016100000,2016年度,2016,00001|F310301,観測値|F310301_有効求人倍率,倍,1.17,1.17
labour,働く人の環境（就業・求人・給与）,12000,千葉県,pref,12,千葉県,2017100000,2017年度,2017,00001|F310301,観測値|F310301_有効求人倍率,倍,1.28,1.28
labour,働く人の環境（就業・求人・給与）,12000,千葉県,pref,12,千葉県,2018100000,2018年度,2018,00001|F310301,観測値|F310301_有効求人倍率,倍,1.33,1.33
labour,働く人の環境（就業・求人・給与）,12000,千葉県,pref,12,千葉県,2019100000,2019年度,2019,00001|F310301,観測値|F310301_有効求人倍率,倍,1.29,1.29
labour,働く人の環境（就業・求人・給与）,12000,千葉県,pref,12,千葉県,2020100000,2020年度,2020,00001|F310301,観測値|F310301_有効求人倍率,倍,0.9,0.90
labour,働く人の環境（就業・求人・給与）,12000,千葉県,pref,12,千葉県,2021100000,2021年度,2021,00001|F310301,観測値|F310301_有効求人倍率,倍,0.86,0.86
labour,働く人の環境（就業・求人・給与）,12000,千葉県,pref,12,千葉県,2022100000,2022年度,2022,00001|F310301,観測値|F310301_有効求人倍率,倍,1.0,1.00
labour,働く人の環境（就業・求人・給与）,12000,千葉県,pref,12,千葉県,2023100000,2023年度,2023,00001|F310301,観測値|F310301_有効求人倍率,倍,0.99,0.99
labour,働く人の環境（就業・求人・給与）,12000,千葉県,pref,12,千葉県,2024100000,2024年度,2024,00001|F310301,観測値|F310301_有効求人倍率,倍,0.99,0.99
labour,働く人の環境（就業・求人・給与）,13000,東京都,pref,13,東京都,2015100000,2015年度,2015,00001|F310301,観測値|F310301_有効求人倍率,倍,1.81,1.81
labour,働く人の環境（就業・求人・給与）,13000,東京都,pref,13,東京都,2016100000,2016年度,2016,00001|F310301,観測値|F310301_有効求人倍率,倍,2.04,2.04
labour,働く人の環境（就業・求人・給与）,13000,東京都,pref,13,東京都,2017100000,2017年度,2017,00001|F310301,観測値|F310301_有効求人倍率,倍,2.09,2.09
labour,働く人の環境（就業・求人・給与）,13000,東京都,pref,13,東京都,2018100000,2018年度,2018,00001|F310301,観測値|F310301_有効求人倍率,倍,2.13,2.13
labour,働く人の環境（就業・求人・給与）,13000,東京都,pref,13,東京都,2019100000,2019年度,2019,00001|F310301,観測値|F310301_有効求人倍率,倍,2.05,2.05
labour,働く人の環境（就業・求人・給与）,13000,東京都,pref,13,東京都,2020100000,2020年度,2020,00001|F310301,観測値|F310301_有効求人倍率,倍,1.27,1.27
labour,働く人の環境（就業・求人・給与）,13000,東京都,pref,13,東京都,2021100000,2021年度,2021,00001|F310301,観測値|F310301_有効求人倍率,倍,1.22,1.22
labour,働く人の環境（就業・求人・給与）,13000,東京都,pref,13,東京都,2022100000,2022年度,2022,00001|F310301,観測値|F310301_有効求人倍率,倍,1.6,1.60
labour,働く人の環境（就業・求人・給与）,13000,東京都,pref,13,東京都,2023100000,2023年度,2023,00001|F310301,観測値|F310301_有効求人倍率,倍,1.78,1.78
labour,働く人の環境（就業・求人・給与）,13000,東京都,pref,13,東京都,2024100000,2024年度,2024,00001|F310301,観測値|F310301_有効求人倍率,倍,1.76,1.76
labour,働く人の環境（就業・求人・給与）,14000,神奈川県,pref,14,神奈川県,2015100000,2015年度,2015,00001|F310301,観測値|F310301_有効求人倍率,倍,0.96,0.96
labour,働く人の環境（就業・求人・給与）,14000,神奈川県,pref,14,神奈川県,2016100000,2016年度,2016,00001|F310301,観測値|F310301_有効求人倍率,倍,1.06,1.06
labour,働く人の環境（就業・求人・給与）,14000,神奈川県,pref,14,神奈川県,2017100000,2017年度,2017,00001|F310301,観測値|F310301_有効求人倍率,倍,1.18,1.18
labour,働く人の環境（就業・求人・給与）,14000,神奈川県,pref,14,神奈川県,2018100000,2018年度,2018,00001|F310301,観測値|F310301_有効求人倍率,倍,1.2,1.20
labour,働く人の環境（就業・求人・給与）,14000,神奈川県,pref,14,神奈川県,2019100000,2019年度,2019,00001|F310301,観測値|F310301_有効求人倍率,倍,1.15,1.15
labour,働く人の環境（就業・求人・給与）,14000,神奈川県,pref,14,神奈川県,2020100000,2020年度,2020,00001|F310301,観測値|F310301_有効求人倍率,倍,0.8,0.80
labour,働く人の環境（就業・求人・給与）,14000,神奈川県,pref,14,神奈川県,2021100000,2021年度,2021,00001|F310301,観測値|F310301_有効求人倍率,倍,0.8,0.80
labour,働く人の環境（就業・求人・給与）,14000,神奈川県,pref,14,神奈川県,2022100000,2022年度,2022,00001|F310301,観測値|F310301_有効求人倍率,倍,0.9,0.90
labour,働く人の環境（就業・求人・給与）,14000,神奈川県,pref,14,神奈川県,2023100000,2023年度,2023,00001|F310301,観測値|F310301_有効求人倍率,倍,0.91,0.91
labour,働く人の環境（就業・求人・給与）,14000,神奈川県,pref,14,神奈川県,2024100000,2024年度,2024,00001|F310301,観測値|F310301_有効求人倍率,倍,0.91,0.91
labour,働く人の環境（就業・求人・給与）,15000,新潟県,pref,15,新潟県,2015100000,2015年度,2015,00001|F310301,観測値|F310301_有効求人倍率,倍,1.22,1.22
labour,働く人の環境（就業・求人・給与）,15000,新潟県,pref,15,新潟県,2016100000,2016年度,2016,00001|F310301,観測値|F310301_有効求人倍率,倍,1.35,1.35
labour,働く人の環境（就業・求人・給与）,15000,新潟県,pref,15,新潟県,2017100000,2017年度,2017,00001|F310301,観測値|F310301_有効求人倍率,倍,1.56,1.56
labour,働く人の環境（就業・求人・給与）,15000,新潟県,pref,15,新潟県,2018100000,2018年度,2018,00001|F310301,観測値|F310301_有効求人倍率,倍,1.7,1.70
labour,働く人の環境（就業・求人・給与）,15000,新潟県,pref,15,新潟県,2019100000,2019年度,2019,00001|F310301,観測値|F310301_有効求人倍率,倍,1.59,1.59
labour,働く人の環境（就業・求人・給与）,15000,新潟県,pref,15,新潟県,2020100000,2020年度,2020,00001|F310301,観測値|F310301_有効求人倍率,倍,1.22,1.22
labour,働く人の環境（就業・求人・給与）,15000,新潟県,pref,15,新潟県,2021100000,2021年度,2021,00001|F310301,観測値|F310301_有効求人倍率,倍,1.41,1.41
labour,働く人の環境（就業・求人・給与）,15000,新潟県,pref,15,新潟県,2022100000,2022年度,2022,00001|F310301,観測値|F310301_有効求人倍率,倍,1.58,1.58
labour,働く人の環境（就業・求人・給与）,15000,新潟県,pref,15,新潟県,2023100000,2023年度,2023,00001|F310301,観測値|F310301_有効求人倍率,倍,1.53,1.53
labour,働く人の環境（就業・求人・給与）,15000,新潟県,pref,15,新潟県,2024100000,2024年度,2024,00001|F310301,観測値|F310301_有効求人倍率,倍,1.46,1.46
labour,働く人の環境（就業・求人・給与）,16000,富山県,pref,16,富山県,2015100000,2015年度,2015,00001|F310301,観測値|F310301_有効求人倍率,倍,1.5,1.50
labour,働く人の環境（就業・求人・給与）,16000,富山県,pref,16,富山県,2016100000,2016年度,2016,00001|F310301,観測値|F310301_有効求人倍率,倍,1.65,1.65
labour,働く人の環境（就業・求人・給与）,16000,富山県,pref,16,富山県,2017100000,2017年度,2017,00001|F310301,観測値|F310301_有効求人倍率,倍,1.86,1.86
labour,働く人の環境（就業・求人・給与）,16000,富山県,pref,16,富山県,2018100000,2018年度,2018,00001|F310301,観測値|F310301_有効求人倍率,倍,1.97,1.97
labour,働く人の環境（就業・求人・給与）,16000,富山県,pref,16,富山県,2019100000,2019年度,2019,00001|F310301,観測値|F310301_有効求人倍率,倍,1.81,1.81
labour,働く人の環境（就業・求人・給与）,16000,富山県,pref,16,富山県,2020100000,2020年度,2020,00001|F310301,観測値|F310301_有効求人倍率,倍,1.23,1.23
labour,働く人の環境（就業・求人・給与）,16000,富山県,pref,16,富山県,2021100000,2021年度,2021,00001|F310301,観測値|F310301_有効求人倍率,倍,1.45,1.45
labour,働く人の環境（就業・求人・給与）,16000,富山県,pref,16,富山県,2022100000,2022年度,2022,00001|F310301,観測値|F310301_有効求人倍率,倍,1.57,1.57
labour,働く人の環境（就業・求人・給与）,16000,富山県,pref,16,富山県,2023100000,2023年度,2023,00001|F310301,観測値|F310301_有効求人倍率,倍,1.44,1.44
labour,働く人の環境（就業・求人・給与）,16000,富山県,pref,16,富山県,2024100000,2024年度,2024,00001|F310301,観測値|F310301_有効求人倍率,倍,1.39,1.39
labour,働く人の環境（就業・求人・給与）,17000,石川県,pref,17,石川県,2015100000,2015年度,2015,00001|F310301,観測値|F310301_有効求人倍率,倍,1.48,1.48
labour,働く人の環境（就業・求人・給与）,17000,石川県,pref,17,石川県,2016100000,2016年度,2016,00001|F310301,観測値|F310301_有効求人倍率,倍,1.67,1.67
labour,働く人の環境（就業・求人・給与）,17000,石川県,pref,17,石川県,2017100000,2017年度,2017,00001|F310301,観測値|F310301_有効求人倍率,倍,1.89,1.89
labour,働く人の環境（就業・求人・給与）,17000,石川県,pref,17,石川県,2018100000,2018年度,2018,00001|F310301,観測値|F310301_有効求人倍率,倍,1.99,1.99
labour,働く人の環境（就業・求人・給与）,17000,石川県,pref,17,石川県,2019100000,2019年度,2019,00001|F310301,観測値|F310301_有効求人倍率,倍,1.87,1.87
labour,働く人の環境（就業・求人・給与）,17000,石川県,pref,17,石川県,2020100000,2020年度,2020,00001|F310301,観測値|F310301_有効求人倍率,倍,1.22,1.22
labour,働く人の環境（就業・求人・給与）,17000,石川県,pref,17,石川県,2021100000,2021年度,2021,00001|F310301,観測値|F310301_有効求人倍率,倍,1.4,1.40
labour,働く人の環境（就業・求人・給与）,17000,石川県,pref,17,石川県,2022100000,2022年度,2022,00001|F310301,観測値|F310301_有効求人倍率,倍,1.63,1.63
labour,働く人の環境（就業・求人・給与）,17000,石川県,pref,17,石川県,2023100000,2023年度,2023,00001|F310301,観測値|F310301_有効求人倍率,倍,1.57,1.57
labour,働く人の環境（就業・求人・給与）,17000,石川県,pref,17,石川県,2024100000,2024年度,2024,00001|F310301,観測値|F310301_有効求人倍率,倍,1.53,1.53
labour,働く人の環境（就業・求人・給与）,18000,福井県,pref,18,福井県,2015100000,2015年度,2015,00001|F310301,観測値|F310301_有効求人倍率,倍,1.63,1.63
labour,働く人の環境（就業・求人・給与）,18000,福井県,pref,18,福井県,2016100000,2016年度,2016,00001|F310301,観測値|F310301_有効求人倍率,倍,1.87,1.87
labour,働く人の環境（就業・求人・給与）,18000,福井県,pref,18,福井県,2017100000,2017年度,2017,00001|F310301,観測値|F310301_有効求人倍率,倍,2.02,2.02
labour,働く人の環境（就業・求人・給与）,18000,福井県,pref,18,福井県,2018100000,2018年度,2018,00001|F310301,観測値|F310301_有効求人倍率,倍,2.1,2.10
labour,働く人の環境（就業・求人・給与）,18000,福井県,pref,18,福井県,2019100000,2019年度,2019,00001|F310301,観測値|F310301_有効求人倍率,倍,1.99,1.99
labour,働く人の環境（就業・求人・給与）,18000,福井県,pref,18,福井県,2020100000,2020年度,2020,00001|F310301,観測値|F310301_有効求人倍率,倍,1.57,1.57
labour,働く人の環境（就業・求人・給与）,18000,福井県,pref,18,福井県,2021100000,2021年度,2021,00001|F310301,観測値|F310301_有効求人倍率,倍,1.8,1.80
labour,働く人の環境（就業・求人・給与）,18000,福井県,pref,18,福井県,2022100000,2022年度,2022,00001|F310301,観測値|F310301_有効求人倍率,倍,1.88,1.88
labour,働く人の環境（就業・求人・給与）,18000,福井県,pref,18,福井県,2023100000,2023年度,2023,00001|F310301,観測値|F310301_有効求人倍率,倍,1.79,1.79
labour,働く人の環境（就業・求人・給与）,18000,福井県,pref,18,福井県,2024100000,2024年度,2024,00001|F310301,観測値|F310301_有効求人倍率,倍,1.73,1.73
labour,働く人の環境（就業・求人・給与）,19000,山梨県,pref,19,山梨県,2015100000,2015年度,2015,00001|F310301,観測値|F310301_有効求人倍率,倍,1.0,1.00
labour,働く人の環境（就業・求人・給与）,19000,山梨県,pref,19,山梨県,2016100000,2016年度,2016,00001|F310301,観測値|F310301_有効求人倍率,倍,1.23,1.23
labour,働く人の環境（就業・求人・給与）,19000,山梨県,pref,19,山梨県,2017100000,2017年度,2017,00001|F310301,観測値|F310301_有効求人倍率,倍,1.41,1.41
labour,働く人の環境（就業・求人・給与）,19000,山梨県,pref,19,山梨県,2018100000,2018年度,2018,00001|F310301,観測値|F310301_有効求人倍率,倍,1.46,1.46
labour,働く人の環境（就業・求人・給与）,19000,山梨県,pref,19,山梨県,2019100000,2019年度,2019,00001|F310301,観測値|F310301_有効求人倍率,倍,1.37,1.37
labour,働く人の環境（就業・求人・給与）,19000,山梨県,pref,19,山梨県,2020100000,2020年度,2020,00001|F310301,観測値|F310301_有効求人倍率,倍,1.01,1.01
labour,働く人の環境（就業・求人・給与）,19000,山梨県,pref,19,山梨県,2021100000,2021年度,2021,00001|F310301,観測値|F310301_有効求人倍率,倍,1.26,1.26
labour,働く人の環境（就業・求人・給与）,19000,山梨県,pref,19,山梨県,2022100000,2022年度,2022,00001|F310301,観測値|F310301_有効求人倍率,倍,1.41,1.41
labour,働く人の環境（就業・求人・給与）,19000,山梨県,pref,19,山梨県,2023100000,2023年度,2023,00001|F310301,観測値|F310301_有効求人倍率,倍,1.26,1.26
labour,働く人の環境（就業・求人・給与）,19000,山梨県,pref,19,山梨県,2024100000,2024年度,2024,00001|F310301,観測値|F310301_有効求人倍率,倍,1.28,1.28
labour,働く人の環境（就業・求人・給与）,20000,長野県,pref,20,長野県,2015100000,2015年度,2015,00001|F310301,観測値|F310301_有効求人倍率,倍,1.28,1.28
labour,働く人の環境（就業・求人・給与）,20000,長野県,pref,20,長野県,2016100000,2016年度,2016,00001|F310301,観測値|F310301_有効求人倍率,倍,1.46,1.46
labour,働く人の環境（就業・求人・給与）,20000,長野県,pref,20,長野県,2017100000,2017年度,2017,00001|F310301,観測値|F310301_有効求人倍率,倍,1.63,1.63
labour,働く人の環境（就業・求人・給与）,20000,長野県,pref,20,長野県,2018100000,2018年度,2018,00001|F310301,観測値|F310301_有効求人倍率,倍,1.69,1.69
labour,働く人の環境（就業・求人・給与）,20000,長野県,pref,20,長野県,2019100000,2019年度,2019,00001|F310301,観測値|F310301_有効求人倍率,倍,1.54,1.54
labour,働く人の環境（就業・求人・給与）,20000,長野県,pref,20,長野県,2020100000,2020年度,2020,00001|F310301,観測値|F310301_有効求人倍率,倍,1.13,1.13
labour,働く人の環境（就業・求人・給与）,20000,長野県,pref,20,長野県,2021100000,2021年度,2021,00001|F310301,観測値|F310301_有効求人倍率,倍,1.39,1.39
labour,働く人の環境（就業・求人・給与）,20000,長野県,pref,20,長野県,2022100000,2022年度,2022,00001|F310301,観測値|F310301_有効求人倍率,倍,1.55,1.55
labour,働く人の環境（就業・求人・給与）,20000,長野県,pref,20,長野県,2023100000,2023年度,2023,00001|F310301,観測値|F310301_有効求人倍率,倍,1.41,1.41
labour,働く人の環境（就業・求人・給与）,20000,長野県,pref,20,長野県,2024100000,2024年度,2024,00001|F310301,観測値|F310301_有効求人倍率,倍,1.31,1.31
labour,働く人の環境（就業・求人・給与）,21000,岐阜県,pref,21,岐阜県,2015100000,2015年度,2015,00001|F310301,観測値|F310301_有効求人倍率,倍,1.58,1.58
labour,働く人の環境（就業・求人・給与）,21000,岐阜県,pref,21,岐阜県,2016100000,2016年度,2016,00001|F310301,観測値|F310301_有効求人倍率,倍,1.72,1.72
labour,働く人の環境（就業・求人・給与）,21000,岐阜県,pref,21,岐阜県,2017100000,2017年度,2017,00001|F310301,観測値|F310301_有効求人倍率,倍,1.85,1.85
labour,働く人の環境（就業・求人・給与）,21000,岐阜県,pref,21,岐阜県,2018100000,2018年度,2018,00001|F310301,観測値|F310301_有効求人倍率,倍,2.03,2.03
labour,働く人の環境（就業・求人・給与）,21000,岐阜県,pref,21,岐阜県,2019100000,2019年度,2019,00001|F310301,観測値|F310301_有効求人倍率,倍,1.93,1.93
labour,働く人の環境（就業・求人・給与）,21000,岐阜県,pref,21,岐阜県,2020100000,2020年度,2020,00001|F310301,観測値|F310301_有効求人倍率,倍,1.3,1.30
labour,働く人の環境（就業・求人・給与）,21000,岐阜県,pref,21,岐阜県,2021100000,2021年度,2021,00001|F310301,観測値|F310301_有効求人倍率,倍,1.49,1.49
labour,働く人の環境（就業・求人・給与）,21000,岐阜県,pref,21,岐阜県,2022100000,2022年度,2022,00001|F310301,観測値|F310301_有効求人倍率,倍,1.66,1.66
labour,働く人の環境（就業・求人・給与）,21000,岐阜県,pref,21,岐阜県,2023100000,2023年度,2023,00001|F310301,観測値|F310301_有効求人倍率,倍,1.58,1.58
labour,働く人の環境（就業・求人・給与）,21000,岐阜県,pref,21,岐阜県,2024100000,2024年度,2024,00001|F310301,観測値|F310301_有効求人倍率,倍,1.52,1.52
labour,働く人の環境（就業・求人・給与）,22000,静岡県,pref,22,静岡県,2015100000,2015年度,2015,00001|F310301,観測値|F310301_有効求人倍率,倍,1.21,1.21
labour,働く人の環境（就業・求人・給与）,22000,静岡県,pref,22,静岡県,2016100000,2016年度,2016,00001|F310301,観測値|F310301_有効求人倍率,倍,1.39,1.39
labour,働く人の環境（就業・求人・給与）,22000,静岡県,pref,22,静岡県,2017100000,2017年度,2017,00001|F310301,観測値|F310301_有効求人倍率,倍,1.58,1.58
labour,働く人の環境（就業・求人・給与）,22000,静岡県,pref,22,静岡県,2018100000,2018年度,2018,00001|F310301,観測値|F310301_有効求人倍率,倍,1.68,1.68
labour,働く人の環境（就業・求人・給与）,22000,静岡県,pref,22,静岡県,2019100000,2019年度,2019,00001|F310301,観測値|F310301_有効求人倍率,倍,1.48,1.48
labour,働く人の環境（就業・求人・給与）,22000,静岡県,pref,22,静岡県,2020100000,2020年度,2020,00001|F310301,観測値|F310301_有効求人倍率,倍,0.97,0.97
labour,働く人の環境（就業・求人・給与）,22000,静岡県,pref,22,静岡県,2021100000,2021年度,2021,00001|F310301,観測値|F310301_有効求人倍率,倍,1.15,1.15
labour,働く人の環境（就業・求人・給与）,22000,静岡県,pref,22,静岡県,2022100000,2022年度,2022,00001|F310301,観測値|F310301_有効求人倍率,倍,1.29,1.29
labour,働く人の環境（就業・求人・給与）,22000,静岡県,pref,22,静岡県,2023100000,2023年度,2023,00001|F310301,観測値|F310301_有効求人倍率,倍,1.21,1.21
labour,働く人の環境（就業・求人・給与）,22000,静岡県,pref,22,静岡県,2024100000,2024年度,2024,00001|F310301,観測値|F310301_有効求人倍率,倍,1.11,1.11
labour,働く人の環境（就業・求人・給与）,23000,愛知県,pref,23,愛知県,2015100000,2015年度,2015,00001|F310301,観測値|F310301_有効求人倍率,倍,1.56,1.56
labour,働く人の環境（就業・求人・給与）,23000,愛知県,pref,23,愛知県,2016100000,2016年度,2016,00001|F310301,観測値|F310301_有効求人倍率,倍,1.66,1.66
labour,働く人の環境（就業・求人・給与）,23000,愛知県,pref,23,愛知県,2017100000,2017年度,2017,00001|F310301,観測値|F310301_有効求人倍率,倍,1.86,1.86
labour,働く人の環境（就業・求人・給与）,23000,愛知県,pref,23,愛知県,2018100000,2018年度,2018,00001|F310301,観測値|F310301_有効求人倍率,倍,1.97,1.97
labour,働く人の環境（就業・求人・給与）,23000,愛知県,pref,23,愛知県,2019100000,2019年度,2019,00001|F310301,観測値|F310301_有効求人倍率,倍,1.82,1.82
labour,働く人の環境（就業・求人・給与）,23000,愛知県,pref,23,愛知県,2020100000,2020年度,2020,00001|F310301,観測値|F310301_有効求人倍率,倍,1.1,1.10
labour,働く人の環境（就業・求人・給与）,23000,愛知県,pref,23,愛知県,2021100000,2021年度,2021,00001|F310301,観測値|F310301_有効求人倍率,倍,1.23,1.23
labour,働く人の環境（就業・求人・給与）,23000,愛知県,pref,23,愛知県,2022100000,2022年度,2022,00001|F310301,観測値|F310301_有効求人倍率,倍,1.39,1.39
labour,働く人の環境（就業・求人・給与）,23000,愛知県,pref,23,愛知県,2023100000,2023年度,2023,00001|F310301,観測値|F310301_有効求人倍率,倍,1.33,1.33
labour,働く人の環境（就業・求人・給与）,23000,愛知県,pref,23,愛知県,2024100000,2024年度,2024,00001|F310301,観測値|F310301_有効求人倍率,倍,1.28,1.28
labour,働く人の環境（就業・求人・給与）,24000,三重県,pref,24,三重県,2015100000,2015年度,2015,00001|F310301,観測値|F310301_有効求人倍率,倍,1.32,1.32
labour,働く人の環境（就業・求人・給与）,24000,三重県,pref,24,三重県,2016100000,2016年度,2016,00001|F310301,観測値|F310301_有効求人倍率,倍,1.45,1.45
labour,働く人の環境（就業・求人・給与）,24000,三重県,pref,24,三重県,2017100000,2017年度,2017,00001|F310301,観測値|F310301_有効求人倍率,倍,1.65,1.65
labour,働く人の環境（就業・求人・給与）,24000,三重県,pref,24,三重県,2018100000,2018年度,2018,00001|F310301,観測値|F310301_有効求人倍率,倍,1.71,1.71
labour,働く人の環境（就業・求人・給与）,24000,三重県,pref,24,三重県,2019100000,2019年度,2019,00001|F310301,観測値|F310301_有効求人倍率,倍,1.57,1.57
labour,働く人の環境（就業・求人・給与）,24000,三重県,pref,24,三重県,2020100000,2020年度,2020,00001|F310301,観測値|F310301_有効求人倍率,倍,1.09,1.09
labour,働く人の環境（就業・求人・給与）,24000,三重県,pref,24,三重県,2021100000,2021年度,2021,00001|F310301,観測値|F310301_有効求人倍率,倍,1.26,1.26
labour,働く人の環境（就業・求人・給与）,24000,三重県,pref,24,三重県,2022100000,2022年度,2022,00001|F310301,観測値|F310301_有効求人倍率,倍,1.4,1.40
labour,働く人の環境（就業・求人・給与）,24000,三重県,pref,24,三重県,2023100000,2023年度,2023,00001|F310301,観測値|F310301_有効求人倍率,倍,1.27,1.27
labour,働く人の環境（就業・求人・給与）,24000,三重県,pref,24,三重県,2024100000,2024年度,2024,00001|F310301,観測値|F310301_有効求人倍率,倍,1.16,1.16
labour,働く人の環境（就業・求人・給与）,25000,滋賀県,pref,25,滋賀県,2015100000,2015年度,2015,00001|F310301,観測値|F310301_有効求人倍率,倍,1.08,1.08
labour,働く人の環境（就業・求人・給与）,25000,滋賀県,pref,25,滋賀県,2016100000,2016年度,2016,00001|F310301,観測値|F310301_有効求人倍率,倍,1.2,1.20
labour,働く人の環境（就業・求人・給与）,25000,滋賀県,pref,25,滋賀県,2017100000,2017年度,2017,00001|F310301,観測値|F310301_有効求人倍率,倍,1.33,1.33
labour,働く人の環境（就業・求人・給与）,25000,滋賀県,pref,25,滋賀県,2018100000,2018年度,2018,00001|F310301,観測値|F310301_有効求人倍率,倍,1.38,1.38
labour,働く人の環境（就業・求人・給与）,25000,滋賀県,pref,25,滋賀県,2019100000,2019年度,2019,00001|F310301,観測値|F310301_有効求人倍率,倍,1.31,1.31
labour,働く人の環境（就業・求人・給与）,25000,滋賀県,pref,25,滋賀県,2020100000,2020年度,2020,00001|F310301,観測値|F310301_有効求人倍率,倍,0.86,0.86
labour,働く人の環境（就業・求人・給与）,25000,滋賀県,pref,25,滋賀県,2021100000,2021年度,2021,00001|F310301,観測値|F310301_有効求人倍率,倍,0.97,0.97
labour,働く人の環境（就業・求人・給与）,25000,滋賀県,pref,25,滋賀県,2022100000,2022年度,2022,00001|F310301,観測値|F310301_有効求人倍率,倍,1.13,1.13
labour,働く人の環境（就業・求人・給与）,25000,滋賀県,pref,25,滋賀県,2023100000,2023年度,2023,00001|F310301,観測値|F310301_有効求人倍率,倍,1.05,1.05
labour,働く人の環境（就業・求人・給与）,25000,滋賀県,pref,25,滋賀県,2024100000,2024年度,2024,00001|F310301,観測値|F310301_有効求人倍率,倍,1.01,1.01
labour,働く人の環境（就業・求人・給与）,26000,京都府,pref,26,京都府,2015100000,2015年度,2015,00001|F310301,観測値|F310301_有効求人倍率,倍,1.2,1.20
labour,働く人の環境（就業・求人・給与）,26000,京都府,pref,26,京都府,2016100000,2016年度,2016,00001|F310301,観測値|F310301_有効求人倍率,倍,1.35,1.35
labour,働く人の環境（就業・求人・給与）,26000,京都府,pref,26,京都府,2017100000,2017年度,2017,00001|F310301,観測値|F310301_有効求人倍率,倍,1.53,1.53
labour,働く人の環境（就業・求人・給与）,26000,京都府,pref,26,京都府,2018100000,2018年度,2018,00001|F310301,観測値|F310301_有効求人倍率,倍,1.58,1.58
labour,働く人の環境（就業・求人・給与）,26000,京都府,pref,26,京都府,2019100000,2019年度,2019,00001|F310301,観測値|F310301_有効求人倍率,倍,1.58,1.58
labour,働く人の環境（就業・求人・給与）,26000,京都府,pref,26,京都府,2020100000,2020年度,2020,00001|F310301,観測値|F310301_有効求人倍率,倍,1.06,1.06
labour,働く人の環境（就業・求人・給与）,26000,京都府,pref,26,京都府,2021100000,2021年度,2021,00001|F310301,観測値|F310301_有効求人倍率,倍,1.09,1.09
labour,働く人の環境（就業・求人・給与）,26000,京都府,pref,26,京都府,2022100000,2022年度,2022,00001|F310301,観測値|F310301_有効求人倍率,倍,1.22,1.22
labour,働く人の環境（就業・求人・給与）,26000,京都府,pref,26,京都府,2023100000,2023年度,2023,00001|F310301,観測値|F310301_有効求人倍率,倍,1.21,1.21
labour,働く人の環境（就業・求人・給与）,26000,京都府,pref,26,京都府,2024100000,2024年度,2024,00001|F310301,観測値|F310301_有効求人倍率,倍,1.23,1.23
labour,働く人の環境（就業・求人・給与）,27000,大阪府,pref,27,大阪府,2015100000,2015年度,2015,00001|F310301,観測値|F310301_有効求人倍率,倍,1.24,1.24
labour,働く人の環境（就業・求人・給与）,27000,大阪府,pref,27,大阪府,2016100000,2016年度,2016,00001|F310301,観測値|F310301_有効求人倍率,倍,1.42,1.42
labour,働く人の環境（就業・求人・給与）,27000,大阪府,pref,27,大阪府,2017100000,2017年度,2017,00001|F310301,観測値|F310301_有効求人倍率,倍,1.62,1.62
labour,働く人の環境（就業・求人・給与）,27000,大阪府,pref,27,大阪府,2018100000,2018年度,2018,00001|F310301,観測値|F310301_有効求人倍率,倍,1.78,1.78
labour,働く人の環境（就業・求人・給与）,27000,大阪府,pref,27,大阪府,2019100000,2019年度,2019,00001|F310301,観測値|F310301_有効求人倍率,倍,1.74,1.74
labour,働く人の環境（就業・求人・給与）,27000,大阪府,pref,27,大阪府,2020100000,2020年度,2020,00001|F310301,観測値|F310301_有効求人倍率,倍,1.18,1.18
labour,働く人の環境（就業・求人・給与）,27000,大阪府,pref,27,大阪府,2021100000,2021年度,2021,00001|F310301,観測値|F310301_有効求人倍率,倍,1.14,1.14
labour,働く人の環境（就業・求人・給与）,27000,大阪府,pref,27,大阪府,2022100000,2022年度,2022,00001|F310301,観測値|F310301_有効求人倍率,倍,1.27,1.27
labour,働く人の環境（就業・求人・給与）,27000,大阪府,pref,27,大阪府,2023100000,2023年度,2023,00001|F310301,観測値|F310301_有効求人倍率,倍,1.27,1.27
labour,働く人の環境（就業・求人・給与）,27000,大阪府,pref,27,大阪府,2024100000,2024年度,2024,00001|F310301,観測値|F310301_有効求人倍率,倍,1.21,1.21
labour,働く人の環境（就業・求人・給与）,28000,兵庫県,pref,28,兵庫県,2015100000,2015年度,2015,00001|F310301,観測値|F310301_有効求人倍率,倍,1.01,1.01
labour,働く人の環境（就業・求人・給与）,28000,兵庫県,pref,28,兵庫県,2016100000,2016年度,2016,00001|F310301,観測値|F310301_有効求人倍率,倍,1.17,1.17
labour,働く人の環境（就業・求人・給与）,28000,兵庫県,pref,28,兵庫県,2017100000,2017年度,2017,00001|F310301,観測値|F310301_有効求人倍率,倍,1.32,1.32
labour,働く人の環境（就業・求人・給与）,28000,兵庫県,pref,28,兵庫県,2018100000,2018年度,2018,00001|F310301,観測値|F310301_有効求人倍率,倍,1.45,1.45
labour,働く人の環境（就業・求人・給与）,28000,兵庫県,pref,28,兵庫県,2019100000,2019年度,2019,00001|F310301,観測値|F310301_有効求人倍率,倍,1.38,1.38
labour,働く人の環境（就業・求人・給与）,28000,兵庫県,pref,28,兵庫県,2020100000,2020年度,2020,00001|F310301,観測値|F310301_有効求人倍率,倍,0.97,0.97
labour,働く人の環境（就業・求人・給与）,28000,兵庫県,pref,28,兵庫県,2021100000,2021年度,2021,00001|F310301,観測値|F310301_有効求人倍率,倍,0.94,0.94
labour,働く人の環境（就業・求人・給与）,28000,兵庫県,pref,28,兵庫県,2022100000,2022年度,2022,00001|F310301,観測値|F310301_有効求人倍率,倍,1.03,1.03
labour,働く人の環境（就業・求人・給与）,28000,兵庫県,pref,28,兵庫県,2023100000,2023年度,2023,00001|F310301,観測値|F310301_有効求人倍率,倍,1.02,1.02
labour,働く人の環境（就業・求人・給与）,28000,兵庫県,pref,28,兵庫県,2024100000,2024年度,2024,00001|F310301,観測値|F310301_有効求人倍率,倍,1.0,1.00
labour,働く人の環境（就業・求人・給与）,29000,奈良県,pref,29,奈良県,2015100000,2015年度,2015,00001|F310301,観測値|F310301_有効求人倍率,倍,1.04,1.04
labour,働く人の環境（就業・求人・給与）,29000,奈良県,pref,29,奈良県,2016100000,2016年度,2016,00001|F310301,観測値|F310301_有効求人倍率,倍,1.18,1.18
labour,働く人の環境（就業・求人・給与）,29000,奈良県,pref,29,奈良県,2017100000,2017年度,2017,00001|F310301,観測値|F310301_有効求人倍率,倍,1.34,1.34
labour,働く人の環境（就業・求人・給与）,29000,奈良県,pref,29,奈良県,2018100000,2018年度,2018,00001|F310301,観測値|F310301_有効求人倍率,倍,1.49,1.49
labour,働く人の環境（就業・求人・給与）,29000,奈良県,pref,29,奈良県,2019100000,2019年度,2019,00001|F310301,観測値|F310301_有効求人倍率,倍,1.47,1.47
labour,働く人の環境（就業・求人・給与）,29000,奈良県,pref,29,奈良県,2020100000,2020年度,2020,00001|F310301,観測値|F310301_有効求人倍率,倍,1.14,1.14
labour,働く人の環境（就業・求人・給与）,29000,奈良県,pref,29,奈良県,2021100000,2021年度,2021,00001|F310301,観測値|F310301_有効求人倍率,倍,1.19,1.19
labour,働く人の環境（就業・求人・給与）,29000,奈良県,pref,29,奈良県,2022100000,2022年度,2022,00001|F310301,観測値|F310301_有効求人倍率,倍,1.23,1.23
labour,働く人の環境（就業・求人・給与）,29000,奈良県,pref,29,奈良県,2023100000,2023年度,2023,00001|F310301,観測値|F310301_有効求人倍率,倍,1.15,1.15
labour,働く人の環境（就業・求人・給与）,29000,奈良県,pref,29,奈良県,2024100000,2024年度,2024,00001|F310301,観測値|F310301_有効求人倍率,倍,1.15,1.15
labour,働く人の環境（就業・求人・給与）,30000,和歌山県,pref,30,和歌山県,2015100000,2015年度,2015,00001|F310301,観測値|F310301_有効求人倍率,倍,1.08,1.08
labour,働く人の環境（就業・求人・給与）,30000,和歌山県,pref,30,和歌山県,2016100000,2016年度,2016,00001|F310301,観測値|F310301_有効求人倍率,倍,1.18,1.18
labour,働く人の環境（就業・求人・給与）,30000,和歌山県,pref,30,和歌山県,2017100000,2017年度,2017,00001|F310301,観測値|F310301_有効求人倍率,倍,1.29,1.29
labour,働く人の環境（就業・求人・給与）,30000,和歌山県,pref,30,和歌山県,2018100000,2018年度,2018,00001|F310301,観測値|F310301_有効求人倍率,倍,1.36,1.36
labour,働く人の環境（就業・求人・給与）,30000,和歌山県,pref,30,和歌山県,2019100000,2019年度,2019,00001|F310301,観測値|F310301_有効求人倍率,倍,1.37,1.37
labour,働く人の環境（就業・求人・給与）,30000,和歌山県,pref,30,和歌山県,2020100000,2020年度,2020,00001|F310301,観測値|F310301_有効求人倍率,倍,1.0,1.00
labour,働く人の環境（就業・求人・給与）,30000,和歌山県,pref,30,和歌山県,2021100000,2021年度,2021,00001|F310301,観測値|F310301_有効求人倍率,倍,1.12,1.12
labour,働く人の環境（就業・求人・給与）,30000,和歌山県,pref,30,和歌山県,2022100000,2022年度,2022,00001|F310301,観測値|F310301_有効求人倍率,倍,1.16,1.16
labour,働く人の環境（就業・求人・給与）,30000,和歌山県,pref,30,和歌山県,2023100000,2023年度,2023,00001|F310301,観測値|F310301_有効求人倍率,倍,1.13,1.13
labour,働く人の環境（就業・求人・給与）,30000,和歌山県,pref,30,和歌山県,2024100000,2024年度,2024,00001|F310301,観測値|F310301_有効求人倍率,倍,1.13,1.13
labour,働く人の環境（就業・求人・給与）,31000,鳥取県,pref,31,鳥取県,2015100000,2015年度,2015,00001|F310301,観測値|F310301_有効求人倍率,倍,1.2,1.20
labour,働く人の環境（就業・求人・給与）,31000,鳥取県,pref,31,鳥取県,2016100000,2016年度,2016,00001|F310301,観測値|F310301_有効求人倍率,倍,1.41,1.41
labour,働く人の環境（就業・求人・給与）,31000,鳥取県,pref,31,鳥取県,2017100000,2017年度,2017,00001|F310301,観測値|F310301_有効求人倍率,倍,1.63,1.63
labour,働く人の環境（就業・求人・給与）,31000,鳥取県,pref,31,鳥取県,2018100000,2018年度,2018,00001|F310301,観測値|F310301_有効求人倍率,倍,1.66,1.66
labour,働く人の環境（就業・求人・給与）,31000,鳥取県,pref,31,鳥取県,2019100000,2019年度,2019,00001|F310301,観測値|F310301_有効求人倍率,倍,1.67,1.67
labour,働く人の環境（就業・求人・給与）,31000,鳥取県,pref,31,鳥取県,2020100000,2020年度,2020,00001|F310301,観測値|F310301_有効求人倍率,倍,1.25,1.25
labour,働く人の環境（就業・求人・給与）,31000,鳥取県,pref,31,鳥取県,2021100000,2021年度,2021,00001|F310301,観測値|F310301_有効求人倍率,倍,1.39,1.39
labour,働く人の環境（就業・求人・給与）,31000,鳥取県,pref,31,鳥取県,2022100000,2022年度,2022,00001|F310301,観測値|F310301_有効求人倍率,倍,1.53,1.53
labour,働く人の環境（就業・求人・給与）,31000,鳥取県,pref,31,鳥取県,2023100000,2023年度,2023,00001|F310301,観測値|F310301_有効求人倍率,倍,1.36,1.36
labour,働く人の環境（就業・求人・給与）,31000,鳥取県,pref,31,鳥取県,2024100000,2024年度,2024,00001|F310301,観測値|F310301_有効求人倍率,倍,1.29,1.29
labour,働く人の環境（就業・求人・給与）,32000,島根県,pref,32,島根県,2015100000,2015年度,2015,00001|F310301,観測値|F310301_有効求人倍率,倍,1.3,1.30
labour,働く人の環境（就業・求人・給与）,32000,島根県,pref,32,島根県,2016100000,2016年度,2016,00001|F310301,観測値|F310301_有効求人倍率,倍,1.5,1.50
labour,働く人の環境（就業・求人・給与）,32000,島根県,pref,32,島根県,2017100000,2017年度,2017,00001|F310301,観測値|F310301_有効求人倍率,倍,1.64,1.64
labour,働く人の環境（就業・求人・給与）,32000,島根県,pref,32,島根県,2018100000,2018年度,2018,00001|F310301,観測値|F310301_有効求人倍率,倍,1.74,1.74
labour,働く人の環境（就業・求人・給与）,32000,島根県,pref,32,島根県,2019100000,2019年度,2019,00001|F310301,観測値|F310301_有効求人倍率,倍,1.68,1.68
labour,働く人の環境（就業・求人・給与）,32000,島根県,pref,32,島根県,2020100000,2020年度,2020,00001|F310301,観測値|F310301_有効求人倍率,倍,1.39,1.39
labour,働く人の環境（就業・求人・給与）,32000,島根県,pref,32,島根県,2021100000,2021年度,2021,00001|F310301,観測値|F310301_有効求人倍率,倍,1.55,1.55
labour,働く人の環境（就業・求人・給与）,32000,島根県,pref,32,島根県,2022100000,2022年度,2022,00001|F310301,観測値|F310301_有効求人倍率,倍,1.71,1.71
labour,働く人の環境（就業・求人・給与）,32000,島根県,pref,32,島根県,2023100000,2023年度,2023,00001|F310301,観測値|F310301_有効求人倍率,倍,1.52,1.52
labour,働く人の環境（就業・求人・給与）,32000,島根県,pref,32,島根県,2024100000,2024年度,2024,00001|F310301,観測値|F310301_有効求人倍率,倍,1.42,1.42
labour,働く人の環境（就業・求人・給与）,33000,岡山県,pref,33,岡山県,2015100000,2015年度,2015,00001|F310301,観測値|F310301_有効求人倍率,倍,1.5,1.50
labour,働く人の環境（就業・求人・給与）,33000,岡山県,pref,33,岡山県,2016100000,2016年度,2016,00001|F310301,観測値|F310301_有効求人倍率,倍,1.7,1.70
labour,働く人の環境（就業・求人・給与）,33000,岡山県,pref,33,岡山県,2017100000,2017年度,2017,00001|F310301,観測値|F310301_有効求人倍率,倍,1.81,1.81
labour,働く人の環境（就業・求人・給与）,33000,岡山県,pref,33,岡山県,2018100000,2018年度,2018,00001|F310301,観測値|F310301_有効求人倍率,倍,1.99,1.99
labour,働く人の環境（就業・求人・給与）,33000,岡山県,pref,33,岡山県,2019100000,2019年度,2019,00001|F310301,観測値|F310301_有効求人倍率,倍,1.99,1.99
labour,働く人の環境（就業・求人・給与）,33000,岡山県,pref,33,岡山県,2020100000,2020年度,2020,00001|F310301,観測値|F310301_有効求人倍率,倍,1.47,1.47
labour,働く人の環境（就業・求人・給与）,33000,岡山県,pref,33,岡山県,2021100000,2021年度,2021,00001|F310301,観測値|F310301_有効求人倍率,倍,1.41,1.41
labour,働く人の環境（就業・求人・給与）,33000,岡山県,pref,33,岡山県,2022100000,2022年度,2022,00001|F310301,観測値|F310301_有効求人倍率,倍,1.55,1.55
labour,働く人の環境（就業・求人・給与）,33000,岡山県,pref,33,岡山県,2023100000,2023年度,2023,00001|F310301,観測値|F310301_有効求人倍率,倍,1.53,1.53
labour,働く人の環境（就業・求人・給与）,33000,岡山県,pref,33,岡山県,2024100000,2024年度,2024,00001|F310301,観測値|F310301_有効求人倍率,倍,1.44,1.44
labour,働く人の環境（就業・求人・給与）,34000,広島県,pref,34,広島県,2015100000,2015年度,2015,00001|F310301,観測値|F310301_有効求人倍率,倍,1.52,1.52
labour,働く人の環境（就業・求人・給与）,34000,広島県,pref,34,広島県,2016100000,2016年度,2016,00001|F310301,観測値|F310301_有効求人倍率,倍,1.68,1.68
labour,働く人の環境（就業・求人・給与）,34000,広島県,pref,34,広島県,2017100000,2017年度,2017,00001|F310301,観測値|F310301_有効求人倍率,倍,1.88,1.88
labour,働く人の環境（就業・求人・給与）,34000,広島県,pref,34,広島県,2018100000,2018年度,2018,00001|F310301,観測値|F310301_有効求人倍率,倍,2.08,2.08
labour,働く人の環境（就業・求人・給与）,34000,広島県,pref,34,広島県,2019100000,2019年度,2019,00001|F310301,観測値|F310301_有効求人倍率,倍,1.96,1.96
labour,働く人の環境（就業・求人・給与）,34000,広島県,pref,34,広島県,2020100000,2020年度,2020,00001|F310301,観測値|F310301_有効求人倍率,倍,1.29,1.29
labour,働く人の環境（就業・求人・給与）,34000,広島県,pref,34,広島県,2021100000,2021年度,2021,00001|F310301,観測値|F310301_有効求人倍率,倍,1.38,1.38
labour,働く人の環境（就業・求人・給与）,34000,広島県,pref,34,広島県,2022100000,2022年度,2022,00001|F310301,観測値|F310301_有効求人倍率,倍,1.57,1.57
labour,働く人の環境（就業・求人・給与）,34000,広島県,pref,34,広島県,2023100000,2023年度,2023,00001|F310301,観測値|F310301_有効求人倍率,倍,1.53,1.53
labour,働く人の環境（就業・求人・給与）,34000,広島県,pref,34,広島県,2024100000,2024年度,2024,00001|F310301,観測値|F310301_有効求人倍率,倍,1.43,1.43
labour,働く人の環境（就業・求人・給与）,35000,山口県,pref,35,山口県,2015100000,2015年度,2015,00001|F310301,観測値|F310301_有効求人倍率,倍,1.26,1.26
labour,働く人の環境（就業・求人・給与）,35000,山口県,pref,35,山口県,2016100000,2016年度,2016,00001|F310301,観測値|F310301_有効求人倍率,倍,1.41,1.41
labour,働く人の環境（就業・求人・給与）,35000,山口県,pref,35,山口県,2017100000,2017年度,2017,00001|F310301,観測値|F310301_有効求人倍率,倍,1.51,1.51
labour,働く人の環境（就業・求人・給与）,35000,山口県,pref,35,山口県,2018100000,2018年度,2018,00001|F310301,観測値|F310301_有効求人倍率,倍,1.61,1.61
labour,働く人の環境（就業・求人・給与）,35000,山口県,pref,35,山口県,2019100000,2019年度,2019,00001|F310301,観測値|F310301_有効求人倍率,倍,1.56,1.56
labour,働く人の環境（就業・求人・給与）,35000,山口県,pref,35,山口県,2020100000,2020年度,2020,00001|F310301,観測値|F310301_有効求人倍率,倍,1.24,1.24
labour,働く人の環境（就業・求人・給与）,35000,山口県,pref,35,山口県,2021100000,2021年度,2021,00001|F310301,観測値|F310301_有効求人倍率,倍,1.38,1.38
labour,働く人の環境（就業・求人・給与）,35000,山口県,pref,35,山口県,2022100000,2022年度,2022,00001|F310301,観測値|F310301_有効求人倍率,倍,1.54,1.54
labour,働く人の環境（就業・求人・給与）,35000,山口県,pref,35,山口県,2023100000,2023年度,2023,00001|F310301,観測値|F310301_有効求人倍率,倍,1.49,1.49
labour,働く人の環境（就業・求人・給与）,35000,山口県,pref,35,山口県,2024100000,2024年度,2024,00001|F310301,観測値|F310301_有効求人倍率,倍,1.45,1.45
labour,働く人の環境（就業・求人・給与）,36000,徳島県,pref,36,徳島県,2015100000,2015年度,2015,00001|F310301,観測値|F310301_有効求人倍率,倍,1.21,1.21
labour,働く人の環境（就業・求人・給与）,36000,徳島県,pref,36,徳島県,2016100000,2016年度,2016,00001|F310301,観測値|F310301_有効求人倍率,倍,1.35,1.35
labour,働く人の環境（就業・求人・給与）,36000,徳島県,pref,36,徳島県,2017100000,2017年度,2017,00001|F310301,観測値|F310301_有効求人倍率,倍,1.41,1.41
labour,働く人の環境（就業・求人・給与）,36000,徳島県,pref,36,徳島県,2018100000,2018年度,2018,00001|F310301,観測値|F310301_有効求人倍率,倍,1.48,1.48
labour,働く人の環境（就業・求人・給与）,36000,徳島県,pref,36,徳島県,2019100000,2019年度,2019,00001|F310301,観測値|F310301_有効求人倍率,倍,1.45,1.45
labour,働く人の環境（就業・求人・給与）,36000,徳島県,pref,36,徳島県,2020100000,2020年度,2020,00001|F310301,観測値|F310301_有効求人倍率,倍,1.11,1.11
labour,働く人の環境（就業・求人・給与）,36000,徳島県,pref,36,徳島県,2021100000,2021年度,2021,00001|F310301,観測値|F310301_有効求人倍率,倍,1.23,1.23
labour,働く人の環境（就業・求人・給与）,36000,徳島県,pref,36,徳島県,2022100000,2022年度,2022,00001|F310301,観測値|F310301_有効求人倍率,倍,1.26,1.26
labour,働く人の環境（就業・求人・給与）,36000,徳島県,pref,36,徳島県,2023100000,2023年度,2023,00001|F310301,観測値|F310301_有効求人倍率,倍,1.2,1.20
labour,働く人の環境（就業・求人・給与）,36000,徳島県,pref,36,徳島県,2024100000,2024年度,2024,00001|F310301,観測値|F310301_有効求人倍率,倍,1.14,1.14
labour,働く人の環境（就業・求人・給与）,37000,香川県,pref,37,香川県,2015100000,2015年度,2015,00001|F310301,観測値|F310301_有効求人倍率,倍,1.46,1.46
labour,働く人の環境（就業・求人・給与）,37000,香川県,pref,37,香川県,2016100000,2016年度,2016,00001|F310301,観測値|F310301_有効求人倍率,倍,1.65,1.65
labour,働く人の環境（就業・求人・給与）,37000,香川県,pref,37,香川県,2017100000,2017年度,2017,00001|F310301,観測値|F310301_有効求人倍率,倍,1.75,1.75
labour,働く人の環境（就業・求人・給与）,37000,香川県,pref,37,香川県,2018100000,2018年度,2018,00001|F310301,観測値|F310301_有効求人倍率,倍,1.79,1.79
labour,働く人の環境（就業・求人・給与）,37000,香川県,pref,37,香川県,2019100000,2019年度,2019,00001|F310301,観測値|F310301_有効求人倍率,倍,1.78,1.78
labour,働く人の環境（就業・求人・給与）,37000,香川県,pref,37,香川県,2020100000,2020年度,2020,00001|F310301,観測値|F310301_有効求人倍率,倍,1.33,1.33
labour,働く人の環境（就業・求人・給与）,37000,香川県,pref,37,香川県,2021100000,2021年度,2021,00001|F310301,観測値|F310301_有効求人倍率,倍,1.42,1.42
labour,働く人の環境（就業・求人・給与）,37000,香川県,pref,37,香川県,2022100000,2022年度,2022,00001|F310301,観測値|F310301_有効求人倍率,倍,1.51,1.51
labour,働く人の環境（就業・求人・給与）,37000,香川県,pref,37,香川県,2023100000,2023年度,2023,00001|F310301,観測値|F310301_有効求人倍率,倍,1.42,1.42
labour,働く人の環境（就業・求人・給与）,37000,香川県,pref,37,香川県,2024100000,2024年度,2024,00001|F310301,観測値|F310301_有効求人倍率,倍,1.46,1.46
labour,働く人の環境（就業・求人・給与）,38000,愛媛県,pref,38,愛媛県,2015100000,2015年度,2015,00001|F310301,観測値|F310301_有効求人倍率,倍,1.27,1.27
labour,働く人の環境（就業・求人・給与）,38000,愛媛県,pref,38,愛媛県,2016100000,2016年度,2016,00001|F310301,観測値|F310301_有効求人倍率,倍,1.42,1.42
labour,働く人の環境（就業・求人・給与）,38000,愛媛県,pref,38,愛媛県,2017100000,2017年度,2017,00001|F310301,観測値|F310301_有効求人倍率,倍,1.55,1.55
labour,働く人の環境（就業・求人・給与）,38000,愛媛県,pref,38,愛媛県,2018100000,2018年度,2018,00001|F310301,観測値|F310301_有効求人倍率,倍,1.63,1.63
labour,働く人の環境（就業・求人・給与）,38000,愛媛県,pref,38,愛媛県,2019100000,2019年度,2019,00001|F310301,観測値|F310301_有効求人倍率,倍,1.6,1.60
labour,働く人の環境（就業・求人・給与）,38000,愛媛県,pref,38,愛媛県,2020100000,2020年度,2020,00001|F310301,観測値|F310301_有効求人倍率,倍,1.26,1.26
labour,働く人の環境（就業・求人・給与）,38000,愛媛県,pref,38,愛媛県,2021100000,2021年度,2021,00001|F310301,観測値|F310301_有効求人倍率,倍,1.31,1.31
labour,働く人の環境（就業・求人・給与）,38000,愛媛県,pref,38,愛媛県,2022100000,2022年度,2022,00001|F310301,観測値|F310301_有効求人倍率,倍,1.44,1.44
labour,働く人の環境（就業・求人・給与）,38000,愛媛県,pref,38,愛媛県,2023100000,2023年度,2023,00001|F310301,観測値|F310301_有効求人倍率,倍,1.36,1.36
labour,働く人の環境（就業・求人・給与）,38000,愛媛県,pref,38,愛媛県,2024100000,2024年度,2024,00001|F310301,観測値|F310301_有効求人倍率,倍,1.36,1.36
labour,働く人の環境（就業・求人・給与）,39000,高知県,pref,39,高知県,2015100000,2015年度,2015,00001|F310301,観測値|F310301_有効求人倍率,倍,0.98,0.98
labour,働く人の環境（就業・求人・給与）,39000,高知県,pref,39,高知県,2016100000,2016年度,2016,00001|F310301,観測値|F310301_有効求人倍率,倍,1.13,1.13
labour,働く人の環境（就業・求人・給与）,39000,高知県,pref,39,高知県,2017100000,2017年度,2017,00001|F310301,観測値|F310301_有効求人倍率,倍,1.2,1.20
labour,働く人の環境（就業・求人・給与）,39000,高知県,pref,39,高知県,2018100000,2018年度,2018,00001|F310301,観測値|F310301_有効求人倍率,倍,1.27,1.27
labour,働く人の環境（就業・求人・給与）,39000,高知県,pref,39,高知県,2019100000,2019年度,2019,00001|F310301,観測値|F310301_有効求人倍率,倍,1.27,1.27
labour,働く人の環境（就業・求人・給与）,39000,高知県,pref,39,高知県,2020100000,2020年度,2020,00001|F310301,観測値|F310301_有効求人倍率,倍,0.99,0.99
labour,働く人の環境（就業・求人・給与）,39000,高知県,pref,39,高知県,2021100000,2021年度,2021,00001|F310301,観測値|F310301_有効求人倍率,倍,1.11,1.11
labour,働く人の環境（就業・求人・給与）,39000,高知県,pref,39,高知県,2022100000,2022年度,2022,00001|F310301,観測値|F310301_有効求人倍率,倍,1.21,1.21
labour,働く人の環境（就業・求人・給与）,39000,高知県,pref,39,高知県,2023100000,2023年度,2023,00001|F310301,観測値|F310301_有効求人倍率,倍,1.14,1.14
labour,働く人の環境（就業・求人・給与）,39000,高知県,pref,39,高知県,2024100000,2024年度,2024,00001|F310301,観測値|F310301_有効求人倍率,倍,1.1,1.10
labour,働く人の環境（就業・求人・給与）,40000,福岡県,pref,40,福岡県,2015100000,2015年度,2015,00001|F310301,観測値|F310301_有効求人倍率,倍,1.16,1.16
labour,働く人の環境（就業・求人・給与）,40000,福岡県,pref,40,福岡県,2016100000,2016年度,2016,00001|F310301,観測値|F310301_有効求人倍率,倍,1.36,1.36
labour,働く人の環境（就業・求人・給与）,40000,福岡県,pref,40,福岡県,2017100000,2017年度,2017,00001|F310301,観測値|F310301_有効求人倍率,倍,1.54,1.54
labour,働く人の環境（就業・求人・給与）,40000,福岡県,pref,40,福岡県,2018100000,2018年度,2018,00001|F310301,観測値|F310301_有効求人倍率,倍,1.59,1.59
labour,働く人の環境（就業・求人・給与）,40000,福岡県,pref,40,福岡県,2019100000,2019年度,2019,00001|F310301,観測値|F310301_有効求人倍率,倍,1.52,1.52
labour,働く人の環境（就業・求人・給与）,40000,福岡県,pref,40,福岡県,2020100000,2020年度,2020,00001|F310301,観測値|F310301_有効求人倍率,倍,1.06,1.06
labour,働く人の環境（就業・求人・給与）,40000,福岡県,pref,40,福岡県,2021100000,2021年度,2021,00001|F310301,観測値|F310301_有効求人倍率,倍,1.08,1.08
labour,働く人の環境（就業・求人・給与）,40000,福岡県,pref,40,福岡県,2022100000,2022年度,2022,00001|F310301,観測値|F310301_有効求人倍率,倍,1.21,1.21
labour,働く人の環境（就業・求人・給与）,40000,福岡県,pref,40,福岡県,2023100000,2023年度,2023,00001|F310301,観測値|F310301_有効求人倍率,倍,1.23,1.23
labour,働く人の環境（就業・求人・給与）,40000,福岡県,pref,40,福岡県,2024100000,2024年度,2024,00001|F310301,観測値|F310301_有効求人倍率,倍,1.18,1.18
labour,働く人の環境（就業・求人・給与）,41000,佐賀県,pref,41,佐賀県,2015100000,2015年度,2015,00001|F310301,観測値|F310301_有効求人倍率,倍,0.97,0.97
labour,働く人の環境（就業・求人・給与）,41000,佐賀県,pref,41,佐賀県,2016100000,2016年度,2016,00001|F310301,観測値|F310301_有効求人倍率,倍,1.15,1.15
labour,働く人の環境（就業・求人・給与）,41000,佐賀県,pref,41,佐賀県,2017100000,2017年度,2017,00001|F310301,観測値|F310301_有効求人倍率,倍,1.25,1.25
labour,働く人の環境（就業・求人・給与）,41000,佐賀県,pref,41,佐賀県,2018100000,2018年度,2018,00001|F310301,観測値|F310301_有効求人倍率,倍,1.32,1.32
labour,働く人の環境（就業・求人・給与）,41000,佐賀県,pref,41,佐賀県,2019100000,2019年度,2019,00001|F310301,観測値|F310301_有効求人倍率,倍,1.26,1.26
labour,働く人の環境（就業・求人・給与）,41000,佐賀県,pref,41,佐賀県,2020100000,2020年度,2020,00001|F310301,観測値|F310301_有効求人倍率,倍,1.07,1.07
labour,働く人の環境（就業・求人・給与）,41000,佐賀県,pref,41,佐賀県,2021100000,2021年度,2021,00001|F310301,観測値|F310301_有効求人倍率,倍,1.26,1.26
labour,働く人の環境（就業・求人・給与）,41000,佐賀県,pref,41,佐賀県,2022100000,2022年度,2022,00001|F310301,観測値|F310301_有効求人倍率,倍,1.36,1.36
labour,働く人の環境（就業・求人・給与）,41000,佐賀県,pref,41,佐賀県,2023100000,2023年度,2023,00001|F310301,観測値|F310301_有効求人倍率,倍,1.34,1.34
labour,働く人の環境（就業・求人・給与）,41000,佐賀県,pref,41,佐賀県,2024100000,2024年度,2024,00001|F310301,観測値|F310301_有効求人倍率,倍,1.29,1.29
labour,働く人の環境（就業・求人・給与）,42000,長崎県,pref,42,長崎県,2015100000,2015年度,2015,00001|F310301,観測値|F310301_有効求人倍率,倍,1.01,1.01
labour,働く人の環境（就業・求人・給与）,42000,長崎県,pref,42,長崎県,2016100000,2016年度,2016,00001|F310301,観測値|F310301_有効求人倍率,倍,1.14,1.14
labour,働く人の環境（就業・求人・給与）,42000,長崎県,pref,42,長崎県,2017100000,2017年度,2017,00001|F310301,観測値|F310301_有効求人倍率,倍,1.2,1.20
labour,働く人の環境（就業・求人・給与）,42000,長崎県,pref,42,長崎県,2018100000,2018年度,2018,00001|F310301,観測値|F310301_有効求人倍率,倍,1.25,1.25
labour,働く人の環境（就業・求人・給与）,42000,長崎県,pref,42,長崎県,2019100000,2019年度,2019,00001|F310301,観測値|F310301_有効求人倍率,倍,1.18,1.18
labour,働く人の環境（就業・求人・給与）,42000,長崎県,pref,42,長崎県,2020100000,2020年度,2020,00001|F310301,観測値|F310301_有効求人倍率,倍,0.95,0.95
labour,働く人の環境（就業・求人・給与）,42000,長崎県,pref,42,長崎県,2021100000,2021年度,2021,00001|F310301,観測値|F310301_有効求人倍率,倍,1.1,1.10
labour,働く人の環境（就業・求人・給与）,42000,長崎県,pref,42,長崎県,2022100000,2022年度,2022,00001|F310301,観測値|F310301_有効求人倍率,倍,1.2,1.20
labour,働く人の環境（就業・求人・給与）,42000,長崎県,pref,42,長崎県,2023100000,2023年度,2023,00001|F310301,観測値|F310301_有効求人倍率,倍,1.21,1.21
labour,働く人の環境（就業・求人・給与）,42000,長崎県,pref,42,長崎県,2024100000,2024年度,2024,00001|F310301,観測値|F310301_有効求人倍率,倍,1.18,1.18
labour,働く人の環境（就業・求人・給与）,43000,熊本県,pref,43,熊本県,2015100000,2015年度,2015,00001|F310301,観測値|F310301_有効求人倍率,倍,1.14,1.14
labour,働く人の環境（就業・求人・給与）,43000,熊本県,pref,43,熊本県,2016100000,2016年度,2016,00001|F310301,観測値|F310301_有効求人倍率,倍,1.4,1.40
labour,働く人の環境（就業・求人・給与）,43000,熊本県,pref,43,熊本県,2017100000,2017年度,2017,00001|F310301,観測値|F310301_有効求人倍率,倍,1.64,1.64
labour,働く人の環境（就業・求人・給与）,43000,熊本県,pref,43,熊本県,2018100000,2018年度,2018,00001|F310301,観測値|F310301_有効求人倍率,倍,1.69,1.69
labour,働く人の環境（就業・求人・給与）,43000,熊本県,pref,43,熊本県,2019100000,2019年度,2019,00001|F310301,観測値|F310301_有効求人倍率,倍,1.57,1.57
labour,働く人の環境（就業・求人・給与）,43000,熊本県,pref,43,熊本県,2020100000,2020年度,2020,00001|F310301,観測値|F310301_有効求人倍率,倍,1.19,1.19
labour,働く人の環境（就業・求人・給与）,43000,熊本県,pref,43,熊本県,2021100000,2021年度,2021,00001|F310301,観測値|F310301_有効求人倍率,倍,1.35,1.35
labour,働く人の環境（就業・求人・給与）,43000,熊本県,pref,43,熊本県,2022100000,2022年度,2022,00001|F310301,観測値|F310301_有効求人倍率,倍,1.42,1.42
labour,働く人の環境（就業・求人・給与）,43000,熊本県,pref,43,熊本県,2023100000,2023年度,2023,00001|F310301,観測値|F310301_有効求人倍率,倍,1.3,1.30
labour,働く人の環境（就業・求人・給与）,43000,熊本県,pref,43,熊本県,2024100000,2024年度,2024,00001|F310301,観測値|F310301_有効求人倍率,倍,1.22,1.22
labour,働く人の環境（就業・求人・給与）,44000,大分県,pref,44,大分県,2015100000,2015年度,2015,00001|F310301,観測値|F310301_有効求人倍率,倍,1.07,1.07
labour,働く人の環境（就業・求人・給与）,44000,大分県,pref,44,大分県,2016100000,2016年度,2016,00001|F310301,観測値|F310301_有効求人倍率,倍,1.25,1.25
labour,働く人の環境（就業・求人・給与）,44000,大分県,pref,44,大分県,2017100000,2017年度,2017,00001|F310301,観測値|F310301_有効求人倍率,倍,1.45,1.45
labour,働く人の環境（就業・求人・給与）,44000,大分県,pref,44,大分県,2018100000,2018年度,2018,00001|F310301,観測値|F310301_有効求人倍率,倍,1.56,1.56
labour,働く人の環境（就業・求人・給与）,44000,大分県,pref,44,大分県,2019100000,2019年度,2019,00001|F310301,観測値|F310301_有効求人倍率,倍,1.49,1.49
labour,働く人の環境（就業・求人・給与）,44000,大分県,pref,44,大分県,2020100000,2020年度,2020,00001|F310301,観測値|F310301_有効求人倍率,倍,1.12,1.12
labour,働く人の環境（就業・求人・給与）,44000,大分県,pref,44,大分県,2021100000,2021年度,2021,00001|F310301,観測値|F310301_有効求人倍率,倍,1.21,1.21
labour,働く人の環境（就業・求人・給与）,44000,大分県,pref,44,大分県,2022100000,2022年度,2022,00001|F310301,観測値|F310301_有効求人倍率,倍,1.4,1.40
labour,働く人の環境（就業・求人・給与）,44000,大分県,pref,44,大分県,2023100000,2023年度,2023,00001|F310301,観測値|F310301_有効求人倍率,倍,1.41,1.41
labour,働く人の環境（就業・求人・給与）,44000,大分県,pref,44,大分県,2024100000,2024年度,2024,00001|F310301,観測値|F310301_有効求人倍率,倍,1.35,1.35
labour,働く人の環境（就業・求人・給与）,45000,宮崎県,pref,45,宮崎県,2015100000,2015年度,2015,00001|F310301,観測値|F310301_有効求人倍率,倍,1.07,1.07
labour,働く人の環境（就業・求人・給与）,45000,宮崎県,pref,45,宮崎県,2016100000,2016年度,2016,00001|F310301,観測値|F310301_有効求人倍率,倍,1.27,1.27
labour,働く人の環境（就業・求人・給与）,45000,宮崎県,pref,45,宮崎県,2017100000,2017年度,2017,00001|F310301,観測値|F310301_有効求人倍率,倍,1.44,1.44
labour,働く人の環境（就業・求人・給与）,45000,宮崎県,pref,45,宮崎県,2018100000,2018年度,2018,00001|F310301,観測値|F310301_有効求人倍率,倍,1.49,1.49
labour,働く人の環境（就業・求人・給与）,45000,宮崎県,pref,45,宮崎県,2019100000,2019年度,2019,00001|F310301,観測値|F310301_有効求人倍率,倍,1.41,1.41
labour,働く人の環境（就業・求人・給与）,45000,宮崎県,pref,45,宮崎県,2020100000,2020年度,2020,00001|F310301,観測値|F310301_有効求人倍率,倍,1.18,1.18
labour,働く人の環境（就業・求人・給与）,45000,宮崎県,pref,45,宮崎県,2021100000,2021年度,2021,00001|F310301,観測値|F310301_有効求人倍率,倍,1.36,1.36
labour,働く人の環境（就業・求人・給与）,45000,宮崎県,pref,45,宮崎県,2022100000,2022年度,2022,00001|F310301,観測値|F310301_有効求人倍率,倍,1.44,1.44
labour,働く人の環境（就業・求人・給与）,45000,宮崎県,pref,45,宮崎県,2023100000,2023年度,2023,00001|F310301,観測値|F310301_有効求人倍率,倍,1.37,1.37
labour,働く人の環境（就業・求人・給与）,45000,宮崎県,pref,45,宮崎県,2024100000,2024年度,2024,00001|F310301,観測値|F310301_有効求人倍率,倍,1.29,1.29
labour,働く人の環境（就業・求人・給与）,46000,鹿児島県,pref,46,鹿児島県,2015100000,2015年度,2015,00001|F310301,観測値|F310301_有効求人倍率,倍,0.89,0.89
labour,働く人の環境（就業・求人・給与）,46000,鹿児島県,pref,46,鹿児島県,2016100000,2016年度,2016,00001|F310301,観測値|F310301_有効求人倍率,倍,1.06,1.06
labour,働く人の環境（就業・求人・給与）,46000,鹿児島県,pref,46,鹿児島県,2017100000,2017年度,2017,00001|F310301,観測値|F310301_有効求人倍率,倍,1.23,1.23
labour,働く人の環境（就業・求人・給与）,46000,鹿児島県,pref,46,鹿児島県,2018100000,2018年度,2018,00001|F310301,観測値|F310301_有効求人倍率,倍,1.32,1.32
labour,働く人の環境（就業・求人・給与）,46000,鹿児島県,pref,46,鹿児島県,2019100000,2019年度,2019,00001|F310301,観測値|F310301_有効求人倍率,倍,1.33,1.33
labour,働く人の環境（就業・求人・給与）,46000,鹿児島県,pref,46,鹿児島県,2020100000,2020年度,2020,00001|F310301,観測値|F310301_有効求人倍率,倍,1.12,1.12
labour,働く人の環境（就業・求人・給与）,46000,鹿児島県,pref,46,鹿児島県,2021100000,2021年度,2021,00001|F310301,観測値|F310301_有効求人倍率,倍,1.3,1.30
labour,働く人の環境（就業・求人・給与）,46000,鹿児島県,pref,46,鹿児島県,2022100000,2022年度,2022,00001|F310301,観測値|F310301_有効求人倍率,倍,1.34,1.34
labour,働く人の環境（就業・求人・給与）,46000,鹿児島県,pref,46,鹿児島県,2023100000,2023年度,2023,00001|F310301,観測値|F310301_有効求人倍率,倍,1.2,1.20
labour,働く人の環境（就業・求人・給与）,46000,鹿児島県,pref,46,鹿児島県,2024100000,2024年度,2024,00001|F310301,観測値|F310301_有効求人倍率,倍,1.13,1.13
labour,働く人の環境（就業・求人・給与）,47000,沖縄県,pref,47,沖縄県,2015100000,2015年度,2015,00001|F310301,観測値|F310301_有効求人倍率,倍,0.87,0.87
labour,働く人の環境（就業・求人・給与）,47000,沖縄県,pref,47,沖縄県,2016100000,2016年度,2016,00001|F310301,観測値|F310301_有効求人倍率,倍,1.0,1.00
labour,働く人の環境（就業・求人・給与）,47000,沖縄県,pref,47,沖縄県,2017100000,2017年度,2017,00001|F310301,観測値|F310301_有効求人倍率,倍,1.13,1.13
labour,働く人の環境（就業・求人・給与）,47000,沖縄県,pref,47,沖縄県,2018100000,2018年度,2018,00001|F310301,観測値|F310301_有効求人倍率,倍,1.18,1.18
labour,働く人の環境（就業・求人・給与）,47000,沖縄県,pref,47,沖縄県,2019100000,2019年度,2019,00001|F310301,観測値|F310301_有効求人倍率,倍,1.16,1.16
labour,働く人の環境（就業・求人・給与）,47000,沖縄県,pref,47,沖縄県,2020100000,2020年度,2020,00001|F310301,観測値|F310301_有効求人倍率,倍,0.72,0.72
labour,働く人の環境（就業・求人・給与）,47000,沖縄県,pref,47,沖縄県,2021100000,2021年度,2021,00001|F310301,観測値|F310301_有効求人倍率,倍,0.76,0.76
labour,働く人の環境（就業・求人・給与）,47000,沖縄県,pref,47,沖縄県,2022100000,2022年度,2022,00001|F310301,観測値|F310301_有効求人倍率,倍,0.94,0.94
labour,働く人の環境（就業・求人・給与）,47000,沖縄県,pref,47,沖縄県,2023100000,2023年度,2023,00001|F310301,観測値|F310301_有効求人倍率,倍,1.05,1.05
labour,働く人の環境（就業・求人・給与）,47000,沖縄県,pref,47,沖縄県,2024100000,2024年度,2024,00001|F310301,観測値|F310301_有効求人倍率,倍,0.98,0.98
labour,働く人の環境（就業・求人・給与）,00000,全国,national,,,2020100000,2020年度,2020,00001|F620215,観測値|F620215_きまって支給する現金給与額（男）,千円,366.6,366.6
labour,働く人の環境（就業・求人・給与）,00000,全国,national,,,2021100000,2021年度,2021,00001|F620215,観測値|F620215_きまって支給する現金給与額（男）,千円,370.5,370.5
labour,働く人の環境（就業・求人・給与）,00000,全国,national,,,2022100000,2022年度,2022,00001|F620215,観測値|F620215_きまって支給する現金給与額（男）,千円,376.5,376.5
labour,働く人の環境（就業・求人・給与）,00000,全国,national,,,2023100000,2023年度,2023,00001|F620215,観測値|F620215_きまって支給する現金給与額（男）,千円,385.4,385.4
labour,働く人の環境（就業・求人・給与）,00000,全国,national,,,2024100000,2024年度,2024,00001|F620215,観測値|F620215_きまって支給する現金給与額（男）,千円,398.6,398.6
labour,働く人の環境（就業・求人・給与）,01000,北海道,pref,01,北海道,2020100000,2020年度,2020,00001|F620215,観測値|F620215_きまって支給する現金給与額（男）,千円,324.3,324.3
labour,働く人の環境（就業・求人・給与）,01000,北海道,pref,01,北海道,2021100000,2021年度,2021,00001|F620215,観測値|F620215_きまって支給する現金給与額（男）,千円,330.6,330.6
labour,働く人の環境（就業・求人・給与）,01000,北海道,pref,01,北海道,2022100000,2022年度,2022,00001|F620215,観測値|F620215_きまって支給する現金給与額（男）,千円,326.5,326.5
labour,働く人の環境（就業・求人・給与）,01000,北海道,pref,01,北海道,2023100000,2023年度,2023,00001|F620215,観測値|F620215_きまって支給する現金給与額（男）,千円,347.6,347.6
labour,働く人の環境（就業・求人・給与）,01000,北海道,pref,01,北海道,2024100000,2024年度,2024,00001|F620215,観測値|F620215_きまって支給する現金給与額（男）,千円,343.2,343.2
labour,働く人の環境（就業・求人・給与）,02000,青森県,pref,02,青森県,2020100000,2020年度,2020,00001|F620215,観測値|F620215_きまって支給する現金給与額（男）,千円,292.4,292.4
labour,働く人の環境（就業・求人・給与）,02000,青森県,pref,02,青森県,2021100000,2021年度,2021,00001|F620215,観測値|F620215_きまって支給する現金給与額（男）,千円,296.0,296.0
labour,働く人の環境（就業・求人・給与）,02000,青森県,pref,02,青森県,2022100000,2022年度,2022,00001|F620215,観測値|F620215_きまって支給する現金給与額（男）,千円,291.8,291.8
labour,働く人の環境（就業・求人・給与）,02000,青森県,pref,02,青森県,2023100000,2023年度,2023,00001|F620215,観測値|F620215_きまって支給する現金給与額（男）,千円,304.9,304.9
labour,働く人の環境（就業・求人・給与）,02000,青森県,pref,02,青森県,2024100000,2024年度,2024,00001|F620215,観測値|F620215_きまって支給する現金給与額（男）,千円,321.3,321.3
labour,働く人の環境（就業・求人・給与）,03000,岩手県,pref,03,岩手県,2020100000,2020年度,2020,00001|F620215,観測値|F620215_きまって支給する現金給与額（男）,千円,290.9,290.9
labour,働く人の環境（就業・求人・給与）,03000,岩手県,pref,03,岩手県,2021100000,2021年度,2021,00001|F620215,観測値|F620215_きまって支給する現金給与額（男）,千円,299.9,299.9
labour,働く人の環境（就業・求人・給与）,03000,岩手県,pref,03,岩手県,2022100000,2022年度,2022,00001|F620215,観測値|F620215_きまって支給する現金給与額（男）,千円,301.7,301.7
labour,働く人の環境（就業・求人・給与）,03000,岩手県,pref,03,岩手県,2023100000,2023年度,2023,00001|F620215,観測値|F620215_きまって支給する現金給与額（男）,千円,312.5,312.5
labour,働く人の環境（就業・求人・給与）,03000,岩手県,pref,03,岩手県,2024100000,2024年度,2024,00001|F620215,観測値|F620215_きまって支給する現金給与額（男）,千円,320.0,320.0
labour,働く人の環境（就業・求人・給与）,04000,宮城県,pref,04,宮城県,2020100000,2020年度,2020,00001|F620215,観測値|F620215_きまって支給する現金給与額（男）,千円,338.6,338.6
labour,働く人の環境（就業・求人・給与）,04000,宮城県,pref,04,宮城県,2021100000,2021年度,2021,00001|F620215,観測値|F620215_きまって支給する現金給与額（男）,千円,340.0,340.0
labour,働く人の環境（就業・求人・給与）,04000,宮城県,pref,04,宮城県,2022100000,2022年度,2022,00001|F620215,観測値|F620215_きまって支給する現金給与額（男）,千円,347.4,347.4
labour,働く人の環境（就業・求人・給与）,04000,宮城県,pref,04,宮城県,2023100000,2023年度,2023,00001|F620215,観測値|F620215_きまって支給する現金給与額（男）,千円,354.2,354.2
labour,働く人の環境（就業・求人・給与）,04000,宮城県,pref,04,宮城県,2024100000,2024年度,2024,00001|F620215,観測値|F620215_きまって支給する現金給与額（男）,千円,364.6,364.6
labour,働く人の環境（就業・求人・給与）,05000,秋田県,pref,05,秋田県,2020100000,2020年度,2020,00001|F620215,観測値|F620215_きまって支給する現金給与額（男）,千円,293.8,293.8
labour,働く人の環境（就業・求人・給与）,05000,秋田県,pref,05,秋田県,2021100000,2021年度,2021,00001|F620215,観測値|F620215_きまって支給する現金給与額（男）,千円,294.0,294.0
labour,働く人の環境（就業・求人・給与）,05000,秋田県,pref,05,秋田県,2022100000,2022年度,2022,00001|F620215,観測値|F620215_きまって支給する現金給与額（男）,千円,312.8,312.8
labour,働く人の環境（就業・求人・給与）,05000,秋田県,pref,05,秋田県,2023100000,2023年度,2023,00001|F620215,観測値|F620215_きまって支給する現金給与額（男）,千円,307.9,307.9
labour,働く人の環境（就業・求人・給与）,05000,秋田県,pref,05,秋田県,2024100000,2024年度,2024,00001|F620215,観測値|F620215_きまって支給する現金給与額（男）,千円,317.0,317.0
labour,働く人の環境（就業・求人・給与）,06000,山形県,pref,06,山形県,2020100000,2020年度,2020,00001|F620215,観測値|F620215_きまって支給する現金給与額（男）,千円,299.4,299.4
labour,働く人の環境（就業・求人・給与）,06000,山形県,pref,06,山形県,2021100000,2021年度,2021,00001|F620215,観測値|F620215_きまって支給する現金給与額（男）,千円,310.6,310.6
labour,働く人の環境（就業・求人・給与）,06000,山形県,pref,06,山形県,2022100000,2022年度,2022,00001|F620215,観測値|F620215_きまって支給する現金給与額（男）,千円,307.7,307.7
labour,働く人の環境（就業・求人・給与）,06000,山形県,pref,06,山形県,2023100000,2023年度,2023,00001|F620215,観測値|F620215_きまって支給する現金給与額（男）,千円,311.6,311.6
labour,働く人の環境（就業・求人・給与）,06000,山形県,pref,06,山形県,2024100000,2024年度,2024,00001|F620215,観測値|F620215_きまって支給する現金給与額（男）,千円,327.4,327.4
labour,働く人の環境（就業・求人・給与）,07000,福島県,pref,07,福島県,2020100000,2020年度,2020,00001|F620215,観測値|F620215_きまって支給する現金給与額（男）,千円,321.4,321.4
labour,働く人の環境（就業・求人・給与）,07000,福島県,pref,07,福島県,2021100000,2021年度,2021,00001|F620215,観測値|F620215_きまって支給する現金給与額（男）,千円,330.0,330.0
labour,働く人の環境（就業・求人・給与）,07000,福島県,pref,07,福島県,2022100000,2022年度,2022,00001|F620215,観測値|F620215_きまって支給する現金給与額（男）,千円,329.8,329.8
labour,働く人の環境（就業・求人・給与）,07000,福島県,pref,07,福島県,2023100000,2023年度,2023,00001|F620215,観測値|F620215_きまって支給する現金給与額（男）,千円,342.0,342.0
labour,働く人の環境（就業・求人・給与）,07000,福島県,pref,07,福島県,2024100000,2024年度,2024,00001|F620215,観測値|F620215_きまって支給する現金給与額（男）,千円,338.3,338.3
labour,働く人の環境（就業・求人・給与）,08000,茨城県,pref,08,茨城県,2020100000,2020年度,2020,00001|F620215,観測値|F620215_きまって支給する現金給与額（男）,千円,360.1,360.1
labour,働く人の環境（就業・求人・給与）,08000,茨城県,pref,08,茨城県,2021100000,2021年度,2021,00001|F620215,観測値|F620215_きまって支給する現金給与額（男）,千円,360.6,360.6
labour,働く人の環境（就業・求人・給与）,08000,茨城県,pref,08,茨城県,2022100000,2022年度,2022,00001|F620215,観測値|F620215_きまって支給する現金給与額（男）,千円,366.3,366.3
labour,働く人の環境（就業・求人・給与）,08000,茨城県,pref,08,茨城県,2023100000,2023年度,2023,00001|F620215,観測値|F620215_きまって支給する現金給与額（男）,千円,380.3,380.3
labour,働く人の環境（就業・求人・給与）,08000,茨城県,pref,08,茨城県,2024100000,2024年度,2024,00001|F620215,観測値|F620215_きまって支給する現金給与額（男）,千円,379.5,379.5
labour,働く人の環境（就業・求人・給与）,09000,栃木県,pref,09,栃木県,2020100000,2020年度,2020,00001|F620215,観測値|F620215_きまって支給する現金給与額（男）,千円,344.8,344.8
labour,働く人の環境（就業・求人・給与）,09000,栃木県,pref,09,栃木県,2021100000,2021年度,2021,00001|F620215,観測値|F620215_きまって支給する現金給与額（男）,千円,351.2,351.2
labour,働く人の環境（就業・求人・給与）,09000,栃木県,pref,09,栃木県,2022100000,2022年度,2022,00001|F620215,観測値|F620215_きまって支給する現金給与額（男）,千円,364.3,364.3
labour,働く人の環境（就業・求人・給与）,09000,栃木県,pref,09,栃木県,2023100000,2023年度,2023,00001|F620215,観測値|F620215_きまって支給する現金給与額（男）,千円,395.5,395.5
labour,働く人の環境（就業・求人・給与）,09000,栃木県,pref,09,栃木県,2024100000,2024年度,2024,00001|F620215,観測値|F620215_きまって支給する現金給与額（男）,千円,385.8,385.8
labour,働く人の環境（就業・求人・給与）,10000,群馬県,pref,10,群馬県,2020100000,2020年度,2020,00001|F620215,観測値|F620215_きまって支給する現金給与額（男）,千円,343.7,343.7
labour,働く人の環境（就業・求人・給与）,10000,群馬県,pref,10,群馬県,2021100000,2021年度,2021,00001|F620215,観測値|F620215_きまって支給する現金給与額（男）,千円,345.1,345.1
labour,働く人の環境（就業・求人・給与）,10000,群馬県,pref,10,群馬県,2022100000,2022年度,2022,00001|F620215,観測値|F620215_きまって支給する現金給与額（男）,千円,349.0,349.0
labour,働く人の環境（就業・求人・給与）,10000,群馬県,pref,10,群馬県,2023100000,2023年度,2023,00001|F620215,観測値|F620215_きまって支給する現金給与額（男）,千円,359.7,359.7
labour,働く人の環境（就業・求人・給与）,10000,群馬県,pref,10,群馬県,2024100000,2024年度,2024,00001|F620215,観測値|F620215_きまって支給する現金給与額（男）,千円,371.7,371.7
labour,働く人の環境（就業・求人・給与）,11000,埼玉県,pref,11,埼玉県,2020100000,2020年度,2020,00001|F620215,観測値|F620215_きまって支給する現金給与額（男）,千円,355.1,355.1
labour,働く人の環境（就業・求人・給与）,11000,埼玉県,pref,11,埼玉県,2021100000,2021年度,2021,00001|F620215,観測値|F620215_きまって支給する現金給与額（男）,千円,365.0,365.0
labour,働く人の環境（就業・求人・給与）,11000,埼玉県,pref,11,埼玉県,2022100000,2022年度,2022,00001|F620215,観測値|F620215_きまって支給する現金給与額（男）,千円,368.3,368.3
labour,働く人の環境（就業・求人・給与）,11000,埼玉県,pref,11,埼玉県,2023100000,2023年度,2023,00001|F620215,観測値|F620215_きまって支給する現金給与額（男）,千円,380.7,380.7
labour,働く人の環境（就業・求人・給与）,11000,埼玉県,pref,11,埼玉県,2024100000,2024年度,2024,00001|F620215,観測値|F620215_きまって支給する現金給与額（男）,千円,388.3,388.3
labour,働く人の環境（就業・求人・給与）,12000,千葉県,pref,12,千葉県,2020100000,2020年度,2020,00001|F620215,観測値|F620215_きまって支給する現金給与額（男）,千円,364.4,364.4
labour,働く人の環境（就業・求人・給与）,12000,千葉県,pref,12,千葉県,2021100000,2021年度,2021,00001|F620215,観測値|F620215_きまって支給する現金給与額（男）,千円,362.0,362.0
labour,働く人の環境（就業・求人・給与）,12000,千葉県,pref,12,千葉県,2022100000,2022年度,2022,00001|F620215,観測値|F620215_きまって支給する現金給与額（男）,千円,372.9,372.9
labour,働く人の環境（就業・求人・給与）,12000,千葉県,pref,12,千葉県,2023100000,2023年度,2023,00001|F620215,観測値|F620215_きまって支給する現金給与額（男）,千円,375.3,375.3
labour,働く人の環境（就業・求人・給与）,12000,千葉県,pref,12,千葉県,2024100000,2024年度,2024,00001|F620215,観測値|F620215_きまって支給する現金給与額（男）,千円,388.0,388.0
labour,働く人の環境（就業・求人・給与）,13000,東京都,pref,13,東京都,2020100000,2020年度,2020,00001|F620215,観測値|F620215_きまって支給する現金給与額（男）,千円,435.5,435.5
labour,働く人の環境（就業・求人・給与）,13000,東京都,pref,13,東京都,2021100000,2021年度,2021,00001|F620215,観測値|F620215_きまって支給する現金給与額（男）,千円,427.9,427.9
labour,働く人の環境（就業・求人・給与）,13000,東京都,pref,13,東京都,2022100000,2022年度,2022,00001|F620215,観測値|F620215_きまって支給する現金給与額（男）,千円,446.3,446.3
labour,働く人の環境（就業・求人・給与）,13000,東京都,pref,13,東京都,2023100000,2023年度,2023,00001|F620215,観測値|F620215_きまって支給する現金給与額（男）,千円,441.3,441.3
labour,働く人の環境（就業・求人・給与）,13000,東京都,pref,13,東京都,2024100000,2024年度,2024,00001|F620215,観測値|F620215_きまって支給する現金給与額（男）,千円,475.2,475.2
labour,働く人の環境（就業・求人・給与）,14000,神奈川県,pref,14,神奈川県,2020100000,2020年度,2020,00001|F620215,観測値|F620215_きまって支給する現金給与額（男）,千円,397.3,397.3
labour,働く人の環境（就業・求人・給与）,14000,神奈川県,pref,14,神奈川県,2021100000,2021年度,2021,00001|F620215,観測値|F620215_きまって支給する現金給与額（男）,千円,403.8,403.8
labour,働く人の環境（就業・求人・給与）,14000,神奈川県,pref,14,神奈川県,2022100000,2022年度,2022,00001|F620215,観測値|F620215_きまって支給する現金給与額（男）,千円,407.4,407.4
labour,働く人の環境（就業・求人・給与）,14000,神奈川県,pref,14,神奈川県,2023100000,2023年度,2023,00001|F620215,観測値|F620215_きまって支給する現金給与額（男）,千円,420.4,420.4
labour,働く人の環境（就業・求人・給与）,14000,神奈川県,pref,14,神奈川県,2024100000,2024年度,2024,00001|F620215,観測値|F620215_きまって支給する現金給与額（男）,千円,427.0,427.0
labour,働く人の環境（就業・求人・給与）,15000,新潟県,pref,15,新潟県,2020100000,2020年度,2020,00001|F620215,観測値|F620215_きまって支給する現金給与額（男）,千円,304.0,304.0
labour,働く人の環境（就業・求人・給与）,15000,新潟県,pref,15,新潟県,2021100000,2021年度,2021,00001|F620215,観測値|F620215_きまって支給する現金給与額（男）,千円,326.8,326.8
labour,働く人の環境（就業・求人・給与）,15000,新潟県,pref,15,新潟県,2022100000,2022年度,2022,00001|F620215,観測値|F620215_きまって支給する現金給与額（男）,千円,324.5,324.5
labour,働く人の環境（就業・求人・給与）,15000,新潟県,pref,15,新潟県,2023100000,2023年度,2023,00001|F620215,観測値|F620215_きまって支給する現金給与額（男）,千円,325.2,325.2
labour,働く人の環境（就業・求人・給与）,15000,新潟県,pref,15,新潟県,2024100000,2024年度,2024,00001|F620215,観測値|F620215_きまって支給する現金給与額（男）,千円,344.6,344.6
labour,働く人の環境（就業・求人・給与）,16000,富山県,pref,16,富山県,2020100000,2020年度,2020,00001|F620215,観測値|F620215_きまって支給する現金給与額（男）,千円,342.1,342.1
labour,働く人の環境（就業・求人・給与）,16000,富山県,pref,16,富山県,2021100000,2021年度,2021,00001|F620215,観測値|F620215_きまって支給する現金給与額（男）,千円,332.2,332.2
labour,働く人の環境（就業・求人・給与）,16000,富山県,pref,16,富山県,2022100000,2022年度,2022,00001|F620215,観測値|F620215_きまって支給する現金給与額（男）,千円,339.1,339.1
labour,働く人の環境（就業・求人・給与）,16000,富山県,pref,16,富山県,2023100000,2023年度,2023,00001|F620215,観測値|F620215_きまって支給する現金給与額（男）,千円,353.0,353.0
labour,働く人の環境（就業・求人・給与）,16000,富山県,pref,16,富山県,2024100000,2024年度,2024,00001|F620215,観測値|F620215_きまって支給する現金給与額（男）,千円,352.5,352.5
labour,働く人の環境（就業・求人・給与）,17000,石川県,pref,17,石川県,2020100000,2020年度,2020,00001|F620215,観測値|F620215_きまって支給する現金給与額（男）,千円,343.4,343.4
labour,働く人の環境（就業・求人・給与）,17000,石川県,pref,17,石川県,2021100000,2021年度,2021,00001|F620215,観測値|F620215_きまって支給する現金給与額（男）,千円,352.8,352.8
labour,働く人の環境（就業・求人・給与）,17000,石川県,pref,17,石川県,2022100000,2022年度,2022,00001|F620215,観測値|F620215_きまって支給する現金給与額（男）,千円,344.2,344.2
labour,働く人の環境（就業・求人・給与）,17000,石川県,pref,17,石川県,2023100000,2023年度,2023,00001|F620215,観測値|F620215_きまって支給する現金給与額（男）,千円,350.9,350.9
labour,働く人の環境（就業・求人・給与）,17000,石川県,pref,17,石川県,2024100000,2024年度,2024,00001|F620215,観測値|F620215_きまって支給する現金給与額（男）,千円,372.1,372.1
labour,働く人の環境（就業・求人・給与）,18000,福井県,pref,18,福井県,2020100000,2020年度,2020,00001|F620215,観測値|F620215_きまって支給する現金給与額（男）,千円,328.0,328.0
labour,働く人の環境（就業・求人・給与）,18000,福井県,pref,18,福井県,2021100000,2021年度,2021,00001|F620215,観測値|F620215_きまって支給する現金給与額（男）,千円,335.9,335.9
labour,働く人の環境（就業・求人・給与）,18000,福井県,pref,18,福井県,2022100000,2022年度,2022,00001|F620215,観測値|F620215_きまって支給する現金給与額（男）,千円,347.8,347.8
labour,働く人の環境（就業・求人・給与）,18000,福井県,pref,18,福井県,2023100000,2023年度,2023,00001|F620215,観測値|F620215_きまって支給する現金給与額（男）,千円,345.3,345.3
labour,働く人の環境（就業・求人・給与）,18000,福井県,pref,18,福井県,2024100000,2024年度,2024,00001|F620215,観測値|F620215_きまって支給する現金給与額（男）,千円,350.0,350.0
labour,働く人の環境（就業・求人・給与）,19000,山梨県,pref,19,山梨県,2020100000,2020年度,2020,00001|F620215,観測値|F620215_きまって支給する現金給与額（男）,千円,343.4,343.4
labour,働く人の環境（就業・求人・給与）,19000,山梨県,pref,19,山梨県,2021100000,2021年度,2021,00001|F620215,観測値|F620215_きまって支給する現金給与額（男）,千円,340.9,340.9
labour,働く人の環境（就業・求人・給与）,19000,山梨県,pref,19,山梨県,2022100000,2022年度,2022,00001|F620215,観測値|F620215_きまって支給する現金給与額（男）,千円,350.8,350.8
labour,働く人の環境（就業・求人・給与）,19000,山梨県,pref,19,山梨県,2023100000,2023年度,2023,00001|F620215,観測値|F620215_きまって支給する現金給与額（男）,千円,356.3,356.3
labour,働く人の環境（就業・求人・給与）,19000,山梨県,pref,19,山梨県,2024100000,2024年度,2024,00001|F620215,観測値|F620215_きまって支給する現金給与額（男）,千円,366.6,366.6
labour,働く人の環境（就業・求人・給与）,20000,長野県,pref,20,長野県,2020100000,2020年度,2020,00001|F620215,観測値|F620215_きまって支給する現金給与額（男）,千円,336.8,336.8
labour,働く人の環境（就業・求人・給与）,20000,長野県,pref,20,長野県,2021100000,2021年度,2021,00001|F620215,観測値|F620215_きまって支給する現金給与額（男）,千円,342.2,342.2
labour,働く人の環境（就業・求人・給与）,20000,長野県,pref,20,長野県,2022100000,2022年度,2022,00001|F620215,観測値|F620215_きまって支給する現金給与額（男）,千円,343.2,343.2
labour,働く人の環境（就業・求人・給与）,20000,長野県,pref,20,長野県,2023100000,2023年度,2023,00001|F620215,観測値|F620215_きまって支給する現金給与額（男）,千円,351.0,351.0
labour,働く人の環境（就業・求人・給与）,20000,長野県,pref,20,長野県,2024100000,2024年度,2024,00001|F620215,観測値|F620215_きまって支給する現金給与額（男）,千円,354.1,354.1
labour,働く人の環境（就業・求人・給与）,21000,岐阜県,pref,21,岐阜県,2020100000,2020年度,2020,00001|F620215,観測値|F620215_きまって支給する現金給与額（男）,千円,341.0,341.0
labour,働く人の環境（就業・求人・給与）,21000,岐阜県,pref,21,岐阜県,2021100000,2021年度,2021,00001|F620215,観測値|F620215_きまって支給する現金給与額（男）,千円,351.0,351.0
labour,働く人の環境（就業・求人・給与）,21000,岐阜県,pref,21,岐阜県,2022100000,2022年度,2022,00001|F620215,観測値|F620215_きまって支給する現金給与額（男）,千円,355.5,355.5
labour,働く人の環境（就業・求人・給与）,21000,岐阜県,pref,21,岐阜県,2023100000,2023年度,2023,00001|F620215,観測値|F620215_きまって支給する現金給与額（男）,千円,356.7,356.7
labour,働く人の環境（就業・求人・給与）,21000,岐阜県,pref,21,岐阜県,2024100000,2024年度,2024,00001|F620215,観測値|F620215_きまって支給する現金給与額（男）,千円,355.1,355.1
labour,働く人の環境（就業・求人・給与）,22000,静岡県,pref,22,静岡県,2020100000,2020年度,2020,00001|F620215,観測値|F620215_きまって支給する現金給与額（男）,千円,350.2,350.2
labour,働く人の環境（就業・求人・給与）,22000,静岡県,pref,22,静岡県,2021100000,2021年度,2021,00001|F620215,観測値|F620215_きまって支給する現金給与額（男）,千円,348.7,348.7
labour,働く人の環境（就業・求人・給与）,22000,静岡県,pref,22,静岡県,2022100000,2022年度,2022,00001|F620215,観測値|F620215_きまって支給する現金給与額（男）,千円,359.3,359.3
labour,働く人の環境（就業・求人・給与）,22000,静岡県,pref,22,静岡県,2023100000,2023年度,2023,00001|F620215,観測値|F620215_きまって支給する現金給与額（男）,千円,367.6,367.6
labour,働く人の環境（就業・求人・給与）,22000,静岡県,pref,22,静岡県,2024100000,2024年度,2024,00001|F620215,観測値|F620215_きまって支給する現金給与額（男）,千円,381.5,381.5
labour,働く人の環境（就業・求人・給与）,23000,愛知県,pref,23,愛知県,2020100000,2020年度,2020,00001|F620215,観測値|F620215_きまって支給する現金給与額（男）,千円,371.0,371.0
labour,働く人の環境（就業・求人・給与）,23000,愛知県,pref,23,愛知県,2021100000,2021年度,2021,00001|F620215,観測値|F620215_きまって支給する現金給与額（男）,千円,390.2,390.2
labour,働く人の環境（就業・求人・給与）,23000,愛知県,pref,23,愛知県,2022100000,2022年度,2022,00001|F620215,観測値|F620215_きまって支給する現金給与額（男）,千円,381.0,381.0
labour,働く人の環境（就業・求人・給与）,23000,愛知県,pref,23,愛知県,2023100000,2023年度,2023,00001|F620215,観測値|F620215_きまって支給する現金給与額（男）,千円,396.1,396.1
labour,働く人の環境（就業・求人・給与）,23000,愛知県,pref,23,愛知県,2024100000,2024年度,2024,00001|F620215,観測値|F620215_きまって支給する現金給与額（男）,千円,406.0,406.0
labour,働く人の環境（就業・求人・給与）,24000,三重県,pref,24,三重県,2020100000,2020年度,2020,00001|F620215,観測値|F620215_きまって支給する現金給与額（男）,千円,362.8,362.8
labour,働く人の環境（就業・求人・給与）,24000,三重県,pref,24,三重県,2021100000,2021年度,2021,00001|F620215,観測値|F620215_きまって支給する現金給与額（男）,千円,373.1,373.1
labour,働く人の環境（就業・求人・給与）,24000,三重県,pref,24,三重県,2022100000,2022年度,2022,00001|F620215,観測値|F620215_きまって支給する現金給与額（男）,千円,368.8,368.8
labour,働く人の環境（就業・求人・給与）,24000,三重県,pref,24,三重県,2023100000,2023年度,2023,00001|F620215,観測値|F620215_きまって支給する現金給与額（男）,千円,375.7,375.7
labour,働く人の環境（就業・求人・給与）,24000,三重県,pref,24,三重県,2024100000,2024年度,2024,00001|F620215,観測値|F620215_きまって支給する現金給与額（男）,千円,386.0,386.0
labour,働く人の環境（就業・求人・給与）,25000,滋賀県,pref,25,滋賀県,2020100000,2020年度,2020,00001|F620215,観測値|F620215_きまって支給する現金給与額（男）,千円,363.7,363.7
labour,働く人の環境（就業・求人・給与）,25000,滋賀県,pref,25,滋賀県,2021100000,2021年度,2021,00001|F620215,観測値|F620215_きまって支給する現金給与額（男）,千円,362.2,362.2
labour,働く人の環境（就業・求人・給与）,25000,滋賀県,pref,25,滋賀県,2022100000,2022年度,2022,00001|F620215,観測値|F620215_きまって支給する現金給与額（男）,千円,372.7,372.7
labour,働く人の環境（就業・求人・給与）,25000,滋賀県,pref,25,滋賀県,2023100000,2023年度,2023,00001|F620215,観測値|F620215_きまって支給する現金給与額（男）,千円,367.9,367.9
labour,働く人の環境（就業・求人・給与）,25000,滋賀県,pref,25,滋賀県,2024100000,2024年度,2024,00001|F620215,観測値|F620215_きまって支給する現金給与額（男）,千円,383.3,383.3
labour,働く人の環境（就業・求人・給与）,26000,京都府,pref,26,京都府,2020100000,2020年度,2020,00001|F620215,観測値|F620215_きまって支給する現金給与額（男）,千円,369.9,369.9
labour,働く人の環境（就業・求人・給与）,26000,京都府,pref,26,京都府,2021100000,2021年度,2021,00001|F620215,観測値|F620215_きまって支給する現金給与額（男）,千円,373.6,373.6
labour,働く人の環境（就業・求人・給与）,26000,京都府,pref,26,京都府,2022100000,2022年度,2022,00001|F620215,観測値|F620215_きまって支給する現金給与額（男）,千円,370.5,370.5
labour,働く人の環境（就業・求人・給与）,26000,京都府,pref,26,京都府,2023100000,2023年度,2023,00001|F620215,観測値|F620215_きまって支給する現金給与額（男）,千円,379.7,379.7
labour,働く人の環境（就業・求人・給与）,26000,京都府,pref,26,京都府,2024100000,2024年度,2024,00001|F620215,観測値|F620215_きまって支給する現金給与額（男）,千円,390.0,390.0
labour,働く人の環境（就業・求人・給与）,27000,大阪府,pref,27,大阪府,2020100000,2020年度,2020,00001|F620215,観測値|F620215_きまって支給する現金給与額（男）,千円,379.7,379.7
labour,働く人の環境（就業・求人・給与）,27000,大阪府,pref,27,大阪府,2021100000,2021年度,2021,00001|F620215,観測値|F620215_きまって支給する現金給与額（男）,千円,386.6,386.6
labour,働く人の環境（就業・求人・給与）,27000,大阪府,pref,27,大阪府,2022100000,2022年度,2022,00001|F620215,観測値|F620215_きまって支給する現金給与額（男）,千円,394.7,394.7
labour,働く人の環境（就業・求人・給与）,27000,大阪府,pref,27,大阪府,2023100000,2023年度,2023,00001|F620215,観測値|F620215_きまって支給する現金給与額（男）,千円,409.3,409.3
labour,働く人の環境（就業・求人・給与）,27000,大阪府,pref,27,大阪府,2024100000,2024年度,2024,00001|F620215,観測値|F620215_きまって支給する現金給与額（男）,千円,416.3,416.3
labour,働く人の環境（就業・求人・給与）,28000,兵庫県,pref,28,兵庫県,2020100000,2020年度,2020,00001|F620215,観測値|F620215_きまって支給する現金給与額（男）,千円,362.3,362.3
labour,働く人の環境（就業・求人・給与）,28000,兵庫県,pref,28,兵庫県,2021100000,2021年度,2021,00001|F620215,観測値|F620215_きまって支給する現金給与額（男）,千円,375.5,375.5
labour,働く人の環境（就業・求人・給与）,28000,兵庫県,pref,28,兵庫県,2022100000,2022年度,2022,00001|F620215,観測値|F620215_きまって支給する現金給与額（男）,千円,381.8,381.8
labour,働く人の環境（就業・求人・給与）,28000,兵庫県,pref,28,兵庫県,2023100000,2023年度,2023,00001|F620215,観測値|F620215_きまって支給する現金給与額（男）,千円,386.0,386.0
labour,働く人の環境（就業・求人・給与）,28000,兵庫県,pref,28,兵庫県,2024100000,2024年度,2024,00001|F620215,観測値|F620215_きまって支給する現金給与額（男）,千円,386.0,386.0
labour,働く人の環境（就業・求人・給与）,29000,奈良県,pref,29,奈良県,2020100000,2020年度,2020,00001|F620215,観測値|F620215_きまって支給する現金給与額（男）,千円,348.5,348.5
labour,働く人の環境（就業・求人・給与）,29000,奈良県,pref,29,奈良県,2021100000,2021年度,2021,00001|F620215,観測値|F620215_きまって支給する現金給与額（男）,千円,347.6,347.6
labour,働く人の環境（就業・求人・給与）,29000,奈良県,pref,29,奈良県,2022100000,2022年度,2022,00001|F620215,観測値|F620215_きまって支給する現金給与額（男）,千円,370.1,370.1
labour,働く人の環境（就業・求人・給与）,29000,奈良県,pref,29,奈良県,2023100000,2023年度,2023,00001|F620215,観測値|F620215_きまって支給する現金給与額（男）,千円,362.5,362.5
labour,働く人の環境（就業・求人・給与）,29000,奈良県,pref,29,奈良県,2024100000,2024年度,2024,00001|F620215,観測値|F620215_きまって支給する現金給与額（男）,千円,375.8,375.8
labour,働く人の環境（就業・求人・給与）,30000,和歌山県,pref,30,和歌山県,2020100000,2020年度,2020,00001|F620215,観測値|F620215_きまって支給する現金給与額（男）,千円,331.0,331.0
labour,働く人の環境（就業・求人・給与）,30000,和歌山県,pref,30,和歌山県,2021100000,2021年度,2021,00001|F620215,観測値|F620215_きまって支給する現金給与額（男）,千円,353.4,353.4
labour,働く人の環境（就業・求人・給与）,30000,和歌山県,pref,30,和歌山県,2022100000,2022年度,2022,00001|F620215,観測値|F620215_きまって支給する現金給与額（男）,千円,346.0,346.0
labour,働く人の環境（就業・求人・給与）,30000,和歌山県,pref,30,和歌山県,2023100000,2023年度,2023,00001|F620215,観測値|F620215_きまって支給する現金給与額（男）,千円,359.6,359.6
labour,働く人の環境（就業・求人・給与）,30000,和歌山県,pref,30,和歌山県,2024100000,2024年度,2024,00001|F620215,観測値|F620215_きまって支給する現金給与額（男）,千円,364.2,364.2
labour,働く人の環境（就業・求人・給与）,31000,鳥取県,pref,31,鳥取県,2020100000,2020年度,2020,00001|F620215,観測値|F620215_きまって支給する現金給与額（男）,千円,303.7,303.7
labour,働く人の環境（就業・求人・給与）,31000,鳥取県,pref,31,鳥取県,2021100000,2021年度,2021,00001|F620215,観測値|F620215_きまって支給する現金給与額（男）,千円,294.3,294.3
labour,働く人の環境（就業・求人・給与）,31000,鳥取県,pref,31,鳥取県,2022100000,2022年度,2022,00001|F620215,観測値|F620215_きまって支給する現金給与額（男）,千円,311.7,311.7
labour,働く人の環境（就業・求人・給与）,31000,鳥取県,pref,31,鳥取県,2023100000,2023年度,2023,00001|F620215,観測値|F620215_きまって支給する現金給与額（男）,千円,303.8,303.8
labour,働く人の環境（就業・求人・給与）,31000,鳥取県,pref,31,鳥取県,2024100000,2024年度,2024,00001|F620215,観測値|F620215_きまって支給する現金給与額（男）,千円,328.9,328.9
labour,働く人の環境（就業・求人・給与）,32000,島根県,pref,32,島根県,2020100000,2020年度,2020,00001|F620215,観測値|F620215_きまって支給する現金給与額（男）,千円,305.1,305.1
labour,働く人の環境（就業・求人・給与）,32000,島根県,pref,32,島根県,2021100000,2021年度,2021,00001|F620215,観測値|F620215_きまって支給する現金給与額（男）,千円,317.8,317.8
labour,働く人の環境（就業・求人・給与）,32000,島根県,pref,32,島根県,2022100000,2022年度,2022,00001|F620215,観測値|F620215_きまって支給する現金給与額（男）,千円,316.0,316.0
labour,働く人の環境（就業・求人・給与）,32000,島根県,pref,32,島根県,2023100000,2023年度,2023,00001|F620215,観測値|F620215_きまって支給する現金給与額（男）,千円,327.4,327.4
labour,働く人の環境（就業・求人・給与）,32000,島根県,pref,32,島根県,2024100000,2024年度,2024,00001|F620215,観測値|F620215_きまって支給する現金給与額（男）,千円,326.3,326.3
labour,働く人の環境（就業・求人・給与）,33000,岡山県,pref,33,岡山県,2020100000,2020年度,2020,00001|F620215,観測値|F620215_きまって支給する現金給与額（男）,千円,336.1,336.1
labour,働く人の環境（就業・求人・給与）,33000,岡山県,pref,33,岡山県,2021100000,2021年度,2021,00001|F620215,観測値|F620215_きまって支給する現金給与額（男）,千円,337.7,337.7
labour,働く人の環境（就業・求人・給与）,33000,岡山県,pref,33,岡山県,2022100000,2022年度,2022,00001|F620215,観測値|F620215_きまって支給する現金給与額（男）,千円,348.3,348.3
labour,働く人の環境（就業・求人・給与）,33000,岡山県,pref,33,岡山県,2023100000,2023年度,2023,00001|F620215,観測値|F620215_きまって支給する現金給与額（男）,千円,351.0,351.0
labour,働く人の環境（就業・求人・給与）,33000,岡山県,pref,33,岡山県,2024100000,2024年度,2024,00001|F620215,観測値|F620215_きまって支給する現金給与額（男）,千円,363.5,363.5
labour,働く人の環境（就業・求人・給与）,34000,広島県,pref,34,広島県,2020100000,2020年度,2020,00001|F620215,観測値|F620215_きまって支給する現金給与額（男）,千円,354.2,354.2
labour,働く人の環境（就業・求人・給与）,34000,広島県,pref,34,広島県,2021100000,2021年度,2021,00001|F620215,観測値|F620215_きまって支給する現金給与額（男）,千円,353.0,353.0
labour,働く人の環境（就業・求人・給与）,34000,広島県,pref,34,広島県,2022100000,2022年度,2022,00001|F620215,観測値|F620215_きまって支給する現金給与額（男）,千円,359.1,359.1
labour,働く人の環境（就業・求人・給与）,34000,広島県,pref,34,広島県,2023100000,2023年度,2023,00001|F620215,観測値|F620215_きまって支給する現金給与額（男）,千円,357.4,357.4
labour,働く人の環境（就業・求人・給与）,34000,広島県,pref,34,広島県,2024100000,2024年度,2024,00001|F620215,観測値|F620215_きまって支給する現金給与額（男）,千円,380.5,380.5
labour,働く人の環境（就業・求人・給与）,35000,山口県,pref,35,山口県,2020100000,2020年度,2020,00001|F620215,観測値|F620215_きまって支給する現金給与額（男）,千円,338.9,338.9
labour,働く人の環境（就業・求人・給与）,35000,山口県,pref,35,山口県,2021100000,2021年度,2021,00001|F620215,観測値|F620215_きまって支給する現金給与額（男）,千円,343.0,343.0
labour,働く人の環境（就業・求人・給与）,35000,山口県,pref,35,山口県,2022100000,2022年度,2022,00001|F620215,観測値|F620215_きまって支給する現金給与額（男）,千円,342.0,342.0
labour,働く人の環境（就業・求人・給与）,35000,山口県,pref,35,山口県,2023100000,2023年度,2023,00001|F620215,観測値|F620215_きまって支給する現金給与額（男）,千円,354.0,354.0
labour,働く人の環境（就業・求人・給与）,35000,山口県,pref,35,山口県,2024100000,2024年度,2024,00001|F620215,観測値|F620215_きまって支給する現金給与額（男）,千円,368.5,368.5
labour,働く人の環境（就業・求人・給与）,36000,徳島県,pref,36,徳島県,2020100000,2020年度,2020,00001|F620215,観測値|F620215_きまって支給する現金給与額（男）,千円,319.9,319.9
labour,働く人の環境（就業・求人・給与）,36000,徳島県,pref,36,徳島県,2021100000,2021年度,2021,00001|F620215,観測値|F620215_きまって支給する現金給与額（男）,千円,323.3,323.3
labour,働く人の環境（就業・求人・給与）,36000,徳島県,pref,36,徳島県,2022100000,2022年度,2022,00001|F620215,観測値|F620215_きまって支給する現金給与額（男）,千円,327.9,327.9
labour,働く人の環境（就業・求人・給与）,36000,徳島県,pref,36,徳島県,2023100000,2023年度,2023,00001|F620215,観測値|F620215_きまって支給する現金給与額（男）,千円,333.5,333.5
labour,働く人の環境（就業・求人・給与）,36000,徳島県,pref,36,徳島県,2024100000,2024年度,2024,00001|F620215,観測値|F620215_きまって支給する現金給与額（男）,千円,351.2,351.2
labour,働く人の環境（就業・求人・給与）,37000,香川県,pref,37,香川県,2020100000,2020年度,2020,00001|F620215,観測値|F620215_きまって支給する現金給与額（男）,千円,340.1,340.1
labour,働く人の環境（就業・求人・給与）,37000,香川県,pref,37,香川県,2021100000,2021年度,2021,00001|F620215,観測値|F620215_きまって支給する現金給与額（男）,千円,338.4,338.4
labour,働く人の環境（就業・求人・給与）,37000,香川県,pref,37,香川県,2022100000,2022年度,2022,00001|F620215,観測値|F620215_きまって支給する現金給与額（男）,千円,341.7,341.7
labour,働く人の環境（就業・求人・給与）,37000,香川県,pref,37,香川県,2023100000,2023年度,2023,00001|F620215,観測値|F620215_きまって支給する現金給与額（男）,千円,343.3,343.3
labour,働く人の環境（就業・求人・給与）,37000,香川県,pref,37,香川県,2024100000,2024年度,2024,00001|F620215,観測値|F620215_きまって支給する現金給与額（男）,千円,364.2,364.2
labour,働く人の環境（就業・求人・給与）,38000,愛媛県,pref,38,愛媛県,2020100000,2020年度,2020,00001|F620215,観測値|F620215_きまって支給する現金給与額（男）,千円,316.9,316.9
labour,働く人の環境（就業・求人・給与）,38000,愛媛県,pref,38,愛媛県,2021100000,2021年度,2021,00001|F620215,観測値|F620215_きまって支給する現金給与額（男）,千円,318.1,318.1
labour,働く人の環境（就業・求人・給与）,38000,愛媛県,pref,38,愛媛県,2022100000,2022年度,2022,00001|F620215,観測値|F620215_きまって支給する現金給与額（男）,千円,322.1,322.1
labour,働く人の環境（就業・求人・給与）,38000,愛媛県,pref,38,愛媛県,2023100000,2023年度,2023,00001|F620215,観測値|F620215_きまって支給する現金給与額（男）,千円,340.8,340.8
labour,働く人の環境（就業・求人・給与）,38000,愛媛県,pref,38,愛媛県,2024100000,2024年度,2024,00001|F620215,観測値|F620215_きまって支給する現金給与額（男）,千円,340.6,340.6
labour,働く人の環境（就業・求人・給与）,39000,高知県,pref,39,高知県,2020100000,2020年度,2020,00001|F620215,観測値|F620215_きまって支給する現金給与額（男）,千円,304.5,304.5
labour,働く人の環境（就業・求人・給与）,39000,高知県,pref,39,高知県,2021100000,2021年度,2021,00001|F620215,観測値|F620215_きまって支給する現金給与額（男）,千円,317.8,317.8
labour,働く人の環境（就業・求人・給与）,39000,高知県,pref,39,高知県,2022100000,2022年度,2022,00001|F620215,観測値|F620215_きまって支給する現金給与額（男）,千円,317.0,317.0
labour,働く人の環境（就業・求人・給与）,39000,高知県,pref,39,高知県,2023100000,2023年度,2023,00001|F620215,観測値|F620215_きまって支給する現金給与額（男）,千円,323.5,323.5
labour,働く人の環境（就業・求人・給与）,39000,高知県,pref,39,高知県,2024100000,2024年度,2024,00001|F620215,観測値|F620215_きまって支給する現金給与額（男）,千円,321.6,321.6
labour,働く人の環境（就業・求人・給与）,40000,福岡県,pref,40,福岡県,2020100000,2020年度,2020,00001|F620215,観測値|F620215_きまって支給する現金給与額（男）,千円,342.9,342.9
labour,働く人の環境（就業・求人・給与）,40000,福岡県,pref,40,福岡県,2021100000,2021年度,2021,00001|F620215,観測値|F620215_きまって支給する現金給与額（男）,千円,349.6,349.6
labour,働く人の環境（就業・求人・給与）,40000,福岡県,pref,40,福岡県,2022100000,2022年度,2022,00001|F620215,観測値|F620215_きまって支給する現金給与額（男）,千円,358.0,358.0
labour,働く人の環境（就業・求人・給与）,40000,福岡県,pref,40,福岡県,2023100000,2023年度,2023,00001|F620215,観測値|F620215_きまって支給する現金給与額（男）,千円,361.0,361.0
labour,働く人の環境（就業・求人・給与）,40000,福岡県,pref,40,福岡県,2024100000,2024年度,2024,00001|F620215,観測値|F620215_きまって支給する現金給与額（男）,千円,379.6,379.6
labour,働く人の環境（就業・求人・給与）,41000,佐賀県,pref,41,佐賀県,2020100000,2020年度,2020,00001|F620215,観測値|F620215_きまって支給する現金給与額（男）,千円,312.3,312.3
labour,働く人の環境（就業・求人・給与）,41000,佐賀県,pref,41,佐賀県,2021100000,2021年度,2021,00001|F620215,観測値|F620215_きまって支給する現金給与額（男）,千円,309.9,309.9
labour,働く人の環境（就業・求人・給与）,41000,佐賀県,pref,41,佐賀県,2022100000,2022年度,2022,00001|F620215,観測値|F620215_きまって支給する現金給与額（男）,千円,318.0,318.0
labour,働く人の環境（就業・求人・給与）,41000,佐賀県,pref,41,佐賀県,2023100000,2023年度,2023,00001|F620215,観測値|F620215_きまって支給する現金給与額（男）,千円,328.8,328.8
labour,働く人の環境（就業・求人・給与）,41000,佐賀県,pref,41,佐賀県,2024100000,2024年度,2024,00001|F620215,観測値|F620215_きまって支給する現金給与額（男）,千円,334.9,334.9
labour,働く人の環境（就業・求人・給与）,42000,長崎県,pref,42,長崎県,2020100000,2020年度,2020,00001|F620215,観測値|F620215_きまって支給する現金給与額（男）,千円,306.8,306.8
labour,働く人の環境（就業・求人・給与）,42000,長崎県,pref,42,長崎県,2021100000,2021年度,2021,00001|F620215,観測値|F620215_きまって支給する現金給与額（男）,千円,322.3,322.3
labour,働く人の環境（就業・求人・給与）,42000,長崎県,pref,42,長崎県,2022100000,2022年度,2022,00001|F620215,観測値|F620215_きまって支給する現金給与額（男）,千円,325.2,325.2
labour,働く人の環境（就業・求人・給与）,42000,長崎県,pref,42,長崎県,2023100000,2023年度,2023,00001|F620215,観測値|F620215_きまって支給する現金給与額（男）,千円,312.9,312.9
labour,働く人の環境（就業・求人・給与）,42000,長崎県,pref,42,長崎県,2024100000,2024年度,2024,00001|F620215,観測値|F620215_きまって支給する現金給与額（男）,千円,335.9,335.9
labour,働く人の環境（就業・求人・給与）,43000,熊本県,pref,43,熊本県,2020100000,2020年度,2020,00001|F620215,観測値|F620215_きまって支給する現金給与額（男）,千円,320.6,320.6
labour,働く人の環境（就業・求人・給与）,43000,熊本県,pref,43,熊本県,2021100000,2021年度,2021,00001|F620215,観測値|F620215_きまって支給する現金給与額（男）,千円,318.7,318.7
labour,働く人の環境（就業・求人・給与）,43000,熊本県,pref,43,熊本県,2022100000,2022年度,2022,00001|F620215,観測値|F620215_きまって支給する現金給与額（男）,千円,331.1,331.1
labour,働く人の環境（就業・求人・給与）,43000,熊本県,pref,43,熊本県,2023100000,2023年度,2023,00001|F620215,観測値|F620215_きまって支給する現金給与額（男）,千円,331.3,331.3
labour,働く人の環境（就業・求人・給与）,43000,熊本県,pref,43,熊本県,2024100000,2024年度,2024,00001|F620215,観測値|F620215_きまって支給する現金給与額（男）,千円,346.6,346.6
labour,働く人の環境（就業・求人・給与）,44000,大分県,pref,44,大分県,2020100000,2020年度,2020,00001|F620215,観測値|F620215_きまって支給する現金給与額（男）,千円,314.7,314.7
labour,働く人の環境（就業・求人・給与）,44000,大分県,pref,44,大分県,2021100000,2021年度,2021,00001|F620215,観測値|F620215_きまって支給する現金給与額（男）,千円,321.9,321.9
labour,働く人の環境（就業・求人・給与）,44000,大分県,pref,44,大分県,2022100000,2022年度,2022,00001|F620215,観測値|F620215_きまって支給する現金給与額（男）,千円,328.6,328.6
labour,働く人の環境（就業・求人・給与）,44000,大分県,pref,44,大分県,2023100000,2023年度,2023,00001|F620215,観測値|F620215_きまって支給する現金給与額（男）,千円,330.8,330.8
labour,働く人の環境（就業・求人・給与）,44000,大分県,pref,44,大分県,2024100000,2024年度,2024,00001|F620215,観測値|F620215_きまって支給する現金給与額（男）,千円,348.6,348.6
labour,働く人の環境（就業・求人・給与）,45000,宮崎県,pref,45,宮崎県,2020100000,2020年度,2020,00001|F620215,観測値|F620215_きまって支給する現金給与額（男）,千円,297.3,297.3
labour,働く人の環境（就業・求人・給与）,45000,宮崎県,pref,45,宮崎県,2021100000,2021年度,2021,00001|F620215,観測値|F620215_きまって支給する現金給与額（男）,千円,298.4,298.4
labour,働く人の環境（就業・求人・給与）,45000,宮崎県,pref,45,宮崎県,2022100000,2022年度,2022,00001|F620215,観測値|F620215_きまって支給する現金給与額（男）,千円,301.0,301.0
labour,働く人の環境（就業・求人・給与）,45000,宮崎県,pref,45,宮崎県,2023100000,2023年度,2023,00001|F620215,観測値|F620215_きまって支給する現金給与額（男）,千円,305.6,305.6
labour,働く人の環境（就業・求人・給与）,45000,宮崎県,pref,45,宮崎県,2024100000,2024年度,2024,00001|F620215,観測値|F620215_きまって支給する現金給与額（男）,千円,316.2,316.2
labour,働く人の環境（就業・求人・給与）,46000,鹿児島県,pref,46,鹿児島県,2020100000,2020年度,2020,00001|F620215,観測値|F620215_きまって支給する現金給与額（男）,千円,307.3,307.3
labour,働く人の環境（就業・求人・給与）,46000,鹿児島県,pref,46,鹿児島県,2021100000,2021年度,2021,00001|F620215,観測値|F620215_きまって支給する現金給与額（男）,千円,316.2,316.2
labour,働く人の環境（就業・求人・給与）,46000,鹿児島県,pref,46,鹿児島県,2022100000,2022年度,2022,00001|F620215,観測値|F620215_きまって支給する現金給与額（男）,千円,311.4,311.4
labour,働く人の環境（就業・求人・給与）,46000,鹿児島県,pref,46,鹿児島県,2023100000,2023年度,2023,00001|F620215,観測値|F620215_きまって支給する現金給与額（男）,千円,323.8,323.8
labour,働く人の環境（就業・求人・給与）,46000,鹿児島県,pref,46,鹿児島県,2024100000,2024年度,2024,00001|F620215,観測値|F620215_きまって支給する現金給与額（男）,千円,329.7,329.7
labour,働く人の環境（就業・求人・給与）,47000,沖縄県,pref,47,沖縄県,2020100000,2020年度,2020,00001|F620215,観測値|F620215_きまって支給する現金給与額（男）,千円,300.5,300.5
labour,働く人の環境（就業・求人・給与）,47000,沖縄県,pref,47,沖縄県,2021100000,2021年度,2021,00001|F620215,観測値|F620215_きまって支給する現金給与額（男）,千円,292.4,292.4
labour,働く人の環境（就業・求人・給与）,47000,沖縄県,pref,47,沖縄県,2022100000,2022年度,2022,00001|F620215,観測値|F620215_きまって支給する現金給与額（男）,千円,298.2,298.2
labour,働く人の環境（就業・求人・給与）,47000,沖縄県,pref,47,沖縄県,2023100000,2023年度,2023,00001|F620215,観測値|F620215_きまって支給する現金給与額（男）,千円,319.5,319.5
labour,働く人の環境（就業・求人・給与）,47000,沖縄県,pref,47,沖縄県,2024100000,2024年度,2024,00001|F620215,観測値|F620215_きまって支給する現金給与額（男）,千円,308.2,308.2
labour,働く人の環境（就業・求人・給与）,00000,全国,national,,,2020100000,2020年度,2020,00001|F620216,観測値|F620216_きまって支給する現金給与額（女）,千円,265.9,265.9
labour,働く人の環境（就業・求人・給与）,00000,全国,national,,,2021100000,2021年度,2021,00001|F620216,観測値|F620216_きまって支給する現金給与額（女）,千円,270.2,270.2
labour,働く人の環境（就業・求人・給与）,00000,全国,national,,,2022100000,2022年度,2022,00001|F620216,観測値|F620216_きまって支給する現金給与額（女）,千円,276.3,276.3
labour,働く人の環境（就業・求人・給与）,00000,全国,national,,,2023100000,2023年度,2023,00001|F620216,観測値|F620216_きまって支給する現金給与額（女）,千円,280.7,280.7
labour,働く人の環境（就業・求人・給与）,00000,全国,national,,,2024100000,2024年度,2024,00001|F620216,観測値|F620216_きまって支給する現金給与額（女）,千円,293.9,293.9
labour,働く人の環境（就業・求人・給与）,01000,北海道,pref,01,北海道,2020100000,2020年度,2020,00001|F620216,観測値|F620216_きまって支給する現金給与額（女）,千円,240.3,240.3
labour,働く人の環境（就業・求人・給与）,01000,北海道,pref,01,北海道,2021100000,2021年度,2021,00001|F620216,観測値|F620216_きまって支給する現金給与額（女）,千円,241.0,241.0
labour,働く人の環境（就業・求人・給与）,01000,北海道,pref,01,北海道,2022100000,2022年度,2022,00001|F620216,観測値|F620216_きまって支給する現金給与額（女）,千円,237.6,237.6
labour,働く人の環境（就業・求人・給与）,01000,北海道,pref,01,北海道,2023100000,2023年度,2023,00001|F620216,観測値|F620216_きまって支給する現金給与額（女）,千円,253.9,253.9
labour,働く人の環境（就業・求人・給与）,01000,北海道,pref,01,北海道,2024100000,2024年度,2024,00001|F620216,観測値|F620216_きまって支給する現金給与額（女）,千円,263.4,263.4
labour,働く人の環境（就業・求人・給与）,02000,青森県,pref,02,青森県,2020100000,2020年度,2020,00001|F620216,観測値|F620216_きまって支給する現金給与額（女）,千円,216.6,216.6
labour,働く人の環境（就業・求人・給与）,02000,青森県,pref,02,青森県,2021100000,2021年度,2021,00001|F620216,観測値|F620216_きまって支給する現金給与額（女）,千円,222.4,222.4
labour,働く人の環境（就業・求人・給与）,02000,青森県,pref,02,青森県,2022100000,2022年度,2022,00001|F620216,観測値|F620216_きまって支給する現金給与額（女）,千円,231.3,231.3
labour,働く人の環境（就業・求人・給与）,02000,青森県,pref,02,青森県,2023100000,2023年度,2023,00001|F620216,観測値|F620216_きまって支給する現金給与額（女）,千円,223.5,223.5
labour,働く人の環境（就業・求人・給与）,02000,青森県,pref,02,青森県,2024100000,2024年度,2024,00001|F620216,観測値|F620216_きまって支給する現金給与額（女）,千円,237.4,237.4
labour,働く人の環境（就業・求人・給与）,03000,岩手県,pref,03,岩手県,2020100000,2020年度,2020,00001|F620216,観測値|F620216_きまって支給する現金給与額（女）,千円,220.4,220.4
labour,働く人の環境（就業・求人・給与）,03000,岩手県,pref,03,岩手県,2021100000,2021年度,2021,00001|F620216,観測値|F620216_きまって支給する現金給与額（女）,千円,226.7,226.7
labour,働く人の環境（就業・求人・給与）,03000,岩手県,pref,03,岩手県,2022100000,2022年度,2022,00001|F620216,観測値|F620216_きまって支給する現金給与額（女）,千円,225.3,225.3
labour,働く人の環境（就業・求人・給与）,03000,岩手県,pref,03,岩手県,2023100000,2023年度,2023,00001|F620216,観測値|F620216_きまって支給する現金給与額（女）,千円,238.8,238.8
labour,働く人の環境（就業・求人・給与）,03000,岩手県,pref,03,岩手県,2024100000,2024年度,2024,00001|F620216,観測値|F620216_きまって支給する現金給与額（女）,千円,238.0,238.0
labour,働く人の環境（就業・求人・給与）,04000,宮城県,pref,04,宮城県,2020100000,2020年度,2020,00001|F620216,観測値|F620216_きまって支給する現金給与額（女）,千円,245.8,245.8
labour,働く人の環境（就業・求人・給与）,04000,宮城県,pref,04,宮城県,2021100000,2021年度,2021,00001|F620216,観測値|F620216_きまって支給する現金給与額（女）,千円,246.7,246.7
labour,働く人の環境（就業・求人・給与）,04000,宮城県,pref,04,宮城県,2022100000,2022年度,2022,00001|F620216,観測値|F620216_きまって支給する現金給与額（女）,千円,253.3,253.3
labour,働く人の環境（就業・求人・給与）,04000,宮城県,pref,04,宮城県,2023100000,2023年度,2023,00001|F620216,観測値|F620216_きまって支給する現金給与額（女）,千円,259.1,259.1
labour,働く人の環境（就業・求人・給与）,04000,宮城県,pref,04,宮城県,2024100000,2024年度,2024,00001|F620216,観測値|F620216_きまって支給する現金給与額（女）,千円,265.0,265.0
labour,働く人の環境（就業・求人・給与）,05000,秋田県,pref,05,秋田県,2020100000,2020年度,2020,00001|F620216,観測値|F620216_きまって支給する現金給与額（女）,千円,220.8,220.8
labour,働く人の環境（就業・求人・給与）,05000,秋田県,pref,05,秋田県,2021100000,2021年度,2021,00001|F620216,観測値|F620216_きまって支給する現金給与額（女）,千円,222.5,222.5
labour,働く人の環境（就業・求人・給与）,05000,秋田県,pref,05,秋田県,2022100000,2022年度,2022,00001|F620216,観測値|F620216_きまって支給する現金給与額（女）,千円,230.7,230.7
labour,働く人の環境（就業・求人・給与）,05000,秋田県,pref,05,秋田県,2023100000,2023年度,2023,00001|F620216,観測値|F620216_きまって支給する現金給与額（女）,千円,238.7,238.7
labour,働く人の環境（就業・求人・給与）,05000,秋田県,pref,05,秋田県,2024100000,2024年度,2024,00001|F620216,観測値|F620216_きまって支給する現金給与額（女）,千円,241.8,241.8
labour,働く人の環境（就業・求人・給与）,06000,山形県,pref,06,山形県,2020100000,2020年度,2020,00001|F620216,観測値|F620216_きまって支給する現金給与額（女）,千円,222.4,222.4
labour,働く人の環境（就業・求人・給与）,06000,山形県,pref,06,山形県,2021100000,2021年度,2021,00001|F620216,観測値|F620216_きまって支給する現金給与額（女）,千円,231.4,231.4
labour,働く人の環境（就業・求人・給与）,06000,山形県,pref,06,山形県,2022100000,2022年度,2022,00001|F620216,観測値|F620216_きまって支給する現金給与額（女）,千円,222.6,222.6
labour,働く人の環境（就業・求人・給与）,06000,山形県,pref,06,山形県,2023100000,2023年度,2023,00001|F620216,観測値|F620216_きまって支給する現金給与額（女）,千円,236.9,236.9
labour,働く人の環境（就業・求人・給与）,06000,山形県,pref,06,山形県,2024100000,2024年度,2024,00001|F620216,観測値|F620216_きまって支給する現金給与額（女）,千円,245.9,245.9
labour,働く人の環境（就業・求人・給与）,07000,福島県,pref,07,福島県,2020100000,2020年度,2020,00001|F620216,観測値|F620216_きまって支給する現金給与額（女）,千円,230.4,230.4
labour,働く人の環境（就業・求人・給与）,07000,福島県,pref,07,福島県,2021100000,2021年度,2021,00001|F620216,観測値|F620216_きまって支給する現金給与額（女）,千円,236.2,236.2
labour,働く人の環境（就業・求人・給与）,07000,福島県,pref,07,福島県,2022100000,2022年度,2022,00001|F620216,観測値|F620216_きまって支給する現金給与額（女）,千円,238.1,238.1
labour,働く人の環境（就業・求人・給与）,07000,福島県,pref,07,福島県,2023100000,2023年度,2023,00001|F620216,観測値|F620216_きまって支給する現金給与額（女）,千円,245.4,245.4
labour,働く人の環境（就業・求人・給与）,07000,福島県,pref,07,福島県,2024100000,2024年度,2024,00001|F620216,観測値|F620216_きまって支給する現金給与額（女）,千円,247.5,247.5
labour,働く人の環境（就業・求人・給与）,08000,茨城県,pref,08,茨城県,2020100000,2020年度,2020,00001|F620216,観測値|F620216_きまって支給する現金給与額（女）,千円,256.7,256.7
labour,働く人の環境（就業・求人・給与）,08000,茨城県,pref,08,茨城県,2021100000,2021年度,2021,00001|F620216,観測値|F620216_きまって支給する現金給与額（女）,千円,257.1,257.1
labour,働く人の環境（就業・求人・給与）,08000,茨城県,pref,08,茨城県,2022100000,2022年度,2022,00001|F620216,観測値|F620216_きまって支給する現金給与額（女）,千円,260.4,260.4
labour,働く人の環境（就業・求人・給与）,08000,茨城県,pref,08,茨城県,2023100000,2023年度,2023,00001|F620216,観測値|F620216_きまって支給する現金給与額（女）,千円,270.4,270.4
labour,働く人の環境（就業・求人・給与）,08000,茨城県,pref,08,茨城県,2024100000,2024年度,2024,00001|F620216,観測値|F620216_きまって支給する現金給与額（女）,千円,275.8,275.8
labour,働く人の環境（就業・求人・給与）,09000,栃木県,pref,09,栃木県,2020100000,2020年度,2020,00001|F620216,観測値|F620216_きまって支給する現金給与額（女）,千円,256.7,256.7
labour,働く人の環境（就業・求人・給与）,09000,栃木県,pref,09,栃木県,2021100000,2021年度,2021,00001|F620216,観測値|F620216_きまって支給する現金給与額（女）,千円,252.5,252.5
labour,働く人の環境（就業・求人・給与）,09000,栃木県,pref,09,栃木県,2022100000,2022年度,2022,00001|F620216,観測値|F620216_きまって支給する現金給与額（女）,千円,256.9,256.9
labour,働く人の環境（就業・求人・給与）,09000,栃木県,pref,09,栃木県,2023100000,2023年度,2023,00001|F620216,観測値|F620216_きまって支給する現金給与額（女）,千円,270.7,270.7
labour,働く人の環境（就業・求人・給与）,09000,栃木県,pref,09,栃木県,2024100000,2024年度,2024,00001|F620216,観測値|F620216_きまって支給する現金給与額（女）,千円,275.8,275.8
labour,働く人の環境（就業・求人・給与）,10000,群馬県,pref,10,群馬県,2020100000,2020年度,2020,00001|F620216,観測値|F620216_きまって支給する現金給与額（女）,千円,246.4,246.4
labour,働く人の環境（就業・求人・給与）,10000,群馬県,pref,10,群馬県,2021100000,2021年度,2021,00001|F620216,観測値|F620216_きまって支給する現金給与額（女）,千円,253.0,253.0
labour,働く人の環境（就業・求人・給与）,10000,群馬県,pref,10,群馬県,2022100000,2022年度,2022,00001|F620216,観測値|F620216_きまって支給する現金給与額（女）,千円,249.7,249.7
labour,働く人の環境（就業・求人・給与）,10000,群馬県,pref,10,群馬県,2023100000,2023年度,2023,00001|F620216,観測値|F620216_きまって支給する現金給与額（女）,千円,264.6,264.6
labour,働く人の環境（就業・求人・給与）,10000,群馬県,pref,10,群馬県,2024100000,2024年度,2024,00001|F620216,観測値|F620216_きまって支給する現金給与額（女）,千円,268.0,268.0
labour,働く人の環境（就業・求人・給与）,11000,埼玉県,pref,11,埼玉県,2020100000,2020年度,2020,00001|F620216,観測値|F620216_きまって支給する現金給与額（女）,千円,265.6,265.6
labour,働く人の環境（就業・求人・給与）,11000,埼玉県,pref,11,埼玉県,2021100000,2021年度,2021,00001|F620216,観測値|F620216_きまって支給する現金給与額（女）,千円,271.0,271.0
labour,働く人の環境（就業・求人・給与）,11000,埼玉県,pref,11,埼玉県,2022100000,2022年度,2022,00001|F620216,観測値|F620216_きまって支給する現金給与額（女）,千円,275.0,275.0
labour,働く人の環境（就業・求人・給与）,11000,埼玉県,pref,11,埼玉県,2023100000,2023年度,2023,00001|F620216,観測値|F620216_きまって支給する現金給与額（女）,千円,283.3,283.3
labour,働く人の環境（就業・求人・給与）,11000,埼玉県,pref,11,埼玉県,2024100000,2024年度,2024,00001|F620216,観測値|F620216_きまって支給する現金給与額（女）,千円,289.8,289.8
labour,働く人の環境（就業・求人・給与）,12000,千葉県,pref,12,千葉県,2020100000,2020年度,2020,00001|F620216,観測値|F620216_きまって支給する現金給与額（女）,千円,265.5,265.5
labour,働く人の環境（就業・求人・給与）,12000,千葉県,pref,12,千葉県,2021100000,2021年度,2021,00001|F620216,観測値|F620216_きまって支給する現金給与額（女）,千円,272.0,272.0
labour,働く人の環境（就業・求人・給与）,12000,千葉県,pref,12,千葉県,2022100000,2022年度,2022,00001|F620216,観測値|F620216_きまって支給する現金給与額（女）,千円,273.9,273.9
labour,働く人の環境（就業・求人・給与）,12000,千葉県,pref,12,千葉県,2023100000,2023年度,2023,00001|F620216,観測値|F620216_きまって支給する現金給与額（女）,千円,275.6,275.6
labour,働く人の環境（就業・求人・給与）,12000,千葉県,pref,12,千葉県,2024100000,2024年度,2024,00001|F620216,観測値|F620216_きまって支給する現金給与額（女）,千円,287.1,287.1
labour,働く人の環境（就業・求人・給与）,13000,東京都,pref,13,東京都,2020100000,2020年度,2020,00001|F620216,観測値|F620216_きまって支給する現金給与額（女）,千円,320.8,320.8
labour,働く人の環境（就業・求人・給与）,13000,東京都,pref,13,東京都,2021100000,2021年度,2021,00001|F620216,観測値|F620216_きまって支給する現金給与額（女）,千円,323.6,323.6
labour,働く人の環境（就業・求人・給与）,13000,東京都,pref,13,東京都,2022100000,2022年度,2022,00001|F620216,観測値|F620216_きまって支給する現金給与額（女）,千円,333.7,333.7
labour,働く人の環境（就業・求人・給与）,13000,東京都,pref,13,東京都,2023100000,2023年度,2023,00001|F620216,観測値|F620216_きまって支給する現金給与額（女）,千円,322.5,322.5
labour,働く人の環境（就業・求人・給与）,13000,東京都,pref,13,東京都,2024100000,2024年度,2024,00001|F620216,観測値|F620216_きまって支給する現金給与額（女）,千円,362.4,362.4
labour,働く人の環境（就業・求人・給与）,14000,神奈川県,pref,14,神奈川県,2020100000,2020年度,2020,00001|F620216,観測値|F620216_きまって支給する現金給与額（女）,千円,294.3,294.3
labour,働く人の環境（就業・求人・給与）,14000,神奈川県,pref,14,神奈川県,2021100000,2021年度,2021,00001|F620216,観測値|F620216_きまって支給する現金給与額（女）,千円,295.1,295.1
labour,働く人の環境（就業・求人・給与）,14000,神奈川県,pref,14,神奈川県,2022100000,2022年度,2022,00001|F620216,観測値|F620216_きまって支給する現金給与額（女）,千円,296.2,296.2
labour,働く人の環境（就業・求人・給与）,14000,神奈川県,pref,14,神奈川県,2023100000,2023年度,2023,00001|F620216,観測値|F620216_きまって支給する現金給与額（女）,千円,308.1,308.1
labour,働く人の環境（就業・求人・給与）,14000,神奈川県,pref,14,神奈川県,2024100000,2024年度,2024,00001|F620216,観測値|F620216_きまって支給する現金給与額（女）,千円,320.8,320.8
labour,働く人の環境（就業・求人・給与）,15000,新潟県,pref,15,新潟県,2020100000,2020年度,2020,00001|F620216,観測値|F620216_きまって支給する現金給与額（女）,千円,232.8,232.8
labour,働く人の環境（就業・求人・給与）,15000,新潟県,pref,15,新潟県,2021100000,2021年度,2021,00001|F620216,観測値|F620216_きまって支給する現金給与額（女）,千円,247.2,247.2
labour,働く人の環境（就業・求人・給与）,15000,新潟県,pref,15,新潟県,2022100000,2022年度,2022,00001|F620216,観測値|F620216_きまって支給する現金給与額（女）,千円,249.2,249.2
labour,働く人の環境（就業・求人・給与）,15000,新潟県,pref,15,新潟県,2023100000,2023年度,2023,00001|F620216,観測値|F620216_きまって支給する現金給与額（女）,千円,242.4,242.4
labour,働く人の環境（就業・求人・給与）,15000,新潟県,pref,15,新潟県,2024100000,2024年度,2024,00001|F620216,観測値|F620216_きまって支給する現金給与額（女）,千円,259.9,259.9
labour,働く人の環境（就業・求人・給与）,16000,富山県,pref,16,富山県,2020100000,2020年度,2020,00001|F620216,観測値|F620216_きまって支給する現金給与額（女）,千円,258.6,258.6
labour,働く人の環境（就業・求人・給与）,16000,富山県,pref,16,富山県,2021100000,2021年度,2021,00001|F620216,観測値|F620216_きまって支給する現金給与額（女）,千円,249.0,249.0
labour,働く人の環境（就業・求人・給与）,16000,富山県,pref,16,富山県,2022100000,2022年度,2022,00001|F620216,観測値|F620216_きまって支給する現金給与額（女）,千円,253.5,253.5
labour,働く人の環境（就業・求人・給与）,16000,富山県,pref,16,富山県,2023100000,2023年度,2023,00001|F620216,観測値|F620216_きまって支給する現金給与額（女）,千円,262.9,262.9
labour,働く人の環境（就業・求人・給与）,16000,富山県,pref,16,富山県,2024100000,2024年度,2024,00001|F620216,観測値|F620216_きまって支給する現金給与額（女）,千円,268.3,268.3
labour,働く人の環境（就業・求人・給与）,17000,石川県,pref,17,石川県,2020100000,2020年度,2020,00001|F620216,観測値|F620216_きまって支給する現金給与額（女）,千円,244.4,244.4
labour,働く人の環境（就業・求人・給与）,17000,石川県,pref,17,石川県,2021100000,2021年度,2021,00001|F620216,観測値|F620216_きまって支給する現金給与額（女）,千円,253.9,253.9
labour,働く人の環境（就業・求人・給与）,17000,石川県,pref,17,石川県,2022100000,2022年度,2022,00001|F620216,観測値|F620216_きまって支給する現金給与額（女）,千円,252.5,252.5
labour,働く人の環境（就業・求人・給与）,17000,石川県,pref,17,石川県,2023100000,2023年度,2023,00001|F620216,観測値|F620216_きまって支給する現金給与額（女）,千円,258.3,258.3
labour,働く人の環境（就業・求人・給与）,17000,石川県,pref,17,石川県,2024100000,2024年度,2024,00001|F620216,観測値|F620216_きまって支給する現金給与額（女）,千円,274.7,274.7
labour,働く人の環境（就業・求人・給与）,18000,福井県,pref,18,福井県,2020100000,2020年度,2020,00001|F620216,観測値|F620216_きまって支給する現金給与額（女）,千円,244.1,244.1
labour,働く人の環境（就業・求人・給与）,18000,福井県,pref,18,福井県,2021100000,2021年度,2021,00001|F620216,観測値|F620216_きまって支給する現金給与額（女）,千円,245.9,245.9
labour,働く人の環境（就業・求人・給与）,18000,福井県,pref,18,福井県,2022100000,2022年度,2022,00001|F620216,観測値|F620216_きまって支給する現金給与額（女）,千円,248.8,248.8
labour,働く人の環境（就業・求人・給与）,18000,福井県,pref,18,福井県,2023100000,2023年度,2023,00001|F620216,観測値|F620216_きまって支給する現金給与額（女）,千円,250.5,250.5
labour,働く人の環境（就業・求人・給与）,18000,福井県,pref,18,福井県,2024100000,2024年度,2024,00001|F620216,観測値|F620216_きまって支給する現金給与額（女）,千円,261.2,261.2
labour,働く人の環境（就業・求人・給与）,19000,山梨県,pref,19,山梨県,2020100000,2020年度,2020,00001|F620216,観測値|F620216_きまって支給する現金給与額（女）,千円,246.6,246.6
labour,働く人の環境（就業・求人・給与）,19000,山梨県,pref,19,山梨県,2021100000,2021年度,2021,00001|F620216,観測値|F620216_きまって支給する現金給与額（女）,千円,243.5,243.5
labour,働く人の環境（就業・求人・給与）,19000,山梨県,pref,19,山梨県,2022100000,2022年度,2022,00001|F620216,観測値|F620216_きまって支給する現金給与額（女）,千円,255.0,255.0
labour,働く人の環境（就業・求人・給与）,19000,山梨県,pref,19,山梨県,2023100000,2023年度,2023,00001|F620216,観測値|F620216_きまって支給する現金給与額（女）,千円,251.9,251.9
labour,働く人の環境（就業・求人・給与）,19000,山梨県,pref,19,山梨県,2024100000,2024年度,2024,00001|F620216,観測値|F620216_きまって支給する現金給与額（女）,千円,266.6,266.6
labour,働く人の環境（就業・求人・給与）,20000,長野県,pref,20,長野県,2020100000,2020年度,2020,00001|F620216,観測値|F620216_きまって支給する現金給与額（女）,千円,246.2,246.2
labour,働く人の環境（就業・求人・給与）,20000,長野県,pref,20,長野県,2021100000,2021年度,2021,00001|F620216,観測値|F620216_きまって支給する現金給与額（女）,千円,245.2,245.2
labour,働く人の環境（就業・求人・給与）,20000,長野県,pref,20,長野県,2022100000,2022年度,2022,00001|F620216,観測値|F620216_きまって支給する現金給与額（女）,千円,251.2,251.2
labour,働く人の環境（就業・求人・給与）,20000,長野県,pref,20,長野県,2023100000,2023年度,2023,00001|F620216,観測値|F620216_きまって支給する現金給与額（女）,千円,247.4,247.4
labour,働く人の環境（就業・求人・給与）,20000,長野県,pref,20,長野県,2024100000,2024年度,2024,00001|F620216,観測値|F620216_きまって支給する現金給与額（女）,千円,270.6,270.6
labour,働く人の環境（就業・求人・給与）,21000,岐阜県,pref,21,岐阜県,2020100000,2020年度,2020,00001|F620216,観測値|F620216_きまって支給する現金給与額（女）,千円,246.3,246.3
labour,働く人の環境（就業・求人・給与）,21000,岐阜県,pref,21,岐阜県,2021100000,2021年度,2021,00001|F620216,観測値|F620216_きまって支給する現金給与額（女）,千円,250.3,250.3
labour,働く人の環境（就業・求人・給与）,21000,岐阜県,pref,21,岐阜県,2022100000,2022年度,2022,00001|F620216,観測値|F620216_きまって支給する現金給与額（女）,千円,254.2,254.2
labour,働く人の環境（就業・求人・給与）,21000,岐阜県,pref,21,岐阜県,2023100000,2023年度,2023,00001|F620216,観測値|F620216_きまって支給する現金給与額（女）,千円,251.6,251.6
labour,働く人の環境（就業・求人・給与）,21000,岐阜県,pref,21,岐阜県,2024100000,2024年度,2024,00001|F620216,観測値|F620216_きまって支給する現金給与額（女）,千円,255.7,255.7
labour,働く人の環境（就業・求人・給与）,22000,静岡県,pref,22,静岡県,2020100000,2020年度,2020,00001|F620216,観測値|F620216_きまって支給する現金給与額（女）,千円,249.9,249.9
labour,働く人の環境（就業・求人・給与）,22000,静岡県,pref,22,静岡県,2021100000,2021年度,2021,00001|F620216,観測値|F620216_きまって支給する現金給与額（女）,千円,251.7,251.7
labour,働く人の環境（就業・求人・給与）,22000,静岡県,pref,22,静岡県,2022100000,2022年度,2022,00001|F620216,観測値|F620216_きまって支給する現金給与額（女）,千円,257.0,257.0
labour,働く人の環境（就業・求人・給与）,22000,静岡県,pref,22,静岡県,2023100000,2023年度,2023,00001|F620216,観測値|F620216_きまって支給する現金給与額（女）,千円,268.5,268.5
labour,働く人の環境（就業・求人・給与）,22000,静岡県,pref,22,静岡県,2024100000,2024年度,2024,00001|F620216,観測値|F620216_きまって支給する現金給与額（女）,千円,266.5,266.5
labour,働く人の環境（就業・求人・給与）,23000,愛知県,pref,23,愛知県,2020100000,2020年度,2020,00001|F620216,観測値|F620216_きまって支給する現金給与額（女）,千円,267.9,267.9
labour,働く人の環境（就業・求人・給与）,23000,愛知県,pref,23,愛知県,2021100000,2021年度,2021,00001|F620216,観測値|F620216_きまって支給する現金給与額（女）,千円,269.9,269.9
labour,働く人の環境（就業・求人・給与）,23000,愛知県,pref,23,愛知県,2022100000,2022年度,2022,00001|F620216,観測値|F620216_きまって支給する現金給与額（女）,千円,268.2,268.2
labour,働く人の環境（就業・求人・給与）,23000,愛知県,pref,23,愛知県,2023100000,2023年度,2023,00001|F620216,観測値|F620216_きまって支給する現金給与額（女）,千円,278.6,278.6
labour,働く人の環境（就業・求人・給与）,23000,愛知県,pref,23,愛知県,2024100000,2024年度,2024,00001|F620216,観測値|F620216_きまって支給する現金給与額（女）,千円,287.5,287.5
labour,働く人の環境（就業・求人・給与）,24000,三重県,pref,24,三重県,2020100000,2020年度,2020,00001|F620216,観測値|F620216_きまって支給する現金給与額（女）,千円,246.0,246.0
labour,働く人の環境（就業・求人・給与）,24000,三重県,pref,24,三重県,2021100000,2021年度,2021,00001|F620216,観測値|F620216_きまって支給する現金給与額（女）,千円,251.6,251.6
labour,働く人の環境（就業・求人・給与）,24000,三重県,pref,24,三重県,2022100000,2022年度,2022,00001|F620216,観測値|F620216_きまって支給する現金給与額（女）,千円,256.9,256.9
labour,働く人の環境（就業・求人・給与）,24000,三重県,pref,24,三重県,2023100000,2023年度,2023,00001|F620216,観測値|F620216_きまって支給する現金給与額（女）,千円,266.2,266.2
labour,働く人の環境（就業・求人・給与）,24000,三重県,pref,24,三重県,2024100000,2024年度,2024,00001|F620216,観測値|F620216_きまって支給する現金給与額（女）,千円,271.8,271.8
labour,働く人の環境（就業・求人・給与）,25000,滋賀県,pref,25,滋賀県,2020100000,2020年度,2020,00001|F620216,観測値|F620216_きまって支給する現金給与額（女）,千円,258.0,258.0
labour,働く人の環境（就業・求人・給与）,25000,滋賀県,pref,25,滋賀県,2021100000,2021年度,2021,00001|F620216,観測値|F620216_きまって支給する現金給与額（女）,千円,254.1,254.1
labour,働く人の環境（就業・求人・給与）,25000,滋賀県,pref,25,滋賀県,2022100000,2022年度,2022,00001|F620216,観測値|F620216_きまって支給する現金給与額（女）,千円,269.2,269.2
labour,働く人の環境（就業・求人・給与）,25000,滋賀県,pref,25,滋賀県,2023100000,2023年度,2023,00001|F620216,観測値|F620216_きまって支給する現金給与額（女）,千円,261.6,261.6
labour,働く人の環境（就業・求人・給与）,25000,滋賀県,pref,25,滋賀県,2024100000,2024年度,2024,00001|F620216,観測値|F620216_きまって支給する現金給与額（女）,千円,275.8,275.8
labour,働く人の環境（就業・求人・給与）,26000,京都府,pref,26,京都府,2020100000,2020年度,2020,00001|F620216,観測値|F620216_きまって支給する現金給与額（女）,千円,273.2,273.2
labour,働く人の環境（就業・求人・給与）,26000,京都府,pref,26,京都府,2021100000,2021年度,2021,00001|F620216,観測値|F620216_きまって支給する現金給与額（女）,千円,283.0,283.0
labour,働く人の環境（就業・求人・給与）,26000,京都府,pref,26,京都府,2022100000,2022年度,2022,00001|F620216,観測値|F620216_きまって支給する現金給与額（女）,千円,276.8,276.8
labour,働く人の環境（就業・求人・給与）,26000,京都府,pref,26,京都府,2023100000,2023年度,2023,00001|F620216,観測値|F620216_きまって支給する現金給与額（女）,千円,284.3,284.3
labour,働く人の環境（就業・求人・給与）,26000,京都府,pref,26,京都府,2024100000,2024年度,2024,00001|F620216,観測値|F620216_きまって支給する現金給与額（女）,千円,303.2,303.2
labour,働く人の環境（就業・求人・給与）,27000,大阪府,pref,27,大阪府,2020100000,2020年度,2020,00001|F620216,観測値|F620216_きまって支給する現金給与額（女）,千円,274.6,274.6
labour,働く人の環境（就業・求人・給与）,27000,大阪府,pref,27,大阪府,2021100000,2021年度,2021,00001|F620216,観測値|F620216_きまって支給する現金給与額（女）,千円,285.5,285.5
labour,働く人の環境（就業・求人・給与）,27000,大阪府,pref,27,大阪府,2022100000,2022年度,2022,00001|F620216,観測値|F620216_きまって支給する現金給与額（女）,千円,293.8,293.8
labour,働く人の環境（就業・求人・給与）,27000,大阪府,pref,27,大阪府,2023100000,2023年度,2023,00001|F620216,観測値|F620216_きまって支給する現金給与額（女）,千円,302.4,302.4
labour,働く人の環境（就業・求人・給与）,27000,大阪府,pref,27,大阪府,2024100000,2024年度,2024,00001|F620216,観測値|F620216_きまって支給する現金給与額（女）,千円,306.6,306.6
labour,働く人の環境（就業・求人・給与）,28000,兵庫県,pref,28,兵庫県,2020100000,2020年度,2020,00001|F620216,観測値|F620216_きまって支給する現金給与額（女）,千円,268.4,268.4
labour,働く人の環境（就業・求人・給与）,28000,兵庫県,pref,28,兵庫県,2021100000,2021年度,2021,00001|F620216,観測値|F620216_きまって支給する現金給与額（女）,千円,268.9,268.9
labour,働く人の環境（就業・求人・給与）,28000,兵庫県,pref,28,兵庫県,2022100000,2022年度,2022,00001|F620216,観測値|F620216_きまって支給する現金給与額（女）,千円,281.1,281.1
labour,働く人の環境（就業・求人・給与）,28000,兵庫県,pref,28,兵庫県,2023100000,2023年度,2023,00001|F620216,観測値|F620216_きまって支給する現金給与額（女）,千円,283.0,283.0
labour,働く人の環境（就業・求人・給与）,28000,兵庫県,pref,28,兵庫県,2024100000,2024年度,2024,00001|F620216,観測値|F620216_きまって支給する現金給与額（女）,千円,281.7,281.7
labour,働く人の環境（就業・求人・給与）,29000,奈良県,pref,29,奈良県,2020100000,2020年度,2020,00001|F620216,観測値|F620216_きまって支給する現金給与額（女）,千円,267.9,267.9
labour,働く人の環境（就業・求人・給与）,29000,奈良県,pref,29,奈良県,2021100000,2021年度,2021,00001|F620216,観測値|F620216_きまって支給する現金給与額（女）,千円,265.3,265.3
labour,働く人の環境（就業・求人・給与）,29000,奈良県,pref,29,奈良県,2022100000,2022年度,2022,00001|F620216,観測値|F620216_きまって支給する現金給与額（女）,千円,287.4,287.4
labour,働く人の環境（就業・求人・給与）,29000,奈良県,pref,29,奈良県,2023100000,2023年度,2023,00001|F620216,観測値|F620216_きまって支給する現金給与額（女）,千円,278.7,278.7
labour,働く人の環境（就業・求人・給与）,29000,奈良県,pref,29,奈良県,2024100000,2024年度,2024,00001|F620216,観測値|F620216_きまって支給する現金給与額（女）,千円,292.9,292.9
labour,働く人の環境（就業・求人・給与）,30000,和歌山県,pref,30,和歌山県,2020100000,2020年度,2020,00001|F620216,観測値|F620216_きまって支給する現金給与額（女）,千円,248.1,248.1
labour,働く人の環境（就業・求人・給与）,30000,和歌山県,pref,30,和歌山県,2021100000,2021年度,2021,00001|F620216,観測値|F620216_きまって支給する現金給与額（女）,千円,242.8,242.8
labour,働く人の環境（就業・求人・給与）,30000,和歌山県,pref,30,和歌山県,2022100000,2022年度,2022,00001|F620216,観測値|F620216_きまって支給する現金給与額（女）,千円,262.1,262.1
labour,働く人の環境（就業・求人・給与）,30000,和歌山県,pref,30,和歌山県,2023100000,2023年度,2023,00001|F620216,観測値|F620216_きまって支給する現金給与額（女）,千円,274.6,274.6
labour,働く人の環境（就業・求人・給与）,30000,和歌山県,pref,30,和歌山県,2024100000,2024年度,2024,00001|F620216,観測値|F620216_きまって支給する現金給与額（女）,千円,263.4,263.4
labour,働く人の環境（就業・求人・給与）,31000,鳥取県,pref,31,鳥取県,2020100000,2020年度,2020,00001|F620216,観測値|F620216_きまって支給する現金給与額（女）,千円,231.3,231.3
labour,働く人の環境（就業・求人・給与）,31000,鳥取県,pref,31,鳥取県,2021100000,2021年度,2021,00001|F620216,観測値|F620216_きまって支給する現金給与額（女）,千円,236.2,236.2
labour,働く人の環境（就業・求人・給与）,31000,鳥取県,pref,31,鳥取県,2022100000,2022年度,2022,00001|F620216,観測値|F620216_きまって支給する現金給与額（女）,千円,242.8,242.8
labour,働く人の環境（就業・求人・給与）,31000,鳥取県,pref,31,鳥取県,2023100000,2023年度,2023,00001|F620216,観測値|F620216_きまって支給する現金給与額（女）,千円,233.6,233.6
labour,働く人の環境（就業・求人・給与）,31000,鳥取県,pref,31,鳥取県,2024100000,2024年度,2024,00001|F620216,観測値|F620216_きまって支給する現金給与額（女）,千円,243.4,243.4
labour,働く人の環境（就業・求人・給与）,32000,島根県,pref,32,島根県,2020100000,2020年度,2020,00001|F620216,観測値|F620216_きまって支給する現金給与額（女）,千円,233.3,233.3
labour,働く人の環境（就業・求人・給与）,32000,島根県,pref,32,島根県,2021100000,2021年度,2021,00001|F620216,観測値|F620216_きまって支給する現金給与額（女）,千円,239.0,239.0
labour,働く人の環境（就業・求人・給与）,32000,島根県,pref,32,島根県,2022100000,2022年度,2022,00001|F620216,観測値|F620216_きまって支給する現金給与額（女）,千円,239.5,239.5
labour,働く人の環境（就業・求人・給与）,32000,島根県,pref,32,島根県,2023100000,2023年度,2023,00001|F620216,観測値|F620216_きまって支給する現金給与額（女）,千円,246.6,246.6
labour,働く人の環境（就業・求人・給与）,32000,島根県,pref,32,島根県,2024100000,2024年度,2024,00001|F620216,観測値|F620216_きまって支給する現金給与額（女）,千円,250.5,250.5
labour,働く人の環境（就業・求人・給与）,33000,岡山県,pref,33,岡山県,2020100000,2020年度,2020,00001|F620216,観測値|F620216_きまって支給する現金給与額（女）,千円,245.0,245.0
labour,働く人の環境（就業・求人・給与）,33000,岡山県,pref,33,岡山県,2021100000,2021年度,2021,00001|F620216,観測値|F620216_きまって支給する現金給与額（女）,千円,249.8,249.8
labour,働く人の環境（就業・求人・給与）,33000,岡山県,pref,33,岡山県,2022100000,2022年度,2022,00001|F620216,観測値|F620216_きまって支給する現金給与額（女）,千円,250.7,250.7
labour,働く人の環境（就業・求人・給与）,33000,岡山県,pref,33,岡山県,2023100000,2023年度,2023,00001|F620216,観測値|F620216_きまって支給する現金給与額（女）,千円,264.6,264.6
labour,働く人の環境（就業・求人・給与）,33000,岡山県,pref,33,岡山県,2024100000,2024年度,2024,00001|F620216,観測値|F620216_きまって支給する現金給与額（女）,千円,266.3,266.3
labour,働く人の環境（就業・求人・給与）,34000,広島県,pref,34,広島県,2020100000,2020年度,2020,00001|F620216,観測値|F620216_きまって支給する現金給与額（女）,千円,251.3,251.3
labour,働く人の環境（就業・求人・給与）,34000,広島県,pref,34,広島県,2021100000,2021年度,2021,00001|F620216,観測値|F620216_きまって支給する現金給与額（女）,千円,259.8,259.8
labour,働く人の環境（就業・求人・給与）,34000,広島県,pref,34,広島県,2022100000,2022年度,2022,00001|F620216,観測値|F620216_きまって支給する現金給与額（女）,千円,262.3,262.3
labour,働く人の環境（就業・求人・給与）,34000,広島県,pref,34,広島県,2023100000,2023年度,2023,00001|F620216,観測値|F620216_きまって支給する現金給与額（女）,千円,266.1,266.1
labour,働く人の環境（就業・求人・給与）,34000,広島県,pref,34,広島県,2024100000,2024年度,2024,00001|F620216,観測値|F620216_きまって支給する現金給与額（女）,千円,280.8,280.8
labour,働く人の環境（就業・求人・給与）,35000,山口県,pref,35,山口県,2020100000,2020年度,2020,00001|F620216,観測値|F620216_きまって支給する現金給与額（女）,千円,245.3,245.3
labour,働く人の環境（就業・求人・給与）,35000,山口県,pref,35,山口県,2021100000,2021年度,2021,00001|F620216,観測値|F620216_きまって支給する現金給与額（女）,千円,250.3,250.3
labour,働く人の環境（就業・求人・給与）,35000,山口県,pref,35,山口県,2022100000,2022年度,2022,00001|F620216,観測値|F620216_きまって支給する現金給与額（女）,千円,257.9,257.9
labour,働く人の環境（就業・求人・給与）,35000,山口県,pref,35,山口県,2023100000,2023年度,2023,00001|F620216,観測値|F620216_きまって支給する現金給与額（女）,千円,262.0,262.0
labour,働く人の環境（就業・求人・給与）,35000,山口県,pref,35,山口県,2024100000,2024年度,2024,00001|F620216,観測値|F620216_きまって支給する現金給与額（女）,千円,261.6,261.6
labour,働く人の環境（就業・求人・給与）,36000,徳島県,pref,36,徳島県,2020100000,2020年度,2020,00001|F620216,観測値|F620216_きまって支給する現金給与額（女）,千円,246.0,246.0
labour,働く人の環境（就業・求人・給与）,36000,徳島県,pref,36,徳島県,2021100000,2021年度,2021,00001|F620216,観測値|F620216_きまって支給する現金給与額（女）,千円,244.0,244.0
labour,働く人の環境（就業・求人・給与）,36000,徳島県,pref,36,徳島県,2022100000,2022年度,2022,00001|F620216,観測値|F620216_きまって支給する現金給与額（女）,千円,255.1,255.1
labour,働く人の環境（就業・求人・給与）,36000,徳島県,pref,36,徳島県,2023100000,2023年度,2023,00001|F620216,観測値|F620216_きまって支給する現金給与額（女）,千円,245.1,245.1
labour,働く人の環境（就業・求人・給与）,36000,徳島県,pref,36,徳島県,2024100000,2024年度,2024,00001|F620216,観測値|F620216_きまって支給する現金給与額（女）,千円,264.4,264.4
labour,働く人の環境（就業・求人・給与）,37000,香川県,pref,37,香川県,2020100000,2020年度,2020,00001|F620216,観測値|F620216_きまって支給する現金給与額（女）,千円,241.7,241.7
labour,働く人の環境（就業・求人・給与）,37000,香川県,pref,37,香川県,2021100000,2021年度,2021,00001|F620216,観測値|F620216_きまって支給する現金給与額（女）,千円,251.7,251.7
labour,働く人の環境（就業・求人・給与）,37000,香川県,pref,37,香川県,2022100000,2022年度,2022,00001|F620216,観測値|F620216_きまって支給する現金給与額（女）,千円,243.9,243.9
labour,働く人の環境（就業・求人・給与）,37000,香川県,pref,37,香川県,2023100000,2023年度,2023,00001|F620216,観測値|F620216_きまって支給する現金給与額（女）,千円,247.7,247.7
labour,働く人の環境（就業・求人・給与）,37000,香川県,pref,37,香川県,2024100000,2024年度,2024,00001|F620216,観測値|F620216_きまって支給する現金給与額（女）,千円,272.2,272.2
labour,働く人の環境（就業・求人・給与）,38000,愛媛県,pref,38,愛媛県,2020100000,2020年度,2020,00001|F620216,観測値|F620216_きまって支給する現金給与額（女）,千円,228.1,228.1
labour,働く人の環境（就業・求人・給与）,38000,愛媛県,pref,38,愛媛県,2021100000,2021年度,2021,00001|F620216,観測値|F620216_きまって支給する現金給与額（女）,千円,237.7,237.7
labour,働く人の環境（就業・求人・給与）,38000,愛媛県,pref,38,愛媛県,2022100000,2022年度,2022,00001|F620216,観測値|F620216_きまって支給する現金給与額（女）,千円,236.6,236.6
labour,働く人の環境（就業・求人・給与）,38000,愛媛県,pref,38,愛媛県,2023100000,2023年度,2023,00001|F620216,観測値|F620216_きまって支給する現金給与額（女）,千円,249.2,249.2
labour,働く人の環境（就業・求人・給与）,38000,愛媛県,pref,38,愛媛県,2024100000,2024年度,2024,00001|F620216,観測値|F620216_きまって支給する現金給与額（女）,千円,248.7,248.7
labour,働く人の環境（就業・求人・給与）,39000,高知県,pref,39,高知県,2020100000,2020年度,2020,00001|F620216,観測値|F620216_きまって支給する現金給与額（女）,千円,234.5,234.5
labour,働く人の環境（就業・求人・給与）,39000,高知県,pref,39,高知県,2021100000,2021年度,2021,00001|F620216,観測値|F620216_きまって支給する現金給与額（女）,千円,247.5,247.5
labour,働く人の環境（就業・求人・給与）,39000,高知県,pref,39,高知県,2022100000,2022年度,2022,00001|F620216,観測値|F620216_きまって支給する現金給与額（女）,千円,247.9,247.9
labour,働く人の環境（就業・求人・給与）,39000,高知県,pref,39,高知県,2023100000,2023年度,2023,00001|F620216,観測値|F620216_きまって支給する現金給与額（女）,千円,257.0,257.0
labour,働く人の環境（就業・求人・給与）,39000,高知県,pref,39,高知県,2024100000,2024年度,2024,00001|F620216,観測値|F620216_きまって支給する現金給与額（女）,千円,258.4,258.4
labour,働く人の環境（就業・求人・給与）,40000,福岡県,pref,40,福岡県,2020100000,2020年度,2020,00001|F620216,観測値|F620216_きまって支給する現金給与額（女）,千円,244.5,244.5
labour,働く人の環境（就業・求人・給与）,40000,福岡県,pref,40,福岡県,2021100000,2021年度,2021,00001|F620216,観測値|F620216_きまって支給する現金給与額（女）,千円,252.9,252.9
labour,働く人の環境（就業・求人・給与）,40000,福岡県,pref,40,福岡県,2022100000,2022年度,2022,00001|F620216,観測値|F620216_きまって支給する現金給与額（女）,千円,270.5,270.5
labour,働く人の環境（就業・求人・給与）,40000,福岡県,pref,40,福岡県,2023100000,2023年度,2023,00001|F620216,観測値|F620216_きまって支給する現金給与額（女）,千円,265.2,265.2
labour,働く人の環境（就業・求人・給与）,40000,福岡県,pref,40,福岡県,2024100000,2024年度,2024,00001|F620216,観測値|F620216_きまって支給する現金給与額（女）,千円,272.7,272.7
labour,働く人の環境（就業・求人・給与）,41000,佐賀県,pref,41,佐賀県,2020100000,2020年度,2020,00001|F620216,観測値|F620216_きまって支給する現金給与額（女）,千円,227.2,227.2
labour,働く人の環境（就業・求人・給与）,41000,佐賀県,pref,41,佐賀県,2021100000,2021年度,2021,00001|F620216,観測値|F620216_きまって支給する現金給与額（女）,千円,226.8,226.8
labour,働く人の環境（就業・求人・給与）,41000,佐賀県,pref,41,佐賀県,2022100000,2022年度,2022,00001|F620216,観測値|F620216_きまって支給する現金給与額（女）,千円,241.5,241.5
labour,働く人の環境（就業・求人・給与）,41000,佐賀県,pref,41,佐賀県,2023100000,2023年度,2023,00001|F620216,観測値|F620216_きまって支給する現金給与額（女）,千円,246.1,246.1
labour,働く人の環境（就業・求人・給与）,41000,佐賀県,pref,41,佐賀県,2024100000,2024年度,2024,00001|F620216,観測値|F620216_きまって支給する現金給与額（女）,千円,254.6,254.6
labour,働く人の環境（就業・求人・給与）,42000,長崎県,pref,42,長崎県,2020100000,2020年度,2020,00001|F620216,観測値|F620216_きまって支給する現金給与額（女）,千円,234.7,234.7
labour,働く人の環境（就業・求人・給与）,42000,長崎県,pref,42,長崎県,2021100000,2021年度,2021,00001|F620216,観測値|F620216_きまって支給する現金給与額（女）,千円,234.7,234.7
labour,働く人の環境（就業・求人・給与）,42000,長崎県,pref,42,長崎県,2022100000,2022年度,2022,00001|F620216,観測値|F620216_きまって支給する現金給与額（女）,千円,238.3,238.3
labour,働く人の環境（就業・求人・給与）,42000,長崎県,pref,42,長崎県,2023100000,2023年度,2023,00001|F620216,観測値|F620216_きまって支給する現金給与額（女）,千円,242.0,242.0
labour,働く人の環境（就業・求人・給与）,42000,長崎県,pref,42,長崎県,2024100000,2024年度,2024,00001|F620216,観測値|F620216_きまって支給する現金給与額（女）,千円,254.8,254.8
labour,働く人の環境（就業・求人・給与）,43000,熊本県,pref,43,熊本県,2020100000,2020年度,2020,00001|F620216,観測値|F620216_きまって支給する現金給与額（女）,千円,231.5,231.5
labour,働く人の環境（就業・求人・給与）,43000,熊本県,pref,43,熊本県,2021100000,2021年度,2021,00001|F620216,観測値|F620216_きまって支給する現金給与額（女）,千円,237.2,237.2
labour,働く人の環境（就業・求人・給与）,43000,熊本県,pref,43,熊本県,2022100000,2022年度,2022,00001|F620216,観測値|F620216_きまって支給する現金給与額（女）,千円,240.1,240.1
labour,働く人の環境（就業・求人・給与）,43000,熊本県,pref,43,熊本県,2023100000,2023年度,2023,00001|F620216,観測値|F620216_きまって支給する現金給与額（女）,千円,243.6,243.6
labour,働く人の環境（就業・求人・給与）,43000,熊本県,pref,43,熊本県,2024100000,2024年度,2024,00001|F620216,観測値|F620216_きまって支給する現金給与額（女）,千円,254.7,254.7
labour,働く人の環境（就業・求人・給与）,44000,大分県,pref,44,大分県,2020100000,2020年度,2020,00001|F620216,観測値|F620216_きまって支給する現金給与額（女）,千円,233.9,233.9
labour,働く人の環境（就業・求人・給与）,44000,大分県,pref,44,大分県,2021100000,2021年度,2021,00001|F620216,観測値|F620216_きまって支給する現金給与額（女）,千円,230.0,230.0
labour,働く人の環境（就業・求人・給与）,44000,大分県,pref,44,大分県,2022100000,2022年度,2022,00001|F620216,観測値|F620216_きまって支給する現金給与額（女）,千円,243.2,243.2
labour,働く人の環境（就業・求人・給与）,44000,大分県,pref,44,大分県,2023100000,2023年度,2023,00001|F620216,観測値|F620216_きまって支給する現金給与額（女）,千円,240.8,240.8
labour,働く人の環境（就業・求人・給与）,44000,大分県,pref,44,大分県,2024100000,2024年度,2024,00001|F620216,観測値|F620216_きまって支給する現金給与額（女）,千円,249.8,249.8
labour,働く人の環境（就業・求人・給与）,45000,宮崎県,pref,45,宮崎県,2020100000,2020年度,2020,00001|F620216,観測値|F620216_きまって支給する現金給与額（女）,千円,219.1,219.1
labour,働く人の環境（就業・求人・給与）,45000,宮崎県,pref,45,宮崎県,2021100000,2021年度,2021,00001|F620216,観測値|F620216_きまって支給する現金給与額（女）,千円,215.4,215.4
labour,働く人の環境（就業・求人・給与）,45000,宮崎県,pref,45,宮崎県,2022100000,2022年度,2022,00001|F620216,観測値|F620216_きまって支給する現金給与額（女）,千円,226.8,226.8
labour,働く人の環境（就業・求人・給与）,45000,宮崎県,pref,45,宮崎県,2023100000,2023年度,2023,00001|F620216,観測値|F620216_きまって支給する現金給与額（女）,千円,233.3,233.3
labour,働く人の環境（就業・求人・給与）,45000,宮崎県,pref,45,宮崎県,2024100000,2024年度,2024,00001|F620216,観測値|F620216_きまって支給する現金給与額（女）,千円,238.7,238.7
labour,働く人の環境（就業・求人・給与）,46000,鹿児島県,pref,46,鹿児島県,2020100000,2020年度,2020,00001|F620216,観測値|F620216_きまって支給する現金給与額（女）,千円,222.9,222.9
labour,働く人の環境（就業・求人・給与）,46000,鹿児島県,pref,46,鹿児島県,2021100000,2021年度,2021,00001|F620216,観測値|F620216_きまって支給する現金給与額（女）,千円,231.0,231.0
labour,働く人の環境（就業・求人・給与）,46000,鹿児島県,pref,46,鹿児島県,2022100000,2022年度,2022,00001|F620216,観測値|F620216_きまって支給する現金給与額（女）,千円,232.7,232.7
labour,働く人の環境（就業・求人・給与）,46000,鹿児島県,pref,46,鹿児島県,2023100000,2023年度,2023,00001|F620216,観測値|F620216_きまって支給する現金給与額（女）,千円,240.9,240.9
labour,働く人の環境（就業・求人・給与）,46000,鹿児島県,pref,46,鹿児島県,2024100000,2024年度,2024,00001|F620216,観測値|F620216_きまって支給する現金給与額（女）,千円,245.4,245.4
labour,働く人の環境（就業・求人・給与）,47000,沖縄県,pref,47,沖縄県,2020100000,2020年度,2020,00001|F620216,観測値|F620216_きまって支給する現金給与額（女）,千円,229.5,229.5
labour,働く人の環境（就業・求人・給与）,47000,沖縄県,pref,47,沖縄県,2021100000,2021年度,2021,00001|F620216,観測値|F620216_きまって支給する現金給与額（女）,千円,230.8,230.8
labour,働く人の環境（就業・求人・給与）,47000,沖縄県,pref,47,沖縄県,2022100000,2022年度,2022,00001|F620216,観測値|F620216_きまって支給する現金給与額（女）,千円,235.1,235.1
labour,働く人の環境（就業・求人・給与）,47000,沖縄県,pref,47,沖縄県,2023100000,2023年度,2023,00001|F620216,観測値|F620216_きまって支給する現金給与額（女）,千円,242.3,242.3
labour,働く人の環境（就業・求人・給与）,47000,沖縄県,pref,47,沖縄県,2024100000,2024年度,2024,00001|F620216,観測値|F620216_きまって支給する現金給与額（女）,千円,250.7,250.7
labour,働く人の環境（就業・求人・給与）,00000,全国,national,,,2020100000,2020年度,2020,00001|F620217,観測値|F620217_所定内給与額（男）,千円,338.8,338.8
labour,働く人の環境（就業・求人・給与）,00000,全国,national,,,2021100000,2021年度,2021,00001|F620217,観測値|F620217_所定内給与額（男）,千円,337.2,337.2
labour,働く人の環境（就業・求人・給与）,00000,全国,national,,,2022100000,2022年度,2022,00001|F620217,観測値|F620217_所定内給与額（男）,千円,342.0,342.0
labour,働く人の環境（就業・求人・給与）,00000,全国,national,,,2023100000,2023年度,2023,00001|F620217,観測値|F620217_所定内給与額（男）,千円,350.9,350.9
labour,働く人の環境（就業・求人・給与）,00000,全国,national,,,2024100000,2024年度,2024,00001|F620217,観測値|F620217_所定内給与額（男）,千円,363.1,363.1
labour,働く人の環境（就業・求人・給与）,01000,北海道,pref,01,北海道,2020100000,2020年度,2020,00001|F620217,観測値|F620217_所定内給与額（男）,千円,300.2,300.2
labour,働く人の環境（就業・求人・給与）,01000,北海道,pref,01,北海道,2021100000,2021年度,2021,00001|F620217,観測値|F620217_所定内給与額（男）,千円,302.1,302.1
labour,働く人の環境（就業・求人・給与）,01000,北海道,pref,01,北海道,2022100000,2022年度,2022,00001|F620217,観測値|F620217_所定内給与額（男）,千円,297.7,297.7
labour,働く人の環境（就業・求人・給与）,01000,北海道,pref,01,北海道,2023100000,2023年度,2023,00001|F620217,観測値|F620217_所定内給与額（男）,千円,318.0,318.0
labour,働く人の環境（就業・求人・給与）,01000,北海道,pref,01,北海道,2024100000,2024年度,2024,00001|F620217,観測値|F620217_所定内給与額（男）,千円,316.8,316.8
labour,働く人の環境（就業・求人・給与）,02000,青森県,pref,02,青森県,2020100000,2020年度,2020,00001|F620217,観測値|F620217_所定内給与額（男）,千円,265.7,265.7
labour,働く人の環境（就業・求人・給与）,02000,青森県,pref,02,青森県,2021100000,2021年度,2021,00001|F620217,観測値|F620217_所定内給与額（男）,千円,267.3,267.3
labour,働く人の環境（就業・求人・給与）,02000,青森県,pref,02,青森県,2022100000,2022年度,2022,00001|F620217,観測値|F620217_所定内給与額（男）,千円,267.4,267.4
labour,働く人の環境（就業・求人・給与）,02000,青森県,pref,02,青森県,2023100000,2023年度,2023,00001|F620217,観測値|F620217_所定内給与額（男）,千円,275.2,275.2
labour,働く人の環境（就業・求人・給与）,02000,青森県,pref,02,青森県,2024100000,2024年度,2024,00001|F620217,観測値|F620217_所定内給与額（男）,千円,290.2,290.2
labour,働く人の環境（就業・求人・給与）,03000,岩手県,pref,03,岩手県,2020100000,2020年度,2020,00001|F620217,観測値|F620217_所定内給与額（男）,千円,267.7,267.7
labour,働く人の環境（就業・求人・給与）,03000,岩手県,pref,03,岩手県,2021100000,2021年度,2021,00001|F620217,観測値|F620217_所定内給与額（男）,千円,270.6,270.6
labour,働く人の環境（就業・求人・給与）,03000,岩手県,pref,03,岩手県,2022100000,2022年度,2022,00001|F620217,観測値|F620217_所定内給与額（男）,千円,275.5,275.5
labour,働く人の環境（就業・求人・給与）,03000,岩手県,pref,03,岩手県,2023100000,2023年度,2023,00001|F620217,観測値|F620217_所定内給与額（男）,千円,281.0,281.0
labour,働く人の環境（就業・求人・給与）,03000,岩手県,pref,03,岩手県,2024100000,2024年度,2024,00001|F620217,観測値|F620217_所定内給与額（男）,千円,291.6,291.6
labour,働く人の環境（就業・求人・給与）,04000,宮城県,pref,04,宮城県,2020100000,2020年度,2020,00001|F620217,観測値|F620217_所定内給与額（男）,千円,309.2,309.2
labour,働く人の環境（就業・求人・給与）,04000,宮城県,pref,04,宮城県,2021100000,2021年度,2021,00001|F620217,観測値|F620217_所定内給与額（男）,千円,307.2,307.2
labour,働く人の環境（就業・求人・給与）,04000,宮城県,pref,04,宮城県,2022100000,2022年度,2022,00001|F620217,観測値|F620217_所定内給与額（男）,千円,311.4,311.4
labour,働く人の環境（就業・求人・給与）,04000,宮城県,pref,04,宮城県,2023100000,2023年度,2023,00001|F620217,観測値|F620217_所定内給与額（男）,千円,317.3,317.3
labour,働く人の環境（就業・求人・給与）,04000,宮城県,pref,04,宮城県,2024100000,2024年度,2024,00001|F620217,観測値|F620217_所定内給与額（男）,千円,331.5,331.5
labour,働く人の環境（就業・求人・給与）,05000,秋田県,pref,05,秋田県,2020100000,2020年度,2020,00001|F620217,観測値|F620217_所定内給与額（男）,千円,272.8,272.8
labour,働く人の環境（就業・求人・給与）,05000,秋田県,pref,05,秋田県,2021100000,2021年度,2021,00001|F620217,観測値|F620217_所定内給与額（男）,千円,270.6,270.6
labour,働く人の環境（就業・求人・給与）,05000,秋田県,pref,05,秋田県,2022100000,2022年度,2022,00001|F620217,観測値|F620217_所定内給与額（男）,千円,288.3,288.3
labour,働く人の環境（就業・求人・給与）,05000,秋田県,pref,05,秋田県,2023100000,2023年度,2023,00001|F620217,観測値|F620217_所定内給与額（男）,千円,285.7,285.7
labour,働く人の環境（就業・求人・給与）,05000,秋田県,pref,05,秋田県,2024100000,2024年度,2024,00001|F620217,観測値|F620217_所定内給与額（男）,千円,291.1,291.1
labour,働く人の環境（就業・求人・給与）,06000,山形県,pref,06,山形県,2020100000,2020年度,2020,00001|F620217,観測値|F620217_所定内給与額（男）,千円,278.0,278.0
labour,働く人の環境（就業・求人・給与）,06000,山形県,pref,06,山形県,2021100000,2021年度,2021,00001|F620217,観測値|F620217_所定内給与額（男）,千円,285.4,285.4
labour,働く人の環境（就業・求人・給与）,06000,山形県,pref,06,山形県,2022100000,2022年度,2022,00001|F620217,観測値|F620217_所定内給与額（男）,千円,282.4,282.4
labour,働く人の環境（就業・求人・給与）,06000,山形県,pref,06,山形県,2023100000,2023年度,2023,00001|F620217,観測値|F620217_所定内給与額（男）,千円,281.4,281.4
labour,働く人の環境（就業・求人・給与）,06000,山形県,pref,06,山形県,2024100000,2024年度,2024,00001|F620217,観測値|F620217_所定内給与額（男）,千円,300.9,300.9
labour,働く人の環境（就業・求人・給与）,07000,福島県,pref,07,福島県,2020100000,2020年度,2020,00001|F620217,観測値|F620217_所定内給与額（男）,千円,295.3,295.3
labour,働く人の環境（就業・求人・給与）,07000,福島県,pref,07,福島県,2021100000,2021年度,2021,00001|F620217,観測値|F620217_所定内給与額（男）,千円,295.9,295.9
labour,働く人の環境（就業・求人・給与）,07000,福島県,pref,07,福島県,2022100000,2022年度,2022,00001|F620217,観測値|F620217_所定内給与額（男）,千円,296.1,296.1
labour,働く人の環境（就業・求人・給与）,07000,福島県,pref,07,福島県,2023100000,2023年度,2023,00001|F620217,観測値|F620217_所定内給与額（男）,千円,307.7,307.7
labour,働く人の環境（就業・求人・給与）,07000,福島県,pref,07,福島県,2024100000,2024年度,2024,00001|F620217,観測値|F620217_所定内給与額（男）,千円,306.0,306.0
labour,働く人の環境（就業・求人・給与）,08000,茨城県,pref,08,茨城県,2020100000,2020年度,2020,00001|F620217,観測値|F620217_所定内給与額（男）,千円,330.0,330.0
labour,働く人の環境（就業・求人・給与）,08000,茨城県,pref,08,茨城県,2021100000,2021年度,2021,00001|F620217,観測値|F620217_所定内給与額（男）,千円,323.6,323.6
labour,働く人の環境（就業・求人・給与）,08000,茨城県,pref,08,茨城県,2022100000,2022年度,2022,00001|F620217,観測値|F620217_所定内給与額（男）,千円,331.4,331.4
labour,働く人の環境（就業・求人・給与）,08000,茨城県,pref,08,茨城県,2023100000,2023年度,2023,00001|F620217,観測値|F620217_所定内給与額（男）,千円,347.0,347.0
labour,働く人の環境（就業・求人・給与）,08000,茨城県,pref,08,茨城県,2024100000,2024年度,2024,00001|F620217,観測値|F620217_所定内給与額（男）,千円,342.9,342.9
labour,働く人の環境（就業・求人・給与）,09000,栃木県,pref,09,栃木県,2020100000,2020年度,2020,00001|F620217,観測値|F620217_所定内給与額（男）,千円,315.9,315.9
labour,働く人の環境（就業・求人・給与）,09000,栃木県,pref,09,栃木県,2021100000,2021年度,2021,00001|F620217,観測値|F620217_所定内給与額（男）,千円,316.7,316.7
labour,働く人の環境（就業・求人・給与）,09000,栃木県,pref,09,栃木県,2022100000,2022年度,2022,00001|F620217,観測値|F620217_所定内給与額（男）,千円,326.7,326.7
labour,働く人の環境（就業・求人・給与）,09000,栃木県,pref,09,栃木県,2023100000,2023年度,2023,00001|F620217,観測値|F620217_所定内給与額（男）,千円,356.1,356.1
labour,働く人の環境（就業・求人・給与）,09000,栃木県,pref,09,栃木県,2024100000,2024年度,2024,00001|F620217,観測値|F620217_所定内給与額（男）,千円,346.8,346.8
labour,働く人の環境（就業・求人・給与）,10000,群馬県,pref,10,群馬県,2020100000,2020年度,2020,00001|F620217,観測値|F620217_所定内給与額（男）,千円,314.0,314.0
labour,働く人の環境（就業・求人・給与）,10000,群馬県,pref,10,群馬県,2021100000,2021年度,2021,00001|F620217,観測値|F620217_所定内給与額（男）,千円,306.8,306.8
labour,働く人の環境（就業・求人・給与）,10000,群馬県,pref,10,群馬県,2022100000,2022年度,2022,00001|F620217,観測値|F620217_所定内給与額（男）,千円,312.2,312.2
labour,働く人の環境（就業・求人・給与）,10000,群馬県,pref,10,群馬県,2023100000,2023年度,2023,00001|F620217,観測値|F620217_所定内給与額（男）,千円,322.9,322.9
labour,働く人の環境（就業・求人・給与）,10000,群馬県,pref,10,群馬県,2024100000,2024年度,2024,00001|F620217,観測値|F620217_所定内給与額（男）,千円,331.4,331.4
labour,働く人の環境（就業・求人・給与）,11000,埼玉県,pref,11,埼玉県,2020100000,2020年度,2020,00001|F620217,観測値|F620217_所定内給与額（男）,千円,327.4,327.4
labour,働く人の環境（就業・求人・給与）,11000,埼玉県,pref,11,埼玉県,2021100000,2021年度,2021,00001|F620217,観測値|F620217_所定内給与額（男）,千円,331.7,331.7
labour,働く人の環境（就業・求人・給与）,11000,埼玉県,pref,11,埼玉県,2022100000,2022年度,2022,00001|F620217,観測値|F620217_所定内給与額（男）,千円,330.6,330.6
labour,働く人の環境（就業・求人・給与）,11000,埼玉県,pref,11,埼玉県,2023100000,2023年度,2023,00001|F620217,観測値|F620217_所定内給与額（男）,千円,343.5,343.5
labour,働く人の環境（就業・求人・給与）,11000,埼玉県,pref,11,埼玉県,2024100000,2024年度,2024,00001|F620217,観測値|F620217_所定内給与額（男）,千円,351.0,351.0
labour,働く人の環境（就業・求人・給与）,12000,千葉県,pref,12,千葉県,2020100000,2020年度,2020,00001|F620217,観測値|F620217_所定内給与額（男）,千円,331.0,331.0
labour,働く人の環境（就業・求人・給与）,12000,千葉県,pref,12,千葉県,2021100000,2021年度,2021,00001|F620217,観測値|F620217_所定内給与額（男）,千円,325.6,325.6
labour,働く人の環境（就業・求人・給与）,12000,千葉県,pref,12,千葉県,2022100000,2022年度,2022,00001|F620217,観測値|F620217_所定内給与額（男）,千円,336.7,336.7
labour,働く人の環境（就業・求人・給与）,12000,千葉県,pref,12,千葉県,2023100000,2023年度,2023,00001|F620217,観測値|F620217_所定内給与額（男）,千円,340.1,340.1
labour,働く人の環境（就業・求人・給与）,12000,千葉県,pref,12,千葉県,2024100000,2024年度,2024,00001|F620217,観測値|F620217_所定内給与額（男）,千円,352.4,352.4
labour,働く人の環境（就業・求人・給与）,13000,東京都,pref,13,東京都,2020100000,2020年度,2020,00001|F620217,観測値|F620217_所定内給与額（男）,千円,410.3,410.3
labour,働く人の環境（就業・求人・給与）,13000,東京都,pref,13,東京都,2021100000,2021年度,2021,00001|F620217,観測値|F620217_所定内給与額（男）,千円,396.8,396.8
labour,働く人の環境（就業・求人・給与）,13000,東京都,pref,13,東京都,2022100000,2022年度,2022,00001|F620217,観測値|F620217_所定内給与額（男）,千円,412.8,412.8
labour,働く人の環境（就業・求人・給与）,13000,東京都,pref,13,東京都,2023100000,2023年度,2023,00001|F620217,観測値|F620217_所定内給与額（男）,千円,409.6,409.6
labour,働く人の環境（就業・求人・給与）,13000,東京都,pref,13,東京都,2024100000,2024年度,2024,00001|F620217,観測値|F620217_所定内給与額（男）,千円,440.8,440.8
labour,働く人の環境（就業・求人・給与）,14000,神奈川県,pref,14,神奈川県,2020100000,2020年度,2020,00001|F620217,観測値|F620217_所定内給与額（男）,千円,362.4,362.4
labour,働く人の環境（就業・求人・給与）,14000,神奈川県,pref,14,神奈川県,2021100000,2021年度,2021,00001|F620217,観測値|F620217_所定内給与額（男）,千円,365.3,365.3
labour,働く人の環境（就業・求人・給与）,14000,神奈川県,pref,14,神奈川県,2022100000,2022年度,2022,00001|F620217,観測値|F620217_所定内給与額（男）,千円,366.6,366.6
labour,働く人の環境（就業・求人・給与）,14000,神奈川県,pref,14,神奈川県,2023100000,2023年度,2023,00001|F620217,観測値|F620217_所定内給与額（男）,千円,380.3,380.3
labour,働く人の環境（就業・求人・給与）,14000,神奈川県,pref,14,神奈川県,2024100000,2024年度,2024,00001|F620217,観測値|F620217_所定内給与額（男）,千円,387.9,387.9
labour,働く人の環境（就業・求人・給与）,15000,新潟県,pref,15,新潟県,2020100000,2020年度,2020,00001|F620217,観測値|F620217_所定内給与額（男）,千円,280.8,280.8
labour,働く人の環境（就業・求人・給与）,15000,新潟県,pref,15,新潟県,2021100000,2021年度,2021,00001|F620217,観測値|F620217_所定内給与額（男）,千円,296.8,296.8
labour,働く人の環境（就業・求人・給与）,15000,新潟県,pref,15,新潟県,2022100000,2022年度,2022,00001|F620217,観測値|F620217_所定内給与額（男）,千円,299.0,299.0
labour,働く人の環境（就業・求人・給与）,15000,新潟県,pref,15,新潟県,2023100000,2023年度,2023,00001|F620217,観測値|F620217_所定内給与額（男）,千円,296.8,296.8
labour,働く人の環境（就業・求人・給与）,15000,新潟県,pref,15,新潟県,2024100000,2024年度,2024,00001|F620217,観測値|F620217_所定内給与額（男）,千円,315.3,315.3
labour,働く人の環境（就業・求人・給与）,16000,富山県,pref,16,富山県,2020100000,2020年度,2020,00001|F620217,観測値|F620217_所定内給与額（男）,千円,312.8,312.8
labour,働く人の環境（就業・求人・給与）,16000,富山県,pref,16,富山県,2021100000,2021年度,2021,00001|F620217,観測値|F620217_所定内給与額（男）,千円,302.9,302.9
labour,働く人の環境（就業・求人・給与）,16000,富山県,pref,16,富山県,2022100000,2022年度,2022,00001|F620217,観測値|F620217_所定内給与額（男）,千円,308.7,308.7
labour,働く人の環境（就業・求人・給与）,16000,富山県,pref,16,富山県,2023100000,2023年度,2023,00001|F620217,観測値|F620217_所定内給与額（男）,千円,320.1,320.1
labour,働く人の環境（就業・求人・給与）,16000,富山県,pref,16,富山県,2024100000,2024年度,2024,00001|F620217,観測値|F620217_所定内給与額（男）,千円,321.6,321.6
labour,働く人の環境（就業・求人・給与）,17000,石川県,pref,17,石川県,2020100000,2020年度,2020,00001|F620217,観測値|F620217_所定内給与額（男）,千円,316.7,316.7
labour,働く人の環境（就業・求人・給与）,17000,石川県,pref,17,石川県,2021100000,2021年度,2021,00001|F620217,観測値|F620217_所定内給与額（男）,千円,320.9,320.9
labour,働く人の環境（就業・求人・給与）,17000,石川県,pref,17,石川県,2022100000,2022年度,2022,00001|F620217,観測値|F620217_所定内給与額（男）,千円,312.3,312.3
labour,働く人の環境（就業・求人・給与）,17000,石川県,pref,17,石川県,2023100000,2023年度,2023,00001|F620217,観測値|F620217_所定内給与額（男）,千円,317.9,317.9
labour,働く人の環境（就業・求人・給与）,17000,石川県,pref,17,石川県,2024100000,2024年度,2024,00001|F620217,観測値|F620217_所定内給与額（男）,千円,339.2,339.2
labour,働く人の環境（就業・求人・給与）,18000,福井県,pref,18,福井県,2020100000,2020年度,2020,00001|F620217,観測値|F620217_所定内給与額（男）,千円,299.3,299.3
labour,働く人の環境（就業・求人・給与）,18000,福井県,pref,18,福井県,2021100000,2021年度,2021,00001|F620217,観測値|F620217_所定内給与額（男）,千円,305.0,305.0
labour,働く人の環境（就業・求人・給与）,18000,福井県,pref,18,福井県,2022100000,2022年度,2022,00001|F620217,観測値|F620217_所定内給与額（男）,千円,313.3,313.3
labour,働く人の環境（就業・求人・給与）,18000,福井県,pref,18,福井県,2023100000,2023年度,2023,00001|F620217,観測値|F620217_所定内給与額（男）,千円,315.4,315.4
labour,働く人の環境（就業・求人・給与）,18000,福井県,pref,18,福井県,2024100000,2024年度,2024,00001|F620217,観測値|F620217_所定内給与額（男）,千円,317.0,317.0
labour,働く人の環境（就業・求人・給与）,19000,山梨県,pref,19,山梨県,2020100000,2020年度,2020,00001|F620217,観測値|F620217_所定内給与額（男）,千円,317.6,317.6
labour,働く人の環境（就業・求人・給与）,19000,山梨県,pref,19,山梨県,2021100000,2021年度,2021,00001|F620217,観測値|F620217_所定内給与額（男）,千円,311.0,311.0
labour,働く人の環境（就業・求人・給与）,19000,山梨県,pref,19,山梨県,2022100000,2022年度,2022,00001|F620217,観測値|F620217_所定内給与額（男）,千円,316.3,316.3
labour,働く人の環境（就業・求人・給与）,19000,山梨県,pref,19,山梨県,2023100000,2023年度,2023,00001|F620217,観測値|F620217_所定内給与額（男）,千円,322.0,322.0
labour,働く人の環境（就業・求人・給与）,19000,山梨県,pref,19,山梨県,2024100000,2024年度,2024,00001|F620217,観測値|F620217_所定内給与額（男）,千円,335.5,335.5
labour,働く人の環境（就業・求人・給与）,20000,長野県,pref,20,長野県,2020100000,2020年度,2020,00001|F620217,観測値|F620217_所定内給与額（男）,千円,312.4,312.4
labour,働く人の環境（就業・求人・給与）,20000,長野県,pref,20,長野県,2021100000,2021年度,2021,00001|F620217,観測値|F620217_所定内給与額（男）,千円,311.6,311.6
labour,働く人の環境（就業・求人・給与）,20000,長野県,pref,20,長野県,2022100000,2022年度,2022,00001|F620217,観測値|F620217_所定内給与額（男）,千円,312.1,312.1
labour,働く人の環境（就業・求人・給与）,20000,長野県,pref,20,長野県,2023100000,2023年度,2023,00001|F620217,観測値|F620217_所定内給与額（男）,千円,320.0,320.0
labour,働く人の環境（就業・求人・給与）,20000,長野県,pref,20,長野県,2024100000,2024年度,2024,00001|F620217,観測値|F620217_所定内給与額（男）,千円,324.2,324.2
labour,働く人の環境（就業・求人・給与）,21000,岐阜県,pref,21,岐阜県,2020100000,2020年度,2020,00001|F620217,観測値|F620217_所定内給与額（男）,千円,314.0,314.0
labour,働く人の環境（就業・求人・給与）,21000,岐阜県,pref,21,岐阜県,2021100000,2021年度,2021,00001|F620217,観測値|F620217_所定内給与額（男）,千円,314.6,314.6
labour,働く人の環境（就業・求人・給与）,21000,岐阜県,pref,21,岐阜県,2022100000,2022年度,2022,00001|F620217,観測値|F620217_所定内給与額（男）,千円,319.9,319.9
labour,働く人の環境（就業・求人・給与）,21000,岐阜県,pref,21,岐阜県,2023100000,2023年度,2023,00001|F620217,観測値|F620217_所定内給与額（男）,千円,322.0,322.0
labour,働く人の環境（就業・求人・給与）,21000,岐阜県,pref,21,岐阜県,2024100000,2024年度,2024,00001|F620217,観測値|F620217_所定内給与額（男）,千円,321.1,321.1
labour,働く人の環境（就業・求人・給与）,22000,静岡県,pref,22,静岡県,2020100000,2020年度,2020,00001|F620217,観測値|F620217_所定内給与額（男）,千円,318.6,318.6
labour,働く人の環境（就業・求人・給与）,22000,静岡県,pref,22,静岡県,2021100000,2021年度,2021,00001|F620217,観測値|F620217_所定内給与額（男）,千円,311.2,311.2
labour,働く人の環境（就業・求人・給与）,22000,静岡県,pref,22,静岡県,2022100000,2022年度,2022,00001|F620217,観測値|F620217_所定内給与額（男）,千円,323.4,323.4
labour,働く人の環境（就業・求人・給与）,22000,静岡県,pref,22,静岡県,2023100000,2023年度,2023,00001|F620217,観測値|F620217_所定内給与額（男）,千円,332.5,332.5
labour,働く人の環境（就業・求人・給与）,22000,静岡県,pref,22,静岡県,2024100000,2024年度,2024,00001|F620217,観測値|F620217_所定内給与額（男）,千円,343.3,343.3
labour,働く人の環境（就業・求人・給与）,23000,愛知県,pref,23,愛知県,2020100000,2020年度,2020,00001|F620217,観測値|F620217_所定内給与額（男）,千円,341.7,341.7
labour,働く人の環境（就業・求人・給与）,23000,愛知県,pref,23,愛知県,2021100000,2021年度,2021,00001|F620217,観測値|F620217_所定内給与額（男）,千円,346.4,346.4
labour,働く人の環境（就業・求人・給与）,23000,愛知県,pref,23,愛知県,2022100000,2022年度,2022,00001|F620217,観測値|F620217_所定内給与額（男）,千円,338.9,338.9
labour,働く人の環境（就業・求人・給与）,23000,愛知県,pref,23,愛知県,2023100000,2023年度,2023,00001|F620217,観測値|F620217_所定内給与額（男）,千円,353.5,353.5
labour,働く人の環境（就業・求人・給与）,23000,愛知県,pref,23,愛知県,2024100000,2024年度,2024,00001|F620217,観測値|F620217_所定内給与額（男）,千円,363.0,363.0
labour,働く人の環境（就業・求人・給与）,24000,三重県,pref,24,三重県,2020100000,2020年度,2020,00001|F620217,観測値|F620217_所定内給与額（男）,千円,327.4,327.4
labour,働く人の環境（就業・求人・給与）,24000,三重県,pref,24,三重県,2021100000,2021年度,2021,00001|F620217,観測値|F620217_所定内給与額（男）,千円,329.2,329.2
labour,働く人の環境（就業・求人・給与）,24000,三重県,pref,24,三重県,2022100000,2022年度,2022,00001|F620217,観測値|F620217_所定内給与額（男）,千円,324.2,324.2
labour,働く人の環境（就業・求人・給与）,24000,三重県,pref,24,三重県,2023100000,2023年度,2023,00001|F620217,観測値|F620217_所定内給与額（男）,千円,333.3,333.3
labour,働く人の環境（就業・求人・給与）,24000,三重県,pref,24,三重県,2024100000,2024年度,2024,00001|F620217,観測値|F620217_所定内給与額（男）,千円,340.1,340.1
labour,働く人の環境（就業・求人・給与）,25000,滋賀県,pref,25,滋賀県,2020100000,2020年度,2020,00001|F620217,観測値|F620217_所定内給与額（男）,千円,331.5,331.5
labour,働く人の環境（就業・求人・給与）,25000,滋賀県,pref,25,滋賀県,2021100000,2021年度,2021,00001|F620217,観測値|F620217_所定内給与額（男）,千円,316.8,316.8
labour,働く人の環境（就業・求人・給与）,25000,滋賀県,pref,25,滋賀県,2022100000,2022年度,2022,00001|F620217,観測値|F620217_所定内給与額（男）,千円,331.8,331.8
labour,働く人の環境（就業・求人・給与）,25000,滋賀県,pref,25,滋賀県,2023100000,2023年度,2023,00001|F620217,観測値|F620217_所定内給与額（男）,千円,331.8,331.8
labour,働く人の環境（就業・求人・給与）,25000,滋賀県,pref,25,滋賀県,2024100000,2024年度,2024,00001|F620217,観測値|F620217_所定内給与額（男）,千円,340.3,340.3
labour,働く人の環境（就業・求人・給与）,26000,京都府,pref,26,京都府,2020100000,2020年度,2020,00001|F620217,観測値|F620217_所定内給与額（男）,千円,342.4,342.4
labour,働く人の環境（就業・求人・給与）,26000,京都府,pref,26,京都府,2021100000,2021年度,2021,00001|F620217,観測値|F620217_所定内給与額（男）,千円,340.8,340.8
labour,働く人の環境（就業・求人・給与）,26000,京都府,pref,26,京都府,2022100000,2022年度,2022,00001|F620217,観測値|F620217_所定内給与額（男）,千円,335.1,335.1
labour,働く人の環境（就業・求人・給与）,26000,京都府,pref,26,京都府,2023100000,2023年度,2023,00001|F620217,観測値|F620217_所定内給与額（男）,千円,346.7,346.7
labour,働く人の環境（就業・求人・給与）,26000,京都府,pref,26,京都府,2024100000,2024年度,2024,00001|F620217,観測値|F620217_所定内給与額（男）,千円,351.4,351.4
labour,働く人の環境（就業・求人・給与）,27000,大阪府,pref,27,大阪府,2020100000,2020年度,2020,00001|F620217,観測値|F620217_所定内給与額（男）,千円,354.9,354.9
labour,働く人の環境（就業・求人・給与）,27000,大阪府,pref,27,大阪府,2021100000,2021年度,2021,00001|F620217,観測値|F620217_所定内給与額（男）,千円,357.6,357.6
labour,働く人の環境（就業・求人・給与）,27000,大阪府,pref,27,大阪府,2022100000,2022年度,2022,00001|F620217,観測値|F620217_所定内給与額（男）,千円,363.0,363.0
labour,働く人の環境（就業・求人・給与）,27000,大阪府,pref,27,大阪府,2023100000,2023年度,2023,00001|F620217,観測値|F620217_所定内給与額（男）,千円,374.2,374.2
labour,働く人の環境（就業・求人・給与）,27000,大阪府,pref,27,大阪府,2024100000,2024年度,2024,00001|F620217,観測値|F620217_所定内給与額（男）,千円,382.2,382.2
labour,働く人の環境（就業・求人・給与）,28000,兵庫県,pref,28,兵庫県,2020100000,2020年度,2020,00001|F620217,観測値|F620217_所定内給与額（男）,千円,329.0,329.0
labour,働く人の環境（就業・求人・給与）,28000,兵庫県,pref,28,兵庫県,2021100000,2021年度,2021,00001|F620217,観測値|F620217_所定内給与額（男）,千円,340.0,340.0
labour,働く人の環境（就業・求人・給与）,28000,兵庫県,pref,28,兵庫県,2022100000,2022年度,2022,00001|F620217,観測値|F620217_所定内給与額（男）,千円,344.2,344.2
labour,働く人の環境（就業・求人・給与）,28000,兵庫県,pref,28,兵庫県,2023100000,2023年度,2023,00001|F620217,観測値|F620217_所定内給与額（男）,千円,347.1,347.1
labour,働く人の環境（就業・求人・給与）,28000,兵庫県,pref,28,兵庫県,2024100000,2024年度,2024,00001|F620217,観測値|F620217_所定内給与額（男）,千円,347.7,347.7
labour,働く人の環境（就業・求人・給与）,29000,奈良県,pref,29,奈良県,2020100000,2020年度,2020,00001|F620217,観測値|F620217_所定内給与額（男）,千円,324.0,324.0
labour,働く人の環境（就業・求人・給与）,29000,奈良県,pref,29,奈良県,2021100000,2021年度,2021,00001|F620217,観測値|F620217_所定内給与額（男）,千円,317.1,317.1
labour,働く人の環境（就業・求人・給与）,29000,奈良県,pref,29,奈良県,2022100000,2022年度,2022,00001|F620217,観測値|F620217_所定内給与額（男）,千円,337.8,337.8
labour,働く人の環境（就業・求人・給与）,29000,奈良県,pref,29,奈良県,2023100000,2023年度,2023,00001|F620217,観測値|F620217_所定内給与額（男）,千円,329.0,329.0
labour,働く人の環境（就業・求人・給与）,29000,奈良県,pref,29,奈良県,2024100000,2024年度,2024,00001|F620217,観測値|F620217_所定内給与額（男）,千円,339.4,339.4
labour,働く人の環境（就業・求人・給与）,30000,和歌山県,pref,30,和歌山県,2020100000,2020年度,2020,00001|F620217,観測値|F620217_所定内給与額（男）,千円,304.4,304.4
labour,働く人の環境（就業・求人・給与）,30000,和歌山県,pref,30,和歌山県,2021100000,2021年度,2021,00001|F620217,観測値|F620217_所定内給与額（男）,千円,320.0,320.0
labour,働く人の環境（就業・求人・給与）,30000,和歌山県,pref,30,和歌山県,2022100000,2022年度,2022,00001|F620217,観測値|F620217_所定内給与額（男）,千円,312.7,312.7
labour,働く人の環境（就業・求人・給与）,30000,和歌山県,pref,30,和歌山県,2023100000,2023年度,2023,00001|F620217,観測値|F620217_所定内給与額（男）,千円,325.1,325.1
labour,働く人の環境（就業・求人・給与）,30000,和歌山県,pref,30,和歌山県,2024100000,2024年度,2024,00001|F620217,観測値|F620217_所定内給与額（男）,千円,330.4,330.4
labour,働く人の環境（就業・求人・給与）,31000,鳥取県,pref,31,鳥取県,2020100000,2020年度,2020,00001|F620217,観測値|F620217_所定内給与額（男）,千円,283.2,283.2
labour,働く人の環境（就業・求人・給与）,31000,鳥取県,pref,31,鳥取県,2021100000,2021年度,2021,00001|F620217,観測値|F620217_所定内給与額（男）,千円,271.3,271.3
labour,働く人の環境（就業・求人・給与）,31000,鳥取県,pref,31,鳥取県,2022100000,2022年度,2022,00001|F620217,観測値|F620217_所定内給与額（男）,千円,287.0,287.0
labour,働く人の環境（就業・求人・給与）,31000,鳥取県,pref,31,鳥取県,2023100000,2023年度,2023,00001|F620217,観測値|F620217_所定内給与額（男）,千円,282.0,282.0
labour,働く人の環境（就業・求人・給与）,31000,鳥取県,pref,31,鳥取県,2024100000,2024年度,2024,00001|F620217,観測値|F620217_所定内給与額（男）,千円,300.4,300.4
labour,働く人の環境（就業・求人・給与）,32000,島根県,pref,32,島根県,2020100000,2020年度,2020,00001|F620217,観測値|F620217_所定内給与額（男）,千円,279.6,279.6
labour,働く人の環境（就業・求人・給与）,32000,島根県,pref,32,島根県,2021100000,2021年度,2021,00001|F620217,観測値|F620217_所定内給与額（男）,千円,283.8,283.8
labour,働く人の環境（就業・求人・給与）,32000,島根県,pref,32,島根県,2022100000,2022年度,2022,00001|F620217,観測値|F620217_所定内給与額（男）,千円,287.8,287.8
labour,働く人の環境（就業・求人・給与）,32000,島根県,pref,32,島根県,2023100000,2023年度,2023,00001|F620217,観測値|F620217_所定内給与額（男）,千円,294.6,294.6
labour,働く人の環境（就業・求人・給与）,32000,島根県,pref,32,島根県,2024100000,2024年度,2024,00001|F620217,観測値|F620217_所定内給与額（男）,千円,293.0,293.0
labour,働く人の環境（就業・求人・給与）,33000,岡山県,pref,33,岡山県,2020100000,2020年度,2020,00001|F620217,観測値|F620217_所定内給与額（男）,千円,305.8,305.8
labour,働く人の環境（就業・求人・給与）,33000,岡山県,pref,33,岡山県,2021100000,2021年度,2021,00001|F620217,観測値|F620217_所定内給与額（男）,千円,304.1,304.1
labour,働く人の環境（就業・求人・給与）,33000,岡山県,pref,33,岡山県,2022100000,2022年度,2022,00001|F620217,観測値|F620217_所定内給与額（男）,千円,312.0,312.0
labour,働く人の環境（就業・求人・給与）,33000,岡山県,pref,33,岡山県,2023100000,2023年度,2023,00001|F620217,観測値|F620217_所定内給与額（男）,千円,316.4,316.4
labour,働く人の環境（就業・求人・給与）,33000,岡山県,pref,33,岡山県,2024100000,2024年度,2024,00001|F620217,観測値|F620217_所定内給与額（男）,千円,326.0,326.0
labour,働く人の環境（就業・求人・給与）,34000,広島県,pref,34,広島県,2020100000,2020年度,2020,00001|F620217,観測値|F620217_所定内給与額（男）,千円,322.9,322.9
labour,働く人の環境（就業・求人・給与）,34000,広島県,pref,34,広島県,2021100000,2021年度,2021,00001|F620217,観測値|F620217_所定内給与額（男）,千円,317.7,317.7
labour,働く人の環境（就業・求人・給与）,34000,広島県,pref,34,広島県,2022100000,2022年度,2022,00001|F620217,観測値|F620217_所定内給与額（男）,千円,322.3,322.3
labour,働く人の環境（就業・求人・給与）,34000,広島県,pref,34,広島県,2023100000,2023年度,2023,00001|F620217,観測値|F620217_所定内給与額（男）,千円,321.4,321.4
labour,働く人の環境（就業・求人・給与）,34000,広島県,pref,34,広島県,2024100000,2024年度,2024,00001|F620217,観測値|F620217_所定内給与額（男）,千円,340.2,340.2
labour,働く人の環境（就業・求人・給与）,35000,山口県,pref,35,山口県,2020100000,2020年度,2020,00001|F620217,観測値|F620217_所定内給与額（男）,千円,307.1,307.1
labour,働く人の環境（就業・求人・給与）,35000,山口県,pref,35,山口県,2021100000,2021年度,2021,00001|F620217,観測値|F620217_所定内給与額（男）,千円,307.8,307.8
labour,働く人の環境（就業・求人・給与）,35000,山口県,pref,35,山口県,2022100000,2022年度,2022,00001|F620217,観測値|F620217_所定内給与額（男）,千円,305.7,305.7
labour,働く人の環境（就業・求人・給与）,35000,山口県,pref,35,山口県,2023100000,2023年度,2023,00001|F620217,観測値|F620217_所定内給与額（男）,千円,317.1,317.1
labour,働く人の環境（就業・求人・給与）,35000,山口県,pref,35,山口県,2024100000,2024年度,2024,00001|F620217,観測値|F620217_所定内給与額（男）,千円,329.6,329.6
labour,働く人の環境（就業・求人・給与）,36000,徳島県,pref,36,徳島県,2020100000,2020年度,2020,00001|F620217,観測値|F620217_所定内給与額（男）,千円,297.0,297.0
labour,働く人の環境（就業・求人・給与）,36000,徳島県,pref,36,徳島県,2021100000,2021年度,2021,00001|F620217,観測値|F620217_所定内給与額（男）,千円,295.9,295.9
labour,働く人の環境（就業・求人・給与）,36000,徳島県,pref,36,徳島県,2022100000,2022年度,2022,00001|F620217,観測値|F620217_所定内給与額（男）,千円,301.9,301.9
labour,働く人の環境（就業・求人・給与）,36000,徳島県,pref,36,徳島県,2023100000,2023年度,2023,00001|F620217,観測値|F620217_所定内給与額（男）,千円,303.0,303.0
labour,働く人の環境（就業・求人・給与）,36000,徳島県,pref,36,徳島県,2024100000,2024年度,2024,00001|F620217,観測値|F620217_所定内給与額（男）,千円,323.0,323.0
labour,働く人の環境（就業・求人・給与）,37000,香川県,pref,37,香川県,2020100000,2020年度,2020,00001|F620217,観測値|F620217_所定内給与額（男）,千円,313.3,313.3
labour,働く人の環境（就業・求人・給与）,37000,香川県,pref,37,香川県,2021100000,2021年度,2021,00001|F620217,観測値|F620217_所定内給与額（男）,千円,310.3,310.3
labour,働く人の環境（就業・求人・給与）,37000,香川県,pref,37,香川県,2022100000,2022年度,2022,00001|F620217,観測値|F620217_所定内給与額（男）,千円,312.0,312.0
labour,働く人の環境（就業・求人・給与）,37000,香川県,pref,37,香川県,2023100000,2023年度,2023,00001|F620217,観測値|F620217_所定内給与額（男）,千円,306.1,306.1
labour,働く人の環境（就業・求人・給与）,37000,香川県,pref,37,香川県,2024100000,2024年度,2024,00001|F620217,観測値|F620217_所定内給与額（男）,千円,329.9,329.9
labour,働く人の環境（就業・求人・給与）,38000,愛媛県,pref,38,愛媛県,2020100000,2020年度,2020,00001|F620217,観測値|F620217_所定内給与額（男）,千円,288.4,288.4
labour,働く人の環境（就業・求人・給与）,38000,愛媛県,pref,38,愛媛県,2021100000,2021年度,2021,00001|F620217,観測値|F620217_所定内給与額（男）,千円,292.6,292.6
labour,働く人の環境（就業・求人・給与）,38000,愛媛県,pref,38,愛媛県,2022100000,2022年度,2022,00001|F620217,観測値|F620217_所定内給与額（男）,千円,291.9,291.9
labour,働く人の環境（就業・求人・給与）,38000,愛媛県,pref,38,愛媛県,2023100000,2023年度,2023,00001|F620217,観測値|F620217_所定内給与額（男）,千円,308.9,308.9
labour,働く人の環境（就業・求人・給与）,38000,愛媛県,pref,38,愛媛県,2024100000,2024年度,2024,00001|F620217,観測値|F620217_所定内給与額（男）,千円,308.9,308.9
labour,働く人の環境（就業・求人・給与）,39000,高知県,pref,39,高知県,2020100000,2020年度,2020,00001|F620217,観測値|F620217_所定内給与額（男）,千円,280.5,280.5
labour,働く人の環境（就業・求人・給与）,39000,高知県,pref,39,高知県,2021100000,2021年度,2021,00001|F620217,観測値|F620217_所定内給与額（男）,千円,294.9,294.9
labour,働く人の環境（就業・求人・給与）,39000,高知県,pref,39,高知県,2022100000,2022年度,2022,00001|F620217,観測値|F620217_所定内給与額（男）,千円,290.5,290.5
labour,働く人の環境（就業・求人・給与）,39000,高知県,pref,39,高知県,2023100000,2023年度,2023,00001|F620217,観測値|F620217_所定内給与額（男）,千円,299.2,299.2
labour,働く人の環境（就業・求人・給与）,39000,高知県,pref,39,高知県,2024100000,2024年度,2024,00001|F620217,観測値|F620217_所定内給与額（男）,千円,296.6,296.6
labour,働く人の環境（就業・求人・給与）,40000,福岡県,pref,40,福岡県,2020100000,2020年度,2020,00001|F620217,観測値|F620217_所定内給与額（男）,千円,316.6,316.6
labour,働く人の環境（就業・求人・給与）,40000,福岡県,pref,40,福岡県,2021100000,2021年度,2021,00001|F620217,観測値|F620217_所定内給与額（男）,千円,318.5,318.5
labour,働く人の環境（就業・求人・給与）,40000,福岡県,pref,40,福岡県,2022100000,2022年度,2022,00001|F620217,観測値|F620217_所定内給与額（男）,千円,323.7,323.7
labour,働く人の環境（就業・求人・給与）,40000,福岡県,pref,40,福岡県,2023100000,2023年度,2023,00001|F620217,観測値|F620217_所定内給与額（男）,千円,326.8,326.8
labour,働く人の環境（就業・求人・給与）,40000,福岡県,pref,40,福岡県,2024100000,2024年度,2024,00001|F620217,観測値|F620217_所定内給与額（男）,千円,341.0,341.0
labour,働く人の環境（就業・求人・給与）,41000,佐賀県,pref,41,佐賀県,2020100000,2020年度,2020,00001|F620217,観測値|F620217_所定内給与額（男）,千円,283.3,283.3
labour,働く人の環境（就業・求人・給与）,41000,佐賀県,pref,41,佐賀県,2021100000,2021年度,2021,00001|F620217,観測値|F620217_所定内給与額（男）,千円,280.3,280.3
labour,働く人の環境（就業・求人・給与）,41000,佐賀県,pref,41,佐賀県,2022100000,2022年度,2022,00001|F620217,観測値|F620217_所定内給与額（男）,千円,285.4,285.4
labour,働く人の環境（就業・求人・給与）,41000,佐賀県,pref,41,佐賀県,2023100000,2023年度,2023,00001|F620217,観測値|F620217_所定内給与額（男）,千円,295.1,295.1
labour,働く人の環境（就業・求人・給与）,41000,佐賀県,pref,41,佐賀県,2024100000,2024年度,2024,00001|F620217,観測値|F620217_所定内給与額（男）,千円,302.0,302.0
labour,働く人の環境（就業・求人・給与）,42000,長崎県,pref,42,長崎県,2020100000,2020年度,2020,00001|F620217,観測値|F620217_所定内給与額（男）,千円,280.8,280.8
labour,働く人の環境（就業・求人・給与）,42000,長崎県,pref,42,長崎県,2021100000,2021年度,2021,00001|F620217,観測値|F620217_所定内給与額（男）,千円,293.4,293.4
labour,働く人の環境（就業・求人・給与）,42000,長崎県,pref,42,長崎県,2022100000,2022年度,2022,00001|F620217,観測値|F620217_所定内給与額（男）,千円,294.5,294.5
labour,働く人の環境（就業・求人・給与）,42000,長崎県,pref,42,長崎県,2023100000,2023年度,2023,00001|F620217,観測値|F620217_所定内給与額（男）,千円,284.4,284.4
labour,働く人の環境（就業・求人・給与）,42000,長崎県,pref,42,長崎県,2024100000,2024年度,2024,00001|F620217,観測値|F620217_所定内給与額（男）,千円,308.9,308.9
labour,働く人の環境（就業・求人・給与）,43000,熊本県,pref,43,熊本県,2020100000,2020年度,2020,00001|F620217,観測値|F620217_所定内給与額（男）,千円,294.3,294.3
labour,働く人の環境（就業・求人・給与）,43000,熊本県,pref,43,熊本県,2021100000,2021年度,2021,00001|F620217,観測値|F620217_所定内給与額（男）,千円,288.8,288.8
labour,働く人の環境（就業・求人・給与）,43000,熊本県,pref,43,熊本県,2022100000,2022年度,2022,00001|F620217,観測値|F620217_所定内給与額（男）,千円,302.1,302.1
labour,働く人の環境（就業・求人・給与）,43000,熊本県,pref,43,熊本県,2023100000,2023年度,2023,00001|F620217,観測値|F620217_所定内給与額（男）,千円,300.4,300.4
labour,働く人の環境（就業・求人・給与）,43000,熊本県,pref,43,熊本県,2024100000,2024年度,2024,00001|F620217,観測値|F620217_所定内給与額（男）,千円,314.5,314.5
labour,働く人の環境（就業・求人・給与）,44000,大分県,pref,44,大分県,2020100000,2020年度,2020,00001|F620217,観測値|F620217_所定内給与額（男）,千円,289.4,289.4
labour,働く人の環境（就業・求人・給与）,44000,大分県,pref,44,大分県,2021100000,2021年度,2021,00001|F620217,観測値|F620217_所定内給与額（男）,千円,291.2,291.2
labour,働く人の環境（就業・求人・給与）,44000,大分県,pref,44,大分県,2022100000,2022年度,2022,00001|F620217,観測値|F620217_所定内給与額（男）,千円,300.1,300.1
labour,働く人の環境（就業・求人・給与）,44000,大分県,pref,44,大分県,2023100000,2023年度,2023,00001|F620217,観測値|F620217_所定内給与額（男）,千円,301.5,301.5
labour,働く人の環境（就業・求人・給与）,44000,大分県,pref,44,大分県,2024100000,2024年度,2024,00001|F620217,観測値|F620217_所定内給与額（男）,千円,317.0,317.0
labour,働く人の環境（就業・求人・給与）,45000,宮崎県,pref,45,宮崎県,2020100000,2020年度,2020,00001|F620217,観測値|F620217_所定内給与額（男）,千円,274.3,274.3
labour,働く人の環境（就業・求人・給与）,45000,宮崎県,pref,45,宮崎県,2021100000,2021年度,2021,00001|F620217,観測値|F620217_所定内給与額（男）,千円,274.7,274.7
labour,働く人の環境（就業・求人・給与）,45000,宮崎県,pref,45,宮崎県,2022100000,2022年度,2022,00001|F620217,観測値|F620217_所定内給与額（男）,千円,276.3,276.3
labour,働く人の環境（就業・求人・給与）,45000,宮崎県,pref,45,宮崎県,2023100000,2023年度,2023,00001|F620217,観測値|F620217_所定内給与額（男）,千円,280.9,280.9
labour,働く人の環境（就業・求人・給与）,45000,宮崎県,pref,45,宮崎県,2024100000,2024年度,2024,00001|F620217,観測値|F620217_所定内給与額（男）,千円,288.4,288.4
labour,働く人の環境（就業・求人・給与）,46000,鹿児島県,pref,46,鹿児島県,2020100000,2020年度,2020,00001|F620217,観測値|F620217_所定内給与額（男）,千円,285.1,285.1
labour,働く人の環境（就業・求人・給与）,46000,鹿児島県,pref,46,鹿児島県,2021100000,2021年度,2021,00001|F620217,観測値|F620217_所定内給与額（男）,千円,288.0,288.0
labour,働く人の環境（就業・求人・給与）,46000,鹿児島県,pref,46,鹿児島県,2022100000,2022年度,2022,00001|F620217,観測値|F620217_所定内給与額（男）,千円,284.0,284.0
labour,働く人の環境（就業・求人・給与）,46000,鹿児島県,pref,46,鹿児島県,2023100000,2023年度,2023,00001|F620217,観測値|F620217_所定内給与額（男）,千円,298.1,298.1
labour,働く人の環境（就業・求人・給与）,46000,鹿児島県,pref,46,鹿児島県,2024100000,2024年度,2024,00001|F620217,観測値|F620217_所定内給与額（男）,千円,303.1,303.1
labour,働く人の環境（就業・求人・給与）,47000,沖縄県,pref,47,沖縄県,2020100000,2020年度,2020,00001|F620217,観測値|F620217_所定内給与額（男）,千円,277.9,277.9
labour,働く人の環境（就業・求人・給与）,47000,沖縄県,pref,47,沖縄県,2021100000,2021年度,2021,00001|F620217,観測値|F620217_所定内給与額（男）,千円,272.9,272.9
labour,働く人の環境（就業・求人・給与）,47000,沖縄県,pref,47,沖縄県,2022100000,2022年度,2022,00001|F620217,観測値|F620217_所定内給与額（男）,千円,273.8,273.8
labour,働く人の環境（就業・求人・給与）,47000,沖縄県,pref,47,沖縄県,2023100000,2023年度,2023,00001|F620217,観測値|F620217_所定内給与額（男）,千円,293.8,293.8
labour,働く人の環境（就業・求人・給与）,47000,沖縄県,pref,47,沖縄県,2024100000,2024年度,2024,00001|F620217,観測値|F620217_所定内給与額（男）,千円,286.9,286.9
labour,働く人の環境（就業・求人・給与）,00000,全国,national,,,2020100000,2020年度,2020,00001|F620218,観測値|F620218_所定内給与額（女）,千円,251.8,251.8
labour,働く人の環境（就業・求人・給与）,00000,全国,national,,,2021100000,2021年度,2021,00001|F620218,観測値|F620218_所定内給与額（女）,千円,253.6,253.6
labour,働く人の環境（就業・求人・給与）,00000,全国,national,,,2022100000,2022年度,2022,00001|F620218,観測値|F620218_所定内給与額（女）,千円,258.9,258.9
labour,働く人の環境（就業・求人・給与）,00000,全国,national,,,2023100000,2023年度,2023,00001|F620218,観測値|F620218_所定内給与額（女）,千円,262.6,262.6
labour,働く人の環境（就業・求人・給与）,00000,全国,national,,,2024100000,2024年度,2024,00001|F620218,観測値|F620218_所定内給与額（女）,千円,275.3,275.3
labour,働く人の環境（就業・求人・給与）,01000,北海道,pref,01,北海道,2020100000,2020年度,2020,00001|F620218,観測値|F620218_所定内給与額（女）,千円,228.0,228.0
labour,働く人の環境（就業・求人・給与）,01000,北海道,pref,01,北海道,2021100000,2021年度,2021,00001|F620218,観測値|F620218_所定内給与額（女）,千円,227.4,227.4
labour,働く人の環境（就業・求人・給与）,01000,北海道,pref,01,北海道,2022100000,2022年度,2022,00001|F620218,観測値|F620218_所定内給与額（女）,千円,223.6,223.6
labour,働く人の環境（就業・求人・給与）,01000,北海道,pref,01,北海道,2023100000,2023年度,2023,00001|F620218,観測値|F620218_所定内給与額（女）,千円,239.6,239.6
labour,働く人の環境（就業・求人・給与）,01000,北海道,pref,01,北海道,2024100000,2024年度,2024,00001|F620218,観測値|F620218_所定内給与額（女）,千円,248.2,248.2
labour,働く人の環境（就業・求人・給与）,02000,青森県,pref,02,青森県,2020100000,2020年度,2020,00001|F620218,観測値|F620218_所定内給与額（女）,千円,206.2,206.2
labour,働く人の環境（就業・求人・給与）,02000,青森県,pref,02,青森県,2021100000,2021年度,2021,00001|F620218,観測値|F620218_所定内給与額（女）,千円,212.9,212.9
labour,働く人の環境（就業・求人・給与）,02000,青森県,pref,02,青森県,2022100000,2022年度,2022,00001|F620218,観測値|F620218_所定内給与額（女）,千円,219.1,219.1
labour,働く人の環境（就業・求人・給与）,02000,青森県,pref,02,青森県,2023100000,2023年度,2023,00001|F620218,観測値|F620218_所定内給与額（女）,千円,212.9,212.9
labour,働く人の環境（就業・求人・給与）,02000,青森県,pref,02,青森県,2024100000,2024年度,2024,00001|F620218,観測値|F620218_所定内給与額（女）,千円,223.8,223.8
labour,働く人の環境（就業・求人・給与）,03000,岩手県,pref,03,岩手県,2020100000,2020年度,2020,00001|F620218,観測値|F620218_所定内給与額（女）,千円,210.8,210.8
labour,働く人の環境（就業・求人・給与）,03000,岩手県,pref,03,岩手県,2021100000,2021年度,2021,00001|F620218,観測値|F620218_所定内給与額（女）,千円,214.1,214.1
labour,働く人の環境（就業・求人・給与）,03000,岩手県,pref,03,岩手県,2022100000,2022年度,2022,00001|F620218,観測値|F620218_所定内給与額（女）,千円,215.0,215.0
labour,働く人の環境（就業・求人・給与）,03000,岩手県,pref,03,岩手県,2023100000,2023年度,2023,00001|F620218,観測値|F620218_所定内給与額（女）,千円,225.7,225.7
labour,働く人の環境（就業・求人・給与）,03000,岩手県,pref,03,岩手県,2024100000,2024年度,2024,00001|F620218,観測値|F620218_所定内給与額（女）,千円,229.3,229.3
labour,働く人の環境（就業・求人・給与）,04000,宮城県,pref,04,宮城県,2020100000,2020年度,2020,00001|F620218,観測値|F620218_所定内給与額（女）,千円,232.1,232.1
labour,働く人の環境（就業・求人・給与）,04000,宮城県,pref,04,宮城県,2021100000,2021年度,2021,00001|F620218,観測値|F620218_所定内給与額（女）,千円,231.3,231.3
labour,働く人の環境（就業・求人・給与）,04000,宮城県,pref,04,宮城県,2022100000,2022年度,2022,00001|F620218,観測値|F620218_所定内給与額（女）,千円,235.5,235.5
labour,働く人の環境（就業・求人・給与）,04000,宮城県,pref,04,宮城県,2023100000,2023年度,2023,00001|F620218,観測値|F620218_所定内給与額（女）,千円,241.6,241.6
labour,働く人の環境（就業・求人・給与）,04000,宮城県,pref,04,宮城県,2024100000,2024年度,2024,00001|F620218,観測値|F620218_所定内給与額（女）,千円,247.3,247.3
labour,働く人の環境（就業・求人・給与）,05000,秋田県,pref,05,秋田県,2020100000,2020年度,2020,00001|F620218,観測値|F620218_所定内給与額（女）,千円,211.0,211.0
labour,働く人の環境（就業・求人・給与）,05000,秋田県,pref,05,秋田県,2021100000,2021年度,2021,00001|F620218,観測値|F620218_所定内給与額（女）,千円,212.2,212.2
labour,働く人の環境（就業・求人・給与）,05000,秋田県,pref,05,秋田県,2022100000,2022年度,2022,00001|F620218,観測値|F620218_所定内給与額（女）,千円,220.8,220.8
labour,働く人の環境（就業・求人・給与）,05000,秋田県,pref,05,秋田県,2023100000,2023年度,2023,00001|F620218,観測値|F620218_所定内給与額（女）,千円,228.2,228.2
labour,働く人の環境（就業・求人・給与）,05000,秋田県,pref,05,秋田県,2024100000,2024年度,2024,00001|F620218,観測値|F620218_所定内給与額（女）,千円,231.4,231.4
labour,働く人の環境（就業・求人・給与）,06000,山形県,pref,06,山形県,2020100000,2020年度,2020,00001|F620218,観測値|F620218_所定内給与額（女）,千円,213.9,213.9
labour,働く人の環境（就業・求人・給与）,06000,山形県,pref,06,山形県,2021100000,2021年度,2021,00001|F620218,観測値|F620218_所定内給与額（女）,千円,217.2,217.2
labour,働く人の環境（就業・求人・給与）,06000,山形県,pref,06,山形県,2022100000,2022年度,2022,00001|F620218,観測値|F620218_所定内給与額（女）,千円,211.4,211.4
labour,働く人の環境（就業・求人・給与）,06000,山形県,pref,06,山形県,2023100000,2023年度,2023,00001|F620218,観測値|F620218_所定内給与額（女）,千円,220.9,220.9
labour,働く人の環境（就業・求人・給与）,06000,山形県,pref,06,山形県,2024100000,2024年度,2024,00001|F620218,観測値|F620218_所定内給与額（女）,千円,231.2,231.2
labour,働く人の環境（就業・求人・給与）,07000,福島県,pref,07,福島県,2020100000,2020年度,2020,00001|F620218,観測値|F620218_所定内給与額（女）,千円,219.7,219.7
labour,働く人の環境（就業・求人・給与）,07000,福島県,pref,07,福島県,2021100000,2021年度,2021,00001|F620218,観測値|F620218_所定内給与額（女）,千円,222.4,222.4
labour,働く人の環境（就業・求人・給与）,07000,福島県,pref,07,福島県,2022100000,2022年度,2022,00001|F620218,観測値|F620218_所定内給与額（女）,千円,226.2,226.2
labour,働く人の環境（就業・求人・給与）,07000,福島県,pref,07,福島県,2023100000,2023年度,2023,00001|F620218,観測値|F620218_所定内給与額（女）,千円,231.6,231.6
labour,働く人の環境（就業・求人・給与）,07000,福島県,pref,07,福島県,2024100000,2024年度,2024,00001|F620218,観測値|F620218_所定内給与額（女）,千円,232.5,232.5
labour,働く人の環境（就業・求人・給与）,08000,茨城県,pref,08,茨城県,2020100000,2020年度,2020,00001|F620218,観測値|F620218_所定内給与額（女）,千円,242.7,242.7
labour,働く人の環境（就業・求人・給与）,08000,茨城県,pref,08,茨城県,2021100000,2021年度,2021,00001|F620218,観測値|F620218_所定内給与額（女）,千円,239.7,239.7
labour,働く人の環境（就業・求人・給与）,08000,茨城県,pref,08,茨城県,2022100000,2022年度,2022,00001|F620218,観測値|F620218_所定内給与額（女）,千円,245.7,245.7
labour,働く人の環境（就業・求人・給与）,08000,茨城県,pref,08,茨城県,2023100000,2023年度,2023,00001|F620218,観測値|F620218_所定内給与額（女）,千円,250.1,250.1
labour,働く人の環境（就業・求人・給与）,08000,茨城県,pref,08,茨城県,2024100000,2024年度,2024,00001|F620218,観測値|F620218_所定内給与額（女）,千円,257.4,257.4
labour,働く人の環境（就業・求人・給与）,09000,栃木県,pref,09,栃木県,2020100000,2020年度,2020,00001|F620218,観測値|F620218_所定内給与額（女）,千円,244.1,244.1
labour,働く人の環境（就業・求人・給与）,09000,栃木県,pref,09,栃木県,2021100000,2021年度,2021,00001|F620218,観測値|F620218_所定内給与額（女）,千円,238.1,238.1
labour,働く人の環境（就業・求人・給与）,09000,栃木県,pref,09,栃木県,2022100000,2022年度,2022,00001|F620218,観測値|F620218_所定内給与額（女）,千円,241.4,241.4
labour,働く人の環境（就業・求人・給与）,09000,栃木県,pref,09,栃木県,2023100000,2023年度,2023,00001|F620218,観測値|F620218_所定内給与額（女）,千円,252.9,252.9
labour,働く人の環境（就業・求人・給与）,09000,栃木県,pref,09,栃木県,2024100000,2024年度,2024,00001|F620218,観測値|F620218_所定内給与額（女）,千円,256.8,256.8
labour,働く人の環境（就業・求人・給与）,10000,群馬県,pref,10,群馬県,2020100000,2020年度,2020,00001|F620218,観測値|F620218_所定内給与額（女）,千円,233.1,233.1
labour,働く人の環境（就業・求人・給与）,10000,群馬県,pref,10,群馬県,2021100000,2021年度,2021,00001|F620218,観測値|F620218_所定内給与額（女）,千円,237.4,237.4
labour,働く人の環境（就業・求人・給与）,10000,群馬県,pref,10,群馬県,2022100000,2022年度,2022,00001|F620218,観測値|F620218_所定内給与額（女）,千円,234.2,234.2
labour,働く人の環境（就業・求人・給与）,10000,群馬県,pref,10,群馬県,2023100000,2023年度,2023,00001|F620218,観測値|F620218_所定内給与額（女）,千円,247.6,247.6
labour,働く人の環境（就業・求人・給与）,10000,群馬県,pref,10,群馬県,2024100000,2024年度,2024,00001|F620218,観測値|F620218_所定内給与額（女）,千円,250.7,250.7
labour,働く人の環境（就業・求人・給与）,11000,埼玉県,pref,11,埼玉県,2020100000,2020年度,2020,00001|F620218,観測値|F620218_所定内給与額（女）,千円,251.1,251.1
labour,働く人の環境（就業・求人・給与）,11000,埼玉県,pref,11,埼玉県,2021100000,2021年度,2021,00001|F620218,観測値|F620218_所定内給与額（女）,千円,253.7,253.7
labour,働く人の環境（就業・求人・給与）,11000,埼玉県,pref,11,埼玉県,2022100000,2022年度,2022,00001|F620218,観測値|F620218_所定内給与額（女）,千円,257.4,257.4
labour,働く人の環境（就業・求人・給与）,11000,埼玉県,pref,11,埼玉県,2023100000,2023年度,2023,00001|F620218,観測値|F620218_所定内給与額（女）,千円,267.0,267.0
labour,働く人の環境（就業・求人・給与）,11000,埼玉県,pref,11,埼玉県,2024100000,2024年度,2024,00001|F620218,観測値|F620218_所定内給与額（女）,千円,271.0,271.0
labour,働く人の環境（就業・求人・給与）,12000,千葉県,pref,12,千葉県,2020100000,2020年度,2020,00001|F620218,観測値|F620218_所定内給与額（女）,千円,250.7,250.7
labour,働く人の環境（就業・求人・給与）,12000,千葉県,pref,12,千葉県,2021100000,2021年度,2021,00001|F620218,観測値|F620218_所定内給与額（女）,千円,257.1,257.1
labour,働く人の環境（就業・求人・給与）,12000,千葉県,pref,12,千葉県,2022100000,2022年度,2022,00001|F620218,観測値|F620218_所定内給与額（女）,千円,258.3,258.3
labour,働く人の環境（就業・求人・給与）,12000,千葉県,pref,12,千葉県,2023100000,2023年度,2023,00001|F620218,観測値|F620218_所定内給与額（女）,千円,258.6,258.6
labour,働く人の環境（就業・求人・給与）,12000,千葉県,pref,12,千葉県,2024100000,2024年度,2024,00001|F620218,観測値|F620218_所定内給与額（女）,千円,268.7,268.7
labour,働く人の環境（就業・求人・給与）,13000,東京都,pref,13,東京都,2020100000,2020年度,2020,00001|F620218,観測値|F620218_所定内給与額（女）,千円,302.7,302.7
labour,働く人の環境（就業・求人・給与）,13000,東京都,pref,13,東京都,2021100000,2021年度,2021,00001|F620218,観測値|F620218_所定内給与額（女）,千円,302.5,302.5
labour,働く人の環境（就業・求人・給与）,13000,東京都,pref,13,東京都,2022100000,2022年度,2022,00001|F620218,観測値|F620218_所定内給与額（女）,千円,311.2,311.2
labour,働く人の環境（就業・求人・給与）,13000,東京都,pref,13,東京都,2023100000,2023年度,2023,00001|F620218,観測値|F620218_所定内給与額（女）,千円,299.2,299.2
labour,働く人の環境（就業・求人・給与）,13000,東京都,pref,13,東京都,2024100000,2024年度,2024,00001|F620218,観測値|F620218_所定内給与額（女）,千円,338.4,338.4
labour,働く人の環境（就業・求人・給与）,14000,神奈川県,pref,14,神奈川県,2020100000,2020年度,2020,00001|F620218,観測値|F620218_所定内給与額（女）,千円,277.4,277.4
labour,働く人の環境（就業・求人・給与）,14000,神奈川県,pref,14,神奈川県,2021100000,2021年度,2021,00001|F620218,観測値|F620218_所定内給与額（女）,千円,276.1,276.1
labour,働く人の環境（就業・求人・給与）,14000,神奈川県,pref,14,神奈川県,2022100000,2022年度,2022,00001|F620218,観測値|F620218_所定内給与額（女）,千円,276.5,276.5
labour,働く人の環境（就業・求人・給与）,14000,神奈川県,pref,14,神奈川県,2023100000,2023年度,2023,00001|F620218,観測値|F620218_所定内給与額（女）,千円,287.8,287.8
labour,働く人の環境（就業・求人・給与）,14000,神奈川県,pref,14,神奈川県,2024100000,2024年度,2024,00001|F620218,観測値|F620218_所定内給与額（女）,千円,299.1,299.1
labour,働く人の環境（就業・求人・給与）,15000,新潟県,pref,15,新潟県,2020100000,2020年度,2020,00001|F620218,観測値|F620218_所定内給与額（女）,千円,222.8,222.8
labour,働く人の環境（就業・求人・給与）,15000,新潟県,pref,15,新潟県,2021100000,2021年度,2021,00001|F620218,観測値|F620218_所定内給与額（女）,千円,231.8,231.8
labour,働く人の環境（就業・求人・給与）,15000,新潟県,pref,15,新潟県,2022100000,2022年度,2022,00001|F620218,観測値|F620218_所定内給与額（女）,千円,235.0,235.0
labour,働く人の環境（就業・求人・給与）,15000,新潟県,pref,15,新潟県,2023100000,2023年度,2023,00001|F620218,観測値|F620218_所定内給与額（女）,千円,228.8,228.8
labour,働く人の環境（就業・求人・給与）,15000,新潟県,pref,15,新潟県,2024100000,2024年度,2024,00001|F620218,観測値|F620218_所定内給与額（女）,千円,244.2,244.2
labour,働く人の環境（就業・求人・給与）,16000,富山県,pref,16,富山県,2020100000,2020年度,2020,00001|F620218,観測値|F620218_所定内給与額（女）,千円,244.2,244.2
labour,働く人の環境（就業・求人・給与）,16000,富山県,pref,16,富山県,2021100000,2021年度,2021,00001|F620218,観測値|F620218_所定内給与額（女）,千円,236.4,236.4
labour,働く人の環境（就業・求人・給与）,16000,富山県,pref,16,富山県,2022100000,2022年度,2022,00001|F620218,観測値|F620218_所定内給与額（女）,千円,238.8,238.8
labour,働く人の環境（就業・求人・給与）,16000,富山県,pref,16,富山県,2023100000,2023年度,2023,00001|F620218,観測値|F620218_所定内給与額（女）,千円,245.8,245.8
labour,働く人の環境（就業・求人・給与）,16000,富山県,pref,16,富山県,2024100000,2024年度,2024,00001|F620218,観測値|F620218_所定内給与額（女）,千円,253.0,253.0
labour,働く人の環境（就業・求人・給与）,17000,石川県,pref,17,石川県,2020100000,2020年度,2020,00001|F620218,観測値|F620218_所定内給与額（女）,千円,231.8,231.8
labour,働く人の環境（就業・求人・給与）,17000,石川県,pref,17,石川県,2021100000,2021年度,2021,00001|F620218,観測値|F620218_所定内給与額（女）,千円,240.0,240.0
labour,働く人の環境（就業・求人・給与）,17000,石川県,pref,17,石川県,2022100000,2022年度,2022,00001|F620218,観測値|F620218_所定内給与額（女）,千円,240.0,240.0
labour,働く人の環境（就業・求人・給与）,17000,石川県,pref,17,石川県,2023100000,2023年度,2023,00001|F620218,観測値|F620218_所定内給与額（女）,千円,243.2,243.2
labour,働く人の環境（就業・求人・給与）,17000,石川県,pref,17,石川県,2024100000,2024年度,2024,00001|F620218,観測値|F620218_所定内給与額（女）,千円,257.8,257.8
labour,働く人の環境（就業・求人・給与）,18000,福井県,pref,18,福井県,2020100000,2020年度,2020,00001|F620218,観測値|F620218_所定内給与額（女）,千円,232.0,232.0
labour,働く人の環境（就業・求人・給与）,18000,福井県,pref,18,福井県,2021100000,2021年度,2021,00001|F620218,観測値|F620218_所定内給与額（女）,千円,232.3,232.3
labour,働く人の環境（就業・求人・給与）,18000,福井県,pref,18,福井県,2022100000,2022年度,2022,00001|F620218,観測値|F620218_所定内給与額（女）,千円,235.6,235.6
labour,働く人の環境（就業・求人・給与）,18000,福井県,pref,18,福井県,2023100000,2023年度,2023,00001|F620218,観測値|F620218_所定内給与額（女）,千円,238.8,238.8
labour,働く人の環境（就業・求人・給与）,18000,福井県,pref,18,福井県,2024100000,2024年度,2024,00001|F620218,観測値|F620218_所定内給与額（女）,千円,246.4,246.4
labour,働く人の環境（就業・求人・給与）,19000,山梨県,pref,19,山梨県,2020100000,2020年度,2020,00001|F620218,観測値|F620218_所定内給与額（女）,千円,234.2,234.2
labour,働く人の環境（就業・求人・給与）,19000,山梨県,pref,19,山梨県,2021100000,2021年度,2021,00001|F620218,観測値|F620218_所定内給与額（女）,千円,230.2,230.2
labour,働く人の環境（就業・求人・給与）,19000,山梨県,pref,19,山梨県,2022100000,2022年度,2022,00001|F620218,観測値|F620218_所定内給与額（女）,千円,238.9,238.9
labour,働く人の環境（就業・求人・給与）,19000,山梨県,pref,19,山梨県,2023100000,2023年度,2023,00001|F620218,観測値|F620218_所定内給与額（女）,千円,236.7,236.7
labour,働く人の環境（就業・求人・給与）,19000,山梨県,pref,19,山梨県,2024100000,2024年度,2024,00001|F620218,観測値|F620218_所定内給与額（女）,千円,253.9,253.9
labour,働く人の環境（就業・求人・給与）,20000,長野県,pref,20,長野県,2020100000,2020年度,2020,00001|F620218,観測値|F620218_所定内給与額（女）,千円,231.6,231.6
labour,働く人の環境（就業・求人・給与）,20000,長野県,pref,20,長野県,2021100000,2021年度,2021,00001|F620218,観測値|F620218_所定内給与額（女）,千円,230.7,230.7
labour,働く人の環境（就業・求人・給与）,20000,長野県,pref,20,長野県,2022100000,2022年度,2022,00001|F620218,観測値|F620218_所定内給与額（女）,千円,235.6,235.6
labour,働く人の環境（就業・求人・給与）,20000,長野県,pref,20,長野県,2023100000,2023年度,2023,00001|F620218,観測値|F620218_所定内給与額（女）,千円,232.9,232.9
labour,働く人の環境（就業・求人・給与）,20000,長野県,pref,20,長野県,2024100000,2024年度,2024,00001|F620218,観測値|F620218_所定内給与額（女）,千円,253.4,253.4
labour,働く人の環境（就業・求人・給与）,21000,岐阜県,pref,21,岐阜県,2020100000,2020年度,2020,00001|F620218,観測値|F620218_所定内給与額（女）,千円,234.3,234.3
labour,働く人の環境（就業・求人・給与）,21000,岐阜県,pref,21,岐阜県,2021100000,2021年度,2021,00001|F620218,観測値|F620218_所定内給与額（女）,千円,234.0,234.0
labour,働く人の環境（就業・求人・給与）,21000,岐阜県,pref,21,岐阜県,2022100000,2022年度,2022,00001|F620218,観測値|F620218_所定内給与額（女）,千円,237.3,237.3
labour,働く人の環境（就業・求人・給与）,21000,岐阜県,pref,21,岐阜県,2023100000,2023年度,2023,00001|F620218,観測値|F620218_所定内給与額（女）,千円,237.0,237.0
labour,働く人の環境（就業・求人・給与）,21000,岐阜県,pref,21,岐阜県,2024100000,2024年度,2024,00001|F620218,観測値|F620218_所定内給与額（女）,千円,238.4,238.4
labour,働く人の環境（就業・求人・給与）,22000,静岡県,pref,22,静岡県,2020100000,2020年度,2020,00001|F620218,観測値|F620218_所定内給与額（女）,千円,236.5,236.5
labour,働く人の環境（就業・求人・給与）,22000,静岡県,pref,22,静岡県,2021100000,2021年度,2021,00001|F620218,観測値|F620218_所定内給与額（女）,千円,234.8,234.8
labour,働く人の環境（就業・求人・給与）,22000,静岡県,pref,22,静岡県,2022100000,2022年度,2022,00001|F620218,観測値|F620218_所定内給与額（女）,千円,241.1,241.1
labour,働く人の環境（就業・求人・給与）,22000,静岡県,pref,22,静岡県,2023100000,2023年度,2023,00001|F620218,観測値|F620218_所定内給与額（女）,千円,251.4,251.4
labour,働く人の環境（就業・求人・給与）,22000,静岡県,pref,22,静岡県,2024100000,2024年度,2024,00001|F620218,観測値|F620218_所定内給与額（女）,千円,251.1,251.1
labour,働く人の環境（就業・求人・給与）,23000,愛知県,pref,23,愛知県,2020100000,2020年度,2020,00001|F620218,観測値|F620218_所定内給与額（女）,千円,254.1,254.1
labour,働く人の環境（就業・求人・給与）,23000,愛知県,pref,23,愛知県,2021100000,2021年度,2021,00001|F620218,観測値|F620218_所定内給与額（女）,千円,247.9,247.9
labour,働く人の環境（就業・求人・給与）,23000,愛知県,pref,23,愛知県,2022100000,2022年度,2022,00001|F620218,観測値|F620218_所定内給与額（女）,千円,251.4,251.4
labour,働く人の環境（就業・求人・給与）,23000,愛知県,pref,23,愛知県,2023100000,2023年度,2023,00001|F620218,観測値|F620218_所定内給与額（女）,千円,258.9,258.9
labour,働く人の環境（就業・求人・給与）,23000,愛知県,pref,23,愛知県,2024100000,2024年度,2024,00001|F620218,観測値|F620218_所定内給与額（女）,千円,267.7,267.7
labour,働く人の環境（就業・求人・給与）,24000,三重県,pref,24,三重県,2020100000,2020年度,2020,00001|F620218,観測値|F620218_所定内給与額（女）,千円,231.4,231.4
labour,働く人の環境（就業・求人・給与）,24000,三重県,pref,24,三重県,2021100000,2021年度,2021,00001|F620218,観測値|F620218_所定内給与額（女）,千円,233.9,233.9
labour,働く人の環境（就業・求人・給与）,24000,三重県,pref,24,三重県,2022100000,2022年度,2022,00001|F620218,観測値|F620218_所定内給与額（女）,千円,238.7,238.7
labour,働く人の環境（就業・求人・給与）,24000,三重県,pref,24,三重県,2023100000,2023年度,2023,00001|F620218,観測値|F620218_所定内給与額（女）,千円,249.1,249.1
labour,働く人の環境（就業・求人・給与）,24000,三重県,pref,24,三重県,2024100000,2024年度,2024,00001|F620218,観測値|F620218_所定内給与額（女）,千円,251.4,251.4
labour,働く人の環境（就業・求人・給与）,25000,滋賀県,pref,25,滋賀県,2020100000,2020年度,2020,00001|F620218,観測値|F620218_所定内給与額（女）,千円,242.9,242.9
labour,働く人の環境（就業・求人・給与）,25000,滋賀県,pref,25,滋賀県,2021100000,2021年度,2021,00001|F620218,観測値|F620218_所定内給与額（女）,千円,235.9,235.9
labour,働く人の環境（就業・求人・給与）,25000,滋賀県,pref,25,滋賀県,2022100000,2022年度,2022,00001|F620218,観測値|F620218_所定内給与額（女）,千円,249.6,249.6
labour,働く人の環境（就業・求人・給与）,25000,滋賀県,pref,25,滋賀県,2023100000,2023年度,2023,00001|F620218,観測値|F620218_所定内給与額（女）,千円,246.4,246.4
labour,働く人の環境（就業・求人・給与）,25000,滋賀県,pref,25,滋賀県,2024100000,2024年度,2024,00001|F620218,観測値|F620218_所定内給与額（女）,千円,255.4,255.4
labour,働く人の環境（就業・求人・給与）,26000,京都府,pref,26,京都府,2020100000,2020年度,2020,00001|F620218,観測値|F620218_所定内給与額（女）,千円,259.2,259.2
labour,働く人の環境（就業・求人・給与）,26000,京都府,pref,26,京都府,2021100000,2021年度,2021,00001|F620218,観測値|F620218_所定内給与額（女）,千円,264.1,264.1
labour,働く人の環境（就業・求人・給与）,26000,京都府,pref,26,京都府,2022100000,2022年度,2022,00001|F620218,観測値|F620218_所定内給与額（女）,千円,257.5,257.5
labour,働く人の環境（就業・求人・給与）,26000,京都府,pref,26,京都府,2023100000,2023年度,2023,00001|F620218,観測値|F620218_所定内給与額（女）,千円,267.8,267.8
labour,働く人の環境（就業・求人・給与）,26000,京都府,pref,26,京都府,2024100000,2024年度,2024,00001|F620218,観測値|F620218_所定内給与額（女）,千円,283.0,283.0
labour,働く人の環境（就業・求人・給与）,27000,大阪府,pref,27,大阪府,2020100000,2020年度,2020,00001|F620218,観測値|F620218_所定内給与額（女）,千円,261.2,261.2
labour,働く人の環境（就業・求人・給与）,27000,大阪府,pref,27,大阪府,2021100000,2021年度,2021,00001|F620218,観測値|F620218_所定内給与額（女）,千円,268.7,268.7
labour,働く人の環境（就業・求人・給与）,27000,大阪府,pref,27,大阪府,2022100000,2022年度,2022,00001|F620218,観測値|F620218_所定内給与額（女）,千円,276.4,276.4
labour,働く人の環境（就業・求人・給与）,27000,大阪府,pref,27,大阪府,2023100000,2023年度,2023,00001|F620218,観測値|F620218_所定内給与額（女）,千円,282.5,282.5
labour,働く人の環境（就業・求人・給与）,27000,大阪府,pref,27,大阪府,2024100000,2024年度,2024,00001|F620218,観測値|F620218_所定内給与額（女）,千円,287.1,287.1
labour,働く人の環境（就業・求人・給与）,28000,兵庫県,pref,28,兵庫県,2020100000,2020年度,2020,00001|F620218,観測値|F620218_所定内給与額（女）,千円,252.4,252.4
labour,働く人の環境（就業・求人・給与）,28000,兵庫県,pref,28,兵庫県,2021100000,2021年度,2021,00001|F620218,観測値|F620218_所定内給与額（女）,千円,252.6,252.6
labour,働く人の環境（就業・求人・給与）,28000,兵庫県,pref,28,兵庫県,2022100000,2022年度,2022,00001|F620218,観測値|F620218_所定内給与額（女）,千円,258.4,258.4
labour,働く人の環境（就業・求人・給与）,28000,兵庫県,pref,28,兵庫県,2023100000,2023年度,2023,00001|F620218,観測値|F620218_所定内給与額（女）,千円,265.0,265.0
labour,働く人の環境（就業・求人・給与）,28000,兵庫県,pref,28,兵庫県,2024100000,2024年度,2024,00001|F620218,観測値|F620218_所定内給与額（女）,千円,266.0,266.0
labour,働く人の環境（就業・求人・給与）,29000,奈良県,pref,29,奈良県,2020100000,2020年度,2020,00001|F620218,観測値|F620218_所定内給与額（女）,千円,252.0,252.0
labour,働く人の環境（就業・求人・給与）,29000,奈良県,pref,29,奈良県,2021100000,2021年度,2021,00001|F620218,観測値|F620218_所定内給与額（女）,千円,248.6,248.6
labour,働く人の環境（就業・求人・給与）,29000,奈良県,pref,29,奈良県,2022100000,2022年度,2022,00001|F620218,観測値|F620218_所定内給与額（女）,千円,271.0,271.0
labour,働く人の環境（就業・求人・給与）,29000,奈良県,pref,29,奈良県,2023100000,2023年度,2023,00001|F620218,観測値|F620218_所定内給与額（女）,千円,262.5,262.5
labour,働く人の環境（就業・求人・給与）,29000,奈良県,pref,29,奈良県,2024100000,2024年度,2024,00001|F620218,観測値|F620218_所定内給与額（女）,千円,270.8,270.8
labour,働く人の環境（就業・求人・給与）,30000,和歌山県,pref,30,和歌山県,2020100000,2020年度,2020,00001|F620218,観測値|F620218_所定内給与額（女）,千円,235.3,235.3
labour,働く人の環境（就業・求人・給与）,30000,和歌山県,pref,30,和歌山県,2021100000,2021年度,2021,00001|F620218,観測値|F620218_所定内給与額（女）,千円,228.9,228.9
labour,働く人の環境（就業・求人・給与）,30000,和歌山県,pref,30,和歌山県,2022100000,2022年度,2022,00001|F620218,観測値|F620218_所定内給与額（女）,千円,243.6,243.6
labour,働く人の環境（就業・求人・給与）,30000,和歌山県,pref,30,和歌山県,2023100000,2023年度,2023,00001|F620218,観測値|F620218_所定内給与額（女）,千円,256.0,256.0
labour,働く人の環境（就業・求人・給与）,30000,和歌山県,pref,30,和歌山県,2024100000,2024年度,2024,00001|F620218,観測値|F620218_所定内給与額（女）,千円,249.3,249.3
labour,働く人の環境（就業・求人・給与）,31000,鳥取県,pref,31,鳥取県,2020100000,2020年度,2020,00001|F620218,観測値|F620218_所定内給与額（女）,千円,222.3,222.3
labour,働く人の環境（就業・求人・給与）,31000,鳥取県,pref,31,鳥取県,2021100000,2021年度,2021,00001|F620218,観測値|F620218_所定内給与額（女）,千円,226.2,226.2
labour,働く人の環境（就業・求人・給与）,31000,鳥取県,pref,31,鳥取県,2022100000,2022年度,2022,00001|F620218,観測値|F620218_所定内給与額（女）,千円,229.8,229.8
labour,働く人の環境（就業・求人・給与）,31000,鳥取県,pref,31,鳥取県,2023100000,2023年度,2023,00001|F620218,観測値|F620218_所定内給与額（女）,千円,222.7,222.7
labour,働く人の環境（就業・求人・給与）,31000,鳥取県,pref,31,鳥取県,2024100000,2024年度,2024,00001|F620218,観測値|F620218_所定内給与額（女）,千円,229.5,229.5
labour,働く人の環境（就業・求人・給与）,32000,島根県,pref,32,島根県,2020100000,2020年度,2020,00001|F620218,観測値|F620218_所定内給与額（女）,千円,221.4,221.4
labour,働く人の環境（就業・求人・給与）,32000,島根県,pref,32,島根県,2021100000,2021年度,2021,00001|F620218,観測値|F620218_所定内給与額（女）,千円,224.2,224.2
labour,働く人の環境（就業・求人・給与）,32000,島根県,pref,32,島根県,2022100000,2022年度,2022,00001|F620218,観測値|F620218_所定内給与額（女）,千円,225.8,225.8
labour,働く人の環境（就業・求人・給与）,32000,島根県,pref,32,島根県,2023100000,2023年度,2023,00001|F620218,観測値|F620218_所定内給与額（女）,千円,230.9,230.9
labour,働く人の環境（就業・求人・給与）,32000,島根県,pref,32,島根県,2024100000,2024年度,2024,00001|F620218,観測値|F620218_所定内給与額（女）,千円,234.1,234.1
labour,働く人の環境（就業・求人・給与）,33000,岡山県,pref,33,岡山県,2020100000,2020年度,2020,00001|F620218,観測値|F620218_所定内給与額（女）,千円,229.9,229.9
labour,働く人の環境（就業・求人・給与）,33000,岡山県,pref,33,岡山県,2021100000,2021年度,2021,00001|F620218,観測値|F620218_所定内給与額（女）,千円,234.9,234.9
labour,働く人の環境（就業・求人・給与）,33000,岡山県,pref,33,岡山県,2022100000,2022年度,2022,00001|F620218,観測値|F620218_所定内給与額（女）,千円,235.7,235.7
labour,働く人の環境（就業・求人・給与）,33000,岡山県,pref,33,岡山県,2023100000,2023年度,2023,00001|F620218,観測値|F620218_所定内給与額（女）,千円,249.1,249.1
labour,働く人の環境（就業・求人・給与）,33000,岡山県,pref,33,岡山県,2024100000,2024年度,2024,00001|F620218,観測値|F620218_所定内給与額（女）,千円,251.8,251.8
labour,働く人の環境（就業・求人・給与）,34000,広島県,pref,34,広島県,2020100000,2020年度,2020,00001|F620218,観測値|F620218_所定内給与額（女）,千円,239.2,239.2
labour,働く人の環境（就業・求人・給与）,34000,広島県,pref,34,広島県,2021100000,2021年度,2021,00001|F620218,観測値|F620218_所定内給与額（女）,千円,244.9,244.9
labour,働く人の環境（就業・求人・給与）,34000,広島県,pref,34,広島県,2022100000,2022年度,2022,00001|F620218,観測値|F620218_所定内給与額（女）,千円,245.8,245.8
labour,働く人の環境（就業・求人・給与）,34000,広島県,pref,34,広島県,2023100000,2023年度,2023,00001|F620218,観測値|F620218_所定内給与額（女）,千円,248.6,248.6
labour,働く人の環境（就業・求人・給与）,34000,広島県,pref,34,広島県,2024100000,2024年度,2024,00001|F620218,観測値|F620218_所定内給与額（女）,千円,264.4,264.4
labour,働く人の環境（就業・求人・給与）,35000,山口県,pref,35,山口県,2020100000,2020年度,2020,00001|F620218,観測値|F620218_所定内給与額（女）,千円,232.4,232.4
labour,働く人の環境（就業・求人・給与）,35000,山口県,pref,35,山口県,2021100000,2021年度,2021,00001|F620218,観測値|F620218_所定内給与額（女）,千円,236.1,236.1
labour,働く人の環境（就業・求人・給与）,35000,山口県,pref,35,山口県,2022100000,2022年度,2022,00001|F620218,観測値|F620218_所定内給与額（女）,千円,242.7,242.7
labour,働く人の環境（就業・求人・給与）,35000,山口県,pref,35,山口県,2023100000,2023年度,2023,00001|F620218,観測値|F620218_所定内給与額（女）,千円,245.7,245.7
labour,働く人の環境（就業・求人・給与）,35000,山口県,pref,35,山口県,2024100000,2024年度,2024,00001|F620218,観測値|F620218_所定内給与額（女）,千円,245.7,245.7
labour,働く人の環境（就業・求人・給与）,36000,徳島県,pref,36,徳島県,2020100000,2020年度,2020,00001|F620218,観測値|F620218_所定内給与額（女）,千円,233.3,233.3
labour,働く人の環境（就業・求人・給与）,36000,徳島県,pref,36,徳島県,2021100000,2021年度,2021,00001|F620218,観測値|F620218_所定内給与額（女）,千円,232.9,232.9
labour,働く人の環境（就業・求人・給与）,36000,徳島県,pref,36,徳島県,2022100000,2022年度,2022,00001|F620218,観測値|F620218_所定内給与額（女）,千円,241.2,241.2
labour,働く人の環境（就業・求人・給与）,36000,徳島県,pref,36,徳島県,2023100000,2023年度,2023,00001|F620218,観測値|F620218_所定内給与額（女）,千円,232.0,232.0
labour,働く人の環境（就業・求人・給与）,36000,徳島県,pref,36,徳島県,2024100000,2024年度,2024,00001|F620218,観測値|F620218_所定内給与額（女）,千円,249.9,249.9
labour,働く人の環境（就業・求人・給与）,37000,香川県,pref,37,香川県,2020100000,2020年度,2020,00001|F620218,観測値|F620218_所定内給与額（女）,千円,227.7,227.7
labour,働く人の環境（就業・求人・給与）,37000,香川県,pref,37,香川県,2021100000,2021年度,2021,00001|F620218,観測値|F620218_所定内給与額（女）,千円,236.6,236.6
labour,働く人の環境（就業・求人・給与）,37000,香川県,pref,37,香川県,2022100000,2022年度,2022,00001|F620218,観測値|F620218_所定内給与額（女）,千円,228.5,228.5
labour,働く人の環境（就業・求人・給与）,37000,香川県,pref,37,香川県,2023100000,2023年度,2023,00001|F620218,観測値|F620218_所定内給与額（女）,千円,233.3,233.3
labour,働く人の環境（就業・求人・給与）,37000,香川県,pref,37,香川県,2024100000,2024年度,2024,00001|F620218,観測値|F620218_所定内給与額（女）,千円,248.7,248.7
labour,働く人の環境（就業・求人・給与）,38000,愛媛県,pref,38,愛媛県,2020100000,2020年度,2020,00001|F620218,観測値|F620218_所定内給与額（女）,千円,216.2,216.2
labour,働く人の環境（就業・求人・給与）,38000,愛媛県,pref,38,愛媛県,2021100000,2021年度,2021,00001|F620218,観測値|F620218_所定内給与額（女）,千円,227.4,227.4
labour,働く人の環境（就業・求人・給与）,38000,愛媛県,pref,38,愛媛県,2022100000,2022年度,2022,00001|F620218,観測値|F620218_所定内給与額（女）,千円,224.2,224.2
labour,働く人の環境（就業・求人・給与）,38000,愛媛県,pref,38,愛媛県,2023100000,2023年度,2023,00001|F620218,観測値|F620218_所定内給与額（女）,千円,234.4,234.4
labour,働く人の環境（就業・求人・給与）,38000,愛媛県,pref,38,愛媛県,2024100000,2024年度,2024,00001|F620218,観測値|F620218_所定内給与額（女）,千円,235.9,235.9
labour,働く人の環境（就業・求人・給与）,39000,高知県,pref,39,高知県,2020100000,2020年度,2020,00001|F620218,観測値|F620218_所定内給与額（女）,千円,221.3,221.3
labour,働く人の環境（就業・求人・給与）,39000,高知県,pref,39,高知県,2021100000,2021年度,2021,00001|F620218,観測値|F620218_所定内給与額（女）,千円,234.1,234.1
labour,働く人の環境（就業・求人・給与）,39000,高知県,pref,39,高知県,2022100000,2022年度,2022,00001|F620218,観測値|F620218_所定内給与額（女）,千円,233.1,233.1
labour,働く人の環境（就業・求人・給与）,39000,高知県,pref,39,高知県,2023100000,2023年度,2023,00001|F620218,観測値|F620218_所定内給与額（女）,千円,240.6,240.6
labour,働く人の環境（就業・求人・給与）,39000,高知県,pref,39,高知県,2024100000,2024年度,2024,00001|F620218,観測値|F620218_所定内給与額（女）,千円,243.5,243.5
labour,働く人の環境（就業・求人・給与）,40000,福岡県,pref,40,福岡県,2020100000,2020年度,2020,00001|F620218,観測値|F620218_所定内給与額（女）,千円,232.5,232.5
labour,働く人の環境（就業・求人・給与）,40000,福岡県,pref,40,福岡県,2021100000,2021年度,2021,00001|F620218,観測値|F620218_所定内給与額（女）,千円,239.4,239.4
labour,働く人の環境（就業・求人・給与）,40000,福岡県,pref,40,福岡県,2022100000,2022年度,2022,00001|F620218,観測値|F620218_所定内給与額（女）,千円,253.2,253.2
labour,働く人の環境（就業・求人・給与）,40000,福岡県,pref,40,福岡県,2023100000,2023年度,2023,00001|F620218,観測値|F620218_所定内給与額（女）,千円,249.1,249.1
labour,働く人の環境（就業・求人・給与）,40000,福岡県,pref,40,福岡県,2024100000,2024年度,2024,00001|F620218,観測値|F620218_所定内給与額（女）,千円,255.4,255.4
labour,働く人の環境（就業・求人・給与）,41000,佐賀県,pref,41,佐賀県,2020100000,2020年度,2020,00001|F620218,観測値|F620218_所定内給与額（女）,千円,216.0,216.0
labour,働く人の環境（就業・求人・給与）,41000,佐賀県,pref,41,佐賀県,2021100000,2021年度,2021,00001|F620218,観測値|F620218_所定内給与額（女）,千円,214.4,214.4
labour,働く人の環境（就業・求人・給与）,41000,佐賀県,pref,41,佐賀県,2022100000,2022年度,2022,00001|F620218,観測値|F620218_所定内給与額（女）,千円,227.7,227.7
labour,働く人の環境（就業・求人・給与）,41000,佐賀県,pref,41,佐賀県,2023100000,2023年度,2023,00001|F620218,観測値|F620218_所定内給与額（女）,千円,231.4,231.4
labour,働く人の環境（就業・求人・給与）,41000,佐賀県,pref,41,佐賀県,2024100000,2024年度,2024,00001|F620218,観測値|F620218_所定内給与額（女）,千円,241.1,241.1
labour,働く人の環境（就業・求人・給与）,42000,長崎県,pref,42,長崎県,2020100000,2020年度,2020,00001|F620218,観測値|F620218_所定内給与額（女）,千円,222.7,222.7
labour,働く人の環境（就業・求人・給与）,42000,長崎県,pref,42,長崎県,2021100000,2021年度,2021,00001|F620218,観測値|F620218_所定内給与額（女）,千円,222.5,222.5
labour,働く人の環境（就業・求人・給与）,42000,長崎県,pref,42,長崎県,2022100000,2022年度,2022,00001|F620218,観測値|F620218_所定内給与額（女）,千円,226.0,226.0
labour,働く人の環境（就業・求人・給与）,42000,長崎県,pref,42,長崎県,2023100000,2023年度,2023,00001|F620218,観測値|F620218_所定内給与額（女）,千円,228.1,228.1
labour,働く人の環境（就業・求人・給与）,42000,長崎県,pref,42,長崎県,2024100000,2024年度,2024,00001|F620218,観測値|F620218_所定内給与額（女）,千円,242.7,242.7
labour,働く人の環境（就業・求人・給与）,43000,熊本県,pref,43,熊本県,2020100000,2020年度,2020,00001|F620218,観測値|F620218_所定内給与額（女）,千円,219.8,219.8
labour,働く人の環境（就業・求人・給与）,43000,熊本県,pref,43,熊本県,2021100000,2021年度,2021,00001|F620218,観測値|F620218_所定内給与額（女）,千円,225.0,225.0
labour,働く人の環境（就業・求人・給与）,43000,熊本県,pref,43,熊本県,2022100000,2022年度,2022,00001|F620218,観測値|F620218_所定内給与額（女）,千円,226.3,226.3
labour,働く人の環境（就業・求人・給与）,43000,熊本県,pref,43,熊本県,2023100000,2023年度,2023,00001|F620218,観測値|F620218_所定内給与額（女）,千円,227.4,227.4
labour,働く人の環境（就業・求人・給与）,43000,熊本県,pref,43,熊本県,2024100000,2024年度,2024,00001|F620218,観測値|F620218_所定内給与額（女）,千円,241.8,241.8
labour,働く人の環境（就業・求人・給与）,44000,大分県,pref,44,大分県,2020100000,2020年度,2020,00001|F620218,観測値|F620218_所定内給与額（女）,千円,223.5,223.5
labour,働く人の環境（就業・求人・給与）,44000,大分県,pref,44,大分県,2021100000,2021年度,2021,00001|F620218,観測値|F620218_所定内給与額（女）,千円,216.2,216.2
labour,働く人の環境（就業・求人・給与）,44000,大分県,pref,44,大分県,2022100000,2022年度,2022,00001|F620218,観測値|F620218_所定内給与額（女）,千円,233.2,233.2
labour,働く人の環境（就業・求人・給与）,44000,大分県,pref,44,大分県,2023100000,2023年度,2023,00001|F620218,観測値|F620218_所定内給与額（女）,千円,231.9,231.9
labour,働く人の環境（就業・求人・給与）,44000,大分県,pref,44,大分県,2024100000,2024年度,2024,00001|F620218,観測値|F620218_所定内給与額（女）,千円,236.0,236.0
labour,働く人の環境（就業・求人・給与）,45000,宮崎県,pref,45,宮崎県,2020100000,2020年度,2020,00001|F620218,観測値|F620218_所定内給与額（女）,千円,210.4,210.4
labour,働く人の環境（就業・求人・給与）,45000,宮崎県,pref,45,宮崎県,2021100000,2021年度,2021,00001|F620218,観測値|F620218_所定内給与額（女）,千円,204.8,204.8
labour,働く人の環境（就業・求人・給与）,45000,宮崎県,pref,45,宮崎県,2022100000,2022年度,2022,00001|F620218,観測値|F620218_所定内給与額（女）,千円,215.7,215.7
labour,働く人の環境（就業・求人・給与）,45000,宮崎県,pref,45,宮崎県,2023100000,2023年度,2023,00001|F620218,観測値|F620218_所定内給与額（女）,千円,222.4,222.4
labour,働く人の環境（就業・求人・給与）,45000,宮崎県,pref,45,宮崎県,2024100000,2024年度,2024,00001|F620218,観測値|F620218_所定内給与額（女）,千円,225.4,225.4
labour,働く人の環境（就業・求人・給与）,46000,鹿児島県,pref,46,鹿児島県,2020100000,2020年度,2020,00001|F620218,観測値|F620218_所定内給与額（女）,千円,212.8,212.8
labour,働く人の環境（就業・求人・給与）,46000,鹿児島県,pref,46,鹿児島県,2021100000,2021年度,2021,00001|F620218,観測値|F620218_所定内給与額（女）,千円,218.1,218.1
labour,働く人の環境（就業・求人・給与）,46000,鹿児島県,pref,46,鹿児島県,2022100000,2022年度,2022,00001|F620218,観測値|F620218_所定内給与額（女）,千円,218.9,218.9
labour,働く人の環境（就業・求人・給与）,46000,鹿児島県,pref,46,鹿児島県,2023100000,2023年度,2023,00001|F620218,観測値|F620218_所定内給与額（女）,千円,228.4,228.4
labour,働く人の環境（就業・求人・給与）,46000,鹿児島県,pref,46,鹿児島県,2024100000,2024年度,2024,00001|F620218,観測値|F620218_所定内給与額（女）,千円,233.1,233.1
labour,働く人の環境（就業・求人・給与）,47000,沖縄県,pref,47,沖縄県,2020100000,2020年度,2020,00001|F620218,観測値|F620218_所定内給与額（女）,千円,218.7,218.7
labour,働く人の環境（就業・求人・給与）,47000,沖縄県,pref,47,沖縄県,2021100000,2021年度,2021,00001|F620218,観測値|F620218_所定内給与額（女）,千円,222.1,222.1
labour,働く人の環境（就業・求人・給与）,47000,沖縄県,pref,47,沖縄県,2022100000,2022年度,2022,00001|F620218,観測値|F620218_所定内給与額（女）,千円,222.2,222.2
labour,働く人の環境（就業・求人・給与）,47000,沖縄県,pref,47,沖縄県,2023100000,2023年度,2023,00001|F620218,観測値|F620218_所定内給与額（女）,千円,229.5,229.5
labour,働く人の環境（就業・求人・給与）,47000,沖縄県,pref,47,沖縄県,2024100000,2024年度,2024,00001|F620218,観測値|F620218_所定内給与額（女）,千円,239.3,239.3
labour,働く人の環境（就業・求人・給与）,00000,全国,national,,,2020100000,2020年度,2020,00001|F6407,観測値|F6407_新規学卒者所定内給与額（高校）（男）,千円,179.5,179.5
labour,働く人の環境（就業・求人・給与）,00000,全国,national,,,2021100000,2021年度,2021,00001|F6407,観測値|F6407_新規学卒者所定内給与額（高校）（男）,千円,181.6,181.6
labour,働く人の環境（就業・求人・給与）,00000,全国,national,,,2022100000,2022年度,2022,00001|F6407,観測値|F6407_新規学卒者所定内給与額（高校）（男）,千円,183.4,183.4
labour,働く人の環境（就業・求人・給与）,00000,全国,national,,,2023100000,2023年度,2023,00001|F6407,観測値|F6407_新規学卒者所定内給与額（高校）（男）,千円,189.0,189.0
labour,働く人の環境（就業・求人・給与）,00000,全国,national,,,2024100000,2024年度,2024,00001|F6407,観測値|F6407_新規学卒者所定内給与額（高校）（男）,千円,200.5,200.5
labour,働く人の環境（就業・求人・給与）,01000,北海道,pref,01,北海道,2020100000,2020年度,2020,00001|F6407,観測値|F6407_新規学卒者所定内給与額（高校）（男）,千円,174.7,174.7
labour,働く人の環境（就業・求人・給与）,01000,北海道,pref,01,北海道,2021100000,2021年度,2021,00001|F6407,観測値|F6407_新規学卒者所定内給与額（高校）（男）,千円,179.8,179.8
labour,働く人の環境（就業・求人・給与）,01000,北海道,pref,01,北海道,2022100000,2022年度,2022,00001|F6407,観測値|F6407_新規学卒者所定内給与額（高校）（男）,千円,172.6,172.6
labour,働く人の環境（就業・求人・給与）,01000,北海道,pref,01,北海道,2023100000,2023年度,2023,00001|F6407,観測値|F6407_新規学卒者所定内給与額（高校）（男）,千円,175.9,175.9
labour,働く人の環境（就業・求人・給与）,01000,北海道,pref,01,北海道,2024100000,2024年度,2024,00001|F6407,観測値|F6407_新規学卒者所定内給与額（高校）（男）,千円,194.4,194.4
labour,働く人の環境（就業・求人・給与）,02000,青森県,pref,02,青森県,2020100000,2020年度,2020,00001|F6407,観測値|F6407_新規学卒者所定内給与額（高校）（男）,千円,165.5,165.5
labour,働く人の環境（就業・求人・給与）,02000,青森県,pref,02,青森県,2021100000,2021年度,2021,00001|F6407,観測値|F6407_新規学卒者所定内給与額（高校）（男）,千円,173.0,173.0
labour,働く人の環境（就業・求人・給与）,02000,青森県,pref,02,青森県,2022100000,2022年度,2022,00001|F6407,観測値|F6407_新規学卒者所定内給与額（高校）（男）,千円,165.7,165.7
labour,働く人の環境（就業・求人・給与）,02000,青森県,pref,02,青森県,2023100000,2023年度,2023,00001|F6407,観測値|F6407_新規学卒者所定内給与額（高校）（男）,千円,177.4,177.4
labour,働く人の環境（就業・求人・給与）,02000,青森県,pref,02,青森県,2024100000,2024年度,2024,00001|F6407,観測値|F6407_新規学卒者所定内給与額（高校）（男）,千円,181.6,181.6
labour,働く人の環境（就業・求人・給与）,03000,岩手県,pref,03,岩手県,2020100000,2020年度,2020,00001|F6407,観測値|F6407_新規学卒者所定内給与額（高校）（男）,千円,169.0,169.0
labour,働く人の環境（就業・求人・給与）,03000,岩手県,pref,03,岩手県,2021100000,2021年度,2021,00001|F6407,観測値|F6407_新規学卒者所定内給与額（高校）（男）,千円,168.9,168.9
labour,働く人の環境（就業・求人・給与）,03000,岩手県,pref,03,岩手県,2022100000,2022年度,2022,00001|F6407,観測値|F6407_新規学卒者所定内給与額（高校）（男）,千円,170.1,170.1
labour,働く人の環境（就業・求人・給与）,03000,岩手県,pref,03,岩手県,2023100000,2023年度,2023,00001|F6407,観測値|F6407_新規学卒者所定内給与額（高校）（男）,千円,180.9,180.9
labour,働く人の環境（就業・求人・給与）,03000,岩手県,pref,03,岩手県,2024100000,2024年度,2024,00001|F6407,観測値|F6407_新規学卒者所定内給与額（高校）（男）,千円,191.7,191.7
labour,働く人の環境（就業・求人・給与）,04000,宮城県,pref,04,宮城県,2020100000,2020年度,2020,00001|F6407,観測値|F6407_新規学卒者所定内給与額（高校）（男）,千円,175.8,175.8
labour,働く人の環境（就業・求人・給与）,04000,宮城県,pref,04,宮城県,2021100000,2021年度,2021,00001|F6407,観測値|F6407_新規学卒者所定内給与額（高校）（男）,千円,175.6,175.6
labour,働く人の環境（就業・求人・給与）,04000,宮城県,pref,04,宮城県,2022100000,2022年度,2022,00001|F6407,観測値|F6407_新規学卒者所定内給与額（高校）（男）,千円,174.7,174.7
labour,働く人の環境（就業・求人・給与）,04000,宮城県,pref,04,宮城県,2023100000,2023年度,2023,00001|F6407,観測値|F6407_新規学卒者所定内給与額（高校）（男）,千円,188.0,188.0
labour,働く人の環境（就業・求人・給与）,04000,宮城県,pref,04,宮城県,2024100000,2024年度,2024,00001|F6407,観測値|F6407_新規学卒者所定内給与額（高校）（男）,千円,194.9,194.9
labour,働く人の環境（就業・求人・給与）,05000,秋田県,pref,05,秋田県,2020100000,2020年度,2020,00001|F6407,観測値|F6407_新規学卒者所定内給与額（高校）（男）,千円,169.2,169.2
labour,働く人の環境（就業・求人・給与）,05000,秋田県,pref,05,秋田県,2021100000,2021年度,2021,00001|F6407,観測値|F6407_新規学卒者所定内給与額（高校）（男）,千円,163.7,163.7
labour,働く人の環境（就業・求人・給与）,05000,秋田県,pref,05,秋田県,2022100000,2022年度,2022,00001|F6407,観測値|F6407_新規学卒者所定内給与額（高校）（男）,千円,165.4,165.4
labour,働く人の環境（就業・求人・給与）,05000,秋田県,pref,05,秋田県,2023100000,2023年度,2023,00001|F6407,観測値|F6407_新規学卒者所定内給与額（高校）（男）,千円,172.1,172.1
labour,働く人の環境（就業・求人・給与）,05000,秋田県,pref,05,秋田県,2024100000,2024年度,2024,00001|F6407,観測値|F6407_新規学卒者所定内給与額（高校）（男）,千円,187.4,187.4
labour,働く人の環境（就業・求人・給与）,06000,山形県,pref,06,山形県,2020100000,2020年度,2020,00001|F6407,観測値|F6407_新規学卒者所定内給与額（高校）（男）,千円,163.6,163.6
labour,働く人の環境（就業・求人・給与）,06000,山形県,pref,06,山形県,2021100000,2021年度,2021,00001|F6407,観測値|F6407_新規学卒者所定内給与額（高校）（男）,千円,169.5,169.5
labour,働く人の環境（就業・求人・給与）,06000,山形県,pref,06,山形県,2022100000,2022年度,2022,00001|F6407,観測値|F6407_新規学卒者所定内給与額（高校）（男）,千円,168.7,168.7
labour,働く人の環境（就業・求人・給与）,06000,山形県,pref,06,山形県,2023100000,2023年度,2023,00001|F6407,観測値|F6407_新規学卒者所定内給与額（高校）（男）,千円,175.1,175.1
labour,働く人の環境（就業・求人・給与）,06000,山形県,pref,06,山形県,2024100000,2024年度,2024,00001|F6407,観測値|F6407_新規学卒者所定内給与額（高校）（男）,千円,184.3,184.3
labour,働く人の環境（就業・求人・給与）,07000,福島県,pref,07,福島県,2020100000,2020年度,2020,00001|F6407,観測値|F6407_新規学卒者所定内給与額（高校）（男）,千円,177.6,177.6
labour,働く人の環境（就業・求人・給与）,07000,福島県,pref,07,福島県,2021100000,2021年度,2021,00001|F6407,観測値|F6407_新規学卒者所定内給与額（高校）（男）,千円,171.2,171.2
labour,働く人の環境（就業・求人・給与）,07000,福島県,pref,07,福島県,2022100000,2022年度,2022,00001|F6407,観測値|F6407_新規学卒者所定内給与額（高校）（男）,千円,173.3,173.3
labour,働く人の環境（就業・求人・給与）,07000,福島県,pref,07,福島県,2023100000,2023年度,2023,00001|F6407,観測値|F6407_新規学卒者所定内給与額（高校）（男）,千円,183.9,183.9
labour,働く人の環境（就業・求人・給与）,07000,福島県,pref,07,福島県,2024100000,2024年度,2024,00001|F6407,観測値|F6407_新規学卒者所定内給与額（高校）（男）,千円,184.5,184.5
labour,働く人の環境（就業・求人・給与）,08000,茨城県,pref,08,茨城県,2020100000,2020年度,2020,00001|F6407,観測値|F6407_新規学卒者所定内給与額（高校）（男）,千円,181.9,181.9
labour,働く人の環境（就業・求人・給与）,08000,茨城県,pref,08,茨城県,2021100000,2021年度,2021,00001|F6407,観測値|F6407_新規学卒者所定内給与額（高校）（男）,千円,185.4,185.4
labour,働く人の環境（就業・求人・給与）,08000,茨城県,pref,08,茨城県,2022100000,2022年度,2022,00001|F6407,観測値|F6407_新規学卒者所定内給与額（高校）（男）,千円,184.2,184.2
labour,働く人の環境（就業・求人・給与）,08000,茨城県,pref,08,茨城県,2023100000,2023年度,2023,00001|F6407,観測値|F6407_新規学卒者所定内給与額（高校）（男）,千円,186.9,186.9
labour,働く人の環境（就業・求人・給与）,08000,茨城県,pref,08,茨城県,2024100000,2024年度,2024,00001|F6407,観測値|F6407_新規学卒者所定内給与額（高校）（男）,千円,201.3,201.3
labour,働く人の環境（就業・求人・給与）,09000,栃木県,pref,09,栃木県,2020100000,2020年度,2020,00001|F6407,観測値|F6407_新規学卒者所定内給与額（高校）（男）,千円,180.8,180.8
labour,働く人の環境（就業・求人・給与）,09000,栃木県,pref,09,栃木県,2021100000,2021年度,2021,00001|F6407,観測値|F6407_新規学卒者所定内給与額（高校）（男）,千円,179.5,179.5
labour,働く人の環境（就業・求人・給与）,09000,栃木県,pref,09,栃木県,2022100000,2022年度,2022,00001|F6407,観測値|F6407_新規学卒者所定内給与額（高校）（男）,千円,187.2,187.2
labour,働く人の環境（就業・求人・給与）,09000,栃木県,pref,09,栃木県,2023100000,2023年度,2023,00001|F6407,観測値|F6407_新規学卒者所定内給与額（高校）（男）,千円,191.1,191.1
labour,働く人の環境（就業・求人・給与）,09000,栃木県,pref,09,栃木県,2024100000,2024年度,2024,00001|F6407,観測値|F6407_新規学卒者所定内給与額（高校）（男）,千円,199.6,199.6
labour,働く人の環境（就業・求人・給与）,10000,群馬県,pref,10,群馬県,2020100000,2020年度,2020,00001|F6407,観測値|F6407_新規学卒者所定内給与額（高校）（男）,千円,183.5,183.5
labour,働く人の環境（就業・求人・給与）,10000,群馬県,pref,10,群馬県,2021100000,2021年度,2021,00001|F6407,観測値|F6407_新規学卒者所定内給与額（高校）（男）,千円,180.2,180.2
labour,働く人の環境（就業・求人・給与）,10000,群馬県,pref,10,群馬県,2022100000,2022年度,2022,00001|F6407,観測値|F6407_新規学卒者所定内給与額（高校）（男）,千円,187.4,187.4
labour,働く人の環境（就業・求人・給与）,10000,群馬県,pref,10,群馬県,2023100000,2023年度,2023,00001|F6407,観測値|F6407_新規学卒者所定内給与額（高校）（男）,千円,196.1,196.1
labour,働く人の環境（就業・求人・給与）,10000,群馬県,pref,10,群馬県,2024100000,2024年度,2024,00001|F6407,観測値|F6407_新規学卒者所定内給与額（高校）（男）,千円,209.2,209.2
labour,働く人の環境（就業・求人・給与）,11000,埼玉県,pref,11,埼玉県,2020100000,2020年度,2020,00001|F6407,観測値|F6407_新規学卒者所定内給与額（高校）（男）,千円,187.7,187.7
labour,働く人の環境（就業・求人・給与）,11000,埼玉県,pref,11,埼玉県,2021100000,2021年度,2021,00001|F6407,観測値|F6407_新規学卒者所定内給与額（高校）（男）,千円,183.5,183.5
labour,働く人の環境（就業・求人・給与）,11000,埼玉県,pref,11,埼玉県,2022100000,2022年度,2022,00001|F6407,観測値|F6407_新規学卒者所定内給与額（高校）（男）,千円,193.4,193.4
labour,働く人の環境（就業・求人・給与）,11000,埼玉県,pref,11,埼玉県,2023100000,2023年度,2023,00001|F6407,観測値|F6407_新規学卒者所定内給与額（高校）（男）,千円,202.5,202.5
labour,働く人の環境（就業・求人・給与）,11000,埼玉県,pref,11,埼玉県,2024100000,2024年度,2024,00001|F6407,観測値|F6407_新規学卒者所定内給与額（高校）（男）,千円,204.3,204.3
labour,働く人の環境（就業・求人・給与）,12000,千葉県,pref,12,千葉県,2020100000,2020年度,2020,00001|F6407,観測値|F6407_新規学卒者所定内給与額（高校）（男）,千円,179.4,179.4
labour,働く人の環境（就業・求人・給与）,12000,千葉県,pref,12,千葉県,2021100000,2021年度,2021,00001|F6407,観測値|F6407_新規学卒者所定内給与額（高校）（男）,千円,186.7,186.7
labour,働く人の環境（就業・求人・給与）,12000,千葉県,pref,12,千葉県,2022100000,2022年度,2022,00001|F6407,観測値|F6407_新規学卒者所定内給与額（高校）（男）,千円,196.4,196.4
labour,働く人の環境（就業・求人・給与）,12000,千葉県,pref,12,千葉県,2023100000,2023年度,2023,00001|F6407,観測値|F6407_新規学卒者所定内給与額（高校）（男）,千円,190.6,190.6
labour,働く人の環境（就業・求人・給与）,12000,千葉県,pref,12,千葉県,2024100000,2024年度,2024,00001|F6407,観測値|F6407_新規学卒者所定内給与額（高校）（男）,千円,200.3,200.3
labour,働く人の環境（就業・求人・給与）,13000,東京都,pref,13,東京都,2020100000,2020年度,2020,00001|F6407,観測値|F6407_新規学卒者所定内給与額（高校）（男）,千円,181.9,181.9
labour,働く人の環境（就業・求人・給与）,13000,東京都,pref,13,東京都,2021100000,2021年度,2021,00001|F6407,観測値|F6407_新規学卒者所定内給与額（高校）（男）,千円,192.3,192.3
labour,働く人の環境（就業・求人・給与）,13000,東京都,pref,13,東京都,2022100000,2022年度,2022,00001|F6407,観測値|F6407_新規学卒者所定内給与額（高校）（男）,千円,199.0,199.0
labour,働く人の環境（就業・求人・給与）,13000,東京都,pref,13,東京都,2023100000,2023年度,2023,00001|F6407,観測値|F6407_新規学卒者所定内給与額（高校）（男）,千円,195.7,195.7
labour,働く人の環境（就業・求人・給与）,13000,東京都,pref,13,東京都,2024100000,2024年度,2024,00001|F6407,観測値|F6407_新規学卒者所定内給与額（高校）（男）,千円,209.5,209.5
labour,働く人の環境（就業・求人・給与）,14000,神奈川県,pref,14,神奈川県,2020100000,2020年度,2020,00001|F6407,観測値|F6407_新規学卒者所定内給与額（高校）（男）,千円,193.3,193.3
labour,働く人の環境（就業・求人・給与）,14000,神奈川県,pref,14,神奈川県,2021100000,2021年度,2021,00001|F6407,観測値|F6407_新規学卒者所定内給与額（高校）（男）,千円,201.2,201.2
labour,働く人の環境（就業・求人・給与）,14000,神奈川県,pref,14,神奈川県,2022100000,2022年度,2022,00001|F6407,観測値|F6407_新規学卒者所定内給与額（高校）（男）,千円,189.7,189.7
labour,働く人の環境（就業・求人・給与）,14000,神奈川県,pref,14,神奈川県,2023100000,2023年度,2023,00001|F6407,観測値|F6407_新規学卒者所定内給与額（高校）（男）,千円,196.5,196.5
labour,働く人の環境（就業・求人・給与）,14000,神奈川県,pref,14,神奈川県,2024100000,2024年度,2024,00001|F6407,観測値|F6407_新規学卒者所定内給与額（高校）（男）,千円,208.4,208.4
labour,働く人の環境（就業・求人・給与）,15000,新潟県,pref,15,新潟県,2020100000,2020年度,2020,00001|F6407,観測値|F6407_新規学卒者所定内給与額（高校）（男）,千円,177.7,177.7
labour,働く人の環境（就業・求人・給与）,15000,新潟県,pref,15,新潟県,2021100000,2021年度,2021,00001|F6407,観測値|F6407_新規学卒者所定内給与額（高校）（男）,千円,182.2,182.2
labour,働く人の環境（就業・求人・給与）,15000,新潟県,pref,15,新潟県,2022100000,2022年度,2022,00001|F6407,観測値|F6407_新規学卒者所定内給与額（高校）（男）,千円,174.1,174.1
labour,働く人の環境（就業・求人・給与）,15000,新潟県,pref,15,新潟県,2023100000,2023年度,2023,00001|F6407,観測値|F6407_新規学卒者所定内給与額（高校）（男）,千円,180.6,180.6
labour,働く人の環境（就業・求人・給与）,15000,新潟県,pref,15,新潟県,2024100000,2024年度,2024,00001|F6407,観測値|F6407_新規学卒者所定内給与額（高校）（男）,千円,191.4,191.4
labour,働く人の環境（就業・求人・給与）,16000,富山県,pref,16,富山県,2020100000,2020年度,2020,00001|F6407,観測値|F6407_新規学卒者所定内給与額（高校）（男）,千円,180.7,180.7
labour,働く人の環境（就業・求人・給与）,16000,富山県,pref,16,富山県,2021100000,2021年度,2021,00001|F6407,観測値|F6407_新規学卒者所定内給与額（高校）（男）,千円,176.5,176.5
labour,働く人の環境（就業・求人・給与）,16000,富山県,pref,16,富山県,2022100000,2022年度,2022,00001|F6407,観測値|F6407_新規学卒者所定内給与額（高校）（男）,千円,182.1,182.1
labour,働く人の環境（就業・求人・給与）,16000,富山県,pref,16,富山県,2023100000,2023年度,2023,00001|F6407,観測値|F6407_新規学卒者所定内給与額（高校）（男）,千円,188.6,188.6
labour,働く人の環境（就業・求人・給与）,16000,富山県,pref,16,富山県,2024100000,2024年度,2024,00001|F6407,観測値|F6407_新規学卒者所定内給与額（高校）（男）,千円,191.7,191.7
labour,働く人の環境（就業・求人・給与）,17000,石川県,pref,17,石川県,2020100000,2020年度,2020,00001|F6407,観測値|F6407_新規学卒者所定内給与額（高校）（男）,千円,178.7,178.7
labour,働く人の環境（就業・求人・給与）,17000,石川県,pref,17,石川県,2021100000,2021年度,2021,00001|F6407,観測値|F6407_新規学卒者所定内給与額（高校）（男）,千円,175.3,175.3
labour,働く人の環境（就業・求人・給与）,17000,石川県,pref,17,石川県,2022100000,2022年度,2022,00001|F6407,観測値|F6407_新規学卒者所定内給与額（高校）（男）,千円,176.1,176.1
labour,働く人の環境（就業・求人・給与）,17000,石川県,pref,17,石川県,2023100000,2023年度,2023,00001|F6407,観測値|F6407_新規学卒者所定内給与額（高校）（男）,千円,188.0,188.0
labour,働く人の環境（就業・求人・給与）,17000,石川県,pref,17,石川県,2024100000,2024年度,2024,00001|F6407,観測値|F6407_新規学卒者所定内給与額（高校）（男）,千円,196.3,196.3
labour,働く人の環境（就業・求人・給与）,18000,福井県,pref,18,福井県,2020100000,2020年度,2020,00001|F6407,観測値|F6407_新規学卒者所定内給与額（高校）（男）,千円,181.8,181.8
labour,働く人の環境（就業・求人・給与）,18000,福井県,pref,18,福井県,2021100000,2021年度,2021,00001|F6407,観測値|F6407_新規学卒者所定内給与額（高校）（男）,千円,188.2,188.2
labour,働く人の環境（就業・求人・給与）,18000,福井県,pref,18,福井県,2022100000,2022年度,2022,00001|F6407,観測値|F6407_新規学卒者所定内給与額（高校）（男）,千円,191.9,191.9
labour,働く人の環境（就業・求人・給与）,18000,福井県,pref,18,福井県,2023100000,2023年度,2023,00001|F6407,観測値|F6407_新規学卒者所定内給与額（高校）（男）,千円,187.6,187.6
labour,働く人の環境（就業・求人・給与）,18000,福井県,pref,18,福井県,2024100000,2024年度,2024,00001|F6407,観測値|F6407_新規学卒者所定内給与額（高校）（男）,千円,189.6,189.6
labour,働く人の環境（就業・求人・給与）,19000,山梨県,pref,19,山梨県,2020100000,2020年度,2020,00001|F6407,観測値|F6407_新規学卒者所定内給与額（高校）（男）,千円,174.6,174.6
labour,働く人の環境（就業・求人・給与）,19000,山梨県,pref,19,山梨県,2021100000,2021年度,2021,00001|F6407,観測値|F6407_新規学卒者所定内給与額（高校）（男）,千円,177.5,177.5
labour,働く人の環境（就業・求人・給与）,19000,山梨県,pref,19,山梨県,2022100000,2022年度,2022,00001|F6407,観測値|F6407_新規学卒者所定内給与額（高校）（男）,千円,169.3,169.3
labour,働く人の環境（就業・求人・給与）,19000,山梨県,pref,19,山梨県,2023100000,2023年度,2023,00001|F6407,観測値|F6407_新規学卒者所定内給与額（高校）（男）,千円,193.4,193.4
labour,働く人の環境（就業・求人・給与）,19000,山梨県,pref,19,山梨県,2024100000,2024年度,2024,00001|F6407,観測値|F6407_新規学卒者所定内給与額（高校）（男）,千円,197.8,197.8
labour,働く人の環境（就業・求人・給与）,20000,長野県,pref,20,長野県,2020100000,2020年度,2020,00001|F6407,観測値|F6407_新規学卒者所定内給与額（高校）（男）,千円,174.1,174.1
labour,働く人の環境（就業・求人・給与）,20000,長野県,pref,20,長野県,2021100000,2021年度,2021,00001|F6407,観測値|F6407_新規学卒者所定内給与額（高校）（男）,千円,177.7,177.7
labour,働く人の環境（就業・求人・給与）,20000,長野県,pref,20,長野県,2022100000,2022年度,2022,00001|F6407,観測値|F6407_新規学卒者所定内給与額（高校）（男）,千円,175.5,175.5
labour,働く人の環境（就業・求人・給与）,20000,長野県,pref,20,長野県,2023100000,2023年度,2023,00001|F6407,観測値|F6407_新規学卒者所定内給与額（高校）（男）,千円,182.6,182.6
labour,働く人の環境（就業・求人・給与）,20000,長野県,pref,20,長野県,2024100000,2024年度,2024,00001|F6407,観測値|F6407_新規学卒者所定内給与額（高校）（男）,千円,192.2,192.2
labour,働く人の環境（就業・求人・給与）,21000,岐阜県,pref,21,岐阜県,2020100000,2020年度,2020,00001|F6407,観測値|F6407_新規学卒者所定内給与額（高校）（男）,千円,176.2,176.2
labour,働く人の環境（就業・求人・給与）,21000,岐阜県,pref,21,岐阜県,2021100000,2021年度,2021,00001|F6407,観測値|F6407_新規学卒者所定内給与額（高校）（男）,千円,175.2,175.2
labour,働く人の環境（就業・求人・給与）,21000,岐阜県,pref,21,岐阜県,2022100000,2022年度,2022,00001|F6407,観測値|F6407_新規学卒者所定内給与額（高校）（男）,千円,178.8,178.8
labour,働く人の環境（就業・求人・給与）,21000,岐阜県,pref,21,岐阜県,2023100000,2023年度,2023,00001|F6407,観測値|F6407_新規学卒者所定内給与額（高校）（男）,千円,181.2,181.2
labour,働く人の環境（就業・求人・給与）,21000,岐阜県,pref,21,岐阜県,2024100000,2024年度,2024,00001|F6407,観測値|F6407_新規学卒者所定内給与額（高校）（男）,千円,194.9,194.9
labour,働く人の環境（就業・求人・給与）,22000,静岡県,pref,22,静岡県,2020100000,2020年度,2020,00001|F6407,観測値|F6407_新規学卒者所定内給与額（高校）（男）,千円,185.0,185.0
labour,働く人の環境（就業・求人・給与）,22000,静岡県,pref,22,静岡県,2021100000,2021年度,2021,00001|F6407,観測値|F6407_新規学卒者所定内給与額（高校）（男）,千円,178.8,178.8
labour,働く人の環境（就業・求人・給与）,22000,静岡県,pref,22,静岡県,2022100000,2022年度,2022,00001|F6407,観測値|F6407_新規学卒者所定内給与額（高校）（男）,千円,188.8,188.8
labour,働く人の環境（就業・求人・給与）,22000,静岡県,pref,22,静岡県,2023100000,2023年度,2023,00001|F6407,観測値|F6407_新規学卒者所定内給与額（高校）（男）,千円,192.3,192.3
labour,働く人の環境（就業・求人・給与）,22000,静岡県,pref,22,静岡県,2024100000,2024年度,2024,00001|F6407,観測値|F6407_新規学卒者所定内給与額（高校）（男）,千円,204.8,204.8
labour,働く人の環境（就業・求人・給与）,23000,愛知県,pref,23,愛知県,2020100000,2020年度,2020,00001|F6407,観測値|F6407_新規学卒者所定内給与額（高校）（男）,千円,178.7,178.7
labour,働く人の環境（就業・求人・給与）,23000,愛知県,pref,23,愛知県,2021100000,2021年度,2021,00001|F6407,観測値|F6407_新規学卒者所定内給与額（高校）（男）,千円,182.1,182.1
labour,働く人の環境（就業・求人・給与）,23000,愛知県,pref,23,愛知県,2022100000,2022年度,2022,00001|F6407,観測値|F6407_新規学卒者所定内給与額（高校）（男）,千円,188.9,188.9
labour,働く人の環境（就業・求人・給与）,23000,愛知県,pref,23,愛知県,2023100000,2023年度,2023,00001|F6407,観測値|F6407_新規学卒者所定内給与額（高校）（男）,千円,187.0,187.0
labour,働く人の環境（就業・求人・給与）,23000,愛知県,pref,23,愛知県,2024100000,2024年度,2024,00001|F6407,観測値|F6407_新規学卒者所定内給与額（高校）（男）,千円,211.4,211.4
labour,働く人の環境（就業・求人・給与）,24000,三重県,pref,24,三重県,2020100000,2020年度,2020,00001|F6407,観測値|F6407_新規学卒者所定内給与額（高校）（男）,千円,181.8,181.8
labour,働く人の環境（就業・求人・給与）,24000,三重県,pref,24,三重県,2021100000,2021年度,2021,00001|F6407,観測値|F6407_新規学卒者所定内給与額（高校）（男）,千円,180.8,180.8
labour,働く人の環境（就業・求人・給与）,24000,三重県,pref,24,三重県,2022100000,2022年度,2022,00001|F6407,観測値|F6407_新規学卒者所定内給与額（高校）（男）,千円,181.9,181.9
labour,働く人の環境（就業・求人・給与）,24000,三重県,pref,24,三重県,2023100000,2023年度,2023,00001|F6407,観測値|F6407_新規学卒者所定内給与額（高校）（男）,千円,213.7,213.7
labour,働く人の環境（就業・求人・給与）,24000,三重県,pref,24,三重県,2024100000,2024年度,2024,00001|F6407,観測値|F6407_新規学卒者所定内給与額（高校）（男）,千円,194.2,194.2
labour,働く人の環境（就業・求人・給与）,25000,滋賀県,pref,25,滋賀県,2020100000,2020年度,2020,00001|F6407,観測値|F6407_新規学卒者所定内給与額（高校）（男）,千円,182.4,182.4
labour,働く人の環境（就業・求人・給与）,25000,滋賀県,pref,25,滋賀県,2021100000,2021年度,2021,00001|F6407,観測値|F6407_新規学卒者所定内給与額（高校）（男）,千円,189.7,189.7
labour,働く人の環境（就業・求人・給与）,25000,滋賀県,pref,25,滋賀県,2022100000,2022年度,2022,00001|F6407,観測値|F6407_新規学卒者所定内給与額（高校）（男）,千円,181.2,181.2
labour,働く人の環境（就業・求人・給与）,25000,滋賀県,pref,25,滋賀県,2023100000,2023年度,2023,00001|F6407,観測値|F6407_新規学卒者所定内給与額（高校）（男）,千円,199.7,199.7
labour,働く人の環境（就業・求人・給与）,25000,滋賀県,pref,25,滋賀県,2024100000,2024年度,2024,00001|F6407,観測値|F6407_新規学卒者所定内給与額（高校）（男）,千円,202.9,202.9
labour,働く人の環境（就業・求人・給与）,26000,京都府,pref,26,京都府,2020100000,2020年度,2020,00001|F6407,観測値|F6407_新規学卒者所定内給与額（高校）（男）,千円,177.6,177.6
labour,働く人の環境（就業・求人・給与）,26000,京都府,pref,26,京都府,2021100000,2021年度,2021,00001|F6407,観測値|F6407_新規学卒者所定内給与額（高校）（男）,千円,188.8,188.8
labour,働く人の環境（就業・求人・給与）,26000,京都府,pref,26,京都府,2022100000,2022年度,2022,00001|F6407,観測値|F6407_新規学卒者所定内給与額（高校）（男）,千円,184.1,184.1
labour,働く人の環境（就業・求人・給与）,26000,京都府,pref,26,京都府,2023100000,2023年度,2023,00001|F6407,観測値|F6407_新規学卒者所定内給与額（高校）（男）,千円,201.6,201.6
labour,働く人の環境（就業・求人・給与）,26000,京都府,pref,26,京都府,2024100000,2024年度,2024,00001|F6407,観測値|F6407_新規学卒者所定内給与額（高校）（男）,千円,198.9,198.9
labour,働く人の環境（就業・求人・給与）,27000,大阪府,pref,27,大阪府,2020100000,2020年度,2020,00001|F6407,観測値|F6407_新規学卒者所定内給与額（高校）（男）,千円,189.6,189.6
labour,働く人の環境（就業・求人・給与）,27000,大阪府,pref,27,大阪府,2021100000,2021年度,2021,00001|F6407,観測値|F6407_新規学卒者所定内給与額（高校）（男）,千円,188.0,188.0
labour,働く人の環境（就業・求人・給与）,27000,大阪府,pref,27,大阪府,2022100000,2022年度,2022,00001|F6407,観測値|F6407_新規学卒者所定内給与額（高校）（男）,千円,187.8,187.8
labour,働く人の環境（就業・求人・給与）,27000,大阪府,pref,27,大阪府,2023100000,2023年度,2023,00001|F6407,観測値|F6407_新規学卒者所定内給与額（高校）（男）,千円,189.1,189.1
labour,働く人の環境（就業・求人・給与）,27000,大阪府,pref,27,大阪府,2024100000,2024年度,2024,00001|F6407,観測値|F6407_新規学卒者所定内給与額（高校）（男）,千円,213.9,213.9
labour,働く人の環境（就業・求人・給与）,28000,兵庫県,pref,28,兵庫県,2020100000,2020年度,2020,00001|F6407,観測値|F6407_新規学卒者所定内給与額（高校）（男）,千円,182.5,182.5
labour,働く人の環境（就業・求人・給与）,28000,兵庫県,pref,28,兵庫県,2021100000,2021年度,2021,00001|F6407,観測値|F6407_新規学卒者所定内給与額（高校）（男）,千円,184.4,184.4
labour,働く人の環境（就業・求人・給与）,28000,兵庫県,pref,28,兵庫県,2022100000,2022年度,2022,00001|F6407,観測値|F6407_新規学卒者所定内給与額（高校）（男）,千円,185.6,185.6
labour,働く人の環境（就業・求人・給与）,28000,兵庫県,pref,28,兵庫県,2023100000,2023年度,2023,00001|F6407,観測値|F6407_新規学卒者所定内給与額（高校）（男）,千円,192.4,192.4
labour,働く人の環境（就業・求人・給与）,28000,兵庫県,pref,28,兵庫県,2024100000,2024年度,2024,00001|F6407,観測値|F6407_新規学卒者所定内給与額（高校）（男）,千円,203.6,203.6
labour,働く人の環境（就業・求人・給与）,29000,奈良県,pref,29,奈良県,2020100000,2020年度,2020,00001|F6407,観測値|F6407_新規学卒者所定内給与額（高校）（男）,千円,175.0,175.0
labour,働く人の環境（就業・求人・給与）,29000,奈良県,pref,29,奈良県,2021100000,2021年度,2021,00001|F6407,観測値|F6407_新規学卒者所定内給与額（高校）（男）,千円,168.2,168.2
labour,働く人の環境（就業・求人・給与）,29000,奈良県,pref,29,奈良県,2022100000,2022年度,2022,00001|F6407,観測値|F6407_新規学卒者所定内給与額（高校）（男）,千円,191.2,191.2
labour,働く人の環境（就業・求人・給与）,29000,奈良県,pref,29,奈良県,2023100000,2023年度,2023,00001|F6407,観測値|F6407_新規学卒者所定内給与額（高校）（男）,千円,189.0,189.0
labour,働く人の環境（就業・求人・給与）,29000,奈良県,pref,29,奈良県,2024100000,2024年度,2024,00001|F6407,観測値|F6407_新規学卒者所定内給与額（高校）（男）,千円,188.0,188.0
labour,働く人の環境（就業・求人・給与）,30000,和歌山県,pref,30,和歌山県,2020100000,2020年度,2020,00001|F6407,観測値|F6407_新規学卒者所定内給与額（高校）（男）,千円,171.1,171.1
labour,働く人の環境（就業・求人・給与）,30000,和歌山県,pref,30,和歌山県,2021100000,2021年度,2021,00001|F6407,観測値|F6407_新規学卒者所定内給与額（高校）（男）,千円,176.9,176.9
labour,働く人の環境（就業・求人・給与）,30000,和歌山県,pref,30,和歌山県,2022100000,2022年度,2022,00001|F6407,観測値|F6407_新規学卒者所定内給与額（高校）（男）,千円,174.2,174.2
labour,働く人の環境（就業・求人・給与）,30000,和歌山県,pref,30,和歌山県,2023100000,2023年度,2023,00001|F6407,観測値|F6407_新規学卒者所定内給与額（高校）（男）,千円,179.3,179.3
labour,働く人の環境（就業・求人・給与）,30000,和歌山県,pref,30,和歌山県,2024100000,2024年度,2024,00001|F6407,観測値|F6407_新規学卒者所定内給与額（高校）（男）,千円,207.4,207.4
labour,働く人の環境（就業・求人・給与）,31000,鳥取県,pref,31,鳥取県,2020100000,2020年度,2020,00001|F6407,観測値|F6407_新規学卒者所定内給与額（高校）（男）,千円,180.5,180.5
labour,働く人の環境（就業・求人・給与）,31000,鳥取県,pref,31,鳥取県,2021100000,2021年度,2021,00001|F6407,観測値|F6407_新規学卒者所定内給与額（高校）（男）,千円,172.4,172.4
labour,働く人の環境（就業・求人・給与）,31000,鳥取県,pref,31,鳥取県,2022100000,2022年度,2022,00001|F6407,観測値|F6407_新規学卒者所定内給与額（高校）（男）,千円,172.0,172.0
labour,働く人の環境（就業・求人・給与）,31000,鳥取県,pref,31,鳥取県,2023100000,2023年度,2023,00001|F6407,観測値|F6407_新規学卒者所定内給与額（高校）（男）,千円,176.3,176.3
labour,働く人の環境（就業・求人・給与）,31000,鳥取県,pref,31,鳥取県,2024100000,2024年度,2024,00001|F6407,観測値|F6407_新規学卒者所定内給与額（高校）（男）,千円,176.2,176.2
labour,働く人の環境（就業・求人・給与）,32000,島根県,pref,32,島根県,2020100000,2020年度,2020,00001|F6407,観測値|F6407_新規学卒者所定内給与額（高校）（男）,千円,171.0,171.0
labour,働く人の環境（就業・求人・給与）,32000,島根県,pref,32,島根県,2021100000,2021年度,2021,00001|F6407,観測値|F6407_新規学卒者所定内給与額（高校）（男）,千円,169.1,169.1
labour,働く人の環境（就業・求人・給与）,32000,島根県,pref,32,島根県,2022100000,2022年度,2022,00001|F6407,観測値|F6407_新規学卒者所定内給与額（高校）（男）,千円,176.0,176.0
labour,働く人の環境（就業・求人・給与）,32000,島根県,pref,32,島根県,2023100000,2023年度,2023,00001|F6407,観測値|F6407_新規学卒者所定内給与額（高校）（男）,千円,174.8,174.8
labour,働く人の環境（就業・求人・給与）,32000,島根県,pref,32,島根県,2024100000,2024年度,2024,00001|F6407,観測値|F6407_新規学卒者所定内給与額（高校）（男）,千円,187.7,187.7
labour,働く人の環境（就業・求人・給与）,33000,岡山県,pref,33,岡山県,2020100000,2020年度,2020,00001|F6407,観測値|F6407_新規学卒者所定内給与額（高校）（男）,千円,176.1,176.1
labour,働く人の環境（就業・求人・給与）,33000,岡山県,pref,33,岡山県,2021100000,2021年度,2021,00001|F6407,観測値|F6407_新規学卒者所定内給与額（高校）（男）,千円,175.0,175.0
labour,働く人の環境（就業・求人・給与）,33000,岡山県,pref,33,岡山県,2022100000,2022年度,2022,00001|F6407,観測値|F6407_新規学卒者所定内給与額（高校）（男）,千円,185.1,185.1
labour,働く人の環境（就業・求人・給与）,33000,岡山県,pref,33,岡山県,2023100000,2023年度,2023,00001|F6407,観測値|F6407_新規学卒者所定内給与額（高校）（男）,千円,185.6,185.6
labour,働く人の環境（就業・求人・給与）,33000,岡山県,pref,33,岡山県,2024100000,2024年度,2024,00001|F6407,観測値|F6407_新規学卒者所定内給与額（高校）（男）,千円,195.2,195.2
labour,働く人の環境（就業・求人・給与）,34000,広島県,pref,34,広島県,2020100000,2020年度,2020,00001|F6407,観測値|F6407_新規学卒者所定内給与額（高校）（男）,千円,177.1,177.1
labour,働く人の環境（就業・求人・給与）,34000,広島県,pref,34,広島県,2021100000,2021年度,2021,00001|F6407,観測値|F6407_新規学卒者所定内給与額（高校）（男）,千円,176.8,176.8
labour,働く人の環境（就業・求人・給与）,34000,広島県,pref,34,広島県,2022100000,2022年度,2022,00001|F6407,観測値|F6407_新規学卒者所定内給与額（高校）（男）,千円,179.4,179.4
labour,働く人の環境（就業・求人・給与）,34000,広島県,pref,34,広島県,2023100000,2023年度,2023,00001|F6407,観測値|F6407_新規学卒者所定内給与額（高校）（男）,千円,199.1,199.1
labour,働く人の環境（就業・求人・給与）,34000,広島県,pref,34,広島県,2024100000,2024年度,2024,00001|F6407,観測値|F6407_新規学卒者所定内給与額（高校）（男）,千円,194.2,194.2
labour,働く人の環境（就業・求人・給与）,35000,山口県,pref,35,山口県,2020100000,2020年度,2020,00001|F6407,観測値|F6407_新規学卒者所定内給与額（高校）（男）,千円,178.6,178.6
labour,働く人の環境（就業・求人・給与）,35000,山口県,pref,35,山口県,2021100000,2021年度,2021,00001|F6407,観測値|F6407_新規学卒者所定内給与額（高校）（男）,千円,176.3,176.3
labour,働く人の環境（就業・求人・給与）,35000,山口県,pref,35,山口県,2022100000,2022年度,2022,00001|F6407,観測値|F6407_新規学卒者所定内給与額（高校）（男）,千円,182.0,182.0
labour,働く人の環境（就業・求人・給与）,35000,山口県,pref,35,山口県,2023100000,2023年度,2023,00001|F6407,観測値|F6407_新規学卒者所定内給与額（高校）（男）,千円,187.6,187.6
labour,働く人の環境（就業・求人・給与）,35000,山口県,pref,35,山口県,2024100000,2024年度,2024,00001|F6407,観測値|F6407_新規学卒者所定内給与額（高校）（男）,千円,200.6,200.6
labour,働く人の環境（就業・求人・給与）,36000,徳島県,pref,36,徳島県,2020100000,2020年度,2020,00001|F6407,観測値|F6407_新規学卒者所定内給与額（高校）（男）,千円,182.7,182.7
labour,働く人の環境（就業・求人・給与）,36000,徳島県,pref,36,徳島県,2021100000,2021年度,2021,00001|F6407,観測値|F6407_新規学卒者所定内給与額（高校）（男）,千円,174.7,174.7
labour,働く人の環境（就業・求人・給与）,36000,徳島県,pref,36,徳島県,2022100000,2022年度,2022,00001|F6407,観測値|F6407_新規学卒者所定内給与額（高校）（男）,千円,179.6,179.6
labour,働く人の環境（就業・求人・給与）,36000,徳島県,pref,36,徳島県,2023100000,2023年度,2023,00001|F6407,観測値|F6407_新規学卒者所定内給与額（高校）（男）,千円,183.4,183.4
labour,働く人の環境（就業・求人・給与）,36000,徳島県,pref,36,徳島県,2024100000,2024年度,2024,00001|F6407,観測値|F6407_新規学卒者所定内給与額（高校）（男）,千円,195.8,195.8
labour,働く人の環境（就業・求人・給与）,37000,香川県,pref,37,香川県,2020100000,2020年度,2020,00001|F6407,観測値|F6407_新規学卒者所定内給与額（高校）（男）,千円,176.9,176.9
labour,働く人の環境（就業・求人・給与）,37000,香川県,pref,37,香川県,2021100000,2021年度,2021,00001|F6407,観測値|F6407_新規学卒者所定内給与額（高校）（男）,千円,178.5,178.5
labour,働く人の環境（就業・求人・給与）,37000,香川県,pref,37,香川県,2022100000,2022年度,2022,00001|F6407,観測値|F6407_新規学卒者所定内給与額（高校）（男）,千円,181.9,181.9
labour,働く人の環境（就業・求人・給与）,37000,香川県,pref,37,香川県,2023100000,2023年度,2023,00001|F6407,観測値|F6407_新規学卒者所定内給与額（高校）（男）,千円,184.1,184.1
labour,働く人の環境（就業・求人・給与）,37000,香川県,pref,37,香川県,2024100000,2024年度,2024,00001|F6407,観測値|F6407_新規学卒者所定内給与額（高校）（男）,千円,212.1,212.1
labour,働く人の環境（就業・求人・給与）,38000,愛媛県,pref,38,愛媛県,2020100000,2020年度,2020,00001|F6407,観測値|F6407_新規学卒者所定内給与額（高校）（男）,千円,170.6,170.6
labour,働く人の環境（就業・求人・給与）,38000,愛媛県,pref,38,愛媛県,2021100000,2021年度,2021,00001|F6407,観測値|F6407_新規学卒者所定内給与額（高校）（男）,千円,178.8,178.8
labour,働く人の環境（就業・求人・給与）,38000,愛媛県,pref,38,愛媛県,2022100000,2022年度,2022,00001|F6407,観測値|F6407_新規学卒者所定内給与額（高校）（男）,千円,182.5,182.5
labour,働く人の環境（就業・求人・給与）,38000,愛媛県,pref,38,愛媛県,2023100000,2023年度,2023,00001|F6407,観測値|F6407_新規学卒者所定内給与額（高校）（男）,千円,184.5,184.5
labour,働く人の環境（就業・求人・給与）,38000,愛媛県,pref,38,愛媛県,2024100000,2024年度,2024,00001|F6407,観測値|F6407_新規学卒者所定内給与額（高校）（男）,千円,186.8,186.8
labour,働く人の環境（就業・求人・給与）,39000,高知県,pref,39,高知県,2020100000,2020年度,2020,00001|F6407,観測値|F6407_新規学卒者所定内給与額（高校）（男）,千円,167.9,167.9
labour,働く人の環境（就業・求人・給与）,39000,高知県,pref,39,高知県,2021100000,2021年度,2021,00001|F6407,観測値|F6407_新規学卒者所定内給与額（高校）（男）,千円,168.4,168.4
labour,働く人の環境（就業・求人・給与）,39000,高知県,pref,39,高知県,2022100000,2022年度,2022,00001|F6407,観測値|F6407_新規学卒者所定内給与額（高校）（男）,千円,167.5,167.5
labour,働く人の環境（就業・求人・給与）,39000,高知県,pref,39,高知県,2023100000,2023年度,2023,00001|F6407,観測値|F6407_新規学卒者所定内給与額（高校）（男）,千円,175.3,175.3
labour,働く人の環境（就業・求人・給与）,39000,高知県,pref,39,高知県,2024100000,2024年度,2024,00001|F6407,観測値|F6407_新規学卒者所定内給与額（高校）（男）,千円,189.3,189.3
labour,働く人の環境（就業・求人・給与）,40000,福岡県,pref,40,福岡県,2020100000,2020年度,2020,00001|F6407,観測値|F6407_新規学卒者所定内給与額（高校）（男）,千円,179.6,179.6
labour,働く人の環境（就業・求人・給与）,40000,福岡県,pref,40,福岡県,2021100000,2021年度,2021,00001|F6407,観測値|F6407_新規学卒者所定内給与額（高校）（男）,千円,182.9,182.9
labour,働く人の環境（就業・求人・給与）,40000,福岡県,pref,40,福岡県,2022100000,2022年度,2022,00001|F6407,観測値|F6407_新規学卒者所定内給与額（高校）（男）,千円,184.3,184.3
labour,働く人の環境（就業・求人・給与）,40000,福岡県,pref,40,福岡県,2023100000,2023年度,2023,00001|F6407,観測値|F6407_新規学卒者所定内給与額（高校）（男）,千円,190.4,190.4
labour,働く人の環境（就業・求人・給与）,40000,福岡県,pref,40,福岡県,2024100000,2024年度,2024,00001|F6407,観測値|F6407_新規学卒者所定内給与額（高校）（男）,千円,192.3,192.3
labour,働く人の環境（就業・求人・給与）,41000,佐賀県,pref,41,佐賀県,2020100000,2020年度,2020,00001|F6407,観測値|F6407_新規学卒者所定内給与額（高校）（男）,千円,184.0,184.0
labour,働く人の環境（就業・求人・給与）,41000,佐賀県,pref,41,佐賀県,2021100000,2021年度,2021,00001|F6407,観測値|F6407_新規学卒者所定内給与額（高校）（男）,千円,166.7,166.7
labour,働く人の環境（就業・求人・給与）,41000,佐賀県,pref,41,佐賀県,2022100000,2022年度,2022,00001|F6407,観測値|F6407_新規学卒者所定内給与額（高校）（男）,千円,175.2,175.2
labour,働く人の環境（就業・求人・給与）,41000,佐賀県,pref,41,佐賀県,2023100000,2023年度,2023,00001|F6407,観測値|F6407_新規学卒者所定内給与額（高校）（男）,千円,180.6,180.6
labour,働く人の環境（就業・求人・給与）,41000,佐賀県,pref,41,佐賀県,2024100000,2024年度,2024,00001|F6407,観測値|F6407_新規学卒者所定内給与額（高校）（男）,千円,192.5,192.5
labour,働く人の環境（就業・求人・給与）,42000,長崎県,pref,42,長崎県,2020100000,2020年度,2020,00001|F6407,観測値|F6407_新規学卒者所定内給与額（高校）（男）,千円,167.7,167.7
labour,働く人の環境（就業・求人・給与）,42000,長崎県,pref,42,長崎県,2021100000,2021年度,2021,00001|F6407,観測値|F6407_新規学卒者所定内給与額（高校）（男）,千円,171.8,171.8
labour,働く人の環境（就業・求人・給与）,42000,長崎県,pref,42,長崎県,2022100000,2022年度,2022,00001|F6407,観測値|F6407_新規学卒者所定内給与額（高校）（男）,千円,179.1,179.1
labour,働く人の環境（就業・求人・給与）,42000,長崎県,pref,42,長崎県,2023100000,2023年度,2023,00001|F6407,観測値|F6407_新規学卒者所定内給与額（高校）（男）,千円,173.3,173.3
labour,働く人の環境（就業・求人・給与）,42000,長崎県,pref,42,長崎県,2024100000,2024年度,2024,00001|F6407,観測値|F6407_新規学卒者所定内給与額（高校）（男）,千円,185.6,185.6
labour,働く人の環境（就業・求人・給与）,43000,熊本県,pref,43,熊本県,2020100000,2020年度,2020,00001|F6407,観測値|F6407_新規学卒者所定内給与額（高校）（男）,千円,174.2,174.2
labour,働く人の環境（就業・求人・給与）,43000,熊本県,pref,43,熊本県,2021100000,2021年度,2021,00001|F6407,観測値|F6407_新規学卒者所定内給与額（高校）（男）,千円,167.5,167.5
labour,働く人の環境（就業・求人・給与）,43000,熊本県,pref,43,熊本県,2022100000,2022年度,2022,00001|F6407,観測値|F6407_新規学卒者所定内給与額（高校）（男）,千円,174.1,174.1
labour,働く人の環境（就業・求人・給与）,43000,熊本県,pref,43,熊本県,2023100000,2023年度,2023,00001|F6407,観測値|F6407_新規学卒者所定内給与額（高校）（男）,千円,177.2,177.2
labour,働く人の環境（就業・求人・給与）,43000,熊本県,pref,43,熊本県,2024100000,2024年度,2024,00001|F6407,観測値|F6407_新規学卒者所定内給与額（高校）（男）,千円,190.8,190.8
labour,働く人の環境（就業・求人・給与）,44000,大分県,pref,44,大分県,2020100000,2020年度,2020,00001|F6407,観測値|F6407_新規学卒者所定内給与額（高校）（男）,千円,168.0,168.0
labour,働く人の環境（就業・求人・給与）,44000,大分県,pref,44,大分県,2021100000,2021年度,2021,00001|F6407,観測値|F6407_新規学卒者所定内給与額（高校）（男）,千円,185.3,185.3
labour,働く人の環境（就業・求人・給与）,44000,大分県,pref,44,大分県,2022100000,2022年度,2022,00001|F6407,観測値|F6407_新規学卒者所定内給与額（高校）（男）,千円,178.2,178.2
labour,働く人の環境（就業・求人・給与）,44000,大分県,pref,44,大分県,2023100000,2023年度,2023,00001|F6407,観測値|F6407_新規学卒者所定内給与額（高校）（男）,千円,190.4,190.4
labour,働く人の環境（就業・求人・給与）,44000,大分県,pref,44,大分県,2024100000,2024年度,2024,00001|F6407,観測値|F6407_新規学卒者所定内給与額（高校）（男）,千円,200.9,200.9
labour,働く人の環境（就業・求人・給与）,45000,宮崎県,pref,45,宮崎県,2020100000,2020年度,2020,00001|F6407,観測値|F6407_新規学卒者所定内給与額（高校）（男）,千円,166.7,166.7
labour,働く人の環境（就業・求人・給与）,45000,宮崎県,pref,45,宮崎県,2021100000,2021年度,2021,00001|F6407,観測値|F6407_新規学卒者所定内給与額（高校）（男）,千円,166.5,166.5
labour,働く人の環境（就業・求人・給与）,45000,宮崎県,pref,45,宮崎県,2022100000,2022年度,2022,00001|F6407,観測値|F6407_新規学卒者所定内給与額（高校）（男）,千円,189.3,189.3
labour,働く人の環境（就業・求人・給与）,45000,宮崎県,pref,45,宮崎県,2023100000,2023年度,2023,00001|F6407,観測値|F6407_新規学卒者所定内給与額（高校）（男）,千円,178.7,178.7
labour,働く人の環境（就業・求人・給与）,45000,宮崎県,pref,45,宮崎県,2024100000,2024年度,2024,00001|F6407,観測値|F6407_新規学卒者所定内給与額（高校）（男）,千円,187.5,187.5
labour,働く人の環境（就業・求人・給与）,46000,鹿児島県,pref,46,鹿児島県,2020100000,2020年度,2020,00001|F6407,観測値|F6407_新規学卒者所定内給与額（高校）（男）,千円,159.4,159.4
labour,働く人の環境（就業・求人・給与）,46000,鹿児島県,pref,46,鹿児島県,2021100000,2021年度,2021,00001|F6407,観測値|F6407_新規学卒者所定内給与額（高校）（男）,千円,171.1,171.1
labour,働く人の環境（就業・求人・給与）,46000,鹿児島県,pref,46,鹿児島県,2022100000,2022年度,2022,00001|F6407,観測値|F6407_新規学卒者所定内給与額（高校）（男）,千円,169.7,169.7
labour,働く人の環境（就業・求人・給与）,46000,鹿児島県,pref,46,鹿児島県,2023100000,2023年度,2023,00001|F6407,観測値|F6407_新規学卒者所定内給与額（高校）（男）,千円,181.8,181.8
labour,働く人の環境（就業・求人・給与）,46000,鹿児島県,pref,46,鹿児島県,2024100000,2024年度,2024,00001|F6407,観測値|F6407_新規学卒者所定内給与額（高校）（男）,千円,193.1,193.1
labour,働く人の環境（就業・求人・給与）,47000,沖縄県,pref,47,沖縄県,2020100000,2020年度,2020,00001|F6407,観測値|F6407_新規学卒者所定内給与額（高校）（男）,千円,167.1,167.1
labour,働く人の環境（就業・求人・給与）,47000,沖縄県,pref,47,沖縄県,2021100000,2021年度,2021,00001|F6407,観測値|F6407_新規学卒者所定内給与額（高校）（男）,千円,167.9,167.9
labour,働く人の環境（就業・求人・給与）,47000,沖縄県,pref,47,沖縄県,2022100000,2022年度,2022,00001|F6407,観測値|F6407_新規学卒者所定内給与額（高校）（男）,千円,185.0,185.0
labour,働く人の環境（就業・求人・給与）,47000,沖縄県,pref,47,沖縄県,2023100000,2023年度,2023,00001|F6407,観測値|F6407_新規学卒者所定内給与額（高校）（男）,千円,160.0,160.0
labour,働く人の環境（就業・求人・給与）,47000,沖縄県,pref,47,沖縄県,2024100000,2024年度,2024,00001|F6407,観測値|F6407_新規学卒者所定内給与額（高校）（男）,千円,170.0,170.0
labour,働く人の環境（就業・求人・給与）,00000,全国,national,,,2020100000,2020年度,2020,00001|F6408,観測値|F6408_新規学卒者所定内給与額（高校）（女）,千円,174.6,174.6
labour,働く人の環境（就業・求人・給与）,00000,全国,national,,,2021100000,2021年度,2021,00001|F6408,観測値|F6408_新規学卒者所定内給与額（高校）（女）,千円,176.3,176.3
labour,働く人の環境（就業・求人・給与）,00000,全国,national,,,2022100000,2022年度,2022,00001|F6408,観測値|F6408_新規学卒者所定内給与額（高校）（女）,千円,177.6,177.6
labour,働く人の環境（就業・求人・給与）,00000,全国,national,,,2023100000,2023年度,2023,00001|F6408,観測値|F6408_新規学卒者所定内給与額（高校）（女）,千円,183.2,183.2
labour,働く人の環境（就業・求人・給与）,00000,全国,national,,,2024100000,2024年度,2024,00001|F6408,観測値|F6408_新規学卒者所定内給与額（高校）（女）,千円,191.7,191.7
labour,働く人の環境（就業・求人・給与）,01000,北海道,pref,01,北海道,2020100000,2020年度,2020,00001|F6408,観測値|F6408_新規学卒者所定内給与額（高校）（女）,千円,165.0,165.0
labour,働く人の環境（就業・求人・給与）,01000,北海道,pref,01,北海道,2021100000,2021年度,2021,00001|F6408,観測値|F6408_新規学卒者所定内給与額（高校）（女）,千円,168.4,168.4
labour,働く人の環境（就業・求人・給与）,01000,北海道,pref,01,北海道,2022100000,2022年度,2022,00001|F6408,観測値|F6408_新規学卒者所定内給与額（高校）（女）,千円,167.6,167.6
labour,働く人の環境（就業・求人・給与）,01000,北海道,pref,01,北海道,2023100000,2023年度,2023,00001|F6408,観測値|F6408_新規学卒者所定内給与額（高校）（女）,千円,171.7,171.7
labour,働く人の環境（就業・求人・給与）,01000,北海道,pref,01,北海道,2024100000,2024年度,2024,00001|F6408,観測値|F6408_新規学卒者所定内給与額（高校）（女）,千円,186.2,186.2
labour,働く人の環境（就業・求人・給与）,02000,青森県,pref,02,青森県,2020100000,2020年度,2020,00001|F6408,観測値|F6408_新規学卒者所定内給与額（高校）（女）,千円,161.8,161.8
labour,働く人の環境（就業・求人・給与）,02000,青森県,pref,02,青森県,2021100000,2021年度,2021,00001|F6408,観測値|F6408_新規学卒者所定内給与額（高校）（女）,千円,163.2,163.2
labour,働く人の環境（就業・求人・給与）,02000,青森県,pref,02,青森県,2022100000,2022年度,2022,00001|F6408,観測値|F6408_新規学卒者所定内給与額（高校）（女）,千円,162.7,162.7
labour,働く人の環境（就業・求人・給与）,02000,青森県,pref,02,青森県,2023100000,2023年度,2023,00001|F6408,観測値|F6408_新規学卒者所定内給与額（高校）（女）,千円,164.7,164.7
labour,働く人の環境（就業・求人・給与）,02000,青森県,pref,02,青森県,2024100000,2024年度,2024,00001|F6408,観測値|F6408_新規学卒者所定内給与額（高校）（女）,千円,173.2,173.2
labour,働く人の環境（就業・求人・給与）,03000,岩手県,pref,03,岩手県,2020100000,2020年度,2020,00001|F6408,観測値|F6408_新規学卒者所定内給与額（高校）（女）,千円,163.7,163.7
labour,働く人の環境（就業・求人・給与）,03000,岩手県,pref,03,岩手県,2021100000,2021年度,2021,00001|F6408,観測値|F6408_新規学卒者所定内給与額（高校）（女）,千円,168.4,168.4
labour,働く人の環境（就業・求人・給与）,03000,岩手県,pref,03,岩手県,2022100000,2022年度,2022,00001|F6408,観測値|F6408_新規学卒者所定内給与額（高校）（女）,千円,173.9,173.9
labour,働く人の環境（就業・求人・給与）,03000,岩手県,pref,03,岩手県,2023100000,2023年度,2023,00001|F6408,観測値|F6408_新規学卒者所定内給与額（高校）（女）,千円,178.0,178.0
labour,働く人の環境（就業・求人・給与）,03000,岩手県,pref,03,岩手県,2024100000,2024年度,2024,00001|F6408,観測値|F6408_新規学卒者所定内給与額（高校）（女）,千円,174.4,174.4
labour,働く人の環境（就業・求人・給与）,04000,宮城県,pref,04,宮城県,2020100000,2020年度,2020,00001|F6408,観測値|F6408_新規学卒者所定内給与額（高校）（女）,千円,173.1,173.1
labour,働く人の環境（就業・求人・給与）,04000,宮城県,pref,04,宮城県,2021100000,2021年度,2021,00001|F6408,観測値|F6408_新規学卒者所定内給与額（高校）（女）,千円,169.4,169.4
labour,働く人の環境（就業・求人・給与）,04000,宮城県,pref,04,宮城県,2022100000,2022年度,2022,00001|F6408,観測値|F6408_新規学卒者所定内給与額（高校）（女）,千円,169.5,169.5
labour,働く人の環境（就業・求人・給与）,04000,宮城県,pref,04,宮城県,2023100000,2023年度,2023,00001|F6408,観測値|F6408_新規学卒者所定内給与額（高校）（女）,千円,178.9,178.9
labour,働く人の環境（就業・求人・給与）,04000,宮城県,pref,04,宮城県,2024100000,2024年度,2024,00001|F6408,観測値|F6408_新規学卒者所定内給与額（高校）（女）,千円,173.7,173.7
labour,働く人の環境（就業・求人・給与）,05000,秋田県,pref,05,秋田県,2020100000,2020年度,2020,00001|F6408,観測値|F6408_新規学卒者所定内給与額（高校）（女）,千円,158.5,158.5
labour,働く人の環境（就業・求人・給与）,05000,秋田県,pref,05,秋田県,2021100000,2021年度,2021,00001|F6408,観測値|F6408_新規学卒者所定内給与額（高校）（女）,千円,163.2,163.2
labour,働く人の環境（就業・求人・給与）,05000,秋田県,pref,05,秋田県,2022100000,2022年度,2022,00001|F6408,観測値|F6408_新規学卒者所定内給与額（高校）（女）,千円,172.7,172.7
labour,働く人の環境（就業・求人・給与）,05000,秋田県,pref,05,秋田県,2023100000,2023年度,2023,00001|F6408,観測値|F6408_新規学卒者所定内給与額（高校）（女）,千円,161.8,161.8
labour,働く人の環境（就業・求人・給与）,05000,秋田県,pref,05,秋田県,2024100000,2024年度,2024,00001|F6408,観測値|F6408_新規学卒者所定内給与額（高校）（女）,千円,174.1,174.1
labour,働く人の環境（就業・求人・給与）,06000,山形県,pref,06,山形県,2020100000,2020年度,2020,00001|F6408,観測値|F6408_新規学卒者所定内給与額（高校）（女）,千円,158.7,158.7
labour,働く人の環境（就業・求人・給与）,06000,山形県,pref,06,山形県,2021100000,2021年度,2021,00001|F6408,観測値|F6408_新規学卒者所定内給与額（高校）（女）,千円,162.7,162.7
labour,働く人の環境（就業・求人・給与）,06000,山形県,pref,06,山形県,2022100000,2022年度,2022,00001|F6408,観測値|F6408_新規学卒者所定内給与額（高校）（女）,千円,164.5,164.5
labour,働く人の環境（就業・求人・給与）,06000,山形県,pref,06,山形県,2023100000,2023年度,2023,00001|F6408,観測値|F6408_新規学卒者所定内給与額（高校）（女）,千円,176.1,176.1
labour,働く人の環境（就業・求人・給与）,06000,山形県,pref,06,山形県,2024100000,2024年度,2024,00001|F6408,観測値|F6408_新規学卒者所定内給与額（高校）（女）,千円,173.3,173.3
labour,働く人の環境（就業・求人・給与）,07000,福島県,pref,07,福島県,2020100000,2020年度,2020,00001|F6408,観測値|F6408_新規学卒者所定内給与額（高校）（女）,千円,169.1,169.1
labour,働く人の環境（就業・求人・給与）,07000,福島県,pref,07,福島県,2021100000,2021年度,2021,00001|F6408,観測値|F6408_新規学卒者所定内給与額（高校）（女）,千円,164.8,164.8
labour,働く人の環境（就業・求人・給与）,07000,福島県,pref,07,福島県,2022100000,2022年度,2022,00001|F6408,観測値|F6408_新規学卒者所定内給与額（高校）（女）,千円,160.1,160.1
labour,働く人の環境（就業・求人・給与）,07000,福島県,pref,07,福島県,2023100000,2023年度,2023,00001|F6408,観測値|F6408_新規学卒者所定内給与額（高校）（女）,千円,183.3,183.3
labour,働く人の環境（就業・求人・給与）,07000,福島県,pref,07,福島県,2024100000,2024年度,2024,00001|F6408,観測値|F6408_新規学卒者所定内給与額（高校）（女）,千円,177.0,177.0
labour,働く人の環境（就業・求人・給与）,08000,茨城県,pref,08,茨城県,2020100000,2020年度,2020,00001|F6408,観測値|F6408_新規学卒者所定内給与額（高校）（女）,千円,169.8,169.8
labour,働く人の環境（就業・求人・給与）,08000,茨城県,pref,08,茨城県,2021100000,2021年度,2021,00001|F6408,観測値|F6408_新規学卒者所定内給与額（高校）（女）,千円,174.2,174.2
labour,働く人の環境（就業・求人・給与）,08000,茨城県,pref,08,茨城県,2022100000,2022年度,2022,00001|F6408,観測値|F6408_新規学卒者所定内給与額（高校）（女）,千円,179.1,179.1
labour,働く人の環境（就業・求人・給与）,08000,茨城県,pref,08,茨城県,2023100000,2023年度,2023,00001|F6408,観測値|F6408_新規学卒者所定内給与額（高校）（女）,千円,178.8,178.8
labour,働く人の環境（就業・求人・給与）,08000,茨城県,pref,08,茨城県,2024100000,2024年度,2024,00001|F6408,観測値|F6408_新規学卒者所定内給与額（高校）（女）,千円,192.8,192.8
labour,働く人の環境（就業・求人・給与）,09000,栃木県,pref,09,栃木県,2020100000,2020年度,2020,00001|F6408,観測値|F6408_新規学卒者所定内給与額（高校）（女）,千円,170.6,170.6
labour,働く人の環境（就業・求人・給与）,09000,栃木県,pref,09,栃木県,2021100000,2021年度,2021,00001|F6408,観測値|F6408_新規学卒者所定内給与額（高校）（女）,千円,169.1,169.1
labour,働く人の環境（就業・求人・給与）,09000,栃木県,pref,09,栃木県,2022100000,2022年度,2022,00001|F6408,観測値|F6408_新規学卒者所定内給与額（高校）（女）,千円,181.6,181.6
labour,働く人の環境（就業・求人・給与）,09000,栃木県,pref,09,栃木県,2023100000,2023年度,2023,00001|F6408,観測値|F6408_新規学卒者所定内給与額（高校）（女）,千円,178.4,178.4
labour,働く人の環境（就業・求人・給与）,09000,栃木県,pref,09,栃木県,2024100000,2024年度,2024,00001|F6408,観測値|F6408_新規学卒者所定内給与額（高校）（女）,千円,192.9,192.9
labour,働く人の環境（就業・求人・給与）,10000,群馬県,pref,10,群馬県,2020100000,2020年度,2020,00001|F6408,観測値|F6408_新規学卒者所定内給与額（高校）（女）,千円,177.2,177.2
labour,働く人の環境（就業・求人・給与）,10000,群馬県,pref,10,群馬県,2021100000,2021年度,2021,00001|F6408,観測値|F6408_新規学卒者所定内給与額（高校）（女）,千円,172.3,172.3
labour,働く人の環境（就業・求人・給与）,10000,群馬県,pref,10,群馬県,2022100000,2022年度,2022,00001|F6408,観測値|F6408_新規学卒者所定内給与額（高校）（女）,千円,173.0,173.0
labour,働く人の環境（就業・求人・給与）,10000,群馬県,pref,10,群馬県,2023100000,2023年度,2023,00001|F6408,観測値|F6408_新規学卒者所定内給与額（高校）（女）,千円,179.4,179.4
labour,働く人の環境（就業・求人・給与）,10000,群馬県,pref,10,群馬県,2024100000,2024年度,2024,00001|F6408,観測値|F6408_新規学卒者所定内給与額（高校）（女）,千円,194.3,194.3
labour,働く人の環境（就業・求人・給与）,11000,埼玉県,pref,11,埼玉県,2020100000,2020年度,2020,00001|F6408,観測値|F6408_新規学卒者所定内給与額（高校）（女）,千円,189.6,189.6
labour,働く人の環境（就業・求人・給与）,11000,埼玉県,pref,11,埼玉県,2021100000,2021年度,2021,00001|F6408,観測値|F6408_新規学卒者所定内給与額（高校）（女）,千円,176.5,176.5
labour,働く人の環境（就業・求人・給与）,11000,埼玉県,pref,11,埼玉県,2022100000,2022年度,2022,00001|F6408,観測値|F6408_新規学卒者所定内給与額（高校）（女）,千円,187.3,187.3
labour,働く人の環境（就業・求人・給与）,11000,埼玉県,pref,11,埼玉県,2023100000,2023年度,2023,00001|F6408,観測値|F6408_新規学卒者所定内給与額（高校）（女）,千円,196.3,196.3
labour,働く人の環境（就業・求人・給与）,11000,埼玉県,pref,11,埼玉県,2024100000,2024年度,2024,00001|F6408,観測値|F6408_新規学卒者所定内給与額（高校）（女）,千円,206.6,206.6
labour,働く人の環境（就業・求人・給与）,12000,千葉県,pref,12,千葉県,2020100000,2020年度,2020,00001|F6408,観測値|F6408_新規学卒者所定内給与額（高校）（女）,千円,183.3,183.3
labour,働く人の環境（就業・求人・給与）,12000,千葉県,pref,12,千葉県,2021100000,2021年度,2021,00001|F6408,観測値|F6408_新規学卒者所定内給与額（高校）（女）,千円,184.5,184.5
labour,働く人の環境（就業・求人・給与）,12000,千葉県,pref,12,千葉県,2022100000,2022年度,2022,00001|F6408,観測値|F6408_新規学卒者所定内給与額（高校）（女）,千円,191.2,191.2
labour,働く人の環境（就業・求人・給与）,12000,千葉県,pref,12,千葉県,2023100000,2023年度,2023,00001|F6408,観測値|F6408_新規学卒者所定内給与額（高校）（女）,千円,190.5,190.5
labour,働く人の環境（就業・求人・給与）,12000,千葉県,pref,12,千葉県,2024100000,2024年度,2024,00001|F6408,観測値|F6408_新規学卒者所定内給与額（高校）（女）,千円,185.9,185.9
labour,働く人の環境（就業・求人・給与）,13000,東京都,pref,13,東京都,2020100000,2020年度,2020,00001|F6408,観測値|F6408_新規学卒者所定内給与額（高校）（女）,千円,186.7,186.7
labour,働く人の環境（就業・求人・給与）,13000,東京都,pref,13,東京都,2021100000,2021年度,2021,00001|F6408,観測値|F6408_新規学卒者所定内給与額（高校）（女）,千円,211.7,211.7
labour,働く人の環境（就業・求人・給与）,13000,東京都,pref,13,東京都,2022100000,2022年度,2022,00001|F6408,観測値|F6408_新規学卒者所定内給与額（高校）（女）,千円,202.1,202.1
labour,働く人の環境（就業・求人・給与）,13000,東京都,pref,13,東京都,2023100000,2023年度,2023,00001|F6408,観測値|F6408_新規学卒者所定内給与額（高校）（女）,千円,181.7,181.7
labour,働く人の環境（就業・求人・給与）,13000,東京都,pref,13,東京都,2024100000,2024年度,2024,00001|F6408,観測値|F6408_新規学卒者所定内給与額（高校）（女）,千円,206.6,206.6
labour,働く人の環境（就業・求人・給与）,14000,神奈川県,pref,14,神奈川県,2020100000,2020年度,2020,00001|F6408,観測値|F6408_新規学卒者所定内給与額（高校）（女）,千円,181.2,181.2
labour,働く人の環境（就業・求人・給与）,14000,神奈川県,pref,14,神奈川県,2021100000,2021年度,2021,00001|F6408,観測値|F6408_新規学卒者所定内給与額（高校）（女）,千円,191.0,191.0
labour,働く人の環境（就業・求人・給与）,14000,神奈川県,pref,14,神奈川県,2022100000,2022年度,2022,00001|F6408,観測値|F6408_新規学卒者所定内給与額（高校）（女）,千円,202.6,202.6
labour,働く人の環境（就業・求人・給与）,14000,神奈川県,pref,14,神奈川県,2023100000,2023年度,2023,00001|F6408,観測値|F6408_新規学卒者所定内給与額（高校）（女）,千円,225.7,225.7
labour,働く人の環境（就業・求人・給与）,14000,神奈川県,pref,14,神奈川県,2024100000,2024年度,2024,00001|F6408,観測値|F6408_新規学卒者所定内給与額（高校）（女）,千円,202.2,202.2
labour,働く人の環境（就業・求人・給与）,15000,新潟県,pref,15,新潟県,2020100000,2020年度,2020,00001|F6408,観測値|F6408_新規学卒者所定内給与額（高校）（女）,千円,170.3,170.3
labour,働く人の環境（就業・求人・給与）,15000,新潟県,pref,15,新潟県,2021100000,2021年度,2021,00001|F6408,観測値|F6408_新規学卒者所定内給与額（高校）（女）,千円,177.5,177.5
labour,働く人の環境（就業・求人・給与）,15000,新潟県,pref,15,新潟県,2022100000,2022年度,2022,00001|F6408,観測値|F6408_新規学卒者所定内給与額（高校）（女）,千円,171.0,171.0
labour,働く人の環境（就業・求人・給与）,15000,新潟県,pref,15,新潟県,2023100000,2023年度,2023,00001|F6408,観測値|F6408_新規学卒者所定内給与額（高校）（女）,千円,168.7,168.7
labour,働く人の環境（就業・求人・給与）,15000,新潟県,pref,15,新潟県,2024100000,2024年度,2024,00001|F6408,観測値|F6408_新規学卒者所定内給与額（高校）（女）,千円,187.4,187.4
labour,働く人の環境（就業・求人・給与）,16000,富山県,pref,16,富山県,2020100000,2020年度,2020,00001|F6408,観測値|F6408_新規学卒者所定内給与額（高校）（女）,千円,168.8,168.8
labour,働く人の環境（就業・求人・給与）,16000,富山県,pref,16,富山県,2021100000,2021年度,2021,00001|F6408,観測値|F6408_新規学卒者所定内給与額（高校）（女）,千円,175.5,175.5
labour,働く人の環境（就業・求人・給与）,16000,富山県,pref,16,富山県,2022100000,2022年度,2022,00001|F6408,観測値|F6408_新規学卒者所定内給与額（高校）（女）,千円,173.5,173.5
labour,働く人の環境（就業・求人・給与）,16000,富山県,pref,16,富山県,2023100000,2023年度,2023,00001|F6408,観測値|F6408_新規学卒者所定内給与額（高校）（女）,千円,183.8,183.8
labour,働く人の環境（就業・求人・給与）,16000,富山県,pref,16,富山県,2024100000,2024年度,2024,00001|F6408,観測値|F6408_新規学卒者所定内給与額（高校）（女）,千円,184.3,184.3
labour,働く人の環境（就業・求人・給与）,17000,石川県,pref,17,石川県,2020100000,2020年度,2020,00001|F6408,観測値|F6408_新規学卒者所定内給与額（高校）（女）,千円,166.0,166.0
labour,働く人の環境（就業・求人・給与）,17000,石川県,pref,17,石川県,2021100000,2021年度,2021,00001|F6408,観測値|F6408_新規学卒者所定内給与額（高校）（女）,千円,170.5,170.5
labour,働く人の環境（就業・求人・給与）,17000,石川県,pref,17,石川県,2022100000,2022年度,2022,00001|F6408,観測値|F6408_新規学卒者所定内給与額（高校）（女）,千円,171.4,171.4
labour,働く人の環境（就業・求人・給与）,17000,石川県,pref,17,石川県,2023100000,2023年度,2023,00001|F6408,観測値|F6408_新規学卒者所定内給与額（高校）（女）,千円,185.7,185.7
labour,働く人の環境（就業・求人・給与）,17000,石川県,pref,17,石川県,2024100000,2024年度,2024,00001|F6408,観測値|F6408_新規学卒者所定内給与額（高校）（女）,千円,179.8,179.8
labour,働く人の環境（就業・求人・給与）,18000,福井県,pref,18,福井県,2020100000,2020年度,2020,00001|F6408,観測値|F6408_新規学卒者所定内給与額（高校）（女）,千円,168.6,168.6
labour,働く人の環境（就業・求人・給与）,18000,福井県,pref,18,福井県,2021100000,2021年度,2021,00001|F6408,観測値|F6408_新規学卒者所定内給与額（高校）（女）,千円,181.8,181.8
labour,働く人の環境（就業・求人・給与）,18000,福井県,pref,18,福井県,2022100000,2022年度,2022,00001|F6408,観測値|F6408_新規学卒者所定内給与額（高校）（女）,千円,171.4,171.4
labour,働く人の環境（就業・求人・給与）,18000,福井県,pref,18,福井県,2023100000,2023年度,2023,00001|F6408,観測値|F6408_新規学卒者所定内給与額（高校）（女）,千円,184.2,184.2
labour,働く人の環境（就業・求人・給与）,18000,福井県,pref,18,福井県,2024100000,2024年度,2024,00001|F6408,観測値|F6408_新規学卒者所定内給与額（高校）（女）,千円,181.3,181.3
labour,働く人の環境（就業・求人・給与）,19000,山梨県,pref,19,山梨県,2020100000,2020年度,2020,00001|F6408,観測値|F6408_新規学卒者所定内給与額（高校）（女）,千円,179.6,179.6
labour,働く人の環境（就業・求人・給与）,19000,山梨県,pref,19,山梨県,2021100000,2021年度,2021,00001|F6408,観測値|F6408_新規学卒者所定内給与額（高校）（女）,千円,162.1,162.1
labour,働く人の環境（就業・求人・給与）,19000,山梨県,pref,19,山梨県,2022100000,2022年度,2022,00001|F6408,観測値|F6408_新規学卒者所定内給与額（高校）（女）,千円,167.7,167.7
labour,働く人の環境（就業・求人・給与）,19000,山梨県,pref,19,山梨県,2023100000,2023年度,2023,00001|F6408,観測値|F6408_新規学卒者所定内給与額（高校）（女）,千円,184.7,184.7
labour,働く人の環境（就業・求人・給与）,19000,山梨県,pref,19,山梨県,2024100000,2024年度,2024,00001|F6408,観測値|F6408_新規学卒者所定内給与額（高校）（女）,千円,199.7,199.7
labour,働く人の環境（就業・求人・給与）,20000,長野県,pref,20,長野県,2020100000,2020年度,2020,00001|F6408,観測値|F6408_新規学卒者所定内給与額（高校）（女）,千円,179.3,179.3
labour,働く人の環境（就業・求人・給与）,20000,長野県,pref,20,長野県,2021100000,2021年度,2021,00001|F6408,観測値|F6408_新規学卒者所定内給与額（高校）（女）,千円,183.5,183.5
labour,働く人の環境（就業・求人・給与）,20000,長野県,pref,20,長野県,2022100000,2022年度,2022,00001|F6408,観測値|F6408_新規学卒者所定内給与額（高校）（女）,千円,175.1,175.1
labour,働く人の環境（就業・求人・給与）,20000,長野県,pref,20,長野県,2023100000,2023年度,2023,00001|F6408,観測値|F6408_新規学卒者所定内給与額（高校）（女）,千円,185.3,185.3
labour,働く人の環境（就業・求人・給与）,20000,長野県,pref,20,長野県,2024100000,2024年度,2024,00001|F6408,観測値|F6408_新規学卒者所定内給与額（高校）（女）,千円,181.8,181.8
labour,働く人の環境（就業・求人・給与）,21000,岐阜県,pref,21,岐阜県,2020100000,2020年度,2020,00001|F6408,観測値|F6408_新規学卒者所定内給与額（高校）（女）,千円,176.6,176.6
labour,働く人の環境（就業・求人・給与）,21000,岐阜県,pref,21,岐阜県,2021100000,2021年度,2021,00001|F6408,観測値|F6408_新規学卒者所定内給与額（高校）（女）,千円,172.8,172.8
labour,働く人の環境（就業・求人・給与）,21000,岐阜県,pref,21,岐阜県,2022100000,2022年度,2022,00001|F6408,観測値|F6408_新規学卒者所定内給与額（高校）（女）,千円,176.5,176.5
labour,働く人の環境（就業・求人・給与）,21000,岐阜県,pref,21,岐阜県,2023100000,2023年度,2023,00001|F6408,観測値|F6408_新規学卒者所定内給与額（高校）（女）,千円,180.1,180.1
labour,働く人の環境（就業・求人・給与）,21000,岐阜県,pref,21,岐阜県,2024100000,2024年度,2024,00001|F6408,観測値|F6408_新規学卒者所定内給与額（高校）（女）,千円,191.6,191.6
labour,働く人の環境（就業・求人・給与）,22000,静岡県,pref,22,静岡県,2020100000,2020年度,2020,00001|F6408,観測値|F6408_新規学卒者所定内給与額（高校）（女）,千円,178.3,178.3
labour,働く人の環境（就業・求人・給与）,22000,静岡県,pref,22,静岡県,2021100000,2021年度,2021,00001|F6408,観測値|F6408_新規学卒者所定内給与額（高校）（女）,千円,172.4,172.4
labour,働く人の環境（就業・求人・給与）,22000,静岡県,pref,22,静岡県,2022100000,2022年度,2022,00001|F6408,観測値|F6408_新規学卒者所定内給与額（高校）（女）,千円,183.5,183.5
labour,働く人の環境（就業・求人・給与）,22000,静岡県,pref,22,静岡県,2023100000,2023年度,2023,00001|F6408,観測値|F6408_新規学卒者所定内給与額（高校）（女）,千円,184.3,184.3
labour,働く人の環境（就業・求人・給与）,22000,静岡県,pref,22,静岡県,2024100000,2024年度,2024,00001|F6408,観測値|F6408_新規学卒者所定内給与額（高校）（女）,千円,198.5,198.5
labour,働く人の環境（就業・求人・給与）,23000,愛知県,pref,23,愛知県,2020100000,2020年度,2020,00001|F6408,観測値|F6408_新規学卒者所定内給与額（高校）（女）,千円,180.6,180.6
labour,働く人の環境（就業・求人・給与）,23000,愛知県,pref,23,愛知県,2021100000,2021年度,2021,00001|F6408,観測値|F6408_新規学卒者所定内給与額（高校）（女）,千円,175.7,175.7
labour,働く人の環境（就業・求人・給与）,23000,愛知県,pref,23,愛知県,2022100000,2022年度,2022,00001|F6408,観測値|F6408_新規学卒者所定内給与額（高校）（女）,千円,192.7,192.7
labour,働く人の環境（就業・求人・給与）,23000,愛知県,pref,23,愛知県,2023100000,2023年度,2023,00001|F6408,観測値|F6408_新規学卒者所定内給与額（高校）（女）,千円,183.7,183.7
labour,働く人の環境（就業・求人・給与）,23000,愛知県,pref,23,愛知県,2024100000,2024年度,2024,00001|F6408,観測値|F6408_新規学卒者所定内給与額（高校）（女）,千円,201.3,201.3
labour,働く人の環境（就業・求人・給与）,24000,三重県,pref,24,三重県,2020100000,2020年度,2020,00001|F6408,観測値|F6408_新規学卒者所定内給与額（高校）（女）,千円,174.3,174.3
labour,働く人の環境（就業・求人・給与）,24000,三重県,pref,24,三重県,2021100000,2021年度,2021,00001|F6408,観測値|F6408_新規学卒者所定内給与額（高校）（女）,千円,172.2,172.2
labour,働く人の環境（就業・求人・給与）,24000,三重県,pref,24,三重県,2022100000,2022年度,2022,00001|F6408,観測値|F6408_新規学卒者所定内給与額（高校）（女）,千円,175.7,175.7
labour,働く人の環境（就業・求人・給与）,24000,三重県,pref,24,三重県,2023100000,2023年度,2023,00001|F6408,観測値|F6408_新規学卒者所定内給与額（高校）（女）,千円,183.7,183.7
labour,働く人の環境（就業・求人・給与）,24000,三重県,pref,24,三重県,2024100000,2024年度,2024,00001|F6408,観測値|F6408_新規学卒者所定内給与額（高校）（女）,千円,194.1,194.1
labour,働く人の環境（就業・求人・給与）,25000,滋賀県,pref,25,滋賀県,2020100000,2020年度,2020,00001|F6408,観測値|F6408_新規学卒者所定内給与額（高校）（女）,千円,172.8,172.8
labour,働く人の環境（就業・求人・給与）,25000,滋賀県,pref,25,滋賀県,2021100000,2021年度,2021,00001|F6408,観測値|F6408_新規学卒者所定内給与額（高校）（女）,千円,173.4,173.4
labour,働く人の環境（就業・求人・給与）,25000,滋賀県,pref,25,滋賀県,2022100000,2022年度,2022,00001|F6408,観測値|F6408_新規学卒者所定内給与額（高校）（女）,千円,179.2,179.2
labour,働く人の環境（就業・求人・給与）,25000,滋賀県,pref,25,滋賀県,2023100000,2023年度,2023,00001|F6408,観測値|F6408_新規学卒者所定内給与額（高校）（女）,千円,195.0,195.0
labour,働く人の環境（就業・求人・給与）,25000,滋賀県,pref,25,滋賀県,2024100000,2024年度,2024,00001|F6408,観測値|F6408_新規学卒者所定内給与額（高校）（女）,千円,199.8,199.8
labour,働く人の環境（就業・求人・給与）,26000,京都府,pref,26,京都府,2020100000,2020年度,2020,00001|F6408,観測値|F6408_新規学卒者所定内給与額（高校）（女）,千円,176.0,176.0
labour,働く人の環境（就業・求人・給与）,26000,京都府,pref,26,京都府,2021100000,2021年度,2021,00001|F6408,観測値|F6408_新規学卒者所定内給与額（高校）（女）,千円,181.8,181.8
labour,働く人の環境（就業・求人・給与）,26000,京都府,pref,26,京都府,2022100000,2022年度,2022,00001|F6408,観測値|F6408_新規学卒者所定内給与額（高校）（女）,千円,184.1,184.1
labour,働く人の環境（就業・求人・給与）,26000,京都府,pref,26,京都府,2023100000,2023年度,2023,00001|F6408,観測値|F6408_新規学卒者所定内給与額（高校）（女）,千円,203.6,203.6
labour,働く人の環境（就業・求人・給与）,26000,京都府,pref,26,京都府,2024100000,2024年度,2024,00001|F6408,観測値|F6408_新規学卒者所定内給与額（高校）（女）,千円,192.7,192.7
labour,働く人の環境（就業・求人・給与）,27000,大阪府,pref,27,大阪府,2020100000,2020年度,2020,00001|F6408,観測値|F6408_新規学卒者所定内給与額（高校）（女）,千円,188.1,188.1
labour,働く人の環境（就業・求人・給与）,27000,大阪府,pref,27,大阪府,2021100000,2021年度,2021,00001|F6408,観測値|F6408_新規学卒者所定内給与額（高校）（女）,千円,187.6,187.6
labour,働く人の環境（就業・求人・給与）,27000,大阪府,pref,27,大阪府,2022100000,2022年度,2022,00001|F6408,観測値|F6408_新規学卒者所定内給与額（高校）（女）,千円,179.0,179.0
labour,働く人の環境（就業・求人・給与）,27000,大阪府,pref,27,大阪府,2023100000,2023年度,2023,00001|F6408,観測値|F6408_新規学卒者所定内給与額（高校）（女）,千円,199.6,199.6
labour,働く人の環境（就業・求人・給与）,27000,大阪府,pref,27,大阪府,2024100000,2024年度,2024,00001|F6408,観測値|F6408_新規学卒者所定内給与額（高校）（女）,千円,209.1,209.1
labour,働く人の環境（就業・求人・給与）,28000,兵庫県,pref,28,兵庫県,2020100000,2020年度,2020,00001|F6408,観測値|F6408_新規学卒者所定内給与額（高校）（女）,千円,181.5,181.5
labour,働く人の環境（就業・求人・給与）,28000,兵庫県,pref,28,兵庫県,2021100000,2021年度,2021,00001|F6408,観測値|F6408_新規学卒者所定内給与額（高校）（女）,千円,185.8,185.8
labour,働く人の環境（就業・求人・給与）,28000,兵庫県,pref,28,兵庫県,2022100000,2022年度,2022,00001|F6408,観測値|F6408_新規学卒者所定内給与額（高校）（女）,千円,186.7,186.7
labour,働く人の環境（就業・求人・給与）,28000,兵庫県,pref,28,兵庫県,2023100000,2023年度,2023,00001|F6408,観測値|F6408_新規学卒者所定内給与額（高校）（女）,千円,187.6,187.6
labour,働く人の環境（就業・求人・給与）,28000,兵庫県,pref,28,兵庫県,2024100000,2024年度,2024,00001|F6408,観測値|F6408_新規学卒者所定内給与額（高校）（女）,千円,190.1,190.1
labour,働く人の環境（就業・求人・給与）,29000,奈良県,pref,29,奈良県,2020100000,2020年度,2020,00001|F6408,観測値|F6408_新規学卒者所定内給与額（高校）（女）,千円,180.5,180.5
labour,働く人の環境（就業・求人・給与）,29000,奈良県,pref,29,奈良県,2021100000,2021年度,2021,00001|F6408,観測値|F6408_新規学卒者所定内給与額（高校）（女）,千円,176.4,176.4
labour,働く人の環境（就業・求人・給与）,29000,奈良県,pref,29,奈良県,2022100000,2022年度,2022,00001|F6408,観測値|F6408_新規学卒者所定内給与額（高校）（女）,千円,197.1,197.1
labour,働く人の環境（就業・求人・給与）,29000,奈良県,pref,29,奈良県,2023100000,2023年度,2023,00001|F6408,観測値|F6408_新規学卒者所定内給与額（高校）（女）,千円,184.8,184.8
labour,働く人の環境（就業・求人・給与）,29000,奈良県,pref,29,奈良県,2024100000,2024年度,2024,00001|F6408,観測値|F6408_新規学卒者所定内給与額（高校）（女）,千円,177.1,177.1
labour,働く人の環境（就業・求人・給与）,30000,和歌山県,pref,30,和歌山県,2020100000,2020年度,2020,00001|F6408,観測値|F6408_新規学卒者所定内給与額（高校）（女）,千円,159.6,159.6
labour,働く人の環境（就業・求人・給与）,30000,和歌山県,pref,30,和歌山県,2021100000,2021年度,2021,00001|F6408,観測値|F6408_新規学卒者所定内給与額（高校）（女）,千円,164.1,164.1
labour,働く人の環境（就業・求人・給与）,30000,和歌山県,pref,30,和歌山県,2022100000,2022年度,2022,00001|F6408,観測値|F6408_新規学卒者所定内給与額（高校）（女）,千円,168.3,168.3
labour,働く人の環境（就業・求人・給与）,30000,和歌山県,pref,30,和歌山県,2023100000,2023年度,2023,00001|F6408,観測値|F6408_新規学卒者所定内給与額（高校）（女）,千円,184.3,184.3
labour,働く人の環境（就業・求人・給与）,30000,和歌山県,pref,30,和歌山県,2024100000,2024年度,2024,00001|F6408,観測値|F6408_新規学卒者所定内給与額（高校）（女）,千円,193.6,193.6
labour,働く人の環境（就業・求人・給与）,31000,鳥取県,pref,31,鳥取県,2020100000,2020年度,2020,00001|F6408,観測値|F6408_新規学卒者所定内給与額（高校）（女）,千円,164.5,164.5
labour,働く人の環境（就業・求人・給与）,31000,鳥取県,pref,31,鳥取県,2021100000,2021年度,2021,00001|F6408,観測値|F6408_新規学卒者所定内給与額（高校）（女）,千円,171.8,171.8
labour,働く人の環境（就業・求人・給与）,31000,鳥取県,pref,31,鳥取県,2022100000,2022年度,2022,00001|F6408,観測値|F6408_新規学卒者所定内給与額（高校）（女）,千円,166.5,166.5
labour,働く人の環境（就業・求人・給与）,31000,鳥取県,pref,31,鳥取県,2023100000,2023年度,2023,00001|F6408,観測値|F6408_新規学卒者所定内給与額（高校）（女）,千円,163.5,163.5
labour,働く人の環境（就業・求人・給与）,31000,鳥取県,pref,31,鳥取県,2024100000,2024年度,2024,00001|F6408,観測値|F6408_新規学卒者所定内給与額（高校）（女）,千円,171.3,171.3
labour,働く人の環境（就業・求人・給与）,32000,島根県,pref,32,島根県,2020100000,2020年度,2020,00001|F6408,観測値|F6408_新規学卒者所定内給与額（高校）（女）,千円,170.2,170.2
labour,働く人の環境（就業・求人・給与）,32000,島根県,pref,32,島根県,2021100000,2021年度,2021,00001|F6408,観測値|F6408_新規学卒者所定内給与額（高校）（女）,千円,161.4,161.4
labour,働く人の環境（就業・求人・給与）,32000,島根県,pref,32,島根県,2022100000,2022年度,2022,00001|F6408,観測値|F6408_新規学卒者所定内給与額（高校）（女）,千円,160.9,160.9
labour,働く人の環境（就業・求人・給与）,32000,島根県,pref,32,島根県,2023100000,2023年度,2023,00001|F6408,観測値|F6408_新規学卒者所定内給与額（高校）（女）,千円,173.3,173.3
labour,働く人の環境（就業・求人・給与）,32000,島根県,pref,32,島根県,2024100000,2024年度,2024,00001|F6408,観測値|F6408_新規学卒者所定内給与額（高校）（女）,千円,187.1,187.1
labour,働く人の環境（就業・求人・給与）,33000,岡山県,pref,33,岡山県,2020100000,2020年度,2020,00001|F6408,観測値|F6408_新規学卒者所定内給与額（高校）（女）,千円,173.4,173.4
labour,働く人の環境（就業・求人・給与）,33000,岡山県,pref,33,岡山県,2021100000,2021年度,2021,00001|F6408,観測値|F6408_新規学卒者所定内給与額（高校）（女）,千円,171.5,171.5
labour,働く人の環境（就業・求人・給与）,33000,岡山県,pref,33,岡山県,2022100000,2022年度,2022,00001|F6408,観測値|F6408_新規学卒者所定内給与額（高校）（女）,千円,173.4,173.4
labour,働く人の環境（就業・求人・給与）,33000,岡山県,pref,33,岡山県,2023100000,2023年度,2023,00001|F6408,観測値|F6408_新規学卒者所定内給与額（高校）（女）,千円,177.3,177.3
labour,働く人の環境（就業・求人・給与）,33000,岡山県,pref,33,岡山県,2024100000,2024年度,2024,00001|F6408,観測値|F6408_新規学卒者所定内給与額（高校）（女）,千円,191.6,191.6
labour,働く人の環境（就業・求人・給与）,34000,広島県,pref,34,広島県,2020100000,2020年度,2020,00001|F6408,観測値|F6408_新規学卒者所定内給与額（高校）（女）,千円,164.8,164.8
labour,働く人の環境（就業・求人・給与）,34000,広島県,pref,34,広島県,2021100000,2021年度,2021,00001|F6408,観測値|F6408_新規学卒者所定内給与額（高校）（女）,千円,163.5,163.5
labour,働く人の環境（就業・求人・給与）,34000,広島県,pref,34,広島県,2022100000,2022年度,2022,00001|F6408,観測値|F6408_新規学卒者所定内給与額（高校）（女）,千円,173.4,173.4
labour,働く人の環境（就業・求人・給与）,34000,広島県,pref,34,広島県,2023100000,2023年度,2023,00001|F6408,観測値|F6408_新規学卒者所定内給与額（高校）（女）,千円,179.3,179.3
labour,働く人の環境（就業・求人・給与）,34000,広島県,pref,34,広島県,2024100000,2024年度,2024,00001|F6408,観測値|F6408_新規学卒者所定内給与額（高校）（女）,千円,214.4,214.4
labour,働く人の環境（就業・求人・給与）,35000,山口県,pref,35,山口県,2020100000,2020年度,2020,00001|F6408,観測値|F6408_新規学卒者所定内給与額（高校）（女）,千円,166.9,166.9
labour,働く人の環境（就業・求人・給与）,35000,山口県,pref,35,山口県,2021100000,2021年度,2021,00001|F6408,観測値|F6408_新規学卒者所定内給与額（高校）（女）,千円,163.6,163.6
labour,働く人の環境（就業・求人・給与）,35000,山口県,pref,35,山口県,2022100000,2022年度,2022,00001|F6408,観測値|F6408_新規学卒者所定内給与額（高校）（女）,千円,162.1,162.1
labour,働く人の環境（就業・求人・給与）,35000,山口県,pref,35,山口県,2023100000,2023年度,2023,00001|F6408,観測値|F6408_新規学卒者所定内給与額（高校）（女）,千円,178.5,178.5
labour,働く人の環境（就業・求人・給与）,35000,山口県,pref,35,山口県,2024100000,2024年度,2024,00001|F6408,観測値|F6408_新規学卒者所定内給与額（高校）（女）,千円,180.7,180.7
labour,働く人の環境（就業・求人・給与）,36000,徳島県,pref,36,徳島県,2020100000,2020年度,2020,00001|F6408,観測値|F6408_新規学卒者所定内給与額（高校）（女）,千円,167.1,167.1
labour,働く人の環境（就業・求人・給与）,36000,徳島県,pref,36,徳島県,2021100000,2021年度,2021,00001|F6408,観測値|F6408_新規学卒者所定内給与額（高校）（女）,千円,165.9,165.9
labour,働く人の環境（就業・求人・給与）,36000,徳島県,pref,36,徳島県,2022100000,2022年度,2022,00001|F6408,観測値|F6408_新規学卒者所定内給与額（高校）（女）,千円,169.9,169.9
labour,働く人の環境（就業・求人・給与）,36000,徳島県,pref,36,徳島県,2023100000,2023年度,2023,00001|F6408,観測値|F6408_新規学卒者所定内給与額（高校）（女）,千円,184.3,184.3
labour,働く人の環境（就業・求人・給与）,36000,徳島県,pref,36,徳島県,2024100000,2024年度,2024,00001|F6408,観測値|F6408_新規学卒者所定内給与額（高校）（女）,千円,176.0,176.0
labour,働く人の環境（就業・求人・給与）,37000,香川県,pref,37,香川県,2020100000,2020年度,2020,00001|F6408,観測値|F6408_新規学卒者所定内給与額（高校）（女）,千円,164.9,164.9
labour,働く人の環境（就業・求人・給与）,37000,香川県,pref,37,香川県,2021100000,2021年度,2021,00001|F6408,観測値|F6408_新規学卒者所定内給与額（高校）（女）,千円,171.2,171.2
labour,働く人の環境（就業・求人・給与）,37000,香川県,pref,37,香川県,2022100000,2022年度,2022,00001|F6408,観測値|F6408_新規学卒者所定内給与額（高校）（女）,千円,169.8,169.8
labour,働く人の環境（就業・求人・給与）,37000,香川県,pref,37,香川県,2023100000,2023年度,2023,00001|F6408,観測値|F6408_新規学卒者所定内給与額（高校）（女）,千円,187.2,187.2
labour,働く人の環境（就業・求人・給与）,37000,香川県,pref,37,香川県,2024100000,2024年度,2024,00001|F6408,観測値|F6408_新規学卒者所定内給与額（高校）（女）,千円,178.1,178.1
labour,働く人の環境（就業・求人・給与）,38000,愛媛県,pref,38,愛媛県,2020100000,2020年度,2020,00001|F6408,観測値|F6408_新規学卒者所定内給与額（高校）（女）,千円,166.0,166.0
labour,働く人の環境（就業・求人・給与）,38000,愛媛県,pref,38,愛媛県,2021100000,2021年度,2021,00001|F6408,観測値|F6408_新規学卒者所定内給与額（高校）（女）,千円,176.6,176.6
labour,働く人の環境（就業・求人・給与）,38000,愛媛県,pref,38,愛媛県,2022100000,2022年度,2022,00001|F6408,観測値|F6408_新規学卒者所定内給与額（高校）（女）,千円,171.1,171.1
labour,働く人の環境（就業・求人・給与）,38000,愛媛県,pref,38,愛媛県,2023100000,2023年度,2023,00001|F6408,観測値|F6408_新規学卒者所定内給与額（高校）（女）,千円,163.6,163.6
labour,働く人の環境（就業・求人・給与）,38000,愛媛県,pref,38,愛媛県,2024100000,2024年度,2024,00001|F6408,観測値|F6408_新規学卒者所定内給与額（高校）（女）,千円,182.0,182.0
labour,働く人の環境（就業・求人・給与）,39000,高知県,pref,39,高知県,2020100000,2020年度,2020,00001|F6408,観測値|F6408_新規学卒者所定内給与額（高校）（女）,千円,162.8,162.8
labour,働く人の環境（就業・求人・給与）,39000,高知県,pref,39,高知県,2021100000,2021年度,2021,00001|F6408,観測値|F6408_新規学卒者所定内給与額（高校）（女）,千円,171.5,171.5
labour,働く人の環境（就業・求人・給与）,39000,高知県,pref,39,高知県,2022100000,2022年度,2022,00001|F6408,観測値|F6408_新規学卒者所定内給与額（高校）（女）,千円,164.1,164.1
labour,働く人の環境（就業・求人・給与）,39000,高知県,pref,39,高知県,2023100000,2023年度,2023,00001|F6408,観測値|F6408_新規学卒者所定内給与額（高校）（女）,千円,174.1,174.1
labour,働く人の環境（就業・求人・給与）,39000,高知県,pref,39,高知県,2024100000,2024年度,2024,00001|F6408,観測値|F6408_新規学卒者所定内給与額（高校）（女）,千円,181.6,181.6
labour,働く人の環境（就業・求人・給与）,40000,福岡県,pref,40,福岡県,2020100000,2020年度,2020,00001|F6408,観測値|F6408_新規学卒者所定内給与額（高校）（女）,千円,170.9,170.9
labour,働く人の環境（就業・求人・給与）,40000,福岡県,pref,40,福岡県,2021100000,2021年度,2021,00001|F6408,観測値|F6408_新規学卒者所定内給与額（高校）（女）,千円,177.4,177.4
labour,働く人の環境（就業・求人・給与）,40000,福岡県,pref,40,福岡県,2022100000,2022年度,2022,00001|F6408,観測値|F6408_新規学卒者所定内給与額（高校）（女）,千円,169.9,169.9
labour,働く人の環境（就業・求人・給与）,40000,福岡県,pref,40,福岡県,2023100000,2023年度,2023,00001|F6408,観測値|F6408_新規学卒者所定内給与額（高校）（女）,千円,177.0,177.0
labour,働く人の環境（就業・求人・給与）,40000,福岡県,pref,40,福岡県,2024100000,2024年度,2024,00001|F6408,観測値|F6408_新規学卒者所定内給与額（高校）（女）,千円,191.6,191.6
labour,働く人の環境（就業・求人・給与）,41000,佐賀県,pref,41,佐賀県,2020100000,2020年度,2020,00001|F6408,観測値|F6408_新規学卒者所定内給与額（高校）（女）,千円,162.0,162.0
labour,働く人の環境（就業・求人・給与）,41000,佐賀県,pref,41,佐賀県,2021100000,2021年度,2021,00001|F6408,観測値|F6408_新規学卒者所定内給与額（高校）（女）,千円,168.0,168.0
labour,働く人の環境（就業・求人・給与）,41000,佐賀県,pref,41,佐賀県,2022100000,2022年度,2022,00001|F6408,観測値|F6408_新規学卒者所定内給与額（高校）（女）,千円,166.6,166.6
labour,働く人の環境（就業・求人・給与）,41000,佐賀県,pref,41,佐賀県,2023100000,2023年度,2023,00001|F6408,観測値|F6408_新規学卒者所定内給与額（高校）（女）,千円,160.8,160.8
labour,働く人の環境（就業・求人・給与）,41000,佐賀県,pref,41,佐賀県,2024100000,2024年度,2024,00001|F6408,観測値|F6408_新規学卒者所定内給与額（高校）（女）,千円,182.3,182.3
labour,働く人の環境（就業・求人・給与）,42000,長崎県,pref,42,長崎県,2020100000,2020年度,2020,00001|F6408,観測値|F6408_新規学卒者所定内給与額（高校）（女）,千円,162.6,162.6
labour,働く人の環境（就業・求人・給与）,42000,長崎県,pref,42,長崎県,2021100000,2021年度,2021,00001|F6408,観測値|F6408_新規学卒者所定内給与額（高校）（女）,千円,165.2,165.2
labour,働く人の環境（就業・求人・給与）,42000,長崎県,pref,42,長崎県,2022100000,2022年度,2022,00001|F6408,観測値|F6408_新規学卒者所定内給与額（高校）（女）,千円,163.2,163.2
labour,働く人の環境（就業・求人・給与）,42000,長崎県,pref,42,長崎県,2023100000,2023年度,2023,00001|F6408,観測値|F6408_新規学卒者所定内給与額（高校）（女）,千円,157.1,157.1
labour,働く人の環境（就業・求人・給与）,42000,長崎県,pref,42,長崎県,2024100000,2024年度,2024,00001|F6408,観測値|F6408_新規学卒者所定内給与額（高校）（女）,千円,185.5,185.5
labour,働く人の環境（就業・求人・給与）,43000,熊本県,pref,43,熊本県,2020100000,2020年度,2020,00001|F6408,観測値|F6408_新規学卒者所定内給与額（高校）（女）,千円,162.6,162.6
labour,働く人の環境（就業・求人・給与）,43000,熊本県,pref,43,熊本県,2021100000,2021年度,2021,00001|F6408,観測値|F6408_新規学卒者所定内給与額（高校）（女）,千円,164.4,164.4
labour,働く人の環境（就業・求人・給与）,43000,熊本県,pref,43,熊本県,2022100000,2022年度,2022,00001|F6408,観測値|F6408_新規学卒者所定内給与額（高校）（女）,千円,171.1,171.1
labour,働く人の環境（就業・求人・給与）,43000,熊本県,pref,43,熊本県,2023100000,2023年度,2023,00001|F6408,観測値|F6408_新規学卒者所定内給与額（高校）（女）,千円,177.6,177.6
labour,働く人の環境（就業・求人・給与）,43000,熊本県,pref,43,熊本県,2024100000,2024年度,2024,00001|F6408,観測値|F6408_新規学卒者所定内給与額（高校）（女）,千円,179.2,179.2
labour,働く人の環境（就業・求人・給与）,44000,大分県,pref,44,大分県,2020100000,2020年度,2020,00001|F6408,観測値|F6408_新規学卒者所定内給与額（高校）（女）,千円,167.4,167.4
labour,働く人の環境（就業・求人・給与）,44000,大分県,pref,44,大分県,2021100000,2021年度,2021,00001|F6408,観測値|F6408_新規学卒者所定内給与額（高校）（女）,千円,174.0,174.0
labour,働く人の環境（就業・求人・給与）,44000,大分県,pref,44,大分県,2022100000,2022年度,2022,00001|F6408,観測値|F6408_新規学卒者所定内給与額（高校）（女）,千円,181.1,181.1
labour,働く人の環境（就業・求人・給与）,44000,大分県,pref,44,大分県,2023100000,2023年度,2023,00001|F6408,観測値|F6408_新規学卒者所定内給与額（高校）（女）,千円,170.0,170.0
labour,働く人の環境（就業・求人・給与）,44000,大分県,pref,44,大分県,2024100000,2024年度,2024,00001|F6408,観測値|F6408_新規学卒者所定内給与額（高校）（女）,千円,177.1,177.1
labour,働く人の環境（就業・求人・給与）,45000,宮崎県,pref,45,宮崎県,2020100000,2020年度,2020,00001|F6408,観測値|F6408_新規学卒者所定内給与額（高校）（女）,千円,160.0,160.0
labour,働く人の環境（就業・求人・給与）,45000,宮崎県,pref,45,宮崎県,2021100000,2021年度,2021,00001|F6408,観測値|F6408_新規学卒者所定内給与額（高校）（女）,千円,157.6,157.6
labour,働く人の環境（就業・求人・給与）,45000,宮崎県,pref,45,宮崎県,2022100000,2022年度,2022,00001|F6408,観測値|F6408_新規学卒者所定内給与額（高校）（女）,千円,130.3,130.3
labour,働く人の環境（就業・求人・給与）,45000,宮崎県,pref,45,宮崎県,2023100000,2023年度,2023,00001|F6408,観測値|F6408_新規学卒者所定内給与額（高校）（女）,千円,162.0,162.0
labour,働く人の環境（就業・求人・給与）,45000,宮崎県,pref,45,宮崎県,2024100000,2024年度,2024,00001|F6408,観測値|F6408_新規学卒者所定内給与額（高校）（女）,千円,171.8,171.8
labour,働く人の環境（就業・求人・給与）,46000,鹿児島県,pref,46,鹿児島県,2020100000,2020年度,2020,00001|F6408,観測値|F6408_新規学卒者所定内給与額（高校）（女）,千円,162.1,162.1
labour,働く人の環境（就業・求人・給与）,46000,鹿児島県,pref,46,鹿児島県,2021100000,2021年度,2021,00001|F6408,観測値|F6408_新規学卒者所定内給与額（高校）（女）,千円,166.8,166.8
labour,働く人の環境（就業・求人・給与）,46000,鹿児島県,pref,46,鹿児島県,2022100000,2022年度,2022,00001|F6408,観測値|F6408_新規学卒者所定内給与額（高校）（女）,千円,165.4,165.4
labour,働く人の環境（就業・求人・給与）,46000,鹿児島県,pref,46,鹿児島県,2023100000,2023年度,2023,00001|F6408,観測値|F6408_新規学卒者所定内給与額（高校）（女）,千円,188.6,188.6
labour,働く人の環境（就業・求人・給与）,46000,鹿児島県,pref,46,鹿児島県,2024100000,2024年度,2024,00001|F6408,観測値|F6408_新規学卒者所定内給与額（高校）（女）,千円,186.7,186.7
labour,働く人の環境（就業・求人・給与）,47000,沖縄県,pref,47,沖縄県,2020100000,2020年度,2020,00001|F6408,観測値|F6408_新規学卒者所定内給与額（高校）（女）,千円,180.7,180.7
labour,働く人の環境（就業・求人・給与）,47000,沖縄県,pref,47,沖縄県,2021100000,2021年度,2021,00001|F6408,観測値|F6408_新規学卒者所定内給与額（高校）（女）,千円,164.1,164.1
labour,働く人の環境（就業・求人・給与）,47000,沖縄県,pref,47,沖縄県,2022100000,2022年度,2022,00001|F6408,観測値|F6408_新規学卒者所定内給与額（高校）（女）,千円,161.0,161.0
labour,働く人の環境（就業・求人・給与）,47000,沖縄県,pref,47,沖縄県,2023100000,2023年度,2023,00001|F6408,観測値|F6408_新規学卒者所定内給与額（高校）（女）,千円,178.8,178.8
labour,働く人の環境（就業・求人・給与）,47000,沖縄県,pref,47,沖縄県,2024100000,2024年度,2024,00001|F6408,観測値|F6408_新規学卒者所定内給与額（高校）（女）,千円,183.4,183.4
labour,働く人の環境（就業・求人・給与）,00000,全国,national,,,2020100000,2020年度,2020,00001|F6411,観測値|F6411_新規学卒者所定内給与額（大学）（男）,千円,227.2,227.2
labour,働く人の環境（就業・求人・給与）,00000,全国,national,,,2021100000,2021年度,2021,00001|F6411,観測値|F6411_新規学卒者所定内給与額（大学）（男）,千円,226.7,226.7
labour,働く人の環境（就業・求人・給与）,00000,全国,national,,,2022100000,2022年度,2022,00001|F6411,観測値|F6411_新規学卒者所定内給与額（大学）（男）,千円,229.7,229.7
labour,働く人の環境（就業・求人・給与）,00000,全国,national,,,2023100000,2023年度,2023,00001|F6411,観測値|F6411_新規学卒者所定内給与額（大学）（男）,千円,240.3,240.3
labour,働く人の環境（就業・求人・給与）,00000,全国,national,,,2024100000,2024年度,2024,00001|F6411,観測値|F6411_新規学卒者所定内給与額（大学）（男）,千円,251.3,251.3
labour,働く人の環境（就業・求人・給与）,01000,北海道,pref,01,北海道,2020100000,2020年度,2020,00001|F6411,観測値|F6411_新規学卒者所定内給与額（大学）（男）,千円,208.9,208.9
labour,働く人の環境（就業・求人・給与）,01000,北海道,pref,01,北海道,2021100000,2021年度,2021,00001|F6411,観測値|F6411_新規学卒者所定内給与額（大学）（男）,千円,217.6,217.6
labour,働く人の環境（就業・求人・給与）,01000,北海道,pref,01,北海道,2022100000,2022年度,2022,00001|F6411,観測値|F6411_新規学卒者所定内給与額（大学）（男）,千円,217.1,217.1
labour,働く人の環境（就業・求人・給与）,01000,北海道,pref,01,北海道,2023100000,2023年度,2023,00001|F6411,観測値|F6411_新規学卒者所定内給与額（大学）（男）,千円,247.9,247.9
labour,働く人の環境（就業・求人・給与）,01000,北海道,pref,01,北海道,2024100000,2024年度,2024,00001|F6411,観測値|F6411_新規学卒者所定内給与額（大学）（男）,千円,225.0,225.0
labour,働く人の環境（就業・求人・給与）,02000,青森県,pref,02,青森県,2020100000,2020年度,2020,00001|F6411,観測値|F6411_新規学卒者所定内給与額（大学）（男）,千円,199.7,199.7
labour,働く人の環境（就業・求人・給与）,02000,青森県,pref,02,青森県,2021100000,2021年度,2021,00001|F6411,観測値|F6411_新規学卒者所定内給与額（大学）（男）,千円,211.0,211.0
labour,働く人の環境（就業・求人・給与）,02000,青森県,pref,02,青森県,2022100000,2022年度,2022,00001|F6411,観測値|F6411_新規学卒者所定内給与額（大学）（男）,千円,221.3,221.3
labour,働く人の環境（就業・求人・給与）,02000,青森県,pref,02,青森県,2023100000,2023年度,2023,00001|F6411,観測値|F6411_新規学卒者所定内給与額（大学）（男）,千円,210.2,210.2
labour,働く人の環境（就業・求人・給与）,02000,青森県,pref,02,青森県,2024100000,2024年度,2024,00001|F6411,観測値|F6411_新規学卒者所定内給与額（大学）（男）,千円,259.2,259.2
labour,働く人の環境（就業・求人・給与）,03000,岩手県,pref,03,岩手県,2020100000,2020年度,2020,00001|F6411,観測値|F6411_新規学卒者所定内給与額（大学）（男）,千円,204.2,204.2
labour,働く人の環境（就業・求人・給与）,03000,岩手県,pref,03,岩手県,2021100000,2021年度,2021,00001|F6411,観測値|F6411_新規学卒者所定内給与額（大学）（男）,千円,203.9,203.9
labour,働く人の環境（就業・求人・給与）,03000,岩手県,pref,03,岩手県,2022100000,2022年度,2022,00001|F6411,観測値|F6411_新規学卒者所定内給与額（大学）（男）,千円,213.0,213.0
labour,働く人の環境（就業・求人・給与）,03000,岩手県,pref,03,岩手県,2023100000,2023年度,2023,00001|F6411,観測値|F6411_新規学卒者所定内給与額（大学）（男）,千円,221.2,221.2
labour,働く人の環境（就業・求人・給与）,03000,岩手県,pref,03,岩手県,2024100000,2024年度,2024,00001|F6411,観測値|F6411_新規学卒者所定内給与額（大学）（男）,千円,227.9,227.9
labour,働く人の環境（就業・求人・給与）,04000,宮城県,pref,04,宮城県,2020100000,2020年度,2020,00001|F6411,観測値|F6411_新規学卒者所定内給与額（大学）（男）,千円,231.7,231.7
labour,働く人の環境（就業・求人・給与）,04000,宮城県,pref,04,宮城県,2021100000,2021年度,2021,00001|F6411,観測値|F6411_新規学卒者所定内給与額（大学）（男）,千円,235.9,235.9
labour,働く人の環境（就業・求人・給与）,04000,宮城県,pref,04,宮城県,2022100000,2022年度,2022,00001|F6411,観測値|F6411_新規学卒者所定内給与額（大学）（男）,千円,223.7,223.7
labour,働く人の環境（就業・求人・給与）,04000,宮城県,pref,04,宮城県,2023100000,2023年度,2023,00001|F6411,観測値|F6411_新規学卒者所定内給与額（大学）（男）,千円,220.1,220.1
labour,働く人の環境（就業・求人・給与）,04000,宮城県,pref,04,宮城県,2024100000,2024年度,2024,00001|F6411,観測値|F6411_新規学卒者所定内給与額（大学）（男）,千円,234.0,234.0
labour,働く人の環境（就業・求人・給与）,05000,秋田県,pref,05,秋田県,2020100000,2020年度,2020,00001|F6411,観測値|F6411_新規学卒者所定内給与額（大学）（男）,千円,207.9,207.9
labour,働く人の環境（就業・求人・給与）,05000,秋田県,pref,05,秋田県,2021100000,2021年度,2021,00001|F6411,観測値|F6411_新規学卒者所定内給与額（大学）（男）,千円,238.0,238.0
labour,働く人の環境（就業・求人・給与）,05000,秋田県,pref,05,秋田県,2022100000,2022年度,2022,00001|F6411,観測値|F6411_新規学卒者所定内給与額（大学）（男）,千円,196.0,196.0
labour,働く人の環境（就業・求人・給与）,05000,秋田県,pref,05,秋田県,2023100000,2023年度,2023,00001|F6411,観測値|F6411_新規学卒者所定内給与額（大学）（男）,千円,281.9,281.9
labour,働く人の環境（就業・求人・給与）,05000,秋田県,pref,05,秋田県,2024100000,2024年度,2024,00001|F6411,観測値|F6411_新規学卒者所定内給与額（大学）（男）,千円,254.7,254.7
labour,働く人の環境（就業・求人・給与）,06000,山形県,pref,06,山形県,2020100000,2020年度,2020,00001|F6411,観測値|F6411_新規学卒者所定内給与額（大学）（男）,千円,222.0,222.0
labour,働く人の環境（就業・求人・給与）,06000,山形県,pref,06,山形県,2021100000,2021年度,2021,00001|F6411,観測値|F6411_新規学卒者所定内給与額（大学）（男）,千円,207.6,207.6
labour,働く人の環境（就業・求人・給与）,06000,山形県,pref,06,山形県,2022100000,2022年度,2022,00001|F6411,観測値|F6411_新規学卒者所定内給与額（大学）（男）,千円,225.5,225.5
labour,働く人の環境（就業・求人・給与）,06000,山形県,pref,06,山形県,2023100000,2023年度,2023,00001|F6411,観測値|F6411_新規学卒者所定内給与額（大学）（男）,千円,230.1,230.1
labour,働く人の環境（就業・求人・給与）,06000,山形県,pref,06,山形県,2024100000,2024年度,2024,00001|F6411,観測値|F6411_新規学卒者所定内給与額（大学）（男）,千円,253.0,253.0
labour,働く人の環境（就業・求人・給与）,07000,福島県,pref,07,福島県,2020100000,2020年度,2020,00001|F6411,観測値|F6411_新規学卒者所定内給与額（大学）（男）,千円,252.9,252.9
labour,働く人の環境（就業・求人・給与）,07000,福島県,pref,07,福島県,2021100000,2021年度,2021,00001|F6411,観測値|F6411_新規学卒者所定内給与額（大学）（男）,千円,227.0,227.0
labour,働く人の環境（就業・求人・給与）,07000,福島県,pref,07,福島県,2022100000,2022年度,2022,00001|F6411,観測値|F6411_新規学卒者所定内給与額（大学）（男）,千円,207.6,207.6
labour,働く人の環境（就業・求人・給与）,07000,福島県,pref,07,福島県,2023100000,2023年度,2023,00001|F6411,観測値|F6411_新規学卒者所定内給与額（大学）（男）,千円,258.9,258.9
labour,働く人の環境（就業・求人・給与）,07000,福島県,pref,07,福島県,2024100000,2024年度,2024,00001|F6411,観測値|F6411_新規学卒者所定内給与額（大学）（男）,千円,235.6,235.6
labour,働く人の環境（就業・求人・給与）,08000,茨城県,pref,08,茨城県,2020100000,2020年度,2020,00001|F6411,観測値|F6411_新規学卒者所定内給与額（大学）（男）,千円,238.0,238.0
labour,働く人の環境（就業・求人・給与）,08000,茨城県,pref,08,茨城県,2021100000,2021年度,2021,00001|F6411,観測値|F6411_新規学卒者所定内給与額（大学）（男）,千円,236.9,236.9
labour,働く人の環境（就業・求人・給与）,08000,茨城県,pref,08,茨城県,2022100000,2022年度,2022,00001|F6411,観測値|F6411_新規学卒者所定内給与額（大学）（男）,千円,211.7,211.7
labour,働く人の環境（就業・求人・給与）,08000,茨城県,pref,08,茨城県,2023100000,2023年度,2023,00001|F6411,観測値|F6411_新規学卒者所定内給与額（大学）（男）,千円,246.9,246.9
labour,働く人の環境（就業・求人・給与）,08000,茨城県,pref,08,茨城県,2024100000,2024年度,2024,00001|F6411,観測値|F6411_新規学卒者所定内給与額（大学）（男）,千円,240.6,240.6
labour,働く人の環境（就業・求人・給与）,09000,栃木県,pref,09,栃木県,2020100000,2020年度,2020,00001|F6411,観測値|F6411_新規学卒者所定内給与額（大学）（男）,千円,217.2,217.2
labour,働く人の環境（就業・求人・給与）,09000,栃木県,pref,09,栃木県,2021100000,2021年度,2021,00001|F6411,観測値|F6411_新規学卒者所定内給与額（大学）（男）,千円,219.4,219.4
labour,働く人の環境（就業・求人・給与）,09000,栃木県,pref,09,栃木県,2022100000,2022年度,2022,00001|F6411,観測値|F6411_新規学卒者所定内給与額（大学）（男）,千円,230.5,230.5
labour,働く人の環境（就業・求人・給与）,09000,栃木県,pref,09,栃木県,2023100000,2023年度,2023,00001|F6411,観測値|F6411_新規学卒者所定内給与額（大学）（男）,千円,231.9,231.9
labour,働く人の環境（就業・求人・給与）,09000,栃木県,pref,09,栃木県,2024100000,2024年度,2024,00001|F6411,観測値|F6411_新規学卒者所定内給与額（大学）（男）,千円,265.7,265.7
labour,働く人の環境（就業・求人・給与）,10000,群馬県,pref,10,群馬県,2020100000,2020年度,2020,00001|F6411,観測値|F6411_新規学卒者所定内給与額（大学）（男）,千円,225.6,225.6
labour,働く人の環境（就業・求人・給与）,10000,群馬県,pref,10,群馬県,2021100000,2021年度,2021,00001|F6411,観測値|F6411_新規学卒者所定内給与額（大学）（男）,千円,210.6,210.6
labour,働く人の環境（就業・求人・給与）,10000,群馬県,pref,10,群馬県,2022100000,2022年度,2022,00001|F6411,観測値|F6411_新規学卒者所定内給与額（大学）（男）,千円,224.4,224.4
labour,働く人の環境（就業・求人・給与）,10000,群馬県,pref,10,群馬県,2023100000,2023年度,2023,00001|F6411,観測値|F6411_新規学卒者所定内給与額（大学）（男）,千円,233.6,233.6
labour,働く人の環境（就業・求人・給与）,10000,群馬県,pref,10,群馬県,2024100000,2024年度,2024,00001|F6411,観測値|F6411_新規学卒者所定内給与額（大学）（男）,千円,317.9,317.9
labour,働く人の環境（就業・求人・給与）,11000,埼玉県,pref,11,埼玉県,2020100000,2020年度,2020,00001|F6411,観測値|F6411_新規学卒者所定内給与額（大学）（男）,千円,231.5,231.5
labour,働く人の環境（就業・求人・給与）,11000,埼玉県,pref,11,埼玉県,2021100000,2021年度,2021,00001|F6411,観測値|F6411_新規学卒者所定内給与額（大学）（男）,千円,217.7,217.7
labour,働く人の環境（就業・求人・給与）,11000,埼玉県,pref,11,埼玉県,2022100000,2022年度,2022,00001|F6411,観測値|F6411_新規学卒者所定内給与額（大学）（男）,千円,246.2,246.2
labour,働く人の環境（就業・求人・給与）,11000,埼玉県,pref,11,埼玉県,2023100000,2023年度,2023,00001|F6411,観測値|F6411_新規学卒者所定内給与額（大学）（男）,千円,254.1,254.1
labour,働く人の環境（就業・求人・給与）,11000,埼玉県,pref,11,埼玉県,2024100000,2024年度,2024,00001|F6411,観測値|F6411_新規学卒者所定内給与額（大学）（男）,千円,249.1,249.1
labour,働く人の環境（就業・求人・給与）,12000,千葉県,pref,12,千葉県,2020100000,2020年度,2020,00001|F6411,観測値|F6411_新規学卒者所定内給与額（大学）（男）,千円,242.5,242.5
labour,働く人の環境（就業・求人・給与）,12000,千葉県,pref,12,千葉県,2021100000,2021年度,2021,00001|F6411,観測値|F6411_新規学卒者所定内給与額（大学）（男）,千円,246.8,246.8
labour,働く人の環境（就業・求人・給与）,12000,千葉県,pref,12,千葉県,2022100000,2022年度,2022,00001|F6411,観測値|F6411_新規学卒者所定内給与額（大学）（男）,千円,234.7,234.7
labour,働く人の環境（就業・求人・給与）,12000,千葉県,pref,12,千葉県,2023100000,2023年度,2023,00001|F6411,観測値|F6411_新規学卒者所定内給与額（大学）（男）,千円,260.5,260.5
labour,働く人の環境（就業・求人・給与）,12000,千葉県,pref,12,千葉県,2024100000,2024年度,2024,00001|F6411,観測値|F6411_新規学卒者所定内給与額（大学）（男）,千円,257.0,257.0
labour,働く人の環境（就業・求人・給与）,13000,東京都,pref,13,東京都,2020100000,2020年度,2020,00001|F6411,観測値|F6411_新規学卒者所定内給与額（大学）（男）,千円,231.8,231.8
labour,働く人の環境（就業・求人・給与）,13000,東京都,pref,13,東京都,2021100000,2021年度,2021,00001|F6411,観測値|F6411_新規学卒者所定内給与額（大学）（男）,千円,233.4,233.4
labour,働く人の環境（就業・求人・給与）,13000,東京都,pref,13,東京都,2022100000,2022年度,2022,00001|F6411,観測値|F6411_新規学卒者所定内給与額（大学）（男）,千円,240.5,240.5
labour,働く人の環境（就業・求人・給与）,13000,東京都,pref,13,東京都,2023100000,2023年度,2023,00001|F6411,観測値|F6411_新規学卒者所定内給与額（大学）（男）,千円,244.5,244.5
labour,働く人の環境（就業・求人・給与）,13000,東京都,pref,13,東京都,2024100000,2024年度,2024,00001|F6411,観測値|F6411_新規学卒者所定内給与額（大学）（男）,千円,254.2,254.2
labour,働く人の環境（就業・求人・給与）,14000,神奈川県,pref,14,神奈川県,2020100000,2020年度,2020,00001|F6411,観測値|F6411_新規学卒者所定内給与額（大学）（男）,千円,233.3,233.3
labour,働く人の環境（就業・求人・給与）,14000,神奈川県,pref,14,神奈川県,2021100000,2021年度,2021,00001|F6411,観測値|F6411_新規学卒者所定内給与額（大学）（男）,千円,229.3,229.3
labour,働く人の環境（就業・求人・給与）,14000,神奈川県,pref,14,神奈川県,2022100000,2022年度,2022,00001|F6411,観測値|F6411_新規学卒者所定内給与額（大学）（男）,千円,229.3,229.3
labour,働く人の環境（就業・求人・給与）,14000,神奈川県,pref,14,神奈川県,2023100000,2023年度,2023,00001|F6411,観測値|F6411_新規学卒者所定内給与額（大学）（男）,千円,244.9,244.9
labour,働く人の環境（就業・求人・給与）,14000,神奈川県,pref,14,神奈川県,2024100000,2024年度,2024,00001|F6411,観測値|F6411_新規学卒者所定内給与額（大学）（男）,千円,262.9,262.9
labour,働く人の環境（就業・求人・給与）,15000,新潟県,pref,15,新潟県,2020100000,2020年度,2020,00001|F6411,観測値|F6411_新規学卒者所定内給与額（大学）（男）,千円,213.8,213.8
labour,働く人の環境（就業・求人・給与）,15000,新潟県,pref,15,新潟県,2021100000,2021年度,2021,00001|F6411,観測値|F6411_新規学卒者所定内給与額（大学）（男）,千円,215.0,215.0
labour,働く人の環境（就業・求人・給与）,15000,新潟県,pref,15,新潟県,2022100000,2022年度,2022,00001|F6411,観測値|F6411_新規学卒者所定内給与額（大学）（男）,千円,216.6,216.6
labour,働く人の環境（就業・求人・給与）,15000,新潟県,pref,15,新潟県,2023100000,2023年度,2023,00001|F6411,観測値|F6411_新規学卒者所定内給与額（大学）（男）,千円,218.1,218.1
labour,働く人の環境（就業・求人・給与）,15000,新潟県,pref,15,新潟県,2024100000,2024年度,2024,00001|F6411,観測値|F6411_新規学卒者所定内給与額（大学）（男）,千円,228.2,228.2
labour,働く人の環境（就業・求人・給与）,16000,富山県,pref,16,富山県,2020100000,2020年度,2020,00001|F6411,観測値|F6411_新規学卒者所定内給与額（大学）（男）,千円,216.0,216.0
labour,働く人の環境（就業・求人・給与）,16000,富山県,pref,16,富山県,2021100000,2021年度,2021,00001|F6411,観測値|F6411_新規学卒者所定内給与額（大学）（男）,千円,217.0,217.0
labour,働く人の環境（就業・求人・給与）,16000,富山県,pref,16,富山県,2022100000,2022年度,2022,00001|F6411,観測値|F6411_新規学卒者所定内給与額（大学）（男）,千円,224.4,224.4
labour,働く人の環境（就業・求人・給与）,16000,富山県,pref,16,富山県,2023100000,2023年度,2023,00001|F6411,観測値|F6411_新規学卒者所定内給与額（大学）（男）,千円,229.0,229.0
labour,働く人の環境（就業・求人・給与）,16000,富山県,pref,16,富山県,2024100000,2024年度,2024,00001|F6411,観測値|F6411_新規学卒者所定内給与額（大学）（男）,千円,234.4,234.4
labour,働く人の環境（就業・求人・給与）,17000,石川県,pref,17,石川県,2020100000,2020年度,2020,00001|F6411,観測値|F6411_新規学卒者所定内給与額（大学）（男）,千円,206.9,206.9
labour,働く人の環境（就業・求人・給与）,17000,石川県,pref,17,石川県,2021100000,2021年度,2021,00001|F6411,観測値|F6411_新規学卒者所定内給与額（大学）（男）,千円,211.3,211.3
labour,働く人の環境（就業・求人・給与）,17000,石川県,pref,17,石川県,2022100000,2022年度,2022,00001|F6411,観測値|F6411_新規学卒者所定内給与額（大学）（男）,千円,216.3,216.3
labour,働く人の環境（就業・求人・給与）,17000,石川県,pref,17,石川県,2023100000,2023年度,2023,00001|F6411,観測値|F6411_新規学卒者所定内給与額（大学）（男）,千円,240.1,240.1
labour,働く人の環境（就業・求人・給与）,17000,石川県,pref,17,石川県,2024100000,2024年度,2024,00001|F6411,観測値|F6411_新規学卒者所定内給与額（大学）（男）,千円,238.4,238.4
labour,働く人の環境（就業・求人・給与）,18000,福井県,pref,18,福井県,2020100000,2020年度,2020,00001|F6411,観測値|F6411_新規学卒者所定内給与額（大学）（男）,千円,227.6,227.6
labour,働く人の環境（就業・求人・給与）,18000,福井県,pref,18,福井県,2021100000,2021年度,2021,00001|F6411,観測値|F6411_新規学卒者所定内給与額（大学）（男）,千円,233.2,233.2
labour,働く人の環境（就業・求人・給与）,18000,福井県,pref,18,福井県,2022100000,2022年度,2022,00001|F6411,観測値|F6411_新規学卒者所定内給与額（大学）（男）,千円,217.8,217.8
labour,働く人の環境（就業・求人・給与）,18000,福井県,pref,18,福井県,2023100000,2023年度,2023,00001|F6411,観測値|F6411_新規学卒者所定内給与額（大学）（男）,千円,233.9,233.9
labour,働く人の環境（就業・求人・給与）,18000,福井県,pref,18,福井県,2024100000,2024年度,2024,00001|F6411,観測値|F6411_新規学卒者所定内給与額（大学）（男）,千円,224.1,224.1
labour,働く人の環境（就業・求人・給与）,19000,山梨県,pref,19,山梨県,2020100000,2020年度,2020,00001|F6411,観測値|F6411_新規学卒者所定内給与額（大学）（男）,千円,220.3,220.3
labour,働く人の環境（就業・求人・給与）,19000,山梨県,pref,19,山梨県,2021100000,2021年度,2021,00001|F6411,観測値|F6411_新規学卒者所定内給与額（大学）（男）,千円,201.4,201.4
labour,働く人の環境（就業・求人・給与）,19000,山梨県,pref,19,山梨県,2022100000,2022年度,2022,00001|F6411,観測値|F6411_新規学卒者所定内給与額（大学）（男）,千円,218.5,218.5
labour,働く人の環境（就業・求人・給与）,19000,山梨県,pref,19,山梨県,2023100000,2023年度,2023,00001|F6411,観測値|F6411_新規学卒者所定内給与額（大学）（男）,千円,234.6,234.6
labour,働く人の環境（就業・求人・給与）,19000,山梨県,pref,19,山梨県,2024100000,2024年度,2024,00001|F6411,観測値|F6411_新規学卒者所定内給与額（大学）（男）,千円,238.8,238.8
labour,働く人の環境（就業・求人・給与）,20000,長野県,pref,20,長野県,2020100000,2020年度,2020,00001|F6411,観測値|F6411_新規学卒者所定内給与額（大学）（男）,千円,226.3,226.3
labour,働く人の環境（就業・求人・給与）,20000,長野県,pref,20,長野県,2021100000,2021年度,2021,00001|F6411,観測値|F6411_新規学卒者所定内給与額（大学）（男）,千円,215.6,215.6
labour,働く人の環境（就業・求人・給与）,20000,長野県,pref,20,長野県,2022100000,2022年度,2022,00001|F6411,観測値|F6411_新規学卒者所定内給与額（大学）（男）,千円,220.3,220.3
labour,働く人の環境（就業・求人・給与）,20000,長野県,pref,20,長野県,2023100000,2023年度,2023,00001|F6411,観測値|F6411_新規学卒者所定内給与額（大学）（男）,千円,238.4,238.4
labour,働く人の環境（就業・求人・給与）,20000,長野県,pref,20,長野県,2024100000,2024年度,2024,00001|F6411,観測値|F6411_新規学卒者所定内給与額（大学）（男）,千円,251.3,251.3
labour,働く人の環境（就業・求人・給与）,21000,岐阜県,pref,21,岐阜県,2020100000,2020年度,2020,00001|F6411,観測値|F6411_新規学卒者所定内給与額（大学）（男）,千円,230.1,230.1
labour,働く人の環境（就業・求人・給与）,21000,岐阜県,pref,21,岐阜県,2021100000,2021年度,2021,00001|F6411,観測値|F6411_新規学卒者所定内給与額（大学）（男）,千円,216.1,216.1
labour,働く人の環境（就業・求人・給与）,21000,岐阜県,pref,21,岐阜県,2022100000,2022年度,2022,00001|F6411,観測値|F6411_新規学卒者所定内給与額（大学）（男）,千円,223.4,223.4
labour,働く人の環境（就業・求人・給与）,21000,岐阜県,pref,21,岐阜県,2023100000,2023年度,2023,00001|F6411,観測値|F6411_新規学卒者所定内給与額（大学）（男）,千円,193.0,193.0
labour,働く人の環境（就業・求人・給与）,21000,岐阜県,pref,21,岐阜県,2024100000,2024年度,2024,00001|F6411,観測値|F6411_新規学卒者所定内給与額（大学）（男）,千円,251.6,251.6
labour,働く人の環境（就業・求人・給与）,22000,静岡県,pref,22,静岡県,2020100000,2020年度,2020,00001|F6411,観測値|F6411_新規学卒者所定内給与額（大学）（男）,千円,215.1,215.1
labour,働く人の環境（就業・求人・給与）,22000,静岡県,pref,22,静岡県,2021100000,2021年度,2021,00001|F6411,観測値|F6411_新規学卒者所定内給与額（大学）（男）,千円,225.6,225.6
labour,働く人の環境（就業・求人・給与）,22000,静岡県,pref,22,静岡県,2022100000,2022年度,2022,00001|F6411,観測値|F6411_新規学卒者所定内給与額（大学）（男）,千円,218.1,218.1
labour,働く人の環境（就業・求人・給与）,22000,静岡県,pref,22,静岡県,2023100000,2023年度,2023,00001|F6411,観測値|F6411_新規学卒者所定内給与額（大学）（男）,千円,243.5,243.5
labour,働く人の環境（就業・求人・給与）,22000,静岡県,pref,22,静岡県,2024100000,2024年度,2024,00001|F6411,観測値|F6411_新規学卒者所定内給与額（大学）（男）,千円,259.5,259.5
labour,働く人の環境（就業・求人・給与）,23000,愛知県,pref,23,愛知県,2020100000,2020年度,2020,00001|F6411,観測値|F6411_新規学卒者所定内給与額（大学）（男）,千円,226.9,226.9
labour,働く人の環境（就業・求人・給与）,23000,愛知県,pref,23,愛知県,2021100000,2021年度,2021,00001|F6411,観測値|F6411_新規学卒者所定内給与額（大学）（男）,千円,221.1,221.1
labour,働く人の環境（就業・求人・給与）,23000,愛知県,pref,23,愛知県,2022100000,2022年度,2022,00001|F6411,観測値|F6411_新規学卒者所定内給与額（大学）（男）,千円,229.5,229.5
labour,働く人の環境（就業・求人・給与）,23000,愛知県,pref,23,愛知県,2023100000,2023年度,2023,00001|F6411,観測値|F6411_新規学卒者所定内給与額（大学）（男）,千円,241.6,241.6
labour,働く人の環境（就業・求人・給与）,23000,愛知県,pref,23,愛知県,2024100000,2024年度,2024,00001|F6411,観測値|F6411_新規学卒者所定内給与額（大学）（男）,千円,259.1,259.1
labour,働く人の環境（就業・求人・給与）,24000,三重県,pref,24,三重県,2020100000,2020年度,2020,00001|F6411,観測値|F6411_新規学卒者所定内給与額（大学）（男）,千円,222.9,222.9
labour,働く人の環境（就業・求人・給与）,24000,三重県,pref,24,三重県,2021100000,2021年度,2021,00001|F6411,観測値|F6411_新規学卒者所定内給与額（大学）（男）,千円,222.8,222.8
labour,働く人の環境（就業・求人・給与）,24000,三重県,pref,24,三重県,2022100000,2022年度,2022,00001|F6411,観測値|F6411_新規学卒者所定内給与額（大学）（男）,千円,237.2,237.2
labour,働く人の環境（就業・求人・給与）,24000,三重県,pref,24,三重県,2023100000,2023年度,2023,00001|F6411,観測値|F6411_新規学卒者所定内給与額（大学）（男）,千円,223.0,223.0
labour,働く人の環境（就業・求人・給与）,24000,三重県,pref,24,三重県,2024100000,2024年度,2024,00001|F6411,観測値|F6411_新規学卒者所定内給与額（大学）（男）,千円,243.4,243.4
labour,働く人の環境（就業・求人・給与）,25000,滋賀県,pref,25,滋賀県,2020100000,2020年度,2020,00001|F6411,観測値|F6411_新規学卒者所定内給与額（大学）（男）,千円,239.9,239.9
labour,働く人の環境（就業・求人・給与）,25000,滋賀県,pref,25,滋賀県,2021100000,2021年度,2021,00001|F6411,観測値|F6411_新規学卒者所定内給与額（大学）（男）,千円,225.3,225.3
labour,働く人の環境（就業・求人・給与）,25000,滋賀県,pref,25,滋賀県,2022100000,2022年度,2022,00001|F6411,観測値|F6411_新規学卒者所定内給与額（大学）（男）,千円,233.2,233.2
labour,働く人の環境（就業・求人・給与）,25000,滋賀県,pref,25,滋賀県,2023100000,2023年度,2023,00001|F6411,観測値|F6411_新規学卒者所定内給与額（大学）（男）,千円,256.0,256.0
labour,働く人の環境（就業・求人・給与）,25000,滋賀県,pref,25,滋賀県,2024100000,2024年度,2024,00001|F6411,観測値|F6411_新規学卒者所定内給与額（大学）（男）,千円,265.8,265.8
labour,働く人の環境（就業・求人・給与）,26000,京都府,pref,26,京都府,2020100000,2020年度,2020,00001|F6411,観測値|F6411_新規学卒者所定内給与額（大学）（男）,千円,229.3,229.3
labour,働く人の環境（就業・求人・給与）,26000,京都府,pref,26,京都府,2021100000,2021年度,2021,00001|F6411,観測値|F6411_新規学卒者所定内給与額（大学）（男）,千円,219.1,219.1
labour,働く人の環境（就業・求人・給与）,26000,京都府,pref,26,京都府,2022100000,2022年度,2022,00001|F6411,観測値|F6411_新規学卒者所定内給与額（大学）（男）,千円,239.6,239.6
labour,働く人の環境（就業・求人・給与）,26000,京都府,pref,26,京都府,2023100000,2023年度,2023,00001|F6411,観測値|F6411_新規学卒者所定内給与額（大学）（男）,千円,242.2,242.2
labour,働く人の環境（就業・求人・給与）,26000,京都府,pref,26,京都府,2024100000,2024年度,2024,00001|F6411,観測値|F6411_新規学卒者所定内給与額（大学）（男）,千円,254.0,254.0
labour,働く人の環境（就業・求人・給与）,27000,大阪府,pref,27,大阪府,2020100000,2020年度,2020,00001|F6411,観測値|F6411_新規学卒者所定内給与額（大学）（男）,千円,227.2,227.2
labour,働く人の環境（就業・求人・給与）,27000,大阪府,pref,27,大阪府,2021100000,2021年度,2021,00001|F6411,観測値|F6411_新規学卒者所定内給与額（大学）（男）,千円,229.7,229.7
labour,働く人の環境（就業・求人・給与）,27000,大阪府,pref,27,大阪府,2022100000,2022年度,2022,00001|F6411,観測値|F6411_新規学卒者所定内給与額（大学）（男）,千円,233.2,233.2
labour,働く人の環境（就業・求人・給与）,27000,大阪府,pref,27,大阪府,2023100000,2023年度,2023,00001|F6411,観測値|F6411_新規学卒者所定内給与額（大学）（男）,千円,238.1,238.1
labour,働く人の環境（就業・求人・給与）,27000,大阪府,pref,27,大阪府,2024100000,2024年度,2024,00001|F6411,観測値|F6411_新規学卒者所定内給与額（大学）（男）,千円,249.9,249.9
labour,働く人の環境（就業・求人・給与）,28000,兵庫県,pref,28,兵庫県,2020100000,2020年度,2020,00001|F6411,観測値|F6411_新規学卒者所定内給与額（大学）（男）,千円,228.8,228.8
labour,働く人の環境（就業・求人・給与）,28000,兵庫県,pref,28,兵庫県,2021100000,2021年度,2021,00001|F6411,観測値|F6411_新規学卒者所定内給与額（大学）（男）,千円,222.0,222.0
labour,働く人の環境（就業・求人・給与）,28000,兵庫県,pref,28,兵庫県,2022100000,2022年度,2022,00001|F6411,観測値|F6411_新規学卒者所定内給与額（大学）（男）,千円,225.2,225.2
labour,働く人の環境（就業・求人・給与）,28000,兵庫県,pref,28,兵庫県,2023100000,2023年度,2023,00001|F6411,観測値|F6411_新規学卒者所定内給与額（大学）（男）,千円,232.4,232.4
labour,働く人の環境（就業・求人・給与）,28000,兵庫県,pref,28,兵庫県,2024100000,2024年度,2024,00001|F6411,観測値|F6411_新規学卒者所定内給与額（大学）（男）,千円,248.1,248.1
labour,働く人の環境（就業・求人・給与）,29000,奈良県,pref,29,奈良県,2020100000,2020年度,2020,00001|F6411,観測値|F6411_新規学卒者所定内給与額（大学）（男）,千円,234.4,234.4
labour,働く人の環境（就業・求人・給与）,29000,奈良県,pref,29,奈良県,2021100000,2021年度,2021,00001|F6411,観測値|F6411_新規学卒者所定内給与額（大学）（男）,千円,229.0,229.0
labour,働く人の環境（就業・求人・給与）,29000,奈良県,pref,29,奈良県,2022100000,2022年度,2022,00001|F6411,観測値|F6411_新規学卒者所定内給与額（大学）（男）,千円,223.9,223.9
labour,働く人の環境（就業・求人・給与）,29000,奈良県,pref,29,奈良県,2023100000,2023年度,2023,00001|F6411,観測値|F6411_新規学卒者所定内給与額（大学）（男）,千円,241.0,241.0
labour,働く人の環境（就業・求人・給与）,29000,奈良県,pref,29,奈良県,2024100000,2024年度,2024,00001|F6411,観測値|F6411_新規学卒者所定内給与額（大学）（男）,千円,242.2,242.2
labour,働く人の環境（就業・求人・給与）,30000,和歌山県,pref,30,和歌山県,2020100000,2020年度,2020,00001|F6411,観測値|F6411_新規学卒者所定内給与額（大学）（男）,千円,215.6,215.6
labour,働く人の環境（就業・求人・給与）,30000,和歌山県,pref,30,和歌山県,2021100000,2021年度,2021,00001|F6411,観測値|F6411_新規学卒者所定内給与額（大学）（男）,千円,223.9,223.9
labour,働く人の環境（就業・求人・給与）,30000,和歌山県,pref,30,和歌山県,2022100000,2022年度,2022,00001|F6411,観測値|F6411_新規学卒者所定内給与額（大学）（男）,千円,222.6,222.6
labour,働く人の環境（就業・求人・給与）,30000,和歌山県,pref,30,和歌山県,2023100000,2023年度,2023,00001|F6411,観測値|F6411_新規学卒者所定内給与額（大学）（男）,千円,245.9,245.9
labour,働く人の環境（就業・求人・給与）,30000,和歌山県,pref,30,和歌山県,2024100000,2024年度,2024,00001|F6411,観測値|F6411_新規学卒者所定内給与額（大学）（男）,千円,237.3,237.3
labour,働く人の環境（就業・求人・給与）,31000,鳥取県,pref,31,鳥取県,2020100000,2020年度,2020,00001|F6411,観測値|F6411_新規学卒者所定内給与額（大学）（男）,千円,218.8,218.8
labour,働く人の環境（就業・求人・給与）,31000,鳥取県,pref,31,鳥取県,2021100000,2021年度,2021,00001|F6411,観測値|F6411_新規学卒者所定内給与額（大学）（男）,千円,200.0,200.0
labour,働く人の環境（就業・求人・給与）,31000,鳥取県,pref,31,鳥取県,2022100000,2022年度,2022,00001|F6411,観測値|F6411_新規学卒者所定内給与額（大学）（男）,千円,205.6,205.6
labour,働く人の環境（就業・求人・給与）,31000,鳥取県,pref,31,鳥取県,2023100000,2023年度,2023,00001|F6411,観測値|F6411_新規学卒者所定内給与額（大学）（男）,千円,208.2,208.2
labour,働く人の環境（就業・求人・給与）,31000,鳥取県,pref,31,鳥取県,2024100000,2024年度,2024,00001|F6411,観測値|F6411_新規学卒者所定内給与額（大学）（男）,千円,220.0,220.0
labour,働く人の環境（就業・求人・給与）,32000,島根県,pref,32,島根県,2020100000,2020年度,2020,00001|F6411,観測値|F6411_新規学卒者所定内給与額（大学）（男）,千円,221.9,221.9
labour,働く人の環境（就業・求人・給与）,32000,島根県,pref,32,島根県,2021100000,2021年度,2021,00001|F6411,観測値|F6411_新規学卒者所定内給与額（大学）（男）,千円,206.8,206.8
labour,働く人の環境（就業・求人・給与）,32000,島根県,pref,32,島根県,2022100000,2022年度,2022,00001|F6411,観測値|F6411_新規学卒者所定内給与額（大学）（男）,千円,202.2,202.2
labour,働く人の環境（就業・求人・給与）,32000,島根県,pref,32,島根県,2023100000,2023年度,2023,00001|F6411,観測値|F6411_新規学卒者所定内給与額（大学）（男）,千円,226.1,226.1
labour,働く人の環境（就業・求人・給与）,32000,島根県,pref,32,島根県,2024100000,2024年度,2024,00001|F6411,観測値|F6411_新規学卒者所定内給与額（大学）（男）,千円,225.5,225.5
labour,働く人の環境（就業・求人・給与）,33000,岡山県,pref,33,岡山県,2020100000,2020年度,2020,00001|F6411,観測値|F6411_新規学卒者所定内給与額（大学）（男）,千円,212.3,212.3
labour,働く人の環境（就業・求人・給与）,33000,岡山県,pref,33,岡山県,2021100000,2021年度,2021,00001|F6411,観測値|F6411_新規学卒者所定内給与額（大学）（男）,千円,214.7,214.7
labour,働く人の環境（就業・求人・給与）,33000,岡山県,pref,33,岡山県,2022100000,2022年度,2022,00001|F6411,観測値|F6411_新規学卒者所定内給与額（大学）（男）,千円,220.3,220.3
labour,働く人の環境（就業・求人・給与）,33000,岡山県,pref,33,岡山県,2023100000,2023年度,2023,00001|F6411,観測値|F6411_新規学卒者所定内給与額（大学）（男）,千円,226.1,226.1
labour,働く人の環境（就業・求人・給与）,33000,岡山県,pref,33,岡山県,2024100000,2024年度,2024,00001|F6411,観測値|F6411_新規学卒者所定内給与額（大学）（男）,千円,236.5,236.5
labour,働く人の環境（就業・求人・給与）,34000,広島県,pref,34,広島県,2020100000,2020年度,2020,00001|F6411,観測値|F6411_新規学卒者所定内給与額（大学）（男）,千円,215.9,215.9
labour,働く人の環境（就業・求人・給与）,34000,広島県,pref,34,広島県,2021100000,2021年度,2021,00001|F6411,観測値|F6411_新規学卒者所定内給与額（大学）（男）,千円,232.0,232.0
labour,働く人の環境（就業・求人・給与）,34000,広島県,pref,34,広島県,2022100000,2022年度,2022,00001|F6411,観測値|F6411_新規学卒者所定内給与額（大学）（男）,千円,218.0,218.0
labour,働く人の環境（就業・求人・給与）,34000,広島県,pref,34,広島県,2023100000,2023年度,2023,00001|F6411,観測値|F6411_新規学卒者所定内給与額（大学）（男）,千円,226.1,226.1
labour,働く人の環境（就業・求人・給与）,34000,広島県,pref,34,広島県,2024100000,2024年度,2024,00001|F6411,観測値|F6411_新規学卒者所定内給与額（大学）（男）,千円,240.0,240.0
labour,働く人の環境（就業・求人・給与）,35000,山口県,pref,35,山口県,2020100000,2020年度,2020,00001|F6411,観測値|F6411_新規学卒者所定内給与額（大学）（男）,千円,240.9,240.9
labour,働く人の環境（就業・求人・給与）,35000,山口県,pref,35,山口県,2021100000,2021年度,2021,00001|F6411,観測値|F6411_新規学卒者所定内給与額（大学）（男）,千円,214.3,214.3
labour,働く人の環境（就業・求人・給与）,35000,山口県,pref,35,山口県,2022100000,2022年度,2022,00001|F6411,観測値|F6411_新規学卒者所定内給与額（大学）（男）,千円,220.1,220.1
labour,働く人の環境（就業・求人・給与）,35000,山口県,pref,35,山口県,2023100000,2023年度,2023,00001|F6411,観測値|F6411_新規学卒者所定内給与額（大学）（男）,千円,286.3,286.3
labour,働く人の環境（就業・求人・給与）,35000,山口県,pref,35,山口県,2024100000,2024年度,2024,00001|F6411,観測値|F6411_新規学卒者所定内給与額（大学）（男）,千円,253.1,253.1
labour,働く人の環境（就業・求人・給与）,36000,徳島県,pref,36,徳島県,2020100000,2020年度,2020,00001|F6411,観測値|F6411_新規学卒者所定内給与額（大学）（男）,千円,227.0,227.0
labour,働く人の環境（就業・求人・給与）,36000,徳島県,pref,36,徳島県,2021100000,2021年度,2021,00001|F6411,観測値|F6411_新規学卒者所定内給与額（大学）（男）,千円,213.7,213.7
labour,働く人の環境（就業・求人・給与）,36000,徳島県,pref,36,徳島県,2022100000,2022年度,2022,00001|F6411,観測値|F6411_新規学卒者所定内給与額（大学）（男）,千円,227.1,227.1
labour,働く人の環境（就業・求人・給与）,36000,徳島県,pref,36,徳島県,2023100000,2023年度,2023,00001|F6411,観測値|F6411_新規学卒者所定内給与額（大学）（男）,千円,221.3,221.3
labour,働く人の環境（就業・求人・給与）,36000,徳島県,pref,36,徳島県,2024100000,2024年度,2024,00001|F6411,観測値|F6411_新規学卒者所定内給与額（大学）（男）,千円,229.6,229.6
labour,働く人の環境（就業・求人・給与）,37000,香川県,pref,37,香川県,2020100000,2020年度,2020,00001|F6411,観測値|F6411_新規学卒者所定内給与額（大学）（男）,千円,218.0,218.0
labour,働く人の環境（就業・求人・給与）,37000,香川県,pref,37,香川県,2021100000,2021年度,2021,00001|F6411,観測値|F6411_新規学卒者所定内給与額（大学）（男）,千円,222.1,222.1
labour,働く人の環境（就業・求人・給与）,37000,香川県,pref,37,香川県,2022100000,2022年度,2022,00001|F6411,観測値|F6411_新規学卒者所定内給与額（大学）（男）,千円,207.3,207.3
labour,働く人の環境（就業・求人・給与）,37000,香川県,pref,37,香川県,2023100000,2023年度,2023,00001|F6411,観測値|F6411_新規学卒者所定内給与額（大学）（男）,千円,223.9,223.9
labour,働く人の環境（就業・求人・給与）,37000,香川県,pref,37,香川県,2024100000,2024年度,2024,00001|F6411,観測値|F6411_新規学卒者所定内給与額（大学）（男）,千円,241.6,241.6
labour,働く人の環境（就業・求人・給与）,38000,愛媛県,pref,38,愛媛県,2020100000,2020年度,2020,00001|F6411,観測値|F6411_新規学卒者所定内給与額（大学）（男）,千円,217.3,217.3
labour,働く人の環境（就業・求人・給与）,38000,愛媛県,pref,38,愛媛県,2021100000,2021年度,2021,00001|F6411,観測値|F6411_新規学卒者所定内給与額（大学）（男）,千円,211.4,211.4
labour,働く人の環境（就業・求人・給与）,38000,愛媛県,pref,38,愛媛県,2022100000,2022年度,2022,00001|F6411,観測値|F6411_新規学卒者所定内給与額（大学）（男）,千円,208.8,208.8
labour,働く人の環境（就業・求人・給与）,38000,愛媛県,pref,38,愛媛県,2023100000,2023年度,2023,00001|F6411,観測値|F6411_新規学卒者所定内給与額（大学）（男）,千円,211.2,211.2
labour,働く人の環境（就業・求人・給与）,38000,愛媛県,pref,38,愛媛県,2024100000,2024年度,2024,00001|F6411,観測値|F6411_新規学卒者所定内給与額（大学）（男）,千円,227.6,227.6
labour,働く人の環境（就業・求人・給与）,39000,高知県,pref,39,高知県,2020100000,2020年度,2020,00001|F6411,観測値|F6411_新規学卒者所定内給与額（大学）（男）,千円,219.9,219.9
labour,働く人の環境（就業・求人・給与）,39000,高知県,pref,39,高知県,2021100000,2021年度,2021,00001|F6411,観測値|F6411_新規学卒者所定内給与額（大学）（男）,千円,201.6,201.6
labour,働く人の環境（就業・求人・給与）,39000,高知県,pref,39,高知県,2022100000,2022年度,2022,00001|F6411,観測値|F6411_新規学卒者所定内給与額（大学）（男）,千円,200.6,200.6
labour,働く人の環境（就業・求人・給与）,39000,高知県,pref,39,高知県,2023100000,2023年度,2023,00001|F6411,観測値|F6411_新規学卒者所定内給与額（大学）（男）,千円,216.9,216.9
labour,働く人の環境（就業・求人・給与）,39000,高知県,pref,39,高知県,2024100000,2024年度,2024,00001|F6411,観測値|F6411_新規学卒者所定内給与額（大学）（男）,千円,230.2,230.2
labour,働く人の環境（就業・求人・給与）,40000,福岡県,pref,40,福岡県,2020100000,2020年度,2020,00001|F6411,観測値|F6411_新規学卒者所定内給与額（大学）（男）,千円,231.1,231.1
labour,働く人の環境（就業・求人・給与）,40000,福岡県,pref,40,福岡県,2021100000,2021年度,2021,00001|F6411,観測値|F6411_新規学卒者所定内給与額（大学）（男）,千円,215.4,215.4
labour,働く人の環境（就業・求人・給与）,40000,福岡県,pref,40,福岡県,2022100000,2022年度,2022,00001|F6411,観測値|F6411_新規学卒者所定内給与額（大学）（男）,千円,218.9,218.9
labour,働く人の環境（就業・求人・給与）,40000,福岡県,pref,40,福岡県,2023100000,2023年度,2023,00001|F6411,観測値|F6411_新規学卒者所定内給与額（大学）（男）,千円,230.6,230.6
labour,働く人の環境（就業・求人・給与）,40000,福岡県,pref,40,福岡県,2024100000,2024年度,2024,00001|F6411,観測値|F6411_新規学卒者所定内給与額（大学）（男）,千円,254.4,254.4
labour,働く人の環境（就業・求人・給与）,41000,佐賀県,pref,41,佐賀県,2020100000,2020年度,2020,00001|F6411,観測値|F6411_新規学卒者所定内給与額（大学）（男）,千円,213.1,213.1
labour,働く人の環境（就業・求人・給与）,41000,佐賀県,pref,41,佐賀県,2021100000,2021年度,2021,00001|F6411,観測値|F6411_新規学卒者所定内給与額（大学）（男）,千円,220.0,220.0
labour,働く人の環境（就業・求人・給与）,41000,佐賀県,pref,41,佐賀県,2022100000,2022年度,2022,00001|F6411,観測値|F6411_新規学卒者所定内給与額（大学）（男）,千円,217.4,217.4
labour,働く人の環境（就業・求人・給与）,41000,佐賀県,pref,41,佐賀県,2023100000,2023年度,2023,00001|F6411,観測値|F6411_新規学卒者所定内給与額（大学）（男）,千円,220.5,220.5
labour,働く人の環境（就業・求人・給与）,41000,佐賀県,pref,41,佐賀県,2024100000,2024年度,2024,00001|F6411,観測値|F6411_新規学卒者所定内給与額（大学）（男）,千円,233.8,233.8
labour,働く人の環境（就業・求人・給与）,42000,長崎県,pref,42,長崎県,2020100000,2020年度,2020,00001|F6411,観測値|F6411_新規学卒者所定内給与額（大学）（男）,千円,221.9,221.9
labour,働く人の環境（就業・求人・給与）,42000,長崎県,pref,42,長崎県,2021100000,2021年度,2021,00001|F6411,観測値|F6411_新規学卒者所定内給与額（大学）（男）,千円,212.0,212.0
labour,働く人の環境（就業・求人・給与）,42000,長崎県,pref,42,長崎県,2022100000,2022年度,2022,00001|F6411,観測値|F6411_新規学卒者所定内給与額（大学）（男）,千円,225.2,225.2
labour,働く人の環境（就業・求人・給与）,42000,長崎県,pref,42,長崎県,2023100000,2023年度,2023,00001|F6411,観測値|F6411_新規学卒者所定内給与額（大学）（男）,千円,205.3,205.3
labour,働く人の環境（就業・求人・給与）,42000,長崎県,pref,42,長崎県,2024100000,2024年度,2024,00001|F6411,観測値|F6411_新規学卒者所定内給与額（大学）（男）,千円,266.4,266.4
labour,働く人の環境（就業・求人・給与）,43000,熊本県,pref,43,熊本県,2020100000,2020年度,2020,00001|F6411,観測値|F6411_新規学卒者所定内給与額（大学）（男）,千円,221.5,221.5
labour,働く人の環境（就業・求人・給与）,43000,熊本県,pref,43,熊本県,2021100000,2021年度,2021,00001|F6411,観測値|F6411_新規学卒者所定内給与額（大学）（男）,千円,212.8,212.8
labour,働く人の環境（就業・求人・給与）,43000,熊本県,pref,43,熊本県,2022100000,2022年度,2022,00001|F6411,観測値|F6411_新規学卒者所定内給与額（大学）（男）,千円,204.6,204.6
labour,働く人の環境（就業・求人・給与）,43000,熊本県,pref,43,熊本県,2023100000,2023年度,2023,00001|F6411,観測値|F6411_新規学卒者所定内給与額（大学）（男）,千円,236.9,236.9
labour,働く人の環境（就業・求人・給与）,43000,熊本県,pref,43,熊本県,2024100000,2024年度,2024,00001|F6411,観測値|F6411_新規学卒者所定内給与額（大学）（男）,千円,228.8,228.8
labour,働く人の環境（就業・求人・給与）,44000,大分県,pref,44,大分県,2020100000,2020年度,2020,00001|F6411,観測値|F6411_新規学卒者所定内給与額（大学）（男）,千円,208.8,208.8
labour,働く人の環境（就業・求人・給与）,44000,大分県,pref,44,大分県,2021100000,2021年度,2021,00001|F6411,観測値|F6411_新規学卒者所定内給与額（大学）（男）,千円,215.6,215.6
labour,働く人の環境（就業・求人・給与）,44000,大分県,pref,44,大分県,2022100000,2022年度,2022,00001|F6411,観測値|F6411_新規学卒者所定内給与額（大学）（男）,千円,211.4,211.4
labour,働く人の環境（就業・求人・給与）,44000,大分県,pref,44,大分県,2023100000,2023年度,2023,00001|F6411,観測値|F6411_新規学卒者所定内給与額（大学）（男）,千円,213.0,213.0
labour,働く人の環境（就業・求人・給与）,44000,大分県,pref,44,大分県,2024100000,2024年度,2024,00001|F6411,観測値|F6411_新規学卒者所定内給与額（大学）（男）,千円,224.0,224.0
labour,働く人の環境（就業・求人・給与）,45000,宮崎県,pref,45,宮崎県,2020100000,2020年度,2020,00001|F6411,観測値|F6411_新規学卒者所定内給与額（大学）（男）,千円,200.2,200.2
labour,働く人の環境（就業・求人・給与）,45000,宮崎県,pref,45,宮崎県,2021100000,2021年度,2021,00001|F6411,観測値|F6411_新規学卒者所定内給与額（大学）（男）,千円,206.3,206.3
labour,働く人の環境（就業・求人・給与）,45000,宮崎県,pref,45,宮崎県,2022100000,2022年度,2022,00001|F6411,観測値|F6411_新規学卒者所定内給与額（大学）（男）,千円,226.8,226.8
labour,働く人の環境（就業・求人・給与）,45000,宮崎県,pref,45,宮崎県,2023100000,2023年度,2023,00001|F6411,観測値|F6411_新規学卒者所定内給与額（大学）（男）,千円,211.5,211.5
labour,働く人の環境（就業・求人・給与）,45000,宮崎県,pref,45,宮崎県,2024100000,2024年度,2024,00001|F6411,観測値|F6411_新規学卒者所定内給与額（大学）（男）,千円,216.7,216.7
labour,働く人の環境（就業・求人・給与）,46000,鹿児島県,pref,46,鹿児島県,2020100000,2020年度,2020,00001|F6411,観測値|F6411_新規学卒者所定内給与額（大学）（男）,千円,212.9,212.9
labour,働く人の環境（就業・求人・給与）,46000,鹿児島県,pref,46,鹿児島県,2021100000,2021年度,2021,00001|F6411,観測値|F6411_新規学卒者所定内給与額（大学）（男）,千円,230.8,230.8
labour,働く人の環境（就業・求人・給与）,46000,鹿児島県,pref,46,鹿児島県,2022100000,2022年度,2022,00001|F6411,観測値|F6411_新規学卒者所定内給与額（大学）（男）,千円,208.8,208.8
labour,働く人の環境（就業・求人・給与）,46000,鹿児島県,pref,46,鹿児島県,2023100000,2023年度,2023,00001|F6411,観測値|F6411_新規学卒者所定内給与額（大学）（男）,千円,247.3,247.3
labour,働く人の環境（就業・求人・給与）,46000,鹿児島県,pref,46,鹿児島県,2024100000,2024年度,2024,00001|F6411,観測値|F6411_新規学卒者所定内給与額（大学）（男）,千円,231.6,231.6
labour,働く人の環境（就業・求人・給与）,47000,沖縄県,pref,47,沖縄県,2020100000,2020年度,2020,00001|F6411,観測値|F6411_新規学卒者所定内給与額（大学）（男）,千円,184.8,184.8
labour,働く人の環境（就業・求人・給与）,47000,沖縄県,pref,47,沖縄県,2021100000,2021年度,2021,00001|F6411,観測値|F6411_新規学卒者所定内給与額（大学）（男）,千円,198.4,198.4
labour,働く人の環境（就業・求人・給与）,47000,沖縄県,pref,47,沖縄県,2022100000,2022年度,2022,00001|F6411,観測値|F6411_新規学卒者所定内給与額（大学）（男）,千円,188.8,188.8
labour,働く人の環境（就業・求人・給与）,47000,沖縄県,pref,47,沖縄県,2023100000,2023年度,2023,00001|F6411,観測値|F6411_新規学卒者所定内給与額（大学）（男）,千円,252.4,252.4
labour,働く人の環境（就業・求人・給与）,47000,沖縄県,pref,47,沖縄県,2024100000,2024年度,2024,00001|F6411,観測値|F6411_新規学卒者所定内給与額（大学）（男）,千円,215.5,215.5
labour,働く人の環境（就業・求人・給与）,00000,全国,national,,,2020100000,2020年度,2020,00001|F6412,観測値|F6412_新規学卒者所定内給与額（大学）（女）,千円,224.6,224.6
labour,働く人の環境（就業・求人・給与）,00000,全国,national,,,2021100000,2021年度,2021,00001|F6412,観測値|F6412_新規学卒者所定内給与額（大学）（女）,千円,223.9,223.9
labour,働く人の環境（就業・求人・給与）,00000,全国,national,,,2022100000,2022年度,2022,00001|F6412,観測値|F6412_新規学卒者所定内給与額（大学）（女）,千円,227.2,227.2
labour,働く人の環境（就業・求人・給与）,00000,全国,national,,,2023100000,2023年度,2023,00001|F6412,観測値|F6412_新規学卒者所定内給与額（大学）（女）,千円,234.3,234.3
labour,働く人の環境（就業・求人・給与）,00000,全国,national,,,2024100000,2024年度,2024,00001|F6412,観測値|F6412_新規学卒者所定内給与額（大学）（女）,千円,244.9,244.9
labour,働く人の環境（就業・求人・給与）,01000,北海道,pref,01,北海道,2020100000,2020年度,2020,00001|F6412,観測値|F6412_新規学卒者所定内給与額（大学）（女）,千円,228.9,228.9
labour,働く人の環境（就業・求人・給与）,01000,北海道,pref,01,北海道,2021100000,2021年度,2021,00001|F6412,観測値|F6412_新規学卒者所定内給与額（大学）（女）,千円,206.8,206.8
labour,働く人の環境（就業・求人・給与）,01000,北海道,pref,01,北海道,2022100000,2022年度,2022,00001|F6412,観測値|F6412_新規学卒者所定内給与額（大学）（女）,千円,220.7,220.7
labour,働く人の環境（就業・求人・給与）,01000,北海道,pref,01,北海道,2023100000,2023年度,2023,00001|F6412,観測値|F6412_新規学卒者所定内給与額（大学）（女）,千円,222.9,222.9
labour,働く人の環境（就業・求人・給与）,01000,北海道,pref,01,北海道,2024100000,2024年度,2024,00001|F6412,観測値|F6412_新規学卒者所定内給与額（大学）（女）,千円,219.4,219.4
labour,働く人の環境（就業・求人・給与）,02000,青森県,pref,02,青森県,2020100000,2020年度,2020,00001|F6412,観測値|F6412_新規学卒者所定内給与額（大学）（女）,千円,195.6,195.6
labour,働く人の環境（就業・求人・給与）,02000,青森県,pref,02,青森県,2021100000,2021年度,2021,00001|F6412,観測値|F6412_新規学卒者所定内給与額（大学）（女）,千円,205.4,205.4
labour,働く人の環境（就業・求人・給与）,02000,青森県,pref,02,青森県,2022100000,2022年度,2022,00001|F6412,観測値|F6412_新規学卒者所定内給与額（大学）（女）,千円,197.9,197.9
labour,働く人の環境（就業・求人・給与）,02000,青森県,pref,02,青森県,2023100000,2023年度,2023,00001|F6412,観測値|F6412_新規学卒者所定内給与額（大学）（女）,千円,225.6,225.6
labour,働く人の環境（就業・求人・給与）,02000,青森県,pref,02,青森県,2024100000,2024年度,2024,00001|F6412,観測値|F6412_新規学卒者所定内給与額（大学）（女）,千円,216.4,216.4
labour,働く人の環境（就業・求人・給与）,03000,岩手県,pref,03,岩手県,2020100000,2020年度,2020,00001|F6412,観測値|F6412_新規学卒者所定内給与額（大学）（女）,千円,216.2,216.2
labour,働く人の環境（就業・求人・給与）,03000,岩手県,pref,03,岩手県,2021100000,2021年度,2021,00001|F6412,観測値|F6412_新規学卒者所定内給与額（大学）（女）,千円,212.0,212.0
labour,働く人の環境（就業・求人・給与）,03000,岩手県,pref,03,岩手県,2022100000,2022年度,2022,00001|F6412,観測値|F6412_新規学卒者所定内給与額（大学）（女）,千円,216.8,216.8
labour,働く人の環境（就業・求人・給与）,03000,岩手県,pref,03,岩手県,2023100000,2023年度,2023,00001|F6412,観測値|F6412_新規学卒者所定内給与額（大学）（女）,千円,256.6,256.6
labour,働く人の環境（就業・求人・給与）,03000,岩手県,pref,03,岩手県,2024100000,2024年度,2024,00001|F6412,観測値|F6412_新規学卒者所定内給与額（大学）（女）,千円,221.4,221.4
labour,働く人の環境（就業・求人・給与）,04000,宮城県,pref,04,宮城県,2020100000,2020年度,2020,00001|F6412,観測値|F6412_新規学卒者所定内給与額（大学）（女）,千円,210.7,210.7
labour,働く人の環境（就業・求人・給与）,04000,宮城県,pref,04,宮城県,2021100000,2021年度,2021,00001|F6412,観測値|F6412_新規学卒者所定内給与額（大学）（女）,千円,217.5,217.5
labour,働く人の環境（就業・求人・給与）,04000,宮城県,pref,04,宮城県,2022100000,2022年度,2022,00001|F6412,観測値|F6412_新規学卒者所定内給与額（大学）（女）,千円,211.7,211.7
labour,働く人の環境（就業・求人・給与）,04000,宮城県,pref,04,宮城県,2023100000,2023年度,2023,00001|F6412,観測値|F6412_新規学卒者所定内給与額（大学）（女）,千円,215.7,215.7
labour,働く人の環境（就業・求人・給与）,04000,宮城県,pref,04,宮城県,2024100000,2024年度,2024,00001|F6412,観測値|F6412_新規学卒者所定内給与額（大学）（女）,千円,237.4,237.4
labour,働く人の環境（就業・求人・給与）,05000,秋田県,pref,05,秋田県,2020100000,2020年度,2020,00001|F6412,観測値|F6412_新規学卒者所定内給与額（大学）（女）,千円,221.4,221.4
labour,働く人の環境（就業・求人・給与）,05000,秋田県,pref,05,秋田県,2021100000,2021年度,2021,00001|F6412,観測値|F6412_新規学卒者所定内給与額（大学）（女）,千円,210.7,210.7
labour,働く人の環境（就業・求人・給与）,05000,秋田県,pref,05,秋田県,2022100000,2022年度,2022,00001|F6412,観測値|F6412_新規学卒者所定内給与額（大学）（女）,千円,207.2,207.2
labour,働く人の環境（就業・求人・給与）,05000,秋田県,pref,05,秋田県,2023100000,2023年度,2023,00001|F6412,観測値|F6412_新規学卒者所定内給与額（大学）（女）,千円,250.3,250.3
labour,働く人の環境（就業・求人・給与）,05000,秋田県,pref,05,秋田県,2024100000,2024年度,2024,00001|F6412,観測値|F6412_新規学卒者所定内給与額（大学）（女）,千円,219.6,219.6
labour,働く人の環境（就業・求人・給与）,06000,山形県,pref,06,山形県,2020100000,2020年度,2020,00001|F6412,観測値|F6412_新規学卒者所定内給与額（大学）（女）,千円,236.8,236.8
labour,働く人の環境（就業・求人・給与）,06000,山形県,pref,06,山形県,2021100000,2021年度,2021,00001|F6412,観測値|F6412_新規学卒者所定内給与額（大学）（女）,千円,220.5,220.5
labour,働く人の環境（就業・求人・給与）,06000,山形県,pref,06,山形県,2022100000,2022年度,2022,00001|F6412,観測値|F6412_新規学卒者所定内給与額（大学）（女）,千円,195.8,195.8
labour,働く人の環境（就業・求人・給与）,06000,山形県,pref,06,山形県,2023100000,2023年度,2023,00001|F6412,観測値|F6412_新規学卒者所定内給与額（大学）（女）,千円,202.3,202.3
labour,働く人の環境（就業・求人・給与）,06000,山形県,pref,06,山形県,2024100000,2024年度,2024,00001|F6412,観測値|F6412_新規学卒者所定内給与額（大学）（女）,千円,227.3,227.3
labour,働く人の環境（就業・求人・給与）,07000,福島県,pref,07,福島県,2020100000,2020年度,2020,00001|F6412,観測値|F6412_新規学卒者所定内給与額（大学）（女）,千円,211.7,211.7
labour,働く人の環境（就業・求人・給与）,07000,福島県,pref,07,福島県,2021100000,2021年度,2021,00001|F6412,観測値|F6412_新規学卒者所定内給与額（大学）（女）,千円,208.6,208.6
labour,働く人の環境（就業・求人・給与）,07000,福島県,pref,07,福島県,2022100000,2022年度,2022,00001|F6412,観測値|F6412_新規学卒者所定内給与額（大学）（女）,千円,209.7,209.7
labour,働く人の環境（就業・求人・給与）,07000,福島県,pref,07,福島県,2023100000,2023年度,2023,00001|F6412,観測値|F6412_新規学卒者所定内給与額（大学）（女）,千円,216.8,216.8
labour,働く人の環境（就業・求人・給与）,07000,福島県,pref,07,福島県,2024100000,2024年度,2024,00001|F6412,観測値|F6412_新規学卒者所定内給与額（大学）（女）,千円,219.0,219.0
labour,働く人の環境（就業・求人・給与）,08000,茨城県,pref,08,茨城県,2020100000,2020年度,2020,00001|F6412,観測値|F6412_新規学卒者所定内給与額（大学）（女）,千円,224.5,224.5
labour,働く人の環境（就業・求人・給与）,08000,茨城県,pref,08,茨城県,2021100000,2021年度,2021,00001|F6412,観測値|F6412_新規学卒者所定内給与額（大学）（女）,千円,221.1,221.1
labour,働く人の環境（就業・求人・給与）,08000,茨城県,pref,08,茨城県,2022100000,2022年度,2022,00001|F6412,観測値|F6412_新規学卒者所定内給与額（大学）（女）,千円,222.3,222.3
labour,働く人の環境（就業・求人・給与）,08000,茨城県,pref,08,茨城県,2023100000,2023年度,2023,00001|F6412,観測値|F6412_新規学卒者所定内給与額（大学）（女）,千円,227.1,227.1
labour,働く人の環境（就業・求人・給与）,08000,茨城県,pref,08,茨城県,2024100000,2024年度,2024,00001|F6412,観測値|F6412_新規学卒者所定内給与額（大学）（女）,千円,242.0,242.0
labour,働く人の環境（就業・求人・給与）,09000,栃木県,pref,09,栃木県,2020100000,2020年度,2020,00001|F6412,観測値|F6412_新規学卒者所定内給与額（大学）（女）,千円,209.1,209.1
labour,働く人の環境（就業・求人・給与）,09000,栃木県,pref,09,栃木県,2021100000,2021年度,2021,00001|F6412,観測値|F6412_新規学卒者所定内給与額（大学）（女）,千円,219.5,219.5
labour,働く人の環境（就業・求人・給与）,09000,栃木県,pref,09,栃木県,2022100000,2022年度,2022,00001|F6412,観測値|F6412_新規学卒者所定内給与額（大学）（女）,千円,213.5,213.5
labour,働く人の環境（就業・求人・給与）,09000,栃木県,pref,09,栃木県,2023100000,2023年度,2023,00001|F6412,観測値|F6412_新規学卒者所定内給与額（大学）（女）,千円,226.0,226.0
labour,働く人の環境（就業・求人・給与）,09000,栃木県,pref,09,栃木県,2024100000,2024年度,2024,00001|F6412,観測値|F6412_新規学卒者所定内給与額（大学）（女）,千円,235.9,235.9
labour,働く人の環境（就業・求人・給与）,10000,群馬県,pref,10,群馬県,2020100000,2020年度,2020,00001|F6412,観測値|F6412_新規学卒者所定内給与額（大学）（女）,千円,208.0,208.0
labour,働く人の環境（就業・求人・給与）,10000,群馬県,pref,10,群馬県,2021100000,2021年度,2021,00001|F6412,観測値|F6412_新規学卒者所定内給与額（大学）（女）,千円,227.4,227.4
labour,働く人の環境（就業・求人・給与）,10000,群馬県,pref,10,群馬県,2022100000,2022年度,2022,00001|F6412,観測値|F6412_新規学卒者所定内給与額（大学）（女）,千円,206.9,206.9
labour,働く人の環境（就業・求人・給与）,10000,群馬県,pref,10,群馬県,2023100000,2023年度,2023,00001|F6412,観測値|F6412_新規学卒者所定内給与額（大学）（女）,千円,223.3,223.3
labour,働く人の環境（就業・求人・給与）,10000,群馬県,pref,10,群馬県,2024100000,2024年度,2024,00001|F6412,観測値|F6412_新規学卒者所定内給与額（大学）（女）,千円,224.3,224.3
labour,働く人の環境（就業・求人・給与）,11000,埼玉県,pref,11,埼玉県,2020100000,2020年度,2020,00001|F6412,観測値|F6412_新規学卒者所定内給与額（大学）（女）,千円,245.2,245.2
labour,働く人の環境（就業・求人・給与）,11000,埼玉県,pref,11,埼玉県,2021100000,2021年度,2021,00001|F6412,観測値|F6412_新規学卒者所定内給与額（大学）（女）,千円,230.9,230.9
labour,働く人の環境（就業・求人・給与）,11000,埼玉県,pref,11,埼玉県,2022100000,2022年度,2022,00001|F6412,観測値|F6412_新規学卒者所定内給与額（大学）（女）,千円,225.4,225.4
labour,働く人の環境（就業・求人・給与）,11000,埼玉県,pref,11,埼玉県,2023100000,2023年度,2023,00001|F6412,観測値|F6412_新規学卒者所定内給与額（大学）（女）,千円,236.8,236.8
labour,働く人の環境（就業・求人・給与）,11000,埼玉県,pref,11,埼玉県,2024100000,2024年度,2024,00001|F6412,観測値|F6412_新規学卒者所定内給与額（大学）（女）,千円,251.9,251.9
labour,働く人の環境（就業・求人・給与）,12000,千葉県,pref,12,千葉県,2020100000,2020年度,2020,00001|F6412,観測値|F6412_新規学卒者所定内給与額（大学）（女）,千円,234.7,234.7
labour,働く人の環境（就業・求人・給与）,12000,千葉県,pref,12,千葉県,2021100000,2021年度,2021,00001|F6412,観測値|F6412_新規学卒者所定内給与額（大学）（女）,千円,220.5,220.5
labour,働く人の環境（就業・求人・給与）,12000,千葉県,pref,12,千葉県,2022100000,2022年度,2022,00001|F6412,観測値|F6412_新規学卒者所定内給与額（大学）（女）,千円,233.9,233.9
labour,働く人の環境（就業・求人・給与）,12000,千葉県,pref,12,千葉県,2023100000,2023年度,2023,00001|F6412,観測値|F6412_新規学卒者所定内給与額（大学）（女）,千円,225.4,225.4
labour,働く人の環境（就業・求人・給与）,12000,千葉県,pref,12,千葉県,2024100000,2024年度,2024,00001|F6412,観測値|F6412_新規学卒者所定内給与額（大学）（女）,千円,251.3,251.3
labour,働く人の環境（就業・求人・給与）,13000,東京都,pref,13,東京都,2020100000,2020年度,2020,00001|F6412,観測値|F6412_新規学卒者所定内給与額（大学）（女）,千円,227.7,227.7
labour,働く人の環境（就業・求人・給与）,13000,東京都,pref,13,東京都,2021100000,2021年度,2021,00001|F6412,観測値|F6412_新規学卒者所定内給与額（大学）（女）,千円,227.3,227.3
labour,働く人の環境（就業・求人・給与）,13000,東京都,pref,13,東京都,2022100000,2022年度,2022,00001|F6412,観測値|F6412_新規学卒者所定内給与額（大学）（女）,千円,238.0,238.0
labour,働く人の環境（就業・求人・給与）,13000,東京都,pref,13,東京都,2023100000,2023年度,2023,00001|F6412,観測値|F6412_新規学卒者所定内給与額（大学）（女）,千円,244.4,244.4
labour,働く人の環境（就業・求人・給与）,13000,東京都,pref,13,東京都,2024100000,2024年度,2024,00001|F6412,観測値|F6412_新規学卒者所定内給与額（大学）（女）,千円,254.5,254.5
labour,働く人の環境（就業・求人・給与）,14000,神奈川県,pref,14,神奈川県,2020100000,2020年度,2020,00001|F6412,観測値|F6412_新規学卒者所定内給与額（大学）（女）,千円,229.9,229.9
labour,働く人の環境（就業・求人・給与）,14000,神奈川県,pref,14,神奈川県,2021100000,2021年度,2021,00001|F6412,観測値|F6412_新規学卒者所定内給与額（大学）（女）,千円,229.6,229.6
labour,働く人の環境（就業・求人・給与）,14000,神奈川県,pref,14,神奈川県,2022100000,2022年度,2022,00001|F6412,観測値|F6412_新規学卒者所定内給与額（大学）（女）,千円,236.1,236.1
labour,働く人の環境（就業・求人・給与）,14000,神奈川県,pref,14,神奈川県,2023100000,2023年度,2023,00001|F6412,観測値|F6412_新規学卒者所定内給与額（大学）（女）,千円,239.6,239.6
labour,働く人の環境（就業・求人・給与）,14000,神奈川県,pref,14,神奈川県,2024100000,2024年度,2024,00001|F6412,観測値|F6412_新規学卒者所定内給与額（大学）（女）,千円,241.3,241.3
labour,働く人の環境（就業・求人・給与）,15000,新潟県,pref,15,新潟県,2020100000,2020年度,2020,00001|F6412,観測値|F6412_新規学卒者所定内給与額（大学）（女）,千円,206.0,206.0
labour,働く人の環境（就業・求人・給与）,15000,新潟県,pref,15,新潟県,2021100000,2021年度,2021,00001|F6412,観測値|F6412_新規学卒者所定内給与額（大学）（女）,千円,213.2,213.2
labour,働く人の環境（就業・求人・給与）,15000,新潟県,pref,15,新潟県,2022100000,2022年度,2022,00001|F6412,観測値|F6412_新規学卒者所定内給与額（大学）（女）,千円,215.7,215.7
labour,働く人の環境（就業・求人・給与）,15000,新潟県,pref,15,新潟県,2023100000,2023年度,2023,00001|F6412,観測値|F6412_新規学卒者所定内給与額（大学）（女）,千円,212.9,212.9
labour,働く人の環境（就業・求人・給与）,15000,新潟県,pref,15,新潟県,2024100000,2024年度,2024,00001|F6412,観測値|F6412_新規学卒者所定内給与額（大学）（女）,千円,234.3,234.3
labour,働く人の環境（就業・求人・給与）,16000,富山県,pref,16,富山県,2020100000,2020年度,2020,00001|F6412,観測値|F6412_新規学卒者所定内給与額（大学）（女）,千円,208.3,208.3
labour,働く人の環境（就業・求人・給与）,16000,富山県,pref,16,富山県,2021100000,2021年度,2021,00001|F6412,観測値|F6412_新規学卒者所定内給与額（大学）（女）,千円,219.2,219.2
labour,働く人の環境（就業・求人・給与）,16000,富山県,pref,16,富山県,2022100000,2022年度,2022,00001|F6412,観測値|F6412_新規学卒者所定内給与額（大学）（女）,千円,225.5,225.5
labour,働く人の環境（就業・求人・給与）,16000,富山県,pref,16,富山県,2023100000,2023年度,2023,00001|F6412,観測値|F6412_新規学卒者所定内給与額（大学）（女）,千円,236.2,236.2
labour,働く人の環境（就業・求人・給与）,16000,富山県,pref,16,富山県,2024100000,2024年度,2024,00001|F6412,観測値|F6412_新規学卒者所定内給与額（大学）（女）,千円,245.6,245.6
labour,働く人の環境（就業・求人・給与）,17000,石川県,pref,17,石川県,2020100000,2020年度,2020,00001|F6412,観測値|F6412_新規学卒者所定内給与額（大学）（女）,千円,234.4,234.4
labour,働く人の環境（就業・求人・給与）,17000,石川県,pref,17,石川県,2021100000,2021年度,2021,00001|F6412,観測値|F6412_新規学卒者所定内給与額（大学）（女）,千円,212.7,212.7
labour,働く人の環境（就業・求人・給与）,17000,石川県,pref,17,石川県,2022100000,2022年度,2022,00001|F6412,観測値|F6412_新規学卒者所定内給与額（大学）（女）,千円,218.9,218.9
labour,働く人の環境（就業・求人・給与）,17000,石川県,pref,17,石川県,2023100000,2023年度,2023,00001|F6412,観測値|F6412_新規学卒者所定内給与額（大学）（女）,千円,217.4,217.4
labour,働く人の環境（就業・求人・給与）,17000,石川県,pref,17,石川県,2024100000,2024年度,2024,00001|F6412,観測値|F6412_新規学卒者所定内給与額（大学）（女）,千円,237.9,237.9
labour,働く人の環境（就業・求人・給与）,18000,福井県,pref,18,福井県,2020100000,2020年度,2020,00001|F6412,観測値|F6412_新規学卒者所定内給与額（大学）（女）,千円,224.6,224.6
labour,働く人の環境（就業・求人・給与）,18000,福井県,pref,18,福井県,2021100000,2021年度,2021,00001|F6412,観測値|F6412_新規学卒者所定内給与額（大学）（女）,千円,212.4,212.4
labour,働く人の環境（就業・求人・給与）,18000,福井県,pref,18,福井県,2022100000,2022年度,2022,00001|F6412,観測値|F6412_新規学卒者所定内給与額（大学）（女）,千円,211.5,211.5
labour,働く人の環境（就業・求人・給与）,18000,福井県,pref,18,福井県,2023100000,2023年度,2023,00001|F6412,観測値|F6412_新規学卒者所定内給与額（大学）（女）,千円,215.6,215.6
labour,働く人の環境（就業・求人・給与）,18000,福井県,pref,18,福井県,2024100000,2024年度,2024,00001|F6412,観測値|F6412_新規学卒者所定内給与額（大学）（女）,千円,242.7,242.7
labour,働く人の環境（就業・求人・給与）,19000,山梨県,pref,19,山梨県,2020100000,2020年度,2020,00001|F6412,観測値|F6412_新規学卒者所定内給与額（大学）（女）,千円,230.4,230.4
labour,働く人の環境（就業・求人・給与）,19000,山梨県,pref,19,山梨県,2021100000,2021年度,2021,00001|F6412,観測値|F6412_新規学卒者所定内給与額（大学）（女）,千円,231.3,231.3
labour,働く人の環境（就業・求人・給与）,19000,山梨県,pref,19,山梨県,2022100000,2022年度,2022,00001|F6412,観測値|F6412_新規学卒者所定内給与額（大学）（女）,千円,202.3,202.3
labour,働く人の環境（就業・求人・給与）,19000,山梨県,pref,19,山梨県,2023100000,2023年度,2023,00001|F6412,観測値|F6412_新規学卒者所定内給与額（大学）（女）,千円,217.8,217.8
labour,働く人の環境（就業・求人・給与）,19000,山梨県,pref,19,山梨県,2024100000,2024年度,2024,00001|F6412,観測値|F6412_新規学卒者所定内給与額（大学）（女）,千円,228.1,228.1
labour,働く人の環境（就業・求人・給与）,20000,長野県,pref,20,長野県,2020100000,2020年度,2020,00001|F6412,観測値|F6412_新規学卒者所定内給与額（大学）（女）,千円,218.2,218.2
labour,働く人の環境（就業・求人・給与）,20000,長野県,pref,20,長野県,2021100000,2021年度,2021,00001|F6412,観測値|F6412_新規学卒者所定内給与額（大学）（女）,千円,217.7,217.7
labour,働く人の環境（就業・求人・給与）,20000,長野県,pref,20,長野県,2022100000,2022年度,2022,00001|F6412,観測値|F6412_新規学卒者所定内給与額（大学）（女）,千円,212.3,212.3
labour,働く人の環境（就業・求人・給与）,20000,長野県,pref,20,長野県,2023100000,2023年度,2023,00001|F6412,観測値|F6412_新規学卒者所定内給与額（大学）（女）,千円,221.3,221.3
labour,働く人の環境（就業・求人・給与）,20000,長野県,pref,20,長野県,2024100000,2024年度,2024,00001|F6412,観測値|F6412_新規学卒者所定内給与額（大学）（女）,千円,239.9,239.9
labour,働く人の環境（就業・求人・給与）,21000,岐阜県,pref,21,岐阜県,2020100000,2020年度,2020,00001|F6412,観測値|F6412_新規学卒者所定内給与額（大学）（女）,千円,232.4,232.4
labour,働く人の環境（就業・求人・給与）,21000,岐阜県,pref,21,岐阜県,2021100000,2021年度,2021,00001|F6412,観測値|F6412_新規学卒者所定内給与額（大学）（女）,千円,212.2,212.2
labour,働く人の環境（就業・求人・給与）,21000,岐阜県,pref,21,岐阜県,2022100000,2022年度,2022,00001|F6412,観測値|F6412_新規学卒者所定内給与額（大学）（女）,千円,227.0,227.0
labour,働く人の環境（就業・求人・給与）,21000,岐阜県,pref,21,岐阜県,2023100000,2023年度,2023,00001|F6412,観測値|F6412_新規学卒者所定内給与額（大学）（女）,千円,216.2,216.2
labour,働く人の環境（就業・求人・給与）,21000,岐阜県,pref,21,岐阜県,2024100000,2024年度,2024,00001|F6412,観測値|F6412_新規学卒者所定内給与額（大学）（女）,千円,228.6,228.6
labour,働く人の環境（就業・求人・給与）,22000,静岡県,pref,22,静岡県,2020100000,2020年度,2020,00001|F6412,観測値|F6412_新規学卒者所定内給与額（大学）（女）,千円,209.5,209.5
labour,働く人の環境（就業・求人・給与）,22000,静岡県,pref,22,静岡県,2021100000,2021年度,2021,00001|F6412,観測値|F6412_新規学卒者所定内給与額（大学）（女）,千円,221.4,221.4
labour,働く人の環境（就業・求人・給与）,22000,静岡県,pref,22,静岡県,2022100000,2022年度,2022,00001|F6412,観測値|F6412_新規学卒者所定内給与額（大学）（女）,千円,217.3,217.3
labour,働く人の環境（就業・求人・給与）,22000,静岡県,pref,22,静岡県,2023100000,2023年度,2023,00001|F6412,観測値|F6412_新規学卒者所定内給与額（大学）（女）,千円,259.9,259.9
labour,働く人の環境（就業・求人・給与）,22000,静岡県,pref,22,静岡県,2024100000,2024年度,2024,00001|F6412,観測値|F6412_新規学卒者所定内給与額（大学）（女）,千円,242.0,242.0
labour,働く人の環境（就業・求人・給与）,23000,愛知県,pref,23,愛知県,2020100000,2020年度,2020,00001|F6412,観測値|F6412_新規学卒者所定内給与額（大学）（女）,千円,231.5,231.5
labour,働く人の環境（就業・求人・給与）,23000,愛知県,pref,23,愛知県,2021100000,2021年度,2021,00001|F6412,観測値|F6412_新規学卒者所定内給与額（大学）（女）,千円,223.2,223.2
labour,働く人の環境（就業・求人・給与）,23000,愛知県,pref,23,愛知県,2022100000,2022年度,2022,00001|F6412,観測値|F6412_新規学卒者所定内給与額（大学）（女）,千円,218.3,218.3
labour,働く人の環境（就業・求人・給与）,23000,愛知県,pref,23,愛知県,2023100000,2023年度,2023,00001|F6412,観測値|F6412_新規学卒者所定内給与額（大学）（女）,千円,240.7,240.7
labour,働く人の環境（就業・求人・給与）,23000,愛知県,pref,23,愛知県,2024100000,2024年度,2024,00001|F6412,観測値|F6412_新規学卒者所定内給与額（大学）（女）,千円,255.3,255.3
labour,働く人の環境（就業・求人・給与）,24000,三重県,pref,24,三重県,2020100000,2020年度,2020,00001|F6412,観測値|F6412_新規学卒者所定内給与額（大学）（女）,千円,238.5,238.5
labour,働く人の環境（就業・求人・給与）,24000,三重県,pref,24,三重県,2021100000,2021年度,2021,00001|F6412,観測値|F6412_新規学卒者所定内給与額（大学）（女）,千円,229.6,229.6
labour,働く人の環境（就業・求人・給与）,24000,三重県,pref,24,三重県,2022100000,2022年度,2022,00001|F6412,観測値|F6412_新規学卒者所定内給与額（大学）（女）,千円,205.4,205.4
labour,働く人の環境（就業・求人・給与）,24000,三重県,pref,24,三重県,2023100000,2023年度,2023,00001|F6412,観測値|F6412_新規学卒者所定内給与額（大学）（女）,千円,236.1,236.1
labour,働く人の環境（就業・求人・給与）,24000,三重県,pref,24,三重県,2024100000,2024年度,2024,00001|F6412,観測値|F6412_新規学卒者所定内給与額（大学）（女）,千円,227.4,227.4
labour,働く人の環境（就業・求人・給与）,25000,滋賀県,pref,25,滋賀県,2020100000,2020年度,2020,00001|F6412,観測値|F6412_新規学卒者所定内給与額（大学）（女）,千円,214.8,214.8
labour,働く人の環境（就業・求人・給与）,25000,滋賀県,pref,25,滋賀県,2021100000,2021年度,2021,00001|F6412,観測値|F6412_新規学卒者所定内給与額（大学）（女）,千円,216.9,216.9
labour,働く人の環境（就業・求人・給与）,25000,滋賀県,pref,25,滋賀県,2022100000,2022年度,2022,00001|F6412,観測値|F6412_新規学卒者所定内給与額（大学）（女）,千円,229.4,229.4
labour,働く人の環境（就業・求人・給与）,25000,滋賀県,pref,25,滋賀県,2023100000,2023年度,2023,00001|F6412,観測値|F6412_新規学卒者所定内給与額（大学）（女）,千円,232.5,232.5
labour,働く人の環境（就業・求人・給与）,25000,滋賀県,pref,25,滋賀県,2024100000,2024年度,2024,00001|F6412,観測値|F6412_新規学卒者所定内給与額（大学）（女）,千円,267.9,267.9
labour,働く人の環境（就業・求人・給与）,26000,京都府,pref,26,京都府,2020100000,2020年度,2020,00001|F6412,観測値|F6412_新規学卒者所定内給与額（大学）（女）,千円,223.0,223.0
labour,働く人の環境（就業・求人・給与）,26000,京都府,pref,26,京都府,2021100000,2021年度,2021,00001|F6412,観測値|F6412_新規学卒者所定内給与額（大学）（女）,千円,233.2,233.2
labour,働く人の環境（就業・求人・給与）,26000,京都府,pref,26,京都府,2022100000,2022年度,2022,00001|F6412,観測値|F6412_新規学卒者所定内給与額（大学）（女）,千円,224.9,224.9
labour,働く人の環境（就業・求人・給与）,26000,京都府,pref,26,京都府,2023100000,2023年度,2023,00001|F6412,観測値|F6412_新規学卒者所定内給与額（大学）（女）,千円,237.9,237.9
labour,働く人の環境（就業・求人・給与）,26000,京都府,pref,26,京都府,2024100000,2024年度,2024,00001|F6412,観測値|F6412_新規学卒者所定内給与額（大学）（女）,千円,244.0,244.0
labour,働く人の環境（就業・求人・給与）,27000,大阪府,pref,27,大阪府,2020100000,2020年度,2020,00001|F6412,観測値|F6412_新規学卒者所定内給与額（大学）（女）,千円,222.2,222.2
labour,働く人の環境（就業・求人・給与）,27000,大阪府,pref,27,大阪府,2021100000,2021年度,2021,00001|F6412,観測値|F6412_新規学卒者所定内給与額（大学）（女）,千円,225.0,225.0
labour,働く人の環境（就業・求人・給与）,27000,大阪府,pref,27,大阪府,2022100000,2022年度,2022,00001|F6412,観測値|F6412_新規学卒者所定内給与額（大学）（女）,千円,227.2,227.2
labour,働く人の環境（就業・求人・給与）,27000,大阪府,pref,27,大阪府,2023100000,2023年度,2023,00001|F6412,観測値|F6412_新規学卒者所定内給与額（大学）（女）,千円,233.2,233.2
labour,働く人の環境（就業・求人・給与）,27000,大阪府,pref,27,大阪府,2024100000,2024年度,2024,00001|F6412,観測値|F6412_新規学卒者所定内給与額（大学）（女）,千円,240.8,240.8
labour,働く人の環境（就業・求人・給与）,28000,兵庫県,pref,28,兵庫県,2020100000,2020年度,2020,00001|F6412,観測値|F6412_新規学卒者所定内給与額（大学）（女）,千円,219.0,219.0
labour,働く人の環境（就業・求人・給与）,28000,兵庫県,pref,28,兵庫県,2021100000,2021年度,2021,00001|F6412,観測値|F6412_新規学卒者所定内給与額（大学）（女）,千円,233.0,233.0
labour,働く人の環境（就業・求人・給与）,28000,兵庫県,pref,28,兵庫県,2022100000,2022年度,2022,00001|F6412,観測値|F6412_新規学卒者所定内給与額（大学）（女）,千円,227.6,227.6
labour,働く人の環境（就業・求人・給与）,28000,兵庫県,pref,28,兵庫県,2023100000,2023年度,2023,00001|F6412,観測値|F6412_新規学卒者所定内給与額（大学）（女）,千円,224.1,224.1
labour,働く人の環境（就業・求人・給与）,28000,兵庫県,pref,28,兵庫県,2024100000,2024年度,2024,00001|F6412,観測値|F6412_新規学卒者所定内給与額（大学）（女）,千円,234.5,234.5
labour,働く人の環境（就業・求人・給与）,29000,奈良県,pref,29,奈良県,2020100000,2020年度,2020,00001|F6412,観測値|F6412_新規学卒者所定内給与額（大学）（女）,千円,224.3,224.3
labour,働く人の環境（就業・求人・給与）,29000,奈良県,pref,29,奈良県,2021100000,2021年度,2021,00001|F6412,観測値|F6412_新規学卒者所定内給与額（大学）（女）,千円,225.1,225.1
labour,働く人の環境（就業・求人・給与）,29000,奈良県,pref,29,奈良県,2022100000,2022年度,2022,00001|F6412,観測値|F6412_新規学卒者所定内給与額（大学）（女）,千円,237.3,237.3
labour,働く人の環境（就業・求人・給与）,29000,奈良県,pref,29,奈良県,2023100000,2023年度,2023,00001|F6412,観測値|F6412_新規学卒者所定内給与額（大学）（女）,千円,227.9,227.9
labour,働く人の環境（就業・求人・給与）,29000,奈良県,pref,29,奈良県,2024100000,2024年度,2024,00001|F6412,観測値|F6412_新規学卒者所定内給与額（大学）（女）,千円,224.2,224.2
labour,働く人の環境（就業・求人・給与）,30000,和歌山県,pref,30,和歌山県,2020100000,2020年度,2020,00001|F6412,観測値|F6412_新規学卒者所定内給与額（大学）（女）,千円,213.5,213.5
labour,働く人の環境（就業・求人・給与）,30000,和歌山県,pref,30,和歌山県,2021100000,2021年度,2021,00001|F6412,観測値|F6412_新規学卒者所定内給与額（大学）（女）,千円,223.1,223.1
labour,働く人の環境（就業・求人・給与）,30000,和歌山県,pref,30,和歌山県,2022100000,2022年度,2022,00001|F6412,観測値|F6412_新規学卒者所定内給与額（大学）（女）,千円,216.4,216.4
labour,働く人の環境（就業・求人・給与）,30000,和歌山県,pref,30,和歌山県,2023100000,2023年度,2023,00001|F6412,観測値|F6412_新規学卒者所定内給与額（大学）（女）,千円,220.1,220.1
labour,働く人の環境（就業・求人・給与）,30000,和歌山県,pref,30,和歌山県,2024100000,2024年度,2024,00001|F6412,観測値|F6412_新規学卒者所定内給与額（大学）（女）,千円,236.0,236.0
labour,働く人の環境（就業・求人・給与）,31000,鳥取県,pref,31,鳥取県,2020100000,2020年度,2020,00001|F6412,観測値|F6412_新規学卒者所定内給与額（大学）（女）,千円,211.9,211.9
labour,働く人の環境（就業・求人・給与）,31000,鳥取県,pref,31,鳥取県,2021100000,2021年度,2021,00001|F6412,観測値|F6412_新規学卒者所定内給与額（大学）（女）,千円,212.7,212.7
labour,働く人の環境（就業・求人・給与）,31000,鳥取県,pref,31,鳥取県,2022100000,2022年度,2022,00001|F6412,観測値|F6412_新規学卒者所定内給与額（大学）（女）,千円,226.1,226.1
labour,働く人の環境（就業・求人・給与）,31000,鳥取県,pref,31,鳥取県,2023100000,2023年度,2023,00001|F6412,観測値|F6412_新規学卒者所定内給与額（大学）（女）,千円,199.4,199.4
labour,働く人の環境（就業・求人・給与）,31000,鳥取県,pref,31,鳥取県,2024100000,2024年度,2024,00001|F6412,観測値|F6412_新規学卒者所定内給与額（大学）（女）,千円,218.3,218.3
labour,働く人の環境（就業・求人・給与）,32000,島根県,pref,32,島根県,2020100000,2020年度,2020,00001|F6412,観測値|F6412_新規学卒者所定内給与額（大学）（女）,千円,223.4,223.4
labour,働く人の環境（就業・求人・給与）,32000,島根県,pref,32,島根県,2021100000,2021年度,2021,00001|F6412,観測値|F6412_新規学卒者所定内給与額（大学）（女）,千円,209.9,209.9
labour,働く人の環境（就業・求人・給与）,32000,島根県,pref,32,島根県,2022100000,2022年度,2022,00001|F6412,観測値|F6412_新規学卒者所定内給与額（大学）（女）,千円,203.0,203.0
labour,働く人の環境（就業・求人・給与）,32000,島根県,pref,32,島根県,2023100000,2023年度,2023,00001|F6412,観測値|F6412_新規学卒者所定内給与額（大学）（女）,千円,204.4,204.4
labour,働く人の環境（就業・求人・給与）,32000,島根県,pref,32,島根県,2024100000,2024年度,2024,00001|F6412,観測値|F6412_新規学卒者所定内給与額（大学）（女）,千円,245.1,245.1
labour,働く人の環境（就業・求人・給与）,33000,岡山県,pref,33,岡山県,2020100000,2020年度,2020,00001|F6412,観測値|F6412_新規学卒者所定内給与額（大学）（女）,千円,222.1,222.1
labour,働く人の環境（就業・求人・給与）,33000,岡山県,pref,33,岡山県,2021100000,2021年度,2021,00001|F6412,観測値|F6412_新規学卒者所定内給与額（大学）（女）,千円,215.6,215.6
labour,働く人の環境（就業・求人・給与）,33000,岡山県,pref,33,岡山県,2022100000,2022年度,2022,00001|F6412,観測値|F6412_新規学卒者所定内給与額（大学）（女）,千円,208.0,208.0
labour,働く人の環境（就業・求人・給与）,33000,岡山県,pref,33,岡山県,2023100000,2023年度,2023,00001|F6412,観測値|F6412_新規学卒者所定内給与額（大学）（女）,千円,221.8,221.8
labour,働く人の環境（就業・求人・給与）,33000,岡山県,pref,33,岡山県,2024100000,2024年度,2024,00001|F6412,観測値|F6412_新規学卒者所定内給与額（大学）（女）,千円,231.1,231.1
labour,働く人の環境（就業・求人・給与）,34000,広島県,pref,34,広島県,2020100000,2020年度,2020,00001|F6412,観測値|F6412_新規学卒者所定内給与額（大学）（女）,千円,213.8,213.8
labour,働く人の環境（就業・求人・給与）,34000,広島県,pref,34,広島県,2021100000,2021年度,2021,00001|F6412,観測値|F6412_新規学卒者所定内給与額（大学）（女）,千円,224.6,224.6
labour,働く人の環境（就業・求人・給与）,34000,広島県,pref,34,広島県,2022100000,2022年度,2022,00001|F6412,観測値|F6412_新規学卒者所定内給与額（大学）（女）,千円,223.2,223.2
labour,働く人の環境（就業・求人・給与）,34000,広島県,pref,34,広島県,2023100000,2023年度,2023,00001|F6412,観測値|F6412_新規学卒者所定内給与額（大学）（女）,千円,221.3,221.3
labour,働く人の環境（就業・求人・給与）,34000,広島県,pref,34,広島県,2024100000,2024年度,2024,00001|F6412,観測値|F6412_新規学卒者所定内給与額（大学）（女）,千円,228.7,228.7
labour,働く人の環境（就業・求人・給与）,35000,山口県,pref,35,山口県,2020100000,2020年度,2020,00001|F6412,観測値|F6412_新規学卒者所定内給与額（大学）（女）,千円,212.1,212.1
labour,働く人の環境（就業・求人・給与）,35000,山口県,pref,35,山口県,2021100000,2021年度,2021,00001|F6412,観測値|F6412_新規学卒者所定内給与額（大学）（女）,千円,213.3,213.3
labour,働く人の環境（就業・求人・給与）,35000,山口県,pref,35,山口県,2022100000,2022年度,2022,00001|F6412,観測値|F6412_新規学卒者所定内給与額（大学）（女）,千円,209.1,209.1
labour,働く人の環境（就業・求人・給与）,35000,山口県,pref,35,山口県,2023100000,2023年度,2023,00001|F6412,観測値|F6412_新規学卒者所定内給与額（大学）（女）,千円,217.9,217.9
labour,働く人の環境（就業・求人・給与）,35000,山口県,pref,35,山口県,2024100000,2024年度,2024,00001|F6412,観測値|F6412_新規学卒者所定内給与額（大学）（女）,千円,234.9,234.9
labour,働く人の環境（就業・求人・給与）,36000,徳島県,pref,36,徳島県,2020100000,2020年度,2020,00001|F6412,観測値|F6412_新規学卒者所定内給与額（大学）（女）,千円,210.5,210.5
labour,働く人の環境（就業・求人・給与）,36000,徳島県,pref,36,徳島県,2021100000,2021年度,2021,00001|F6412,観測値|F6412_新規学卒者所定内給与額（大学）（女）,千円,213.8,213.8
labour,働く人の環境（就業・求人・給与）,36000,徳島県,pref,36,徳島県,2022100000,2022年度,2022,00001|F6412,観測値|F6412_新規学卒者所定内給与額（大学）（女）,千円,208.2,208.2
labour,働く人の環境（就業・求人・給与）,36000,徳島県,pref,36,徳島県,2023100000,2023年度,2023,00001|F6412,観測値|F6412_新規学卒者所定内給与額（大学）（女）,千円,202.2,202.2
labour,働く人の環境（就業・求人・給与）,36000,徳島県,pref,36,徳島県,2024100000,2024年度,2024,00001|F6412,観測値|F6412_新規学卒者所定内給与額（大学）（女）,千円,211.6,211.6
labour,働く人の環境（就業・求人・給与）,37000,香川県,pref,37,香川県,2020100000,2020年度,2020,00001|F6412,観測値|F6412_新規学卒者所定内給与額（大学）（女）,千円,196.4,196.4
labour,働く人の環境（就業・求人・給与）,37000,香川県,pref,37,香川県,2021100000,2021年度,2021,00001|F6412,観測値|F6412_新規学卒者所定内給与額（大学）（女）,千円,204.4,204.4
labour,働く人の環境（就業・求人・給与）,37000,香川県,pref,37,香川県,2022100000,2022年度,2022,00001|F6412,観測値|F6412_新規学卒者所定内給与額（大学）（女）,千円,214.5,214.5
labour,働く人の環境（就業・求人・給与）,37000,香川県,pref,37,香川県,2023100000,2023年度,2023,00001|F6412,観測値|F6412_新規学卒者所定内給与額（大学）（女）,千円,227.4,227.4
labour,働く人の環境（就業・求人・給与）,37000,香川県,pref,37,香川県,2024100000,2024年度,2024,00001|F6412,観測値|F6412_新規学卒者所定内給与額（大学）（女）,千円,231.0,231.0
labour,働く人の環境（就業・求人・給与）,38000,愛媛県,pref,38,愛媛県,2020100000,2020年度,2020,00001|F6412,観測値|F6412_新規学卒者所定内給与額（大学）（女）,千円,210.7,210.7
labour,働く人の環境（就業・求人・給与）,38000,愛媛県,pref,38,愛媛県,2021100000,2021年度,2021,00001|F6412,観測値|F6412_新規学卒者所定内給与額（大学）（女）,千円,209.0,209.0
labour,働く人の環境（就業・求人・給与）,38000,愛媛県,pref,38,愛媛県,2022100000,2022年度,2022,00001|F6412,観測値|F6412_新規学卒者所定内給与額（大学）（女）,千円,191.9,191.9
labour,働く人の環境（就業・求人・給与）,38000,愛媛県,pref,38,愛媛県,2023100000,2023年度,2023,00001|F6412,観測値|F6412_新規学卒者所定内給与額（大学）（女）,千円,216.4,216.4
labour,働く人の環境（就業・求人・給与）,38000,愛媛県,pref,38,愛媛県,2024100000,2024年度,2024,00001|F6412,観測値|F6412_新規学卒者所定内給与額（大学）（女）,千円,218.4,218.4
labour,働く人の環境（就業・求人・給与）,39000,高知県,pref,39,高知県,2020100000,2020年度,2020,00001|F6412,観測値|F6412_新規学卒者所定内給与額（大学）（女）,千円,203.1,203.1
labour,働く人の環境（就業・求人・給与）,39000,高知県,pref,39,高知県,2021100000,2021年度,2021,00001|F6412,観測値|F6412_新規学卒者所定内給与額（大学）（女）,千円,208.5,208.5
labour,働く人の環境（就業・求人・給与）,39000,高知県,pref,39,高知県,2022100000,2022年度,2022,00001|F6412,観測値|F6412_新規学卒者所定内給与額（大学）（女）,千円,210.4,210.4
labour,働く人の環境（就業・求人・給与）,39000,高知県,pref,39,高知県,2023100000,2023年度,2023,00001|F6412,観測値|F6412_新規学卒者所定内給与額（大学）（女）,千円,204.6,204.6
labour,働く人の環境（就業・求人・給与）,39000,高知県,pref,39,高知県,2024100000,2024年度,2024,00001|F6412,観測値|F6412_新規学卒者所定内給与額（大学）（女）,千円,219.1,219.1
labour,働く人の環境（就業・求人・給与）,40000,福岡県,pref,40,福岡県,2020100000,2020年度,2020,00001|F6412,観測値|F6412_新規学卒者所定内給与額（大学）（女）,千円,215.4,215.4
labour,働く人の環境（就業・求人・給与）,40000,福岡県,pref,40,福岡県,2021100000,2021年度,2021,00001|F6412,観測値|F6412_新規学卒者所定内給与額（大学）（女）,千円,221.9,221.9
labour,働く人の環境（就業・求人・給与）,40000,福岡県,pref,40,福岡県,2022100000,2022年度,2022,00001|F6412,観測値|F6412_新規学卒者所定内給与額（大学）（女）,千円,217.7,217.7
labour,働く人の環境（就業・求人・給与）,40000,福岡県,pref,40,福岡県,2023100000,2023年度,2023,00001|F6412,観測値|F6412_新規学卒者所定内給与額（大学）（女）,千円,224.3,224.3
labour,働く人の環境（就業・求人・給与）,40000,福岡県,pref,40,福岡県,2024100000,2024年度,2024,00001|F6412,観測値|F6412_新規学卒者所定内給与額（大学）（女）,千円,232.6,232.6
labour,働く人の環境（就業・求人・給与）,41000,佐賀県,pref,41,佐賀県,2020100000,2020年度,2020,00001|F6412,観測値|F6412_新規学卒者所定内給与額（大学）（女）,千円,228.2,228.2
labour,働く人の環境（就業・求人・給与）,41000,佐賀県,pref,41,佐賀県,2021100000,2021年度,2021,00001|F6412,観測値|F6412_新規学卒者所定内給与額（大学）（女）,千円,211.9,211.9
labour,働く人の環境（就業・求人・給与）,41000,佐賀県,pref,41,佐賀県,2022100000,2022年度,2022,00001|F6412,観測値|F6412_新規学卒者所定内給与額（大学）（女）,千円,245.0,245.0
labour,働く人の環境（就業・求人・給与）,41000,佐賀県,pref,41,佐賀県,2023100000,2023年度,2023,00001|F6412,観測値|F6412_新規学卒者所定内給与額（大学）（女）,千円,266.0,266.0
labour,働く人の環境（就業・求人・給与）,41000,佐賀県,pref,41,佐賀県,2024100000,2024年度,2024,00001|F6412,観測値|F6412_新規学卒者所定内給与額（大学）（女）,千円,255.2,255.2
labour,働く人の環境（就業・求人・給与）,42000,長崎県,pref,42,長崎県,2020100000,2020年度,2020,00001|F6412,観測値|F6412_新規学卒者所定内給与額（大学）（女）,千円,213.8,213.8
labour,働く人の環境（就業・求人・給与）,42000,長崎県,pref,42,長崎県,2021100000,2021年度,2021,00001|F6412,観測値|F6412_新規学卒者所定内給与額（大学）（女）,千円,219.2,219.2
labour,働く人の環境（就業・求人・給与）,42000,長崎県,pref,42,長崎県,2022100000,2022年度,2022,00001|F6412,観測値|F6412_新規学卒者所定内給与額（大学）（女）,千円,206.7,206.7
labour,働く人の環境（就業・求人・給与）,42000,長崎県,pref,42,長崎県,2023100000,2023年度,2023,00001|F6412,観測値|F6412_新規学卒者所定内給与額（大学）（女）,千円,209.8,209.8
labour,働く人の環境（就業・求人・給与）,42000,長崎県,pref,42,長崎県,2024100000,2024年度,2024,00001|F6412,観測値|F6412_新規学卒者所定内給与額（大学）（女）,千円,230.4,230.4
labour,働く人の環境（就業・求人・給与）,43000,熊本県,pref,43,熊本県,2020100000,2020年度,2020,00001|F6412,観測値|F6412_新規学卒者所定内給与額（大学）（女）,千円,218.6,218.6
labour,働く人の環境（就業・求人・給与）,43000,熊本県,pref,43,熊本県,2021100000,2021年度,2021,00001|F6412,観測値|F6412_新規学卒者所定内給与額（大学）（女）,千円,224.7,224.7
labour,働く人の環境（就業・求人・給与）,43000,熊本県,pref,43,熊本県,2022100000,2022年度,2022,00001|F6412,観測値|F6412_新規学卒者所定内給与額（大学）（女）,千円,198.6,198.6
labour,働く人の環境（就業・求人・給与）,43000,熊本県,pref,43,熊本県,2023100000,2023年度,2023,00001|F6412,観測値|F6412_新規学卒者所定内給与額（大学）（女）,千円,214.1,214.1
labour,働く人の環境（就業・求人・給与）,43000,熊本県,pref,43,熊本県,2024100000,2024年度,2024,00001|F6412,観測値|F6412_新規学卒者所定内給与額（大学）（女）,千円,230.0,230.0
labour,働く人の環境（就業・求人・給与）,44000,大分県,pref,44,大分県,2020100000,2020年度,2020,00001|F6412,観測値|F6412_新規学卒者所定内給与額（大学）（女）,千円,216.6,216.6
labour,働く人の環境（就業・求人・給与）,44000,大分県,pref,44,大分県,2021100000,2021年度,2021,00001|F6412,観測値|F6412_新規学卒者所定内給与額（大学）（女）,千円,225.4,225.4
labour,働く人の環境（就業・求人・給与）,44000,大分県,pref,44,大分県,2022100000,2022年度,2022,00001|F6412,観測値|F6412_新規学卒者所定内給与額（大学）（女）,千円,229.8,229.8
labour,働く人の環境（就業・求人・給与）,44000,大分県,pref,44,大分県,2023100000,2023年度,2023,00001|F6412,観測値|F6412_新規学卒者所定内給与額（大学）（女）,千円,242.7,242.7
labour,働く人の環境（就業・求人・給与）,44000,大分県,pref,44,大分県,2024100000,2024年度,2024,00001|F6412,観測値|F6412_新規学卒者所定内給与額（大学）（女）,千円,224.8,224.8
labour,働く人の環境（就業・求人・給与）,45000,宮崎県,pref,45,宮崎県,2020100000,2020年度,2020,00001|F6412,観測値|F6412_新規学卒者所定内給与額（大学）（女）,千円,210.3,210.3
labour,働く人の環境（就業・求人・給与）,45000,宮崎県,pref,45,宮崎県,2021100000,2021年度,2021,00001|F6412,観測値|F6412_新規学卒者所定内給与額（大学）（女）,千円,199.5,199.5
labour,働く人の環境（就業・求人・給与）,45000,宮崎県,pref,45,宮崎県,2022100000,2022年度,2022,00001|F6412,観測値|F6412_新規学卒者所定内給与額（大学）（女）,千円,289.8,289.8
labour,働く人の環境（就業・求人・給与）,45000,宮崎県,pref,45,宮崎県,2023100000,2023年度,2023,00001|F6412,観測値|F6412_新規学卒者所定内給与額（大学）（女）,千円,218.5,218.5
labour,働く人の環境（就業・求人・給与）,45000,宮崎県,pref,45,宮崎県,2024100000,2024年度,2024,00001|F6412,観測値|F6412_新規学卒者所定内給与額（大学）（女）,千円,233.9,233.9
labour,働く人の環境（就業・求人・給与）,46000,鹿児島県,pref,46,鹿児島県,2020100000,2020年度,2020,00001|F6412,観測値|F6412_新規学卒者所定内給与額（大学）（女）,千円,208.7,208.7
labour,働く人の環境（就業・求人・給与）,46000,鹿児島県,pref,46,鹿児島県,2021100000,2021年度,2021,00001|F6412,観測値|F6412_新規学卒者所定内給与額（大学）（女）,千円,222.3,222.3
labour,働く人の環境（就業・求人・給与）,46000,鹿児島県,pref,46,鹿児島県,2022100000,2022年度,2022,00001|F6412,観測値|F6412_新規学卒者所定内給与額（大学）（女）,千円,289.0,289.0
labour,働く人の環境（就業・求人・給与）,46000,鹿児島県,pref,46,鹿児島県,2023100000,2023年度,2023,00001|F6412,観測値|F6412_新規学卒者所定内給与額（大学）（女）,千円,219.9,219.9
labour,働く人の環境（就業・求人・給与）,46000,鹿児島県,pref,46,鹿児島県,2024100000,2024年度,2024,00001|F6412,観測値|F6412_新規学卒者所定内給与額（大学）（女）,千円,224.7,224.7
labour,働く人の環境（就業・求人・給与）,47000,沖縄県,pref,47,沖縄県,2020100000,2020年度,2020,00001|F6412,観測値|F6412_新規学卒者所定内給与額（大学）（女）,千円,185.7,185.7
labour,働く人の環境（就業・求人・給与）,47000,沖縄県,pref,47,沖縄県,2021100000,2021年度,2021,00001|F6412,観測値|F6412_新規学卒者所定内給与額（大学）（女）,千円,226.4,226.4
labour,働く人の環境（就業・求人・給与）,47000,沖縄県,pref,47,沖縄県,2022100000,2022年度,2022,00001|F6412,観測値|F6412_新規学卒者所定内給与額（大学）（女）,千円,203.5,203.5
labour,働く人の環境（就業・求人・給与）,47000,沖縄県,pref,47,沖縄県,2023100000,2023年度,2023,00001|F6412,観測値|F6412_新規学卒者所定内給与額（大学）（女）,千円,220.9,220.9
labour,働く人の環境（就業・求人・給与）,47000,沖縄県,pref,47,沖縄県,2024100000,2024年度,2024,00001|F6412,観測値|F6412_新規学卒者所定内給与額（大学）（女）,千円,228.0,228.0
labour,働く人の環境（就業・求人・給与）,00000,全国,national,,,2010100000,2010年度,2010,00001|F6501,観測値|F6501_地域別最低賃金,円,730.0,730
labour,働く人の環境（就業・求人・給与）,00000,全国,national,,,2011100000,2011年度,2011,00001|F6501,観測値|F6501_地域別最低賃金,円,737.0,737
labour,働く人の環境（就業・求人・給与）,00000,全国,national,,,2012100000,2012年度,2012,00001|F6501,観測値|F6501_地域別最低賃金,円,749.0,749
labour,働く人の環境（就業・求人・給与）,00000,全国,national,,,2013100000,2013年度,2013,00001|F6501,観測値|F6501_地域別最低賃金,円,764.0,764
labour,働く人の環境（就業・求人・給与）,00000,全国,national,,,2014100000,2014年度,2014,00001|F6501,観測値|F6501_地域別最低賃金,円,780.0,780
labour,働く人の環境（就業・求人・給与）,00000,全国,national,,,2015100000,2015年度,2015,00001|F6501,観測値|F6501_地域別最低賃金,円,798.0,798
labour,働く人の環境（就業・求人・給与）,00000,全国,national,,,2016100000,2016年度,2016,00001|F6501,観測値|F6501_地域別最低賃金,円,823.0,823
labour,働く人の環境（就業・求人・給与）,00000,全国,national,,,2017100000,2017年度,2017,00001|F6501,観測値|F6501_地域別最低賃金,円,848.0,848
labour,働く人の環境（就業・求人・給与）,00000,全国,national,,,2018100000,2018年度,2018,00001|F6501,観測値|F6501_地域別最低賃金,円,874.0,874
labour,働く人の環境（就業・求人・給与）,00000,全国,national,,,2019100000,2019年度,2019,00001|F6501,観測値|F6501_地域別最低賃金,円,901.0,901
labour,働く人の環境（就業・求人・給与）,00000,全国,national,,,2020100000,2020年度,2020,00001|F6501,観測値|F6501_地域別最低賃金,円,902.0,902
labour,働く人の環境（就業・求人・給与）,00000,全国,national,,,2021100000,2021年度,2021,00001|F6501,観測値|F6501_地域別最低賃金,円,930.0,930
labour,働く人の環境（就業・求人・給与）,00000,全国,national,,,2022100000,2022年度,2022,00001|F6501,観測値|F6501_地域別最低賃金,円,961.0,961
labour,働く人の環境（就業・求人・給与）,00000,全国,national,,,2023100000,2023年度,2023,00001|F6501,観測値|F6501_地域別最低賃金,円,1004.0,1004
labour,働く人の環境（就業・求人・給与）,00000,全国,national,,,2024100000,2024年度,2024,00001|F6501,観測値|F6501_地域別最低賃金,円,1055.0,1055
labour,働く人の環境（就業・求人・給与）,01000,北海道,pref,01,北海道,2010100000,2010年度,2010,00001|F6501,観測値|F6501_地域別最低賃金,円,691.0,691
labour,働く人の環境（就業・求人・給与）,01000,北海道,pref,01,北海道,2011100000,2011年度,2011,00001|F6501,観測値|F6501_地域別最低賃金,円,705.0,705
labour,働く人の環境（就業・求人・給与）,01000,北海道,pref,01,北海道,2012100000,2012年度,2012,00001|F6501,観測値|F6501_地域別最低賃金,円,719.0,719
labour,働く人の環境（就業・求人・給与）,01000,北海道,pref,01,北海道,2013100000,2013年度,2013,00001|F6501,観測値|F6501_地域別最低賃金,円,734.0,734
labour,働く人の環境（就業・求人・給与）,01000,北海道,pref,01,北海道,2014100000,2014年度,2014,00001|F6501,観測値|F6501_地域別最低賃金,円,748.0,748
labour,働く人の環境（就業・求人・給与）,01000,北海道,pref,01,北海道,2015100000,2015年度,2015,00001|F6501,観測値|F6501_地域別最低賃金,円,764.0,764
labour,働く人の環境（就業・求人・給与）,01000,北海道,pref,01,北海道,2016100000,2016年度,2016,00001|F6501,観測値|F6501_地域別最低賃金,円,786.0,786
labour,働く人の環境（就業・求人・給与）,01000,北海道,pref,01,北海道,2017100000,2017年度,2017,00001|F6501,観測値|F6501_地域別最低賃金,円,810.0,810
labour,働く人の環境（就業・求人・給与）,01000,北海道,pref,01,北海道,2018100000,2018年度,2018,00001|F6501,観測値|F6501_地域別最低賃金,円,835.0,835
labour,働く人の環境（就業・求人・給与）,01000,北海道,pref,01,北海道,2019100000,2019年度,2019,00001|F6501,観測値|F6501_地域別最低賃金,円,861.0,861
labour,働く人の環境（就業・求人・給与）,01000,北海道,pref,01,北海道,2020100000,2020年度,2020,00001|F6501,観測値|F6501_地域別最低賃金,円,861.0,861
labour,働く人の環境（就業・求人・給与）,01000,北海道,pref,01,北海道,2021100000,2021年度,2021,00001|F6501,観測値|F6501_地域別最低賃金,円,889.0,889
labour,働く人の環境（就業・求人・給与）,01000,北海道,pref,01,北海道,2022100000,2022年度,2022,00001|F6501,観測値|F6501_地域別最低賃金,円,920.0,920
labour,働く人の環境（就業・求人・給与）,01000,北海道,pref,01,北海道,2023100000,2023年度,2023,00001|F6501,観測値|F6501_地域別最低賃金,円,960.0,960
labour,働く人の環境（就業・求人・給与）,01000,北海道,pref,01,北海道,2024100000,2024年度,2024,00001|F6501,観測値|F6501_地域別最低賃金,円,1010.0,1010
labour,働く人の環境（就業・求人・給与）,02000,青森県,pref,02,青森県,2010100000,2010年度,2010,00001|F6501,観測値|F6501_地域別最低賃金,円,645.0,645
labour,働く人の環境（就業・求人・給与）,02000,青森県,pref,02,青森県,2011100000,2011年度,2011,00001|F6501,観測値|F6501_地域別最低賃金,円,647.0,647
labour,働く人の環境（就業・求人・給与）,02000,青森県,pref,02,青森県,2012100000,2012年度,2012,00001|F6501,観測値|F6501_地域別最低賃金,円,654.0,654
labour,働く人の環境（就業・求人・給与）,02000,青森県,pref,02,青森県,2013100000,2013年度,2013,00001|F6501,観測値|F6501_地域別最低賃金,円,665.0,665
labour,働く人の環境（就業・求人・給与）,02000,青森県,pref,02,青森県,2014100000,2014年度,2014,00001|F6501,観測値|F6501_地域別最低賃金,円,679.0,679
labour,働く人の環境（就業・求人・給与）,02000,青森県,pref,02,青森県,2015100000,2015年度,2015,00001|F6501,観測値|F6501_地域別最低賃金,円,695.0,695
labour,働く人の環境（就業・求人・給与）,02000,青森県,pref,02,青森県,2016100000,2016年度,2016,00001|F6501,観測値|F6501_地域別最低賃金,円,716.0,716
labour,働く人の環境（就業・求人・給与）,02000,青森県,pref,02,青森県,2017100000,2017年度,2017,00001|F6501,観測値|F6501_地域別最低賃金,円,738.0,738
labour,働く人の環境（就業・求人・給与）,02000,青森県,pref,02,青森県,2018100000,2018年度,2018,00001|F6501,観測値|F6501_地域別最低賃金,円,762.0,762
labour,働く人の環境（就業・求人・給与）,02000,青森県,pref,02,青森県,2019100000,2019年度,2019,00001|F6501,観測値|F6501_地域別最低賃金,円,790.0,790
labour,働く人の環境（就業・求人・給与）,02000,青森県,pref,02,青森県,2020100000,2020年度,2020,00001|F6501,観測値|F6501_地域別最低賃金,円,793.0,793
labour,働く人の環境（就業・求人・給与）,02000,青森県,pref,02,青森県,2021100000,2021年度,2021,00001|F6501,観測値|F6501_地域別最低賃金,円,822.0,822
labour,働く人の環境（就業・求人・給与）,02000,青森県,pref,02,青森県,2022100000,2022年度,2022,00001|F6501,観測値|F6501_地域別最低賃金,円,853.0,853
labour,働く人の環境（就業・求人・給与）,02000,青森県,pref,02,青森県,2023100000,2023年度,2023,00001|F6501,観測値|F6501_地域別最低賃金,円,898.0,898
labour,働く人の環境（就業・求人・給与）,02000,青森県,pref,02,青森県,2024100000,2024年度,2024,00001|F6501,観測値|F6501_地域別最低賃金,円,953.0,953
labour,働く人の環境（就業・求人・給与）,03000,岩手県,pref,03,岩手県,2010100000,2010年度,2010,00001|F6501,観測値|F6501_地域別最低賃金,円,644.0,644
labour,働く人の環境（就業・求人・給与）,03000,岩手県,pref,03,岩手県,2011100000,2011年度,2011,00001|F6501,観測値|F6501_地域別最低賃金,円,645.0,645
labour,働く人の環境（就業・求人・給与）,03000,岩手県,pref,03,岩手県,2012100000,2012年度,2012,00001|F6501,観測値|F6501_地域別最低賃金,円,653.0,653
labour,働く人の環境（就業・求人・給与）,03000,岩手県,pref,03,岩手県,2013100000,2013年度,2013,00001|F6501,観測値|F6501_地域別最低賃金,円,665.0,665
labour,働く人の環境（就業・求人・給与）,03000,岩手県,pref,03,岩手県,2014100000,2014年度,2014,00001|F6501,観測値|F6501_地域別最低賃金,円,678.0,678
labour,働く人の環境（就業・求人・給与）,03000,岩手県,pref,03,岩手県,2015100000,2015年度,2015,00001|F6501,観測値|F6501_地域別最低賃金,円,695.0,695
labour,働く人の環境（就業・求人・給与）,03000,岩手県,pref,03,岩手県,2016100000,2016年度,2016,00001|F6501,観測値|F6501_地域別最低賃金,円,716.0,716
labour,働く人の環境（就業・求人・給与）,03000,岩手県,pref,03,岩手県,2017100000,2017年度,2017,00001|F6501,観測値|F6501_地域別最低賃金,円,738.0,738
labour,働く人の環境（就業・求人・給与）,03000,岩手県,pref,03,岩手県,2018100000,2018年度,2018,00001|F6501,観測値|F6501_地域別最低賃金,円,762.0,762
labour,働く人の環境（就業・求人・給与）,03000,岩手県,pref,03,岩手県,2019100000,2019年度,2019,00001|F6501,観測値|F6501_地域別最低賃金,円,790.0,790
labour,働く人の環境（就業・求人・給与）,03000,岩手県,pref,03,岩手県,2020100000,2020年度,2020,00001|F6501,観測値|F6501_地域別最低賃金,円,793.0,793
labour,働く人の環境（就業・求人・給与）,03000,岩手県,pref,03,岩手県,2021100000,2021年度,2021,00001|F6501,観測値|F6501_地域別最低賃金,円,821.0,821
labour,働く人の環境（就業・求人・給与）,03000,岩手県,pref,03,岩手県,2022100000,2022年度,2022,00001|F6501,観測値|F6501_地域別最低賃金,円,854.0,854
labour,働く人の環境（就業・求人・給与）,03000,岩手県,pref,03,岩手県,2023100000,2023年度,2023,00001|F6501,観測値|F6501_地域別最低賃金,円,893.0,893
labour,働く人の環境（就業・求人・給与）,03000,岩手県,pref,03,岩手県,2024100000,2024年度,2024,00001|F6501,観測値|F6501_地域別最低賃金,円,952.0,952
labour,働く人の環境（就業・求人・給与）,04000,宮城県,pref,04,宮城県,2010100000,2010年度,2010,00001|F6501,観測値|F6501_地域別最低賃金,円,674.0,674
labour,働く人の環境（就業・求人・給与）,04000,宮城県,pref,04,宮城県,2011100000,2011年度,2011,00001|F6501,観測値|F6501_地域別最低賃金,円,675.0,675
labour,働く人の環境（就業・求人・給与）,04000,宮城県,pref,04,宮城県,2012100000,2012年度,2012,00001|F6501,観測値|F6501_地域別最低賃金,円,685.0,685
labour,働く人の環境（就業・求人・給与）,04000,宮城県,pref,04,宮城県,2013100000,2013年度,2013,00001|F6501,観測値|F6501_地域別最低賃金,円,696.0,696
labour,働く人の環境（就業・求人・給与）,04000,宮城県,pref,04,宮城県,2014100000,2014年度,2014,00001|F6501,観測値|F6501_地域別最低賃金,円,710.0,710
labour,働く人の環境（就業・求人・給与）,04000,宮城県,pref,04,宮城県,2015100000,2015年度,2015,00001|F6501,観測値|F6501_地域別最低賃金,円,726.0,726
labour,働く人の環境（就業・求人・給与）,04000,宮城県,pref,04,宮城県,2016100000,2016年度,2016,00001|F6501,観測値|F6501_地域別最低賃金,円,748.0,748
labour,働く人の環境（就業・求人・給与）,04000,宮城県,pref,04,宮城県,2017100000,2017年度,2017,00001|F6501,観測値|F6501_地域別最低賃金,円,772.0,772
labour,働く人の環境（就業・求人・給与）,04000,宮城県,pref,04,宮城県,2018100000,2018年度,2018,00001|F6501,観測値|F6501_地域別最低賃金,円,798.0,798
labour,働く人の環境（就業・求人・給与）,04000,宮城県,pref,04,宮城県,2019100000,2019年度,2019,00001|F6501,観測値|F6501_地域別最低賃金,円,824.0,824
labour,働く人の環境（就業・求人・給与）,04000,宮城県,pref,04,宮城県,2020100000,2020年度,2020,00001|F6501,観測値|F6501_地域別最低賃金,円,825.0,825
labour,働く人の環境（就業・求人・給与）,04000,宮城県,pref,04,宮城県,2021100000,2021年度,2021,00001|F6501,観測値|F6501_地域別最低賃金,円,853.0,853
labour,働く人の環境（就業・求人・給与）,04000,宮城県,pref,04,宮城県,2022100000,2022年度,2022,00001|F6501,観測値|F6501_地域別最低賃金,円,883.0,883
labour,働く人の環境（就業・求人・給与）,04000,宮城県,pref,04,宮城県,2023100000,2023年度,2023,00001|F6501,観測値|F6501_地域別最低賃金,円,923.0,923
labour,働く人の環境（就業・求人・給与）,04000,宮城県,pref,04,宮城県,2024100000,2024年度,2024,00001|F6501,観測値|F6501_地域別最低賃金,円,973.0,973
labour,働く人の環境（就業・求人・給与）,05000,秋田県,pref,05,秋田県,2010100000,2010年度,2010,00001|F6501,観測値|F6501_地域別最低賃金,円,645.0,645
labour,働く人の環境（就業・求人・給与）,05000,秋田県,pref,05,秋田県,2011100000,2011年度,2011,00001|F6501,観測値|F6501_地域別最低賃金,円,647.0,647
labour,働く人の環境（就業・求人・給与）,05000,秋田県,pref,05,秋田県,2012100000,2012年度,2012,00001|F6501,観測値|F6501_地域別最低賃金,円,654.0,654
labour,働く人の環境（就業・求人・給与）,05000,秋田県,pref,05,秋田県,2013100000,2013年度,2013,00001|F6501,観測値|F6501_地域別最低賃金,円,665.0,665
labour,働く人の環境（就業・求人・給与）,05000,秋田県,pref,05,秋田県,2014100000,2014年度,2014,00001|F6501,観測値|F6501_地域別最低賃金,円,679.0,679
labour,働く人の環境（就業・求人・給与）,05000,秋田県,pref,05,秋田県,2015100000,2015年度,2015,00001|F6501,観測値|F6501_地域別最低賃金,円,695.0,695
labour,働く人の環境（就業・求人・給与）,05000,秋田県,pref,05,秋田県,2016100000,2016年度,2016,00001|F6501,観測値|F6501_地域別最低賃金,円,716.0,716
labour,働く人の環境（就業・求人・給与）,05000,秋田県,pref,05,秋田県,2017100000,2017年度,2017,00001|F6501,観測値|F6501_地域別最低賃金,円,738.0,738
labour,働く人の環境（就業・求人・給与）,05000,秋田県,pref,05,秋田県,2018100000,2018年度,2018,00001|F6501,観測値|F6501_地域別最低賃金,円,762.0,762
labour,働く人の環境（就業・求人・給与）,05000,秋田県,pref,05,秋田県,2019100000,2019年度,2019,00001|F6501,観測値|F6501_地域別最低賃金,円,790.0,790
labour,働く人の環境（就業・求人・給与）,05000,秋田県,pref,05,秋田県,2020100000,2020年度,2020,00001|F6501,観測値|F6501_地域別最低賃金,円,792.0,792
labour,働く人の環境（就業・求人・給与）,05000,秋田県,pref,05,秋田県,2021100000,2021年度,2021,00001|F6501,観測値|F6501_地域別最低賃金,円,822.0,822
labour,働く人の環境（就業・求人・給与）,05000,秋田県,pref,05,秋田県,2022100000,2022年度,2022,00001|F6501,観測値|F6501_地域別最低賃金,円,853.0,853
labour,働く人の環境（就業・求人・給与）,05000,秋田県,pref,05,秋田県,2023100000,2023年度,2023,00001|F6501,観測値|F6501_地域別最低賃金,円,897.0,897
labour,働く人の環境（就業・求人・給与）,05000,秋田県,pref,05,秋田県,2024100000,2024年度,2024,00001|F6501,観測値|F6501_地域別最低賃金,円,951.0,951
labour,働く人の環境（就業・求人・給与）,06000,山形県,pref,06,山形県,2010100000,2010年度,2010,00001|F6501,観測値|F6501_地域別最低賃金,円,645.0,645
labour,働く人の環境（就業・求人・給与）,06000,山形県,pref,06,山形県,2011100000,2011年度,2011,00001|F6501,観測値|F6501_地域別最低賃金,円,647.0,647
labour,働く人の環境（就業・求人・給与）,06000,山形県,pref,06,山形県,2012100000,2012年度,2012,00001|F6501,観測値|F6501_地域別最低賃金,円,654.0,654
labour,働く人の環境（就業・求人・給与）,06000,山形県,pref,06,山形県,2013100000,2013年度,2013,00001|F6501,観測値|F6501_地域別最低賃金,円,665.0,665
labour,働く人の環境（就業・求人・給与）,06000,山形県,pref,06,山形県,2014100000,2014年度,2014,00001|F6501,観測値|F6501_地域別最低賃金,円,680.0,680
labour,働く人の環境（就業・求人・給与）,06000,山形県,pref,06,山形県,2015100000,2015年度,2015,00001|F6501,観測値|F6501_地域別最低賃金,円,696.0,696
labour,働く人の環境（就業・求人・給与）,06000,山形県,pref,06,山形県,2016100000,2016年度,2016,00001|F6501,観測値|F6501_地域別最低賃金,円,717.0,717
labour,働く人の環境（就業・求人・給与）,06000,山形県,pref,06,山形県,2017100000,2017年度,2017,00001|F6501,観測値|F6501_地域別最低賃金,円,739.0,739
labour,働く人の環境（就業・求人・給与）,06000,山形県,pref,06,山形県,2018100000,2018年度,2018,00001|F6501,観測値|F6501_地域別最低賃金,円,763.0,763
labour,働く人の環境（就業・求人・給与）,06000,山形県,pref,06,山形県,2019100000,2019年度,2019,00001|F6501,観測値|F6501_地域別最低賃金,円,790.0,790
labour,働く人の環境（就業・求人・給与）,06000,山形県,pref,06,山形県,2020100000,2020年度,2020,00001|F6501,観測値|F6501_地域別最低賃金,円,793.0,793
labour,働く人の環境（就業・求人・給与）,06000,山形県,pref,06,山形県,2021100000,2021年度,2021,00001|F6501,観測値|F6501_地域別最低賃金,円,822.0,822
labour,働く人の環境（就業・求人・給与）,06000,山形県,pref,06,山形県,2022100000,2022年度,2022,00001|F6501,観測値|F6501_地域別最低賃金,円,854.0,854
labour,働く人の環境（就業・求人・給与）,06000,山形県,pref,06,山形県,2023100000,2023年度,2023,00001|F6501,観測値|F6501_地域別最低賃金,円,900.0,900
labour,働く人の環境（就業・求人・給与）,06000,山形県,pref,06,山形県,2024100000,2024年度,2024,00001|F6501,観測値|F6501_地域別最低賃金,円,955.0,955
labour,働く人の環境（就業・求人・給与）,07000,福島県,pref,07,福島県,2010100000,2010年度,2010,00001|F6501,観測値|F6501_地域別最低賃金,円,657.0,657
labour,働く人の環境（就業・求人・給与）,07000,福島県,pref,07,福島県,2011100000,2011年度,2011,00001|F6501,観測値|F6501_地域別最低賃金,円,658.0,658
labour,働く人の環境（就業・求人・給与）,07000,福島県,pref,07,福島県,2012100000,2012年度,2012,00001|F6501,観測値|F6501_地域別最低賃金,円,664.0,664
labour,働く人の環境（就業・求人・給与）,07000,福島県,pref,07,福島県,2013100000,2013年度,2013,00001|F6501,観測値|F6501_地域別最低賃金,円,675.0,675
labour,働く人の環境（就業・求人・給与）,07000,福島県,pref,07,福島県,2014100000,2014年度,2014,00001|F6501,観測値|F6501_地域別最低賃金,円,689.0,689
labour,働く人の環境（就業・求人・給与）,07000,福島県,pref,07,福島県,2015100000,2015年度,2015,00001|F6501,観測値|F6501_地域別最低賃金,円,705.0,705
labour,働く人の環境（就業・求人・給与）,07000,福島県,pref,07,福島県,2016100000,2016年度,2016,00001|F6501,観測値|F6501_地域別最低賃金,円,726.0,726
labour,働く人の環境（就業・求人・給与）,07000,福島県,pref,07,福島県,2017100000,2017年度,2017,00001|F6501,観測値|F6501_地域別最低賃金,円,748.0,748
labour,働く人の環境（就業・求人・給与）,07000,福島県,pref,07,福島県,2018100000,2018年度,2018,00001|F6501,観測値|F6501_地域別最低賃金,円,772.0,772
labour,働く人の環境（就業・求人・給与）,07000,福島県,pref,07,福島県,2019100000,2019年度,2019,00001|F6501,観測値|F6501_地域別最低賃金,円,798.0,798
labour,働く人の環境（就業・求人・給与）,07000,福島県,pref,07,福島県,2020100000,2020年度,2020,00001|F6501,観測値|F6501_地域別最低賃金,円,800.0,800
labour,働く人の環境（就業・求人・給与）,07000,福島県,pref,07,福島県,2021100000,2021年度,2021,00001|F6501,観測値|F6501_地域別最低賃金,円,828.0,828
labour,働く人の環境（就業・求人・給与）,07000,福島県,pref,07,福島県,2022100000,2022年度,2022,00001|F6501,観測値|F6501_地域別最低賃金,円,858.0,858
labour,働く人の環境（就業・求人・給与）,07000,福島県,pref,07,福島県,2023100000,2023年度,2023,00001|F6501,観測値|F6501_地域別最低賃金,円,900.0,900
labour,働く人の環境（就業・求人・給与）,07000,福島県,pref,07,福島県,2024100000,2024年度,2024,00001|F6501,観測値|F6501_地域別最低賃金,円,955.0,955
labour,働く人の環境（就業・求人・給与）,08000,茨城県,pref,08,茨城県,2010100000,2010年度,2010,00001|F6501,観測値|F6501_地域別最低賃金,円,690.0,690
labour,働く人の環境（就業・求人・給与）,08000,茨城県,pref,08,茨城県,2011100000,2011年度,2011,00001|F6501,観測値|F6501_地域別最低賃金,円,692.0,692
labour,働く人の環境（就業・求人・給与）,08000,茨城県,pref,08,茨城県,2012100000,2012年度,2012,00001|F6501,観測値|F6501_地域別最低賃金,円,699.0,699
labour,働く人の環境（就業・求人・給与）,08000,茨城県,pref,08,茨城県,2013100000,2013年度,2013,00001|F6501,観測値|F6501_地域別最低賃金,円,713.0,713
labour,働く人の環境（就業・求人・給与）,08000,茨城県,pref,08,茨城県,2014100000,2014年度,2014,00001|F6501,観測値|F6501_地域別最低賃金,円,729.0,729
labour,働く人の環境（就業・求人・給与）,08000,茨城県,pref,08,茨城県,2015100000,2015年度,2015,00001|F6501,観測値|F6501_地域別最低賃金,円,747.0,747
labour,働く人の環境（就業・求人・給与）,08000,茨城県,pref,08,茨城県,2016100000,2016年度,2016,00001|F6501,観測値|F6501_地域別最低賃金,円,771.0,771
labour,働く人の環境（就業・求人・給与）,08000,茨城県,pref,08,茨城県,2017100000,2017年度,2017,00001|F6501,観測値|F6501_地域別最低賃金,円,796.0,796
labour,働く人の環境（就業・求人・給与）,08000,茨城県,pref,08,茨城県,2018100000,2018年度,2018,00001|F6501,観測値|F6501_地域別最低賃金,円,822.0,822
labour,働く人の環境（就業・求人・給与）,08000,茨城県,pref,08,茨城県,2019100000,2019年度,2019,00001|F6501,観測値|F6501_地域別最低賃金,円,849.0,849
labour,働く人の環境（就業・求人・給与）,08000,茨城県,pref,08,茨城県,2020100000,2020年度,2020,00001|F6501,観測値|F6501_地域別最低賃金,円,851.0,851
labour,働く人の環境（就業・求人・給与）,08000,茨城県,pref,08,茨城県,2021100000,2021年度,2021,00001|F6501,観測値|F6501_地域別最低賃金,円,879.0,879
labour,働く人の環境（就業・求人・給与）,08000,茨城県,pref,08,茨城県,2022100000,2022年度,2022,00001|F6501,観測値|F6501_地域別最低賃金,円,911.0,911
labour,働く人の環境（就業・求人・給与）,08000,茨城県,pref,08,茨城県,2023100000,2023年度,2023,00001|F6501,観測値|F6501_地域別最低賃金,円,953.0,953
labour,働く人の環境（就業・求人・給与）,08000,茨城県,pref,08,茨城県,2024100000,2024年度,2024,00001|F6501,観測値|F6501_地域別最低賃金,円,1005.0,1005
labour,働く人の環境（就業・求人・給与）,09000,栃木県,pref,09,栃木県,2010100000,2010年度,2010,00001|F6501,観測値|F6501_地域別最低賃金,円,697.0,697
labour,働く人の環境（就業・求人・給与）,09000,栃木県,pref,09,栃木県,2011100000,2011年度,2011,00001|F6501,観測値|F6501_地域別最低賃金,円,700.0,700
labour,働く人の環境（就業・求人・給与）,09000,栃木県,pref,09,栃木県,2012100000,2012年度,2012,00001|F6501,観測値|F6501_地域別最低賃金,円,705.0,705
labour,働く人の環境（就業・求人・給与）,09000,栃木県,pref,09,栃木県,2013100000,2013年度,2013,00001|F6501,観測値|F6501_地域別最低賃金,円,718.0,718
labour,働く人の環境（就業・求人・給与）,09000,栃木県,pref,09,栃木県,2014100000,2014年度,2014,00001|F6501,観測値|F6501_地域別最低賃金,円,733.0,733
labour,働く人の環境（就業・求人・給与）,09000,栃木県,pref,09,栃木県,2015100000,2015年度,2015,00001|F6501,観測値|F6501_地域別最低賃金,円,751.0,751
labour,働く人の環境（就業・求人・給与）,09000,栃木県,pref,09,栃木県,2016100000,2016年度,2016,00001|F6501,観測値|F6501_地域別最低賃金,円,775.0,775
labour,働く人の環境（就業・求人・給与）,09000,栃木県,pref,09,栃木県,2017100000,2017年度,2017,00001|F6501,観測値|F6501_地域別最低賃金,円,800.0,800
labour,働く人の環境（就業・求人・給与）,09000,栃木県,pref,09,栃木県,2018100000,2018年度,2018,00001|F6501,観測値|F6501_地域別最低賃金,円,826.0,826
labour,働く人の環境（就業・求人・給与）,09000,栃木県,pref,09,栃木県,2019100000,2019年度,2019,00001|F6501,観測値|F6501_地域別最低賃金,円,853.0,853
labour,働く人の環境（就業・求人・給与）,09000,栃木県,pref,09,栃木県,2020100000,2020年度,2020,00001|F6501,観測値|F6501_地域別最低賃金,円,854.0,854
labour,働く人の環境（就業・求人・給与）,09000,栃木県,pref,09,栃木県,2021100000,2021年度,2021,00001|F6501,観測値|F6501_地域別最低賃金,円,882.0,882
labour,働く人の環境（就業・求人・給与）,09000,栃木県,pref,09,栃木県,2022100000,2022年度,2022,00001|F6501,観測値|F6501_地域別最低賃金,円,913.0,913
labour,働く人の環境（就業・求人・給与）,09000,栃木県,pref,09,栃木県,2023100000,2023年度,2023,00001|F6501,観測値|F6501_地域別最低賃金,円,954.0,954
labour,働く人の環境（就業・求人・給与）,09000,栃木県,pref,09,栃木県,2024100000,2024年度,2024,00001|F6501,観測値|F6501_地域別最低賃金,円,1004.0,1004
labour,働く人の環境（就業・求人・給与）,10000,群馬県,pref,10,群馬県,2010100000,2010年度,2010,00001|F6501,観測値|F6501_地域別最低賃金,円,688.0,688
labour,働く人の環境（就業・求人・給与）,10000,群馬県,pref,10,群馬県,2011100000,2011年度,2011,00001|F6501,観測値|F6501_地域別最低賃金,円,690.0,690
labour,働く人の環境（就業・求人・給与）,10000,群馬県,pref,10,群馬県,2012100000,2012年度,2012,00001|F6501,観測値|F6501_地域別最低賃金,円,696.0,696
labour,働く人の環境（就業・求人・給与）,10000,群馬県,pref,10,群馬県,2013100000,2013年度,2013,00001|F6501,観測値|F6501_地域別最低賃金,円,707.0,707
labour,働く人の環境（就業・求人・給与）,10000,群馬県,pref,10,群馬県,2014100000,2014年度,2014,00001|F6501,観測値|F6501_地域別最低賃金,円,721.0,721
labour,働く人の環境（就業・求人・給与）,10000,群馬県,pref,10,群馬県,2015100000,2015年度,2015,00001|F6501,観測値|F6501_地域別最低賃金,円,737.0,737
labour,働く人の環境（就業・求人・給与）,10000,群馬県,pref,10,群馬県,2016100000,2016年度,2016,00001|F6501,観測値|F6501_地域別最低賃金,円,759.0,759
labour,働く人の環境（就業・求人・給与）,10000,群馬県,pref,10,群馬県,2017100000,2017年度,2017,00001|F6501,観測値|F6501_地域別最低賃金,円,783.0,783
labour,働く人の環境（就業・求人・給与）,10000,群馬県,pref,10,群馬県,2018100000,2018年度,2018,00001|F6501,観測値|F6501_地域別最低賃金,円,809.0,809
labour,働く人の環境（就業・求人・給与）,10000,群馬県,pref,10,群馬県,2019100000,2019年度,2019,00001|F6501,観測値|F6501_地域別最低賃金,円,835.0,835
labour,働く人の環境（就業・求人・給与）,10000,群馬県,pref,10,群馬県,2020100000,2020年度,2020,00001|F6501,観測値|F6501_地域別最低賃金,円,837.0,837
labour,働く人の環境（就業・求人・給与）,10000,群馬県,pref,10,群馬県,2021100000,2021年度,2021,00001|F6501,観測値|F6501_地域別最低賃金,円,865.0,865
labour,働く人の環境（就業・求人・給与）,10000,群馬県,pref,10,群馬県,2022100000,2022年度,2022,00001|F6501,観測値|F6501_地域別最低賃金,円,895.0,895
labour,働く人の環境（就業・求人・給与）,10000,群馬県,pref,10,群馬県,2023100000,2023年度,2023,00001|F6501,観測値|F6501_地域別最低賃金,円,935.0,935
labour,働く人の環境（就業・求人・給与）,10000,群馬県,pref,10,群馬県,2024100000,2024年度,2024,00001|F6501,観測値|F6501_地域別最低賃金,円,985.0,985
labour,働く人の環境（就業・求人・給与）,11000,埼玉県,pref,11,埼玉県,2010100000,2010年度,2010,00001|F6501,観測値|F6501_地域別最低賃金,円,750.0,750
labour,働く人の環境（就業・求人・給与）,11000,埼玉県,pref,11,埼玉県,2011100000,2011年度,2011,00001|F6501,観測値|F6501_地域別最低賃金,円,759.0,759
labour,働く人の環境（就業・求人・給与）,11000,埼玉県,pref,11,埼玉県,2012100000,2012年度,2012,00001|F6501,観測値|F6501_地域別最低賃金,円,771.0,771
labour,働く人の環境（就業・求人・給与）,11000,埼玉県,pref,11,埼玉県,2013100000,2013年度,2013,00001|F6501,観測値|F6501_地域別最低賃金,円,785.0,785
labour,働く人の環境（就業・求人・給与）,11000,埼玉県,pref,11,埼玉県,2014100000,2014年度,2014,00001|F6501,観測値|F6501_地域別最低賃金,円,802.0,802
labour,働く人の環境（就業・求人・給与）,11000,埼玉県,pref,11,埼玉県,2015100000,2015年度,2015,00001|F6501,観測値|F6501_地域別最低賃金,円,820.0,820
labour,働く人の環境（就業・求人・給与）,11000,埼玉県,pref,11,埼玉県,2016100000,2016年度,2016,00001|F6501,観測値|F6501_地域別最低賃金,円,845.0,845
labour,働く人の環境（就業・求人・給与）,11000,埼玉県,pref,11,埼玉県,2017100000,2017年度,2017,00001|F6501,観測値|F6501_地域別最低賃金,円,871.0,871
labour,働く人の環境（就業・求人・給与）,11000,埼玉県,pref,11,埼玉県,2018100000,2018年度,2018,00001|F6501,観測値|F6501_地域別最低賃金,円,898.0,898
labour,働く人の環境（就業・求人・給与）,11000,埼玉県,pref,11,埼玉県,2019100000,2019年度,2019,00001|F6501,観測値|F6501_地域別最低賃金,円,926.0,926
labour,働く人の環境（就業・求人・給与）,11000,埼玉県,pref,11,埼玉県,2020100000,2020年度,2020,00001|F6501,観測値|F6501_地域別最低賃金,円,928.0,928
labour,働く人の環境（就業・求人・給与）,11000,埼玉県,pref,11,埼玉県,2021100000,2021年度,2021,00001|F6501,観測値|F6501_地域別最低賃金,円,956.0,956
labour,働く人の環境（就業・求人・給与）,11000,埼玉県,pref,11,埼玉県,2022100000,2022年度,2022,00001|F6501,観測値|F6501_地域別最低賃金,円,987.0,987
labour,働く人の環境（就業・求人・給与）,11000,埼玉県,pref,11,埼玉県,2023100000,2023年度,2023,00001|F6501,観測値|F6501_地域別最低賃金,円,1028.0,1028
labour,働く人の環境（就業・求人・給与）,11000,埼玉県,pref,11,埼玉県,2024100000,2024年度,2024,00001|F6501,観測値|F6501_地域別最低賃金,円,1078.0,1078
labour,働く人の環境（就業・求人・給与）,12000,千葉県,pref,12,千葉県,2010100000,2010年度,2010,00001|F6501,観測値|F6501_地域別最低賃金,円,744.0,744
labour,働く人の環境（就業・求人・給与）,12000,千葉県,pref,12,千葉県,2011100000,2011年度,2011,00001|F6501,観測値|F6501_地域別最低賃金,円,748.0,748
labour,働く人の環境（就業・求人・給与）,12000,千葉県,pref,12,千葉県,2012100000,2012年度,2012,00001|F6501,観測値|F6501_地域別最低賃金,円,756.0,756
labour,働く人の環境（就業・求人・給与）,12000,千葉県,pref,12,千葉県,2013100000,2013年度,2013,00001|F6501,観測値|F6501_地域別最低賃金,円,777.0,777
labour,働く人の環境（就業・求人・給与）,12000,千葉県,pref,12,千葉県,2014100000,2014年度,2014,00001|F6501,観測値|F6501_地域別最低賃金,円,798.0,798
labour,働く人の環境（就業・求人・給与）,12000,千葉県,pref,12,千葉県,2015100000,2015年度,2015,00001|F6501,観測値|F6501_地域別最低賃金,円,817.0,817
labour,働く人の環境（就業・求人・給与）,12000,千葉県,pref,12,千葉県,2016100000,2016年度,2016,00001|F6501,観測値|F6501_地域別最低賃金,円,842.0,842
labour,働く人の環境（就業・求人・給与）,12000,千葉県,pref,12,千葉県,2017100000,2017年度,2017,00001|F6501,観測値|F6501_地域別最低賃金,円,868.0,868
labour,働く人の環境（就業・求人・給与）,12000,千葉県,pref,12,千葉県,2018100000,2018年度,2018,00001|F6501,観測値|F6501_地域別最低賃金,円,895.0,895
labour,働く人の環境（就業・求人・給与）,12000,千葉県,pref,12,千葉県,2019100000,2019年度,2019,00001|F6501,観測値|F6501_地域別最低賃金,円,923.0,923
labour,働く人の環境（就業・求人・給与）,12000,千葉県,pref,12,千葉県,2020100000,2020年度,2020,00001|F6501,観測値|F6501_地域別最低賃金,円,925.0,925
labour,働く人の環境（就業・求人・給与）,12000,千葉県,pref,12,千葉県,2021100000,2021年度,2021,00001|F6501,観測値|F6501_地域別最低賃金,円,953.0,953
labour,働く人の環境（就業・求人・給与）,12000,千葉県,pref,12,千葉県,2022100000,2022年度,2022,00001|F6501,観測値|F6501_地域別最低賃金,円,984.0,984
labour,働く人の環境（就業・求人・給与）,12000,千葉県,pref,12,千葉県,2023100000,2023年度,2023,00001|F6501,観測値|F6501_地域別最低賃金,円,1026.0,1026
labour,働く人の環境（就業・求人・給与）,12000,千葉県,pref,12,千葉県,2024100000,2024年度,2024,00001|F6501,観測値|F6501_地域別最低賃金,円,1076.0,1076
labour,働く人の環境（就業・求人・給与）,13000,東京都,pref,13,東京都,2010100000,2010年度,2010,00001|F6501,観測値|F6501_地域別最低賃金,円,821.0,821
labour,働く人の環境（就業・求人・給与）,13000,東京都,pref,13,東京都,2011100000,2011年度,2011,00001|F6501,観測値|F6501_地域別最低賃金,円,837.0,837
labour,働く人の環境（就業・求人・給与）,13000,東京都,pref,13,東京都,2012100000,2012年度,2012,00001|F6501,観測値|F6501_地域別最低賃金,円,850.0,850
labour,働く人の環境（就業・求人・給与）,13000,東京都,pref,13,東京都,2013100000,2013年度,2013,00001|F6501,観測値|F6501_地域別最低賃金,円,869.0,869
labour,働く人の環境（就業・求人・給与）,13000,東京都,pref,13,東京都,2014100000,2014年度,2014,00001|F6501,観測値|F6501_地域別最低賃金,円,888.0,888
labour,働く人の環境（就業・求人・給与）,13000,東京都,pref,13,東京都,2015100000,2015年度,2015,00001|F6501,観測値|F6501_地域別最低賃金,円,907.0,907
labour,働く人の環境（就業・求人・給与）,13000,東京都,pref,13,東京都,2016100000,2016年度,2016,00001|F6501,観測値|F6501_地域別最低賃金,円,932.0,932
labour,働く人の環境（就業・求人・給与）,13000,東京都,pref,13,東京都,2017100000,2017年度,2017,00001|F6501,観測値|F6501_地域別最低賃金,円,958.0,958
labour,働く人の環境（就業・求人・給与）,13000,東京都,pref,13,東京都,2018100000,2018年度,2018,00001|F6501,観測値|F6501_地域別最低賃金,円,985.0,985
labour,働く人の環境（就業・求人・給与）,13000,東京都,pref,13,東京都,2019100000,2019年度,2019,00001|F6501,観測値|F6501_地域別最低賃金,円,1013.0,1013
labour,働く人の環境（就業・求人・給与）,13000,東京都,pref,13,東京都,2020100000,2020年度,2020,00001|F6501,観測値|F6501_地域別最低賃金,円,1013.0,1013
labour,働く人の環境（就業・求人・給与）,13000,東京都,pref,13,東京都,2021100000,2021年度,2021,00001|F6501,観測値|F6501_地域別最低賃金,円,1041.0,1041
labour,働く人の環境（就業・求人・給与）,13000,東京都,pref,13,東京都,2022100000,2022年度,2022,00001|F6501,観測値|F6501_地域別最低賃金,円,1072.0,1072
labour,働く人の環境（就業・求人・給与）,13000,東京都,pref,13,東京都,2023100000,2023年度,2023,00001|F6501,観測値|F6501_地域別最低賃金,円,1113.0,1113
labour,働く人の環境（就業・求人・給与）,13000,東京都,pref,13,東京都,2024100000,2024年度,2024,00001|F6501,観測値|F6501_地域別最低賃金,円,1163.0,1163
labour,働く人の環境（就業・求人・給与）,14000,神奈川県,pref,14,神奈川県,2010100000,2010年度,2010,00001|F6501,観測値|F6501_地域別最低賃金,円,818.0,818
labour,働く人の環境（就業・求人・給与）,14000,神奈川県,pref,14,神奈川県,2011100000,2011年度,2011,00001|F6501,観測値|F6501_地域別最低賃金,円,836.0,836
labour,働く人の環境（就業・求人・給与）,14000,神奈川県,pref,14,神奈川県,2012100000,2012年度,2012,00001|F6501,観測値|F6501_地域別最低賃金,円,849.0,849
labour,働く人の環境（就業・求人・給与）,14000,神奈川県,pref,14,神奈川県,2013100000,2013年度,2013,00001|F6501,観測値|F6501_地域別最低賃金,円,868.0,868
labour,働く人の環境（就業・求人・給与）,14000,神奈川県,pref,14,神奈川県,2014100000,2014年度,2014,00001|F6501,観測値|F6501_地域別最低賃金,円,887.0,887
labour,働く人の環境（就業・求人・給与）,14000,神奈川県,pref,14,神奈川県,2015100000,2015年度,2015,00001|F6501,観測値|F6501_地域別最低賃金,円,905.0,905
labour,働く人の環境（就業・求人・給与）,14000,神奈川県,pref,14,神奈川県,2016100000,2016年度,2016,00001|F6501,観測値|F6501_地域別最低賃金,円,930.0,930
labour,働く人の環境（就業・求人・給与）,14000,神奈川県,pref,14,神奈川県,2017100000,2017年度,2017,00001|F6501,観測値|F6501_地域別最低賃金,円,956.0,956
labour,働く人の環境（就業・求人・給与）,14000,神奈川県,pref,14,神奈川県,2018100000,2018年度,2018,00001|F6501,観測値|F6501_地域別最低賃金,円,983.0,983
labour,働く人の環境（就業・求人・給与）,14000,神奈川県,pref,14,神奈川県,2019100000,2019年度,2019,00001|F6501,観測値|F6501_地域別最低賃金,円,1011.0,1011
labour,働く人の環境（就業・求人・給与）,14000,神奈川県,pref,14,神奈川県,2020100000,2020年度,2020,00001|F6501,観測値|F6501_地域別最低賃金,円,1012.0,1012
labour,働く人の環境（就業・求人・給与）,14000,神奈川県,pref,14,神奈川県,2021100000,2021年度,2021,00001|F6501,観測値|F6501_地域別最低賃金,円,1040.0,1040
labour,働く人の環境（就業・求人・給与）,14000,神奈川県,pref,14,神奈川県,2022100000,2022年度,2022,00001|F6501,観測値|F6501_地域別最低賃金,円,1071.0,1071
labour,働く人の環境（就業・求人・給与）,14000,神奈川県,pref,14,神奈川県,2023100000,2023年度,2023,00001|F6501,観測値|F6501_地域別最低賃金,円,1112.0,1112
labour,働く人の環境（就業・求人・給与）,14000,神奈川県,pref,14,神奈川県,2024100000,2024年度,2024,00001|F6501,観測値|F6501_地域別最低賃金,円,1162.0,1162
labour,働く人の環境（就業・求人・給与）,15000,新潟県,pref,15,新潟県,2010100000,2010年度,2010,00001|F6501,観測値|F6501_地域別最低賃金,円,681.0,681
labour,働く人の環境（就業・求人・給与）,15000,新潟県,pref,15,新潟県,2011100000,2011年度,2011,00001|F6501,観測値|F6501_地域別最低賃金,円,683.0,683
labour,働く人の環境（就業・求人・給与）,15000,新潟県,pref,15,新潟県,2012100000,2012年度,2012,00001|F6501,観測値|F6501_地域別最低賃金,円,689.0,689
labour,働く人の環境（就業・求人・給与）,15000,新潟県,pref,15,新潟県,2013100000,2013年度,2013,00001|F6501,観測値|F6501_地域別最低賃金,円,701.0,701
labour,働く人の環境（就業・求人・給与）,15000,新潟県,pref,15,新潟県,2014100000,2014年度,2014,00001|F6501,観測値|F6501_地域別最低賃金,円,715.0,715
labour,働く人の環境（就業・求人・給与）,15000,新潟県,pref,15,新潟県,2015100000,2015年度,2015,00001|F6501,観測値|F6501_地域別最低賃金,円,731.0,731
labour,働く人の環境（就業・求人・給与）,15000,新潟県,pref,15,新潟県,2016100000,2016年度,2016,00001|F6501,観測値|F6501_地域別最低賃金,円,753.0,753
labour,働く人の環境（就業・求人・給与）,15000,新潟県,pref,15,新潟県,2017100000,2017年度,2017,00001|F6501,観測値|F6501_地域別最低賃金,円,778.0,778
labour,働く人の環境（就業・求人・給与）,15000,新潟県,pref,15,新潟県,2018100000,2018年度,2018,00001|F6501,観測値|F6501_地域別最低賃金,円,803.0,803
labour,働く人の環境（就業・求人・給与）,15000,新潟県,pref,15,新潟県,2019100000,2019年度,2019,00001|F6501,観測値|F6501_地域別最低賃金,円,830.0,830
labour,働く人の環境（就業・求人・給与）,15000,新潟県,pref,15,新潟県,2020100000,2020年度,2020,00001|F6501,観測値|F6501_地域別最低賃金,円,831.0,831
labour,働く人の環境（就業・求人・給与）,15000,新潟県,pref,15,新潟県,2021100000,2021年度,2021,00001|F6501,観測値|F6501_地域別最低賃金,円,859.0,859
labour,働く人の環境（就業・求人・給与）,15000,新潟県,pref,15,新潟県,2022100000,2022年度,2022,00001|F6501,観測値|F6501_地域別最低賃金,円,890.0,890
labour,働く人の環境（就業・求人・給与）,15000,新潟県,pref,15,新潟県,2023100000,2023年度,2023,00001|F6501,観測値|F6501_地域別最低賃金,円,931.0,931
labour,働く人の環境（就業・求人・給与）,15000,新潟県,pref,15,新潟県,2024100000,2024年度,2024,00001|F6501,観測値|F6501_地域別最低賃金,円,985.0,985
labour,働く人の環境（就業・求人・給与）,16000,富山県,pref,16,富山県,2010100000,2010年度,2010,00001|F6501,観測値|F6501_地域別最低賃金,円,691.0,691
labour,働く人の環境（就業・求人・給与）,16000,富山県,pref,16,富山県,2011100000,2011年度,2011,00001|F6501,観測値|F6501_地域別最低賃金,円,692.0,692
labour,働く人の環境（就業・求人・給与）,16000,富山県,pref,16,富山県,2012100000,2012年度,2012,00001|F6501,観測値|F6501_地域別最低賃金,円,700.0,700
labour,働く人の環境（就業・求人・給与）,16000,富山県,pref,16,富山県,2013100000,2013年度,2013,00001|F6501,観測値|F6501_地域別最低賃金,円,712.0,712
labour,働く人の環境（就業・求人・給与）,16000,富山県,pref,16,富山県,2014100000,2014年度,2014,00001|F6501,観測値|F6501_地域別最低賃金,円,728.0,728
labour,働く人の環境（就業・求人・給与）,16000,富山県,pref,16,富山県,2015100000,2015年度,2015,00001|F6501,観測値|F6501_地域別最低賃金,円,746.0,746
labour,働く人の環境（就業・求人・給与）,16000,富山県,pref,16,富山県,2016100000,2016年度,2016,00001|F6501,観測値|F6501_地域別最低賃金,円,770.0,770
labour,働く人の環境（就業・求人・給与）,16000,富山県,pref,16,富山県,2017100000,2017年度,2017,00001|F6501,観測値|F6501_地域別最低賃金,円,795.0,795
labour,働く人の環境（就業・求人・給与）,16000,富山県,pref,16,富山県,2018100000,2018年度,2018,00001|F6501,観測値|F6501_地域別最低賃金,円,821.0,821
labour,働く人の環境（就業・求人・給与）,16000,富山県,pref,16,富山県,2019100000,2019年度,2019,00001|F6501,観測値|F6501_地域別最低賃金,円,848.0,848
labour,働く人の環境（就業・求人・給与）,16000,富山県,pref,16,富山県,2020100000,2020年度,2020,00001|F6501,観測値|F6501_地域別最低賃金,円,849.0,849
labour,働く人の環境（就業・求人・給与）,16000,富山県,pref,16,富山県,2021100000,2021年度,2021,00001|F6501,観測値|F6501_地域別最低賃金,円,877.0,877
labour,働く人の環境（就業・求人・給与）,16000,富山県,pref,16,富山県,2022100000,2022年度,2022,00001|F6501,観測値|F6501_地域別最低賃金,円,908.0,908
labour,働く人の環境（就業・求人・給与）,16000,富山県,pref,16,富山県,2023100000,2023年度,2023,00001|F6501,観測値|F6501_地域別最低賃金,円,948.0,948
labour,働く人の環境（就業・求人・給与）,16000,富山県,pref,16,富山県,2024100000,2024年度,2024,00001|F6501,観測値|F6501_地域別最低賃金,円,998.0,998
labour,働く人の環境（就業・求人・給与）,17000,石川県,pref,17,石川県,2010100000,2010年度,2010,00001|F6501,観測値|F6501_地域別最低賃金,円,686.0,686
labour,働く人の環境（就業・求人・給与）,17000,石川県,pref,17,石川県,2011100000,2011年度,2011,00001|F6501,観測値|F6501_地域別最低賃金,円,687.0,687
labour,働く人の環境（就業・求人・給与）,17000,石川県,pref,17,石川県,2012100000,2012年度,2012,00001|F6501,観測値|F6501_地域別最低賃金,円,693.0,693
labour,働く人の環境（就業・求人・給与）,17000,石川県,pref,17,石川県,2013100000,2013年度,2013,00001|F6501,観測値|F6501_地域別最低賃金,円,704.0,704
labour,働く人の環境（就業・求人・給与）,17000,石川県,pref,17,石川県,2014100000,2014年度,2014,00001|F6501,観測値|F6501_地域別最低賃金,円,718.0,718
labour,働く人の環境（就業・求人・給与）,17000,石川県,pref,17,石川県,2015100000,2015年度,2015,00001|F6501,観測値|F6501_地域別最低賃金,円,735.0,735
labour,働く人の環境（就業・求人・給与）,17000,石川県,pref,17,石川県,2016100000,2016年度,2016,00001|F6501,観測値|F6501_地域別最低賃金,円,757.0,757
labour,働く人の環境（就業・求人・給与）,17000,石川県,pref,17,石川県,2017100000,2017年度,2017,00001|F6501,観測値|F6501_地域別最低賃金,円,781.0,781
labour,働く人の環境（就業・求人・給与）,17000,石川県,pref,17,石川県,2018100000,2018年度,2018,00001|F6501,観測値|F6501_地域別最低賃金,円,806.0,806
labour,働く人の環境（就業・求人・給与）,17000,石川県,pref,17,石川県,2019100000,2019年度,2019,00001|F6501,観測値|F6501_地域別最低賃金,円,832.0,832
labour,働く人の環境（就業・求人・給与）,17000,石川県,pref,17,石川県,2020100000,2020年度,2020,00001|F6501,観測値|F6501_地域別最低賃金,円,833.0,833
labour,働く人の環境（就業・求人・給与）,17000,石川県,pref,17,石川県,2021100000,2021年度,2021,00001|F6501,観測値|F6501_地域別最低賃金,円,861.0,861
labour,働く人の環境（就業・求人・給与）,17000,石川県,pref,17,石川県,2022100000,2022年度,2022,00001|F6501,観測値|F6501_地域別最低賃金,円,891.0,891
labour,働く人の環境（就業・求人・給与）,17000,石川県,pref,17,石川県,2023100000,2023年度,2023,00001|F6501,観測値|F6501_地域別最低賃金,円,933.0,933
labour,働く人の環境（就業・求人・給与）,17000,石川県,pref,17,石川県,2024100000,2024年度,2024,00001|F6501,観測値|F6501_地域別最低賃金,円,984.0,984
labour,働く人の環境（就業・求人・給与）,18000,福井県,pref,18,福井県,2010100000,2010年度,2010,00001|F6501,観測値|F6501_地域別最低賃金,円,683.0,683
labour,働く人の環境（就業・求人・給与）,18000,福井県,pref,18,福井県,2011100000,2011年度,2011,00001|F6501,観測値|F6501_地域別最低賃金,円,684.0,684
labour,働く人の環境（就業・求人・給与）,18000,福井県,pref,18,福井県,2012100000,2012年度,2012,00001|F6501,観測値|F6501_地域別最低賃金,円,690.0,690
labour,働く人の環境（就業・求人・給与）,18000,福井県,pref,18,福井県,2013100000,2013年度,2013,00001|F6501,観測値|F6501_地域別最低賃金,円,701.0,701
labour,働く人の環境（就業・求人・給与）,18000,福井県,pref,18,福井県,2014100000,2014年度,2014,00001|F6501,観測値|F6501_地域別最低賃金,円,716.0,716
labour,働く人の環境（就業・求人・給与）,18000,福井県,pref,18,福井県,2015100000,2015年度,2015,00001|F6501,観測値|F6501_地域別最低賃金,円,732.0,732
labour,働く人の環境（就業・求人・給与）,18000,福井県,pref,18,福井県,2016100000,2016年度,2016,00001|F6501,観測値|F6501_地域別最低賃金,円,754.0,754
labour,働く人の環境（就業・求人・給与）,18000,福井県,pref,18,福井県,2017100000,2017年度,2017,00001|F6501,観測値|F6501_地域別最低賃金,円,778.0,778
labour,働く人の環境（就業・求人・給与）,18000,福井県,pref,18,福井県,2018100000,2018年度,2018,00001|F6501,観測値|F6501_地域別最低賃金,円,803.0,803
labour,働く人の環境（就業・求人・給与）,18000,福井県,pref,18,福井県,2019100000,2019年度,2019,00001|F6501,観測値|F6501_地域別最低賃金,円,829.0,829
labour,働く人の環境（就業・求人・給与）,18000,福井県,pref,18,福井県,2020100000,2020年度,2020,00001|F6501,観測値|F6501_地域別最低賃金,円,830.0,830
labour,働く人の環境（就業・求人・給与）,18000,福井県,pref,18,福井県,2021100000,2021年度,2021,00001|F6501,観測値|F6501_地域別最低賃金,円,858.0,858
labour,働く人の環境（就業・求人・給与）,18000,福井県,pref,18,福井県,2022100000,2022年度,2022,00001|F6501,観測値|F6501_地域別最低賃金,円,888.0,888
labour,働く人の環境（就業・求人・給与）,18000,福井県,pref,18,福井県,2023100000,2023年度,2023,00001|F6501,観測値|F6501_地域別最低賃金,円,931.0,931
labour,働く人の環境（就業・求人・給与）,18000,福井県,pref,18,福井県,2024100000,2024年度,2024,00001|F6501,観測値|F6501_地域別最低賃金,円,984.0,984
labour,働く人の環境（就業・求人・給与）,19000,山梨県,pref,19,山梨県,2010100000,2010年度,2010,00001|F6501,観測値|F6501_地域別最低賃金,円,689.0,689
labour,働く人の環境（就業・求人・給与）,19000,山梨県,pref,19,山梨県,2011100000,2011年度,2011,00001|F6501,観測値|F6501_地域別最低賃金,円,690.0,690
labour,働く人の環境（就業・求人・給与）,19000,山梨県,pref,19,山梨県,2012100000,2012年度,2012,00001|F6501,観測値|F6501_地域別最低賃金,円,695.0,695
labour,働く人の環境（就業・求人・給与）,19000,山梨県,pref,19,山梨県,2013100000,2013年度,2013,00001|F6501,観測値|F6501_地域別最低賃金,円,706.0,706
labour,働く人の環境（就業・求人・給与）,19000,山梨県,pref,19,山梨県,2014100000,2014年度,2014,00001|F6501,観測値|F6501_地域別最低賃金,円,721.0,721
labour,働く人の環境（就業・求人・給与）,19000,山梨県,pref,19,山梨県,2015100000,2015年度,2015,00001|F6501,観測値|F6501_地域別最低賃金,円,737.0,737
labour,働く人の環境（就業・求人・給与）,19000,山梨県,pref,19,山梨県,2016100000,2016年度,2016,00001|F6501,観測値|F6501_地域別最低賃金,円,759.0,759
labour,働く人の環境（就業・求人・給与）,19000,山梨県,pref,19,山梨県,2017100000,2017年度,2017,00001|F6501,観測値|F6501_地域別最低賃金,円,784.0,784
labour,働く人の環境（就業・求人・給与）,19000,山梨県,pref,19,山梨県,2018100000,2018年度,2018,00001|F6501,観測値|F6501_地域別最低賃金,円,810.0,810
labour,働く人の環境（就業・求人・給与）,19000,山梨県,pref,19,山梨県,2019100000,2019年度,2019,00001|F6501,観測値|F6501_地域別最低賃金,円,837.0,837
labour,働く人の環境（就業・求人・給与）,19000,山梨県,pref,19,山梨県,2020100000,2020年度,2020,00001|F6501,観測値|F6501_地域別最低賃金,円,838.0,838
labour,働く人の環境（就業・求人・給与）,19000,山梨県,pref,19,山梨県,2021100000,2021年度,2021,00001|F6501,観測値|F6501_地域別最低賃金,円,866.0,866
labour,働く人の環境（就業・求人・給与）,19000,山梨県,pref,19,山梨県,2022100000,2022年度,2022,00001|F6501,観測値|F6501_地域別最低賃金,円,898.0,898
labour,働く人の環境（就業・求人・給与）,19000,山梨県,pref,19,山梨県,2023100000,2023年度,2023,00001|F6501,観測値|F6501_地域別最低賃金,円,938.0,938
labour,働く人の環境（就業・求人・給与）,19000,山梨県,pref,19,山梨県,2024100000,2024年度,2024,00001|F6501,観測値|F6501_地域別最低賃金,円,988.0,988
labour,働く人の環境（就業・求人・給与）,20000,長野県,pref,20,長野県,2010100000,2010年度,2010,00001|F6501,観測値|F6501_地域別最低賃金,円,693.0,693
labour,働く人の環境（就業・求人・給与）,20000,長野県,pref,20,長野県,2011100000,2011年度,2011,00001|F6501,観測値|F6501_地域別最低賃金,円,694.0,694
labour,働く人の環境（就業・求人・給与）,20000,長野県,pref,20,長野県,2012100000,2012年度,2012,00001|F6501,観測値|F6501_地域別最低賃金,円,700.0,700
labour,働く人の環境（就業・求人・給与）,20000,長野県,pref,20,長野県,2013100000,2013年度,2013,00001|F6501,観測値|F6501_地域別最低賃金,円,713.0,713
labour,働く人の環境（就業・求人・給与）,20000,長野県,pref,20,長野県,2014100000,2014年度,2014,00001|F6501,観測値|F6501_地域別最低賃金,円,728.0,728
labour,働く人の環境（就業・求人・給与）,20000,長野県,pref,20,長野県,2015100000,2015年度,2015,00001|F6501,観測値|F6501_地域別最低賃金,円,746.0,746
labour,働く人の環境（就業・求人・給与）,20000,長野県,pref,20,長野県,2016100000,2016年度,2016,00001|F6501,観測値|F6501_地域別最低賃金,円,770.0,770
labour,働く人の環境（就業・求人・給与）,20000,長野県,pref,20,長野県,2017100000,2017年度,2017,00001|F6501,観測値|F6501_地域別最低賃金,円,795.0,795
labour,働く人の環境（就業・求人・給与）,20000,長野県,pref,20,長野県,2018100000,2018年度,2018,00001|F6501,観測値|F6501_地域別最低賃金,円,821.0,821
labour,働く人の環境（就業・求人・給与）,20000,長野県,pref,20,長野県,2019100000,2019年度,2019,00001|F6501,観測値|F6501_地域別最低賃金,円,848.0,848
labour,働く人の環境（就業・求人・給与）,20000,長野県,pref,20,長野県,2020100000,2020年度,2020,00001|F6501,観測値|F6501_地域別最低賃金,円,849.0,849
labour,働く人の環境（就業・求人・給与）,20000,長野県,pref,20,長野県,2021100000,2021年度,2021,00001|F6501,観測値|F6501_地域別最低賃金,円,877.0,877
labour,働く人の環境（就業・求人・給与）,20000,長野県,pref,20,長野県,2022100000,2022年度,2022,00001|F6501,観測値|F6501_地域別最低賃金,円,908.0,908
labour,働く人の環境（就業・求人・給与）,20000,長野県,pref,20,長野県,2023100000,2023年度,2023,00001|F6501,観測値|F6501_地域別最低賃金,円,948.0,948
labour,働く人の環境（就業・求人・給与）,20000,長野県,pref,20,長野県,2024100000,2024年度,2024,00001|F6501,観測値|F6501_地域別最低賃金,円,998.0,998
labour,働く人の環境（就業・求人・給与）,21000,岐阜県,pref,21,岐阜県,2010100000,2010年度,2010,00001|F6501,観測値|F6501_地域別最低賃金,円,706.0,706
labour,働く人の環境（就業・求人・給与）,21000,岐阜県,pref,21,岐阜県,2011100000,2011年度,2011,00001|F6501,観測値|F6501_地域別最低賃金,円,707.0,707
labour,働く人の環境（就業・求人・給与）,21000,岐阜県,pref,21,岐阜県,2012100000,2012年度,2012,00001|F6501,観測値|F6501_地域別最低賃金,円,713.0,713
labour,働く人の環境（就業・求人・給与）,21000,岐阜県,pref,21,岐阜県,2013100000,2013年度,2013,00001|F6501,観測値|F6501_地域別最低賃金,円,724.0,724
labour,働く人の環境（就業・求人・給与）,21000,岐阜県,pref,21,岐阜県,2014100000,2014年度,2014,00001|F6501,観測値|F6501_地域別最低賃金,円,738.0,738
labour,働く人の環境（就業・求人・給与）,21000,岐阜県,pref,21,岐阜県,2015100000,2015年度,2015,00001|F6501,観測値|F6501_地域別最低賃金,円,754.0,754
labour,働く人の環境（就業・求人・給与）,21000,岐阜県,pref,21,岐阜県,2016100000,2016年度,2016,00001|F6501,観測値|F6501_地域別最低賃金,円,776.0,776
labour,働く人の環境（就業・求人・給与）,21000,岐阜県,pref,21,岐阜県,2017100000,2017年度,2017,00001|F6501,観測値|F6501_地域別最低賃金,円,800.0,800
labour,働く人の環境（就業・求人・給与）,21000,岐阜県,pref,21,岐阜県,2018100000,2018年度,2018,00001|F6501,観測値|F6501_地域別最低賃金,円,825.0,825
labour,働く人の環境（就業・求人・給与）,21000,岐阜県,pref,21,岐阜県,2019100000,2019年度,2019,00001|F6501,観測値|F6501_地域別最低賃金,円,851.0,851
labour,働く人の環境（就業・求人・給与）,21000,岐阜県,pref,21,岐阜県,2020100000,2020年度,2020,00001|F6501,観測値|F6501_地域別最低賃金,円,852.0,852
labour,働く人の環境（就業・求人・給与）,21000,岐阜県,pref,21,岐阜県,2021100000,2021年度,2021,00001|F6501,観測値|F6501_地域別最低賃金,円,880.0,880
labour,働く人の環境（就業・求人・給与）,21000,岐阜県,pref,21,岐阜県,2022100000,2022年度,2022,00001|F6501,観測値|F6501_地域別最低賃金,円,910.0,910
labour,働く人の環境（就業・求人・給与）,21000,岐阜県,pref,21,岐阜県,2023100000,2023年度,2023,00001|F6501,観測値|F6501_地域別最低賃金,円,950.0,950
labour,働く人の環境（就業・求人・給与）,21000,岐阜県,pref,21,岐阜県,2024100000,2024年度,2024,00001|F6501,観測値|F6501_地域別最低賃金,円,1001.0,1001
labour,働く人の環境（就業・求人・給与）,22000,静岡県,pref,22,静岡県,2010100000,2010年度,2010,00001|F6501,観測値|F6501_地域別最低賃金,円,725.0,725
labour,働く人の環境（就業・求人・給与）,22000,静岡県,pref,22,静岡県,2011100000,2011年度,2011,00001|F6501,観測値|F6501_地域別最低賃金,円,728.0,728
labour,働く人の環境（就業・求人・給与）,22000,静岡県,pref,22,静岡県,2012100000,2012年度,2012,00001|F6501,観測値|F6501_地域別最低賃金,円,735.0,735
labour,働く人の環境（就業・求人・給与）,22000,静岡県,pref,22,静岡県,2013100000,2013年度,2013,00001|F6501,観測値|F6501_地域別最低賃金,円,749.0,749
labour,働く人の環境（就業・求人・給与）,22000,静岡県,pref,22,静岡県,2014100000,2014年度,2014,00001|F6501,観測値|F6501_地域別最低賃金,円,765.0,765
labour,働く人の環境（就業・求人・給与）,22000,静岡県,pref,22,静岡県,2015100000,2015年度,2015,00001|F6501,観測値|F6501_地域別最低賃金,円,783.0,783
labour,働く人の環境（就業・求人・給与）,22000,静岡県,pref,22,静岡県,2016100000,2016年度,2016,00001|F6501,観測値|F6501_地域別最低賃金,円,807.0,807
labour,働く人の環境（就業・求人・給与）,22000,静岡県,pref,22,静岡県,2017100000,2017年度,2017,00001|F6501,観測値|F6501_地域別最低賃金,円,832.0,832
labour,働く人の環境（就業・求人・給与）,22000,静岡県,pref,22,静岡県,2018100000,2018年度,2018,00001|F6501,観測値|F6501_地域別最低賃金,円,858.0,858
labour,働く人の環境（就業・求人・給与）,22000,静岡県,pref,22,静岡県,2019100000,2019年度,2019,00001|F6501,観測値|F6501_地域別最低賃金,円,885.0,885
labour,働く人の環境（就業・求人・給与）,22000,静岡県,pref,22,静岡県,2020100000,2020年度,2020,00001|F6501,観測値|F6501_地域別最低賃金,円,885.0,885
labour,働く人の環境（就業・求人・給与）,22000,静岡県,pref,22,静岡県,2021100000,2021年度,2021,00001|F6501,観測値|F6501_地域別最低賃金,円,913.0,913
labour,働く人の環境（就業・求人・給与）,22000,静岡県,pref,22,静岡県,2022100000,2022年度,2022,00001|F6501,観測値|F6501_地域別最低賃金,円,944.0,944
labour,働く人の環境（就業・求人・給与）,22000,静岡県,pref,22,静岡県,2023100000,2023年度,2023,00001|F6501,観測値|F6501_地域別最低賃金,円,984.0,984
labour,働く人の環境（就業・求人・給与）,22000,静岡県,pref,22,静岡県,2024100000,2024年度,2024,00001|F6501,観測値|F6501_地域別最低賃金,円,1034.0,1034
labour,働く人の環境（就業・求人・給与）,23000,愛知県,pref,23,愛知県,2010100000,2010年度,2010,00001|F6501,観測値|F6501_地域別最低賃金,円,745.0,745
labour,働く人の環境（就業・求人・給与）,23000,愛知県,pref,23,愛知県,2011100000,2011年度,2011,00001|F6501,観測値|F6501_地域別最低賃金,円,750.0,750
labour,働く人の環境（就業・求人・給与）,23000,愛知県,pref,23,愛知県,2012100000,2012年度,2012,00001|F6501,観測値|F6501_地域別最低賃金,円,758.0,758
labour,働く人の環境（就業・求人・給与）,23000,愛知県,pref,23,愛知県,2013100000,2013年度,2013,00001|F6501,観測値|F6501_地域別最低賃金,円,780.0,780
labour,働く人の環境（就業・求人・給与）,23000,愛知県,pref,23,愛知県,2014100000,2014年度,2014,00001|F6501,観測値|F6501_地域別最低賃金,円,800.0,800
labour,働く人の環境（就業・求人・給与）,23000,愛知県,pref,23,愛知県,2015100000,2015年度,2015,00001|F6501,観測値|F6501_地域別最低賃金,円,820.0,820
labour,働く人の環境（就業・求人・給与）,23000,愛知県,pref,23,愛知県,2016100000,2016年度,2016,00001|F6501,観測値|F6501_地域別最低賃金,円,845.0,845
labour,働く人の環境（就業・求人・給与）,23000,愛知県,pref,23,愛知県,2017100000,2017年度,2017,00001|F6501,観測値|F6501_地域別最低賃金,円,871.0,871
labour,働く人の環境（就業・求人・給与）,23000,愛知県,pref,23,愛知県,2018100000,2018年度,2018,00001|F6501,観測値|F6501_地域別最低賃金,円,898.0,898
labour,働く人の環境（就業・求人・給与）,23000,愛知県,pref,23,愛知県,2019100000,2019年度,2019,00001|F6501,観測値|F6501_地域別最低賃金,円,926.0,926
labour,働く人の環境（就業・求人・給与）,23000,愛知県,pref,23,愛知県,2020100000,2020年度,2020,00001|F6501,観測値|F6501_地域別最低賃金,円,927.0,927
labour,働く人の環境（就業・求人・給与）,23000,愛知県,pref,23,愛知県,2021100000,2021年度,2021,00001|F6501,観測値|F6501_地域別最低賃金,円,955.0,955
labour,働く人の環境（就業・求人・給与）,23000,愛知県,pref,23,愛知県,2022100000,2022年度,2022,00001|F6501,観測値|F6501_地域別最低賃金,円,986.0,986
labour,働く人の環境（就業・求人・給与）,23000,愛知県,pref,23,愛知県,2023100000,2023年度,2023,00001|F6501,観測値|F6501_地域別最低賃金,円,1027.0,1027
labour,働く人の環境（就業・求人・給与）,23000,愛知県,pref,23,愛知県,2024100000,2024年度,2024,00001|F6501,観測値|F6501_地域別最低賃金,円,1077.0,1077
labour,働く人の環境（就業・求人・給与）,24000,三重県,pref,24,三重県,2010100000,2010年度,2010,00001|F6501,観測値|F6501_地域別最低賃金,円,714.0,714
labour,働く人の環境（就業・求人・給与）,24000,三重県,pref,24,三重県,2011100000,2011年度,2011,00001|F6501,観測値|F6501_地域別最低賃金,円,717.0,717
labour,働く人の環境（就業・求人・給与）,24000,三重県,pref,24,三重県,2012100000,2012年度,2012,00001|F6501,観測値|F6501_地域別最低賃金,円,724.0,724
labour,働く人の環境（就業・求人・給与）,24000,三重県,pref,24,三重県,2013100000,2013年度,2013,00001|F6501,観測値|F6501_地域別最低賃金,円,737.0,737
labour,働く人の環境（就業・求人・給与）,24000,三重県,pref,24,三重県,2014100000,2014年度,2014,00001|F6501,観測値|F6501_地域別最低賃金,円,753.0,753
labour,働く人の環境（就業・求人・給与）,24000,三重県,pref,24,三重県,2015100000,2015年度,2015,00001|F6501,観測値|F6501_地域別最低賃金,円,771.0,771
labour,働く人の環境（就業・求人・給与）,24000,三重県,pref,24,三重県,2016100000,2016年度,2016,00001|F6501,観測値|F6501_地域別最低賃金,円,795.0,795
labour,働く人の環境（就業・求人・給与）,24000,三重県,pref,24,三重県,2017100000,2017年度,2017,00001|F6501,観測値|F6501_地域別最低賃金,円,820.0,820
labour,働く人の環境（就業・求人・給与）,24000,三重県,pref,24,三重県,2018100000,2018年度,2018,00001|F6501,観測値|F6501_地域別最低賃金,円,846.0,846
labour,働く人の環境（就業・求人・給与）,24000,三重県,pref,24,三重県,2019100000,2019年度,2019,00001|F6501,観測値|F6501_地域別最低賃金,円,873.0,873
labour,働く人の環境（就業・求人・給与）,24000,三重県,pref,24,三重県,2020100000,2020年度,2020,00001|F6501,観測値|F6501_地域別最低賃金,円,874.0,874
labour,働く人の環境（就業・求人・給与）,24000,三重県,pref,24,三重県,2021100000,2021年度,2021,00001|F6501,観測値|F6501_地域別最低賃金,円,902.0,902
labour,働く人の環境（就業・求人・給与）,24000,三重県,pref,24,三重県,2022100000,2022年度,2022,00001|F6501,観測値|F6501_地域別最低賃金,円,933.0,933
labour,働く人の環境（就業・求人・給与）,24000,三重県,pref,24,三重県,2023100000,2023年度,2023,00001|F6501,観測値|F6501_地域別最低賃金,円,973.0,973
labour,働く人の環境（就業・求人・給与）,24000,三重県,pref,24,三重県,2024100000,2024年度,2024,00001|F6501,観測値|F6501_地域別最低賃金,円,1023.0,1023
labour,働く人の環境（就業・求人・給与）,25000,滋賀県,pref,25,滋賀県,2010100000,2010年度,2010,00001|F6501,観測値|F6501_地域別最低賃金,円,706.0,706
labour,働く人の環境（就業・求人・給与）,25000,滋賀県,pref,25,滋賀県,2011100000,2011年度,2011,00001|F6501,観測値|F6501_地域別最低賃金,円,709.0,709
labour,働く人の環境（就業・求人・給与）,25000,滋賀県,pref,25,滋賀県,2012100000,2012年度,2012,00001|F6501,観測値|F6501_地域別最低賃金,円,716.0,716
labour,働く人の環境（就業・求人・給与）,25000,滋賀県,pref,25,滋賀県,2013100000,2013年度,2013,00001|F6501,観測値|F6501_地域別最低賃金,円,730.0,730
labour,働く人の環境（就業・求人・給与）,25000,滋賀県,pref,25,滋賀県,2014100000,2014年度,2014,00001|F6501,観測値|F6501_地域別最低賃金,円,746.0,746
labour,働く人の環境（就業・求人・給与）,25000,滋賀県,pref,25,滋賀県,2015100000,2015年度,2015,00001|F6501,観測値|F6501_地域別最低賃金,円,764.0,764
labour,働く人の環境（就業・求人・給与）,25000,滋賀県,pref,25,滋賀県,2016100000,2016年度,2016,00001|F6501,観測値|F6501_地域別最低賃金,円,788.0,788
labour,働く人の環境（就業・求人・給与）,25000,滋賀県,pref,25,滋賀県,2017100000,2017年度,2017,00001|F6501,観測値|F6501_地域別最低賃金,円,813.0,813
labour,働く人の環境（就業・求人・給与）,25000,滋賀県,pref,25,滋賀県,2018100000,2018年度,2018,00001|F6501,観測値|F6501_地域別最低賃金,円,839.0,839
labour,働く人の環境（就業・求人・給与）,25000,滋賀県,pref,25,滋賀県,2019100000,2019年度,2019,00001|F6501,観測値|F6501_地域別最低賃金,円,866.0,866
labour,働く人の環境（就業・求人・給与）,25000,滋賀県,pref,25,滋賀県,2020100000,2020年度,2020,00001|F6501,観測値|F6501_地域別最低賃金,円,868.0,868
labour,働く人の環境（就業・求人・給与）,25000,滋賀県,pref,25,滋賀県,2021100000,2021年度,2021,00001|F6501,観測値|F6501_地域別最低賃金,円,896.0,896
labour,働く人の環境（就業・求人・給与）,25000,滋賀県,pref,25,滋賀県,2022100000,2022年度,2022,00001|F6501,観測値|F6501_地域別最低賃金,円,927.0,927
labour,働く人の環境（就業・求人・給与）,25000,滋賀県,pref,25,滋賀県,2023100000,2023年度,2023,00001|F6501,観測値|F6501_地域別最低賃金,円,967.0,967
labour,働く人の環境（就業・求人・給与）,25000,滋賀県,pref,25,滋賀県,2024100000,2024年度,2024,00001|F6501,観測値|F6501_地域別最低賃金,円,1017.0,1017
labour,働く人の環境（就業・求人・給与）,26000,京都府,pref,26,京都府,2010100000,2010年度,2010,00001|F6501,観測値|F6501_地域別最低賃金,円,749.0,749
labour,働く人の環境（就業・求人・給与）,26000,京都府,pref,26,京都府,2011100000,2011年度,2011,00001|F6501,観測値|F6501_地域別最低賃金,円,751.0,751
labour,働く人の環境（就業・求人・給与）,26000,京都府,pref,26,京都府,2012100000,2012年度,2012,00001|F6501,観測値|F6501_地域別最低賃金,円,759.0,759
labour,働く人の環境（就業・求人・給与）,26000,京都府,pref,26,京都府,2013100000,2013年度,2013,00001|F6501,観測値|F6501_地域別最低賃金,円,773.0,773
labour,働く人の環境（就業・求人・給与）,26000,京都府,pref,26,京都府,2014100000,2014年度,2014,00001|F6501,観測値|F6501_地域別最低賃金,円,789.0,789
labour,働く人の環境（就業・求人・給与）,26000,京都府,pref,26,京都府,2015100000,2015年度,2015,00001|F6501,観測値|F6501_地域別最低賃金,円,807.0,807
labour,働く人の環境（就業・求人・給与）,26000,京都府,pref,26,京都府,2016100000,2016年度,2016,00001|F6501,観測値|F6501_地域別最低賃金,円,831.0,831
labour,働く人の環境（就業・求人・給与）,26000,京都府,pref,26,京都府,2017100000,2017年度,2017,00001|F6501,観測値|F6501_地域別最低賃金,円,856.0,856
labour,働く人の環境（就業・求人・給与）,26000,京都府,pref,26,京都府,2018100000,2018年度,2018,00001|F6501,観測値|F6501_地域別最低賃金,円,882.0,882
labour,働く人の環境（就業・求人・給与）,26000,京都府,pref,26,京都府,2019100000,2019年度,2019,00001|F6501,観測値|F6501_地域別最低賃金,円,909.0,909
labour,働く人の環境（就業・求人・給与）,26000,京都府,pref,26,京都府,2020100000,2020年度,2020,00001|F6501,観測値|F6501_地域別最低賃金,円,909.0,909
labour,働く人の環境（就業・求人・給与）,26000,京都府,pref,26,京都府,2021100000,2021年度,2021,00001|F6501,観測値|F6501_地域別最低賃金,円,937.0,937
labour,働く人の環境（就業・求人・給与）,26000,京都府,pref,26,京都府,2022100000,2022年度,2022,00001|F6501,観測値|F6501_地域別最低賃金,円,968.0,968
labour,働く人の環境（就業・求人・給与）,26000,京都府,pref,26,京都府,2023100000,2023年度,2023,00001|F6501,観測値|F6501_地域別最低賃金,円,1008.0,1008
labour,働く人の環境（就業・求人・給与）,26000,京都府,pref,26,京都府,2024100000,2024年度,2024,00001|F6501,観測値|F6501_地域別最低賃金,円,1058.0,1058
labour,働く人の環境（就業・求人・給与）,27000,大阪府,pref,27,大阪府,2010100000,2010年度,2010,00001|F6501,観測値|F6501_地域別最低賃金,円,779.0,779
labour,働く人の環境（就業・求人・給与）,27000,大阪府,pref,27,大阪府,2011100000,2011年度,2011,00001|F6501,観測値|F6501_地域別最低賃金,円,786.0,786
labour,働く人の環境（就業・求人・給与）,27000,大阪府,pref,27,大阪府,2012100000,2012年度,2012,00001|F6501,観測値|F6501_地域別最低賃金,円,800.0,800
labour,働く人の環境（就業・求人・給与）,27000,大阪府,pref,27,大阪府,2013100000,2013年度,2013,00001|F6501,観測値|F6501_地域別最低賃金,円,819.0,819
labour,働く人の環境（就業・求人・給与）,27000,大阪府,pref,27,大阪府,2014100000,2014年度,2014,00001|F6501,観測値|F6501_地域別最低賃金,円,838.0,838
labour,働く人の環境（就業・求人・給与）,27000,大阪府,pref,27,大阪府,2015100000,2015年度,2015,00001|F6501,観測値|F6501_地域別最低賃金,円,858.0,858
labour,働く人の環境（就業・求人・給与）,27000,大阪府,pref,27,大阪府,2016100000,2016年度,2016,00001|F6501,観測値|F6501_地域別最低賃金,円,883.0,883
labour,働く人の環境（就業・求人・給与）,27000,大阪府,pref,27,大阪府,2017100000,2017年度,2017,00001|F6501,観測値|F6501_地域別最低賃金,円,909.0,909
labour,働く人の環境（就業・求人・給与）,27000,大阪府,pref,27,大阪府,2018100000,2018年度,2018,00001|F6501,観測値|F6501_地域別最低賃金,円,936.0,936
labour,働く人の環境（就業・求人・給与）,27000,大阪府,pref,27,大阪府,2019100000,2019年度,2019,00001|F6501,観測値|F6501_地域別最低賃金,円,964.0,964
labour,働く人の環境（就業・求人・給与）,27000,大阪府,pref,27,大阪府,2020100000,2020年度,2020,00001|F6501,観測値|F6501_地域別最低賃金,円,964.0,964
labour,働く人の環境（就業・求人・給与）,27000,大阪府,pref,27,大阪府,2021100000,2021年度,2021,00001|F6501,観測値|F6501_地域別最低賃金,円,992.0,992
labour,働く人の環境（就業・求人・給与）,27000,大阪府,pref,27,大阪府,2022100000,2022年度,2022,00001|F6501,観測値|F6501_地域別最低賃金,円,1023.0,1023
labour,働く人の環境（就業・求人・給与）,27000,大阪府,pref,27,大阪府,2023100000,2023年度,2023,00001|F6501,観測値|F6501_地域別最低賃金,円,1064.0,1064
labour,働く人の環境（就業・求人・給与）,27000,大阪府,pref,27,大阪府,2024100000,2024年度,2024,00001|F6501,観測値|F6501_地域別最低賃金,円,1114.0,1114
labour,働く人の環境（就業・求人・給与）,28000,兵庫県,pref,28,兵庫県,2010100000,2010年度,2010,00001|F6501,観測値|F6501_地域別最低賃金,円,734.0,734
labour,働く人の環境（就業・求人・給与）,28000,兵庫県,pref,28,兵庫県,2011100000,2011年度,2011,00001|F6501,観測値|F6501_地域別最低賃金,円,739.0,739
labour,働く人の環境（就業・求人・給与）,28000,兵庫県,pref,28,兵庫県,2012100000,2012年度,2012,00001|F6501,観測値|F6501_地域別最低賃金,円,749.0,749
labour,働く人の環境（就業・求人・給与）,28000,兵庫県,pref,28,兵庫県,2013100000,2013年度,2013,00001|F6501,観測値|F6501_地域別最低賃金,円,761.0,761
labour,働く人の環境（就業・求人・給与）,28000,兵庫県,pref,28,兵庫県,2014100000,2014年度,2014,00001|F6501,観測値|F6501_地域別最低賃金,円,776.0,776
labour,働く人の環境（就業・求人・給与）,28000,兵庫県,pref,28,兵庫県,2015100000,2015年度,2015,00001|F6501,観測値|F6501_地域別最低賃金,円,794.0,794
labour,働く人の環境（就業・求人・給与）,28000,兵庫県,pref,28,兵庫県,2016100000,2016年度,2016,00001|F6501,観測値|F6501_地域別最低賃金,円,819.0,819
labour,働く人の環境（就業・求人・給与）,28000,兵庫県,pref,28,兵庫県,2017100000,2017年度,2017,00001|F6501,観測値|F6501_地域別最低賃金,円,844.0,844
labour,働く人の環境（就業・求人・給与）,28000,兵庫県,pref,28,兵庫県,2018100000,2018年度,2018,00001|F6501,観測値|F6501_地域別最低賃金,円,871.0,871
labour,働く人の環境（就業・求人・給与）,28000,兵庫県,pref,28,兵庫県,2019100000,2019年度,2019,00001|F6501,観測値|F6501_地域別最低賃金,円,899.0,899
labour,働く人の環境（就業・求人・給与）,28000,兵庫県,pref,28,兵庫県,2020100000,2020年度,2020,00001|F6501,観測値|F6501_地域別最低賃金,円,900.0,900
labour,働く人の環境（就業・求人・給与）,28000,兵庫県,pref,28,兵庫県,2021100000,2021年度,2021,00001|F6501,観測値|F6501_地域別最低賃金,円,928.0,928
labour,働く人の環境（就業・求人・給与）,28000,兵庫県,pref,28,兵庫県,2022100000,2022年度,2022,00001|F6501,観測値|F6501_地域別最低賃金,円,960.0,960
labour,働く人の環境（就業・求人・給与）,28000,兵庫県,pref,28,兵庫県,2023100000,2023年度,2023,00001|F6501,観測値|F6501_地域別最低賃金,円,1001.0,1001
labour,働く人の環境（就業・求人・給与）,28000,兵庫県,pref,28,兵庫県,2024100000,2024年度,2024,00001|F6501,観測値|F6501_地域別最低賃金,円,1052.0,1052
labour,働く人の環境（就業・求人・給与）,29000,奈良県,pref,29,奈良県,2010100000,2010年度,2010,00001|F6501,観測値|F6501_地域別最低賃金,円,691.0,691
labour,働く人の環境（就業・求人・給与）,29000,奈良県,pref,29,奈良県,2011100000,2011年度,2011,00001|F6501,観測値|F6501_地域別最低賃金,円,693.0,693
labour,働く人の環境（就業・求人・給与）,29000,奈良県,pref,29,奈良県,2012100000,2012年度,2012,00001|F6501,観測値|F6501_地域別最低賃金,円,699.0,699
labour,働く人の環境（就業・求人・給与）,29000,奈良県,pref,29,奈良県,2013100000,2013年度,2013,00001|F6501,観測値|F6501_地域別最低賃金,円,710.0,710
labour,働く人の環境（就業・求人・給与）,29000,奈良県,pref,29,奈良県,2014100000,2014年度,2014,00001|F6501,観測値|F6501_地域別最低賃金,円,724.0,724
labour,働く人の環境（就業・求人・給与）,29000,奈良県,pref,29,奈良県,2015100000,2015年度,2015,00001|F6501,観測値|F6501_地域別最低賃金,円,740.0,740
labour,働く人の環境（就業・求人・給与）,29000,奈良県,pref,29,奈良県,2016100000,2016年度,2016,00001|F6501,観測値|F6501_地域別最低賃金,円,762.0,762
labour,働く人の環境（就業・求人・給与）,29000,奈良県,pref,29,奈良県,2017100000,2017年度,2017,00001|F6501,観測値|F6501_地域別最低賃金,円,786.0,786
labour,働く人の環境（就業・求人・給与）,29000,奈良県,pref,29,奈良県,2018100000,2018年度,2018,00001|F6501,観測値|F6501_地域別最低賃金,円,811.0,811
labour,働く人の環境（就業・求人・給与）,29000,奈良県,pref,29,奈良県,2019100000,2019年度,2019,00001|F6501,観測値|F6501_地域別最低賃金,円,837.0,837
labour,働く人の環境（就業・求人・給与）,29000,奈良県,pref,29,奈良県,2020100000,2020年度,2020,00001|F6501,観測値|F6501_地域別最低賃金,円,838.0,838
labour,働く人の環境（就業・求人・給与）,29000,奈良県,pref,29,奈良県,2021100000,2021年度,2021,00001|F6501,観測値|F6501_地域別最低賃金,円,866.0,866
labour,働く人の環境（就業・求人・給与）,29000,奈良県,pref,29,奈良県,2022100000,2022年度,2022,00001|F6501,観測値|F6501_地域別最低賃金,円,896.0,896
labour,働く人の環境（就業・求人・給与）,29000,奈良県,pref,29,奈良県,2023100000,2023年度,2023,00001|F6501,観測値|F6501_地域別最低賃金,円,936.0,936
labour,働く人の環境（就業・求人・給与）,29000,奈良県,pref,29,奈良県,2024100000,2024年度,2024,00001|F6501,観測値|F6501_地域別最低賃金,円,986.0,986
labour,働く人の環境（就業・求人・給与）,30000,和歌山県,pref,30,和歌山県,2010100000,2010年度,2010,00001|F6501,観測値|F6501_地域別最低賃金,円,684.0,684
labour,働く人の環境（就業・求人・給与）,30000,和歌山県,pref,30,和歌山県,2011100000,2011年度,2011,00001|F6501,観測値|F6501_地域別最低賃金,円,685.0,685
labour,働く人の環境（就業・求人・給与）,30000,和歌山県,pref,30,和歌山県,2012100000,2012年度,2012,00001|F6501,観測値|F6501_地域別最低賃金,円,690.0,690
labour,働く人の環境（就業・求人・給与）,30000,和歌山県,pref,30,和歌山県,2013100000,2013年度,2013,00001|F6501,観測値|F6501_地域別最低賃金,円,701.0,701
labour,働く人の環境（就業・求人・給与）,30000,和歌山県,pref,30,和歌山県,2014100000,2014年度,2014,00001|F6501,観測値|F6501_地域別最低賃金,円,715.0,715
labour,働く人の環境（就業・求人・給与）,30000,和歌山県,pref,30,和歌山県,2015100000,2015年度,2015,00001|F6501,観測値|F6501_地域別最低賃金,円,731.0,731
labour,働く人の環境（就業・求人・給与）,30000,和歌山県,pref,30,和歌山県,2016100000,2016年度,2016,00001|F6501,観測値|F6501_地域別最低賃金,円,753.0,753
labour,働く人の環境（就業・求人・給与）,30000,和歌山県,pref,30,和歌山県,2017100000,2017年度,2017,00001|F6501,観測値|F6501_地域別最低賃金,円,777.0,777
labour,働く人の環境（就業・求人・給与）,30000,和歌山県,pref,30,和歌山県,2018100000,2018年度,2018,00001|F6501,観測値|F6501_地域別最低賃金,円,803.0,803
labour,働く人の環境（就業・求人・給与）,30000,和歌山県,pref,30,和歌山県,2019100000,2019年度,2019,00001|F6501,観測値|F6501_地域別最低賃金,円,830.0,830
labour,働く人の環境（就業・求人・給与）,30000,和歌山県,pref,30,和歌山県,2020100000,2020年度,2020,00001|F6501,観測値|F6501_地域別最低賃金,円,831.0,831
labour,働く人の環境（就業・求人・給与）,30000,和歌山県,pref,30,和歌山県,2021100000,2021年度,2021,00001|F6501,観測値|F6501_地域別最低賃金,円,859.0,859
labour,働く人の環境（就業・求人・給与）,30000,和歌山県,pref,30,和歌山県,2022100000,2022年度,2022,00001|F6501,観測値|F6501_地域別最低賃金,円,889.0,889
labour,働く人の環境（就業・求人・給与）,30000,和歌山県,pref,30,和歌山県,2023100000,2023年度,2023,00001|F6501,観測値|F6501_地域別最低賃金,円,929.0,929
labour,働く人の環境（就業・求人・給与）,30000,和歌山県,pref,30,和歌山県,2024100000,2024年度,2024,00001|F6501,観測値|F6501_地域別最低賃金,円,980.0,980
labour,働く人の環境（就業・求人・給与）,31000,鳥取県,pref,31,鳥取県,2010100000,2010年度,2010,00001|F6501,観測値|F6501_地域別最低賃金,円,642.0,642
labour,働く人の環境（就業・求人・給与）,31000,鳥取県,pref,31,鳥取県,2011100000,2011年度,2011,00001|F6501,観測値|F6501_地域別最低賃金,円,646.0,646
labour,働く人の環境（就業・求人・給与）,31000,鳥取県,pref,31,鳥取県,2012100000,2012年度,2012,00001|F6501,観測値|F6501_地域別最低賃金,円,653.0,653
labour,働く人の環境（就業・求人・給与）,31000,鳥取県,pref,31,鳥取県,2013100000,2013年度,2013,00001|F6501,観測値|F6501_地域別最低賃金,円,664.0,664
labour,働く人の環境（就業・求人・給与）,31000,鳥取県,pref,31,鳥取県,2014100000,2014年度,2014,00001|F6501,観測値|F6501_地域別最低賃金,円,677.0,677
labour,働く人の環境（就業・求人・給与）,31000,鳥取県,pref,31,鳥取県,2015100000,2015年度,2015,00001|F6501,観測値|F6501_地域別最低賃金,円,693.0,693
labour,働く人の環境（就業・求人・給与）,31000,鳥取県,pref,31,鳥取県,2016100000,2016年度,2016,00001|F6501,観測値|F6501_地域別最低賃金,円,715.0,715
labour,働く人の環境（就業・求人・給与）,31000,鳥取県,pref,31,鳥取県,2017100000,2017年度,2017,00001|F6501,観測値|F6501_地域別最低賃金,円,738.0,738
labour,働く人の環境（就業・求人・給与）,31000,鳥取県,pref,31,鳥取県,2018100000,2018年度,2018,00001|F6501,観測値|F6501_地域別最低賃金,円,762.0,762
labour,働く人の環境（就業・求人・給与）,31000,鳥取県,pref,31,鳥取県,2019100000,2019年度,2019,00001|F6501,観測値|F6501_地域別最低賃金,円,790.0,790
labour,働く人の環境（就業・求人・給与）,31000,鳥取県,pref,31,鳥取県,2020100000,2020年度,2020,00001|F6501,観測値|F6501_地域別最低賃金,円,792.0,792
labour,働く人の環境（就業・求人・給与）,31000,鳥取県,pref,31,鳥取県,2021100000,2021年度,2021,00001|F6501,観測値|F6501_地域別最低賃金,円,821.0,821
labour,働く人の環境（就業・求人・給与）,31000,鳥取県,pref,31,鳥取県,2022100000,2022年度,2022,00001|F6501,観測値|F6501_地域別最低賃金,円,854.0,854
labour,働く人の環境（就業・求人・給与）,31000,鳥取県,pref,31,鳥取県,2023100000,2023年度,2023,00001|F6501,観測値|F6501_地域別最低賃金,円,900.0,900
labour,働く人の環境（就業・求人・給与）,31000,鳥取県,pref,31,鳥取県,2024100000,2024年度,2024,00001|F6501,観測値|F6501_地域別最低賃金,円,957.0,957
labour,働く人の環境（就業・求人・給与）,32000,島根県,pref,32,島根県,2010100000,2010年度,2010,00001|F6501,観測値|F6501_地域別最低賃金,円,642.0,642
labour,働く人の環境（就業・求人・給与）,32000,島根県,pref,32,島根県,2011100000,2011年度,2011,00001|F6501,観測値|F6501_地域別最低賃金,円,646.0,646
labour,働く人の環境（就業・求人・給与）,32000,島根県,pref,32,島根県,2012100000,2012年度,2012,00001|F6501,観測値|F6501_地域別最低賃金,円,652.0,652
labour,働く人の環境（就業・求人・給与）,32000,島根県,pref,32,島根県,2013100000,2013年度,2013,00001|F6501,観測値|F6501_地域別最低賃金,円,664.0,664
labour,働く人の環境（就業・求人・給与）,32000,島根県,pref,32,島根県,2014100000,2014年度,2014,00001|F6501,観測値|F6501_地域別最低賃金,円,679.0,679
labour,働く人の環境（就業・求人・給与）,32000,島根県,pref,32,島根県,2015100000,2015年度,2015,00001|F6501,観測値|F6501_地域別最低賃金,円,696.0,696
labour,働く人の環境（就業・求人・給与）,32000,島根県,pref,32,島根県,2016100000,2016年度,2016,00001|F6501,観測値|F6501_地域別最低賃金,円,718.0,718
labour,働く人の環境（就業・求人・給与）,32000,島根県,pref,32,島根県,2017100000,2017年度,2017,00001|F6501,観測値|F6501_地域別最低賃金,円,740.0,740
labour,働く人の環境（就業・求人・給与）,32000,島根県,pref,32,島根県,2018100000,2018年度,2018,00001|F6501,観測値|F6501_地域別最低賃金,円,764.0,764
labour,働く人の環境（就業・求人・給与）,32000,島根県,pref,32,島根県,2019100000,2019年度,2019,00001|F6501,観測値|F6501_地域別最低賃金,円,790.0,790
labour,働く人の環境（就業・求人・給与）,32000,島根県,pref,32,島根県,2020100000,2020年度,2020,00001|F6501,観測値|F6501_地域別最低賃金,円,792.0,792
labour,働く人の環境（就業・求人・給与）,32000,島根県,pref,32,島根県,2021100000,2021年度,2021,00001|F6501,観測値|F6501_地域別最低賃金,円,824.0,824
labour,働く人の環境（就業・求人・給与）,32000,島根県,pref,32,島根県,2022100000,2022年度,2022,00001|F6501,観測値|F6501_地域別最低賃金,円,857.0,857
labour,働く人の環境（就業・求人・給与）,32000,島根県,pref,32,島根県,2023100000,2023年度,2023,00001|F6501,観測値|F6501_地域別最低賃金,円,904.0,904
labour,働く人の環境（就業・求人・給与）,32000,島根県,pref,32,島根県,2024100000,2024年度,2024,00001|F6501,観測値|F6501_地域別最低賃金,円,962.0,962
labour,働く人の環境（就業・求人・給与）,33000,岡山県,pref,33,岡山県,2010100000,2010年度,2010,00001|F6501,観測値|F6501_地域別最低賃金,円,683.0,683
labour,働く人の環境（就業・求人・給与）,33000,岡山県,pref,33,岡山県,2011100000,2011年度,2011,00001|F6501,観測値|F6501_地域別最低賃金,円,685.0,685
labour,働く人の環境（就業・求人・給与）,33000,岡山県,pref,33,岡山県,2012100000,2012年度,2012,00001|F6501,観測値|F6501_地域別最低賃金,円,691.0,691
labour,働く人の環境（就業・求人・給与）,33000,岡山県,pref,33,岡山県,2013100000,2013年度,2013,00001|F6501,観測値|F6501_地域別最低賃金,円,703.0,703
labour,働く人の環境（就業・求人・給与）,33000,岡山県,pref,33,岡山県,2014100000,2014年度,2014,00001|F6501,観測値|F6501_地域別最低賃金,円,719.0,719
labour,働く人の環境（就業・求人・給与）,33000,岡山県,pref,33,岡山県,2015100000,2015年度,2015,00001|F6501,観測値|F6501_地域別最低賃金,円,735.0,735
labour,働く人の環境（就業・求人・給与）,33000,岡山県,pref,33,岡山県,2016100000,2016年度,2016,00001|F6501,観測値|F6501_地域別最低賃金,円,757.0,757
labour,働く人の環境（就業・求人・給与）,33000,岡山県,pref,33,岡山県,2017100000,2017年度,2017,00001|F6501,観測値|F6501_地域別最低賃金,円,781.0,781
labour,働く人の環境（就業・求人・給与）,33000,岡山県,pref,33,岡山県,2018100000,2018年度,2018,00001|F6501,観測値|F6501_地域別最低賃金,円,807.0,807
labour,働く人の環境（就業・求人・給与）,33000,岡山県,pref,33,岡山県,2019100000,2019年度,2019,00001|F6501,観測値|F6501_地域別最低賃金,円,833.0,833
labour,働く人の環境（就業・求人・給与）,33000,岡山県,pref,33,岡山県,2020100000,2020年度,2020,00001|F6501,観測値|F6501_地域別最低賃金,円,834.0,834
labour,働く人の環境（就業・求人・給与）,33000,岡山県,pref,33,岡山県,2021100000,2021年度,2021,00001|F6501,観測値|F6501_地域別最低賃金,円,862.0,862
labour,働く人の環境（就業・求人・給与）,33000,岡山県,pref,33,岡山県,2022100000,2022年度,2022,00001|F6501,観測値|F6501_地域別最低賃金,円,892.0,892
labour,働く人の環境（就業・求人・給与）,33000,岡山県,pref,33,岡山県,2023100000,2023年度,2023,00001|F6501,観測値|F6501_地域別最低賃金,円,932.0,932
labour,働く人の環境（就業・求人・給与）,33000,岡山県,pref,33,岡山県,2024100000,2024年度,2024,00001|F6501,観測値|F6501_地域別最低賃金,円,982.0,982
labour,働く人の環境（就業・求人・給与）,34000,広島県,pref,34,広島県,2010100000,2010年度,2010,00001|F6501,観測値|F6501_地域別最低賃金,円,704.0,704
labour,働く人の環境（就業・求人・給与）,34000,広島県,pref,34,広島県,2011100000,2011年度,2011,00001|F6501,観測値|F6501_地域別最低賃金,円,710.0,710
labour,働く人の環境（就業・求人・給与）,34000,広島県,pref,34,広島県,2012100000,2012年度,2012,00001|F6501,観測値|F6501_地域別最低賃金,円,719.0,719
labour,働く人の環境（就業・求人・給与）,34000,広島県,pref,34,広島県,2013100000,2013年度,2013,00001|F6501,観測値|F6501_地域別最低賃金,円,733.0,733
labour,働く人の環境（就業・求人・給与）,34000,広島県,pref,34,広島県,2014100000,2014年度,2014,00001|F6501,観測値|F6501_地域別最低賃金,円,750.0,750
labour,働く人の環境（就業・求人・給与）,34000,広島県,pref,34,広島県,2015100000,2015年度,2015,00001|F6501,観測値|F6501_地域別最低賃金,円,769.0,769
labour,働く人の環境（就業・求人・給与）,34000,広島県,pref,34,広島県,2016100000,2016年度,2016,00001|F6501,観測値|F6501_地域別最低賃金,円,793.0,793
labour,働く人の環境（就業・求人・給与）,34000,広島県,pref,34,広島県,2017100000,2017年度,2017,00001|F6501,観測値|F6501_地域別最低賃金,円,818.0,818
labour,働く人の環境（就業・求人・給与）,34000,広島県,pref,34,広島県,2018100000,2018年度,2018,00001|F6501,観測値|F6501_地域別最低賃金,円,844.0,844
labour,働く人の環境（就業・求人・給与）,34000,広島県,pref,34,広島県,2019100000,2019年度,2019,00001|F6501,観測値|F6501_地域別最低賃金,円,871.0,871
labour,働く人の環境（就業・求人・給与）,34000,広島県,pref,34,広島県,2020100000,2020年度,2020,00001|F6501,観測値|F6501_地域別最低賃金,円,871.0,871
labour,働く人の環境（就業・求人・給与）,34000,広島県,pref,34,広島県,2021100000,2021年度,2021,00001|F6501,観測値|F6501_地域別最低賃金,円,899.0,899
labour,働く人の環境（就業・求人・給与）,34000,広島県,pref,34,広島県,2022100000,2022年度,2022,00001|F6501,観測値|F6501_地域別最低賃金,円,930.0,930
labour,働く人の環境（就業・求人・給与）,34000,広島県,pref,34,広島県,2023100000,2023年度,2023,00001|F6501,観測値|F6501_地域別最低賃金,円,970.0,970
labour,働く人の環境（就業・求人・給与）,34000,広島県,pref,34,広島県,2024100000,2024年度,2024,00001|F6501,観測値|F6501_地域別最低賃金,円,1020.0,1020
labour,働く人の環境（就業・求人・給与）,35000,山口県,pref,35,山口県,2010100000,2010年度,2010,00001|F6501,観測値|F6501_地域別最低賃金,円,681.0,681
labour,働く人の環境（就業・求人・給与）,35000,山口県,pref,35,山口県,2011100000,2011年度,2011,00001|F6501,観測値|F6501_地域別最低賃金,円,684.0,684
labour,働く人の環境（就業・求人・給与）,35000,山口県,pref,35,山口県,2012100000,2012年度,2012,00001|F6501,観測値|F6501_地域別最低賃金,円,690.0,690
labour,働く人の環境（就業・求人・給与）,35000,山口県,pref,35,山口県,2013100000,2013年度,2013,00001|F6501,観測値|F6501_地域別最低賃金,円,701.0,701
labour,働く人の環境（就業・求人・給与）,35000,山口県,pref,35,山口県,2014100000,2014年度,2014,00001|F6501,観測値|F6501_地域別最低賃金,円,715.0,715
labour,働く人の環境（就業・求人・給与）,35000,山口県,pref,35,山口県,2015100000,2015年度,2015,00001|F6501,観測値|F6501_地域別最低賃金,円,731.0,731
labour,働く人の環境（就業・求人・給与）,35000,山口県,pref,35,山口県,2016100000,2016年度,2016,00001|F6501,観測値|F6501_地域別最低賃金,円,753.0,753
labour,働く人の環境（就業・求人・給与）,35000,山口県,pref,35,山口県,2017100000,2017年度,2017,00001|F6501,観測値|F6501_地域別最低賃金,円,777.0,777
labour,働く人の環境（就業・求人・給与）,35000,山口県,pref,35,山口県,2018100000,2018年度,2018,00001|F6501,観測値|F6501_地域別最低賃金,円,802.0,802
labour,働く人の環境（就業・求人・給与）,35000,山口県,pref,35,山口県,2019100000,2019年度,2019,00001|F6501,観測値|F6501_地域別最低賃金,円,829.0,829
labour,働く人の環境（就業・求人・給与）,35000,山口県,pref,35,山口県,2020100000,2020年度,2020,00001|F6501,観測値|F6501_地域別最低賃金,円,829.0,829
labour,働く人の環境（就業・求人・給与）,35000,山口県,pref,35,山口県,2021100000,2021年度,2021,00001|F6501,観測値|F6501_地域別最低賃金,円,857.0,857
labour,働く人の環境（就業・求人・給与）,35000,山口県,pref,35,山口県,2022100000,2022年度,2022,00001|F6501,観測値|F6501_地域別最低賃金,円,888.0,888
labour,働く人の環境（就業・求人・給与）,35000,山口県,pref,35,山口県,2023100000,2023年度,2023,00001|F6501,観測値|F6501_地域別最低賃金,円,928.0,928
labour,働く人の環境（就業・求人・給与）,35000,山口県,pref,35,山口県,2024100000,2024年度,2024,00001|F6501,観測値|F6501_地域別最低賃金,円,979.0,979
labour,働く人の環境（就業・求人・給与）,36000,徳島県,pref,36,徳島県,2010100000,2010年度,2010,00001|F6501,観測値|F6501_地域別最低賃金,円,645.0,645
labour,働く人の環境（就業・求人・給与）,36000,徳島県,pref,36,徳島県,2011100000,2011年度,2011,00001|F6501,観測値|F6501_地域別最低賃金,円,647.0,647
labour,働く人の環境（就業・求人・給与）,36000,徳島県,pref,36,徳島県,2012100000,2012年度,2012,00001|F6501,観測値|F6501_地域別最低賃金,円,654.0,654
labour,働く人の環境（就業・求人・給与）,36000,徳島県,pref,36,徳島県,2013100000,2013年度,2013,00001|F6501,観測値|F6501_地域別最低賃金,円,666.0,666
labour,働く人の環境（就業・求人・給与）,36000,徳島県,pref,36,徳島県,2014100000,2014年度,2014,00001|F6501,観測値|F6501_地域別最低賃金,円,679.0,679
labour,働く人の環境（就業・求人・給与）,36000,徳島県,pref,36,徳島県,2015100000,2015年度,2015,00001|F6501,観測値|F6501_地域別最低賃金,円,695.0,695
labour,働く人の環境（就業・求人・給与）,36000,徳島県,pref,36,徳島県,2016100000,2016年度,2016,00001|F6501,観測値|F6501_地域別最低賃金,円,716.0,716
labour,働く人の環境（就業・求人・給与）,36000,徳島県,pref,36,徳島県,2017100000,2017年度,2017,00001|F6501,観測値|F6501_地域別最低賃金,円,740.0,740
labour,働く人の環境（就業・求人・給与）,36000,徳島県,pref,36,徳島県,2018100000,2018年度,2018,00001|F6501,観測値|F6501_地域別最低賃金,円,766.0,766
labour,働く人の環境（就業・求人・給与）,36000,徳島県,pref,36,徳島県,2019100000,2019年度,2019,00001|F6501,観測値|F6501_地域別最低賃金,円,793.0,793
labour,働く人の環境（就業・求人・給与）,36000,徳島県,pref,36,徳島県,2020100000,2020年度,2020,00001|F6501,観測値|F6501_地域別最低賃金,円,796.0,796
labour,働く人の環境（就業・求人・給与）,36000,徳島県,pref,36,徳島県,2021100000,2021年度,2021,00001|F6501,観測値|F6501_地域別最低賃金,円,824.0,824
labour,働く人の環境（就業・求人・給与）,36000,徳島県,pref,36,徳島県,2022100000,2022年度,2022,00001|F6501,観測値|F6501_地域別最低賃金,円,855.0,855
labour,働く人の環境（就業・求人・給与）,36000,徳島県,pref,36,徳島県,2023100000,2023年度,2023,00001|F6501,観測値|F6501_地域別最低賃金,円,896.0,896
labour,働く人の環境（就業・求人・給与）,36000,徳島県,pref,36,徳島県,2024100000,2024年度,2024,00001|F6501,観測値|F6501_地域別最低賃金,円,980.0,980
labour,働く人の環境（就業・求人・給与）,37000,香川県,pref,37,香川県,2010100000,2010年度,2010,00001|F6501,観測値|F6501_地域別最低賃金,円,664.0,664
labour,働く人の環境（就業・求人・給与）,37000,香川県,pref,37,香川県,2011100000,2011年度,2011,00001|F6501,観測値|F6501_地域別最低賃金,円,667.0,667
labour,働く人の環境（就業・求人・給与）,37000,香川県,pref,37,香川県,2012100000,2012年度,2012,00001|F6501,観測値|F6501_地域別最低賃金,円,674.0,674
labour,働く人の環境（就業・求人・給与）,37000,香川県,pref,37,香川県,2013100000,2013年度,2013,00001|F6501,観測値|F6501_地域別最低賃金,円,686.0,686
labour,働く人の環境（就業・求人・給与）,37000,香川県,pref,37,香川県,2014100000,2014年度,2014,00001|F6501,観測値|F6501_地域別最低賃金,円,702.0,702
labour,働く人の環境（就業・求人・給与）,37000,香川県,pref,37,香川県,2015100000,2015年度,2015,00001|F6501,観測値|F6501_地域別最低賃金,円,719.0,719
labour,働く人の環境（就業・求人・給与）,37000,香川県,pref,37,香川県,2016100000,2016年度,2016,00001|F6501,観測値|F6501_地域別最低賃金,円,742.0,742
labour,働く人の環境（就業・求人・給与）,37000,香川県,pref,37,香川県,2017100000,2017年度,2017,00001|F6501,観測値|F6501_地域別最低賃金,円,766.0,766
labour,働く人の環境（就業・求人・給与）,37000,香川県,pref,37,香川県,2018100000,2018年度,2018,00001|F6501,観測値|F6501_地域別最低賃金,円,792.0,792
labour,働く人の環境（就業・求人・給与）,37000,香川県,pref,37,香川県,2019100000,2019年度,2019,00001|F6501,観測値|F6501_地域別最低賃金,円,818.0,818
labour,働く人の環境（就業・求人・給与）,37000,香川県,pref,37,香川県,2020100000,2020年度,2020,00001|F6501,観測値|F6501_地域別最低賃金,円,820.0,820
labour,働く人の環境（就業・求人・給与）,37000,香川県,pref,37,香川県,2021100000,2021年度,2021,00001|F6501,観測値|F6501_地域別最低賃金,円,848.0,848
labour,働く人の環境（就業・求人・給与）,37000,香川県,pref,37,香川県,2022100000,2022年度,2022,00001|F6501,観測値|F6501_地域別最低賃金,円,878.0,878
labour,働く人の環境（就業・求人・給与）,37000,香川県,pref,37,香川県,2023100000,2023年度,2023,00001|F6501,観測値|F6501_地域別最低賃金,円,918.0,918
labour,働く人の環境（就業・求人・給与）,37000,香川県,pref,37,香川県,2024100000,2024年度,2024,00001|F6501,観測値|F6501_地域別最低賃金,円,970.0,970
labour,働く人の環境（就業・求人・給与）,38000,愛媛県,pref,38,愛媛県,2010100000,2010年度,2010,00001|F6501,観測値|F6501_地域別最低賃金,円,644.0,644
labour,働く人の環境（就業・求人・給与）,38000,愛媛県,pref,38,愛媛県,2011100000,2011年度,2011,00001|F6501,観測値|F6501_地域別最低賃金,円,647.0,647
labour,働く人の環境（就業・求人・給与）,38000,愛媛県,pref,38,愛媛県,2012100000,2012年度,2012,00001|F6501,観測値|F6501_地域別最低賃金,円,654.0,654
labour,働く人の環境（就業・求人・給与）,38000,愛媛県,pref,38,愛媛県,2013100000,2013年度,2013,00001|F6501,観測値|F6501_地域別最低賃金,円,666.0,666
labour,働く人の環境（就業・求人・給与）,38000,愛媛県,pref,38,愛媛県,2014100000,2014年度,2014,00001|F6501,観測値|F6501_地域別最低賃金,円,680.0,680
labour,働く人の環境（就業・求人・給与）,38000,愛媛県,pref,38,愛媛県,2015100000,2015年度,2015,00001|F6501,観測値|F6501_地域別最低賃金,円,696.0,696
labour,働く人の環境（就業・求人・給与）,38000,愛媛県,pref,38,愛媛県,2016100000,2016年度,2016,00001|F6501,観測値|F6501_地域別最低賃金,円,717.0,717
labour,働く人の環境（就業・求人・給与）,38000,愛媛県,pref,38,愛媛県,2017100000,2017年度,2017,00001|F6501,観測値|F6501_地域別最低賃金,円,739.0,739
labour,働く人の環境（就業・求人・給与）,38000,愛媛県,pref,38,愛媛県,2018100000,2018年度,2018,00001|F6501,観測値|F6501_地域別最低賃金,円,764.0,764
labour,働く人の環境（就業・求人・給与）,38000,愛媛県,pref,38,愛媛県,2019100000,2019年度,2019,00001|F6501,観測値|F6501_地域別最低賃金,円,790.0,790
labour,働く人の環境（就業・求人・給与）,38000,愛媛県,pref,38,愛媛県,2020100000,2020年度,2020,00001|F6501,観測値|F6501_地域別最低賃金,円,793.0,793
labour,働く人の環境（就業・求人・給与）,38000,愛媛県,pref,38,愛媛県,2021100000,2021年度,2021,00001|F6501,観測値|F6501_地域別最低賃金,円,821.0,821
labour,働く人の環境（就業・求人・給与）,38000,愛媛県,pref,38,愛媛県,2022100000,2022年度,2022,00001|F6501,観測値|F6501_地域別最低賃金,円,853.0,853
labour,働く人の環境（就業・求人・給与）,38000,愛媛県,pref,38,愛媛県,2023100000,2023年度,2023,00001|F6501,観測値|F6501_地域別最低賃金,円,897.0,897
labour,働く人の環境（就業・求人・給与）,38000,愛媛県,pref,38,愛媛県,2024100000,2024年度,2024,00001|F6501,観測値|F6501_地域別最低賃金,円,956.0,956
labour,働く人の環境（就業・求人・給与）,39000,高知県,pref,39,高知県,2010100000,2010年度,2010,00001|F6501,観測値|F6501_地域別最低賃金,円,642.0,642
labour,働く人の環境（就業・求人・給与）,39000,高知県,pref,39,高知県,2011100000,2011年度,2011,00001|F6501,観測値|F6501_地域別最低賃金,円,645.0,645
labour,働く人の環境（就業・求人・給与）,39000,高知県,pref,39,高知県,2012100000,2012年度,2012,00001|F6501,観測値|F6501_地域別最低賃金,円,652.0,652
labour,働く人の環境（就業・求人・給与）,39000,高知県,pref,39,高知県,2013100000,2013年度,2013,00001|F6501,観測値|F6501_地域別最低賃金,円,664.0,664
labour,働く人の環境（就業・求人・給与）,39000,高知県,pref,39,高知県,2014100000,2014年度,2014,00001|F6501,観測値|F6501_地域別最低賃金,円,677.0,677
labour,働く人の環境（就業・求人・給与）,39000,高知県,pref,39,高知県,2015100000,2015年度,2015,00001|F6501,観測値|F6501_地域別最低賃金,円,693.0,693
labour,働く人の環境（就業・求人・給与）,39000,高知県,pref,39,高知県,2016100000,2016年度,2016,00001|F6501,観測値|F6501_地域別最低賃金,円,715.0,715
labour,働く人の環境（就業・求人・給与）,39000,高知県,pref,39,高知県,2017100000,2017年度,2017,00001|F6501,観測値|F6501_地域別最低賃金,円,737.0,737
labour,働く人の環境（就業・求人・給与）,39000,高知県,pref,39,高知県,2018100000,2018年度,2018,00001|F6501,観測値|F6501_地域別最低賃金,円,762.0,762
labour,働く人の環境（就業・求人・給与）,39000,高知県,pref,39,高知県,2019100000,2019年度,2019,00001|F6501,観測値|F6501_地域別最低賃金,円,790.0,790
labour,働く人の環境（就業・求人・給与）,39000,高知県,pref,39,高知県,2020100000,2020年度,2020,00001|F6501,観測値|F6501_地域別最低賃金,円,792.0,792
labour,働く人の環境（就業・求人・給与）,39000,高知県,pref,39,高知県,2021100000,2021年度,2021,00001|F6501,観測値|F6501_地域別最低賃金,円,820.0,820
labour,働く人の環境（就業・求人・給与）,39000,高知県,pref,39,高知県,2022100000,2022年度,2022,00001|F6501,観測値|F6501_地域別最低賃金,円,853.0,853
labour,働く人の環境（就業・求人・給与）,39000,高知県,pref,39,高知県,2023100000,2023年度,2023,00001|F6501,観測値|F6501_地域別最低賃金,円,897.0,897
labour,働く人の環境（就業・求人・給与）,39000,高知県,pref,39,高知県,2024100000,2024年度,2024,00001|F6501,観測値|F6501_地域別最低賃金,円,952.0,952
labour,働く人の環境（就業・求人・給与）,40000,福岡県,pref,40,福岡県,2010100000,2010年度,2010,00001|F6501,観測値|F6501_地域別最低賃金,円,692.0,692
labour,働く人の環境（就業・求人・給与）,40000,福岡県,pref,40,福岡県,2011100000,2011年度,2011,00001|F6501,観測値|F6501_地域別最低賃金,円,695.0,695
labour,働く人の環境（就業・求人・給与）,40000,福岡県,pref,40,福岡県,2012100000,2012年度,2012,00001|F6501,観測値|F6501_地域別最低賃金,円,701.0,701
labour,働く人の環境（就業・求人・給与）,40000,福岡県,pref,40,福岡県,2013100000,2013年度,2013,00001|F6501,観測値|F6501_地域別最低賃金,円,712.0,712
labour,働く人の環境（就業・求人・給与）,40000,福岡県,pref,40,福岡県,2014100000,2014年度,2014,00001|F6501,観測値|F6501_地域別最低賃金,円,727.0,727
labour,働く人の環境（就業・求人・給与）,40000,福岡県,pref,40,福岡県,2015100000,2015年度,2015,00001|F6501,観測値|F6501_地域別最低賃金,円,743.0,743
labour,働く人の環境（就業・求人・給与）,40000,福岡県,pref,40,福岡県,2016100000,2016年度,2016,00001|F6501,観測値|F6501_地域別最低賃金,円,765.0,765
labour,働く人の環境（就業・求人・給与）,40000,福岡県,pref,40,福岡県,2017100000,2017年度,2017,00001|F6501,観測値|F6501_地域別最低賃金,円,789.0,789
labour,働く人の環境（就業・求人・給与）,40000,福岡県,pref,40,福岡県,2018100000,2018年度,2018,00001|F6501,観測値|F6501_地域別最低賃金,円,814.0,814
labour,働く人の環境（就業・求人・給与）,40000,福岡県,pref,40,福岡県,2019100000,2019年度,2019,00001|F6501,観測値|F6501_地域別最低賃金,円,841.0,841
labour,働く人の環境（就業・求人・給与）,40000,福岡県,pref,40,福岡県,2020100000,2020年度,2020,00001|F6501,観測値|F6501_地域別最低賃金,円,842.0,842
labour,働く人の環境（就業・求人・給与）,40000,福岡県,pref,40,福岡県,2021100000,2021年度,2021,00001|F6501,観測値|F6501_地域別最低賃金,円,870.0,870
labour,働く人の環境（就業・求人・給与）,40000,福岡県,pref,40,福岡県,2022100000,2022年度,2022,00001|F6501,観測値|F6501_地域別最低賃金,円,900.0,900
labour,働く人の環境（就業・求人・給与）,40000,福岡県,pref,40,福岡県,2023100000,2023年度,2023,00001|F6501,観測値|F6501_地域別最低賃金,円,941.0,941
labour,働く人の環境（就業・求人・給与）,40000,福岡県,pref,40,福岡県,2024100000,2024年度,2024,00001|F6501,観測値|F6501_地域別最低賃金,円,992.0,992
labour,働く人の環境（就業・求人・給与）,41000,佐賀県,pref,41,佐賀県,2010100000,2010年度,2010,00001|F6501,観測値|F6501_地域別最低賃金,円,642.0,642
labour,働く人の環境（就業・求人・給与）,41000,佐賀県,pref,41,佐賀県,2011100000,2011年度,2011,00001|F6501,観測値|F6501_地域別最低賃金,円,646.0,646
labour,働く人の環境（就業・求人・給与）,41000,佐賀県,pref,41,佐賀県,2012100000,2012年度,2012,00001|F6501,観測値|F6501_地域別最低賃金,円,653.0,653
labour,働く人の環境（就業・求人・給与）,41000,佐賀県,pref,41,佐賀県,2013100000,2013年度,2013,00001|F6501,観測値|F6501_地域別最低賃金,円,664.0,664
labour,働く人の環境（就業・求人・給与）,41000,佐賀県,pref,41,佐賀県,2014100000,2014年度,2014,00001|F6501,観測値|F6501_地域別最低賃金,円,678.0,678
labour,働く人の環境（就業・求人・給与）,41000,佐賀県,pref,41,佐賀県,2015100000,2015年度,2015,00001|F6501,観測値|F6501_地域別最低賃金,円,694.0,694
labour,働く人の環境（就業・求人・給与）,41000,佐賀県,pref,41,佐賀県,2016100000,2016年度,2016,00001|F6501,観測値|F6501_地域別最低賃金,円,715.0,715
labour,働く人の環境（就業・求人・給与）,41000,佐賀県,pref,41,佐賀県,2017100000,2017年度,2017,00001|F6501,観測値|F6501_地域別最低賃金,円,737.0,737
labour,働く人の環境（就業・求人・給与）,41000,佐賀県,pref,41,佐賀県,2018100000,2018年度,2018,00001|F6501,観測値|F6501_地域別最低賃金,円,762.0,762
labour,働く人の環境（就業・求人・給与）,41000,佐賀県,pref,41,佐賀県,2019100000,2019年度,2019,00001|F6501,観測値|F6501_地域別最低賃金,円,790.0,790
labour,働く人の環境（就業・求人・給与）,41000,佐賀県,pref,41,佐賀県,2020100000,2020年度,2020,00001|F6501,観測値|F6501_地域別最低賃金,円,792.0,792
labour,働く人の環境（就業・求人・給与）,41000,佐賀県,pref,41,佐賀県,2021100000,2021年度,2021,00001|F6501,観測値|F6501_地域別最低賃金,円,821.0,821
labour,働く人の環境（就業・求人・給与）,41000,佐賀県,pref,41,佐賀県,2022100000,2022年度,2022,00001|F6501,観測値|F6501_地域別最低賃金,円,853.0,853
labour,働く人の環境（就業・求人・給与）,41000,佐賀県,pref,41,佐賀県,2023100000,2023年度,2023,00001|F6501,観測値|F6501_地域別最低賃金,円,900.0,900
labour,働く人の環境（就業・求人・給与）,41000,佐賀県,pref,41,佐賀県,2024100000,2024年度,2024,00001|F6501,観測値|F6501_地域別最低賃金,円,956.0,956
labour,働く人の環境（就業・求人・給与）,42000,長崎県,pref,42,長崎県,2010100000,2010年度,2010,00001|F6501,観測値|F6501_地域別最低賃金,円,642.0,642
labour,働く人の環境（就業・求人・給与）,42000,長崎県,pref,42,長崎県,2011100000,2011年度,2011,00001|F6501,観測値|F6501_地域別最低賃金,円,646.0,646
labour,働く人の環境（就業・求人・給与）,42000,長崎県,pref,42,長崎県,2012100000,2012年度,2012,00001|F6501,観測値|F6501_地域別最低賃金,円,653.0,653
labour,働く人の環境（就業・求人・給与）,42000,長崎県,pref,42,長崎県,2013100000,2013年度,2013,00001|F6501,観測値|F6501_地域別最低賃金,円,664.0,664
labour,働く人の環境（就業・求人・給与）,42000,長崎県,pref,42,長崎県,2014100000,2014年度,2014,00001|F6501,観測値|F6501_地域別最低賃金,円,677.0,677
labour,働く人の環境（就業・求人・給与）,42000,長崎県,pref,42,長崎県,2015100000,2015年度,2015,00001|F6501,観測値|F6501_地域別最低賃金,円,694.0,694
labour,働く人の環境（就業・求人・給与）,42000,長崎県,pref,42,長崎県,2016100000,2016年度,2016,00001|F6501,観測値|F6501_地域別最低賃金,円,715.0,715
labour,働く人の環境（就業・求人・給与）,42000,長崎県,pref,42,長崎県,2017100000,2017年度,2017,00001|F6501,観測値|F6501_地域別最低賃金,円,737.0,737
labour,働く人の環境（就業・求人・給与）,42000,長崎県,pref,42,長崎県,2018100000,2018年度,2018,00001|F6501,観測値|F6501_地域別最低賃金,円,762.0,762
labour,働く人の環境（就業・求人・給与）,42000,長崎県,pref,42,長崎県,2019100000,2019年度,2019,00001|F6501,観測値|F6501_地域別最低賃金,円,790.0,790
labour,働く人の環境（就業・求人・給与）,42000,長崎県,pref,42,長崎県,2020100000,2020年度,2020,00001|F6501,観測値|F6501_地域別最低賃金,円,793.0,793
labour,働く人の環境（就業・求人・給与）,42000,長崎県,pref,42,長崎県,2021100000,2021年度,2021,00001|F6501,観測値|F6501_地域別最低賃金,円,821.0,821
labour,働く人の環境（就業・求人・給与）,42000,長崎県,pref,42,長崎県,2022100000,2022年度,2022,00001|F6501,観測値|F6501_地域別最低賃金,円,853.0,853
labour,働く人の環境（就業・求人・給与）,42000,長崎県,pref,42,長崎県,2023100000,2023年度,2023,00001|F6501,観測値|F6501_地域別最低賃金,円,898.0,898
labour,働く人の環境（就業・求人・給与）,42000,長崎県,pref,42,長崎県,2024100000,2024年度,2024,00001|F6501,観測値|F6501_地域別最低賃金,円,953.0,953
labour,働く人の環境（就業・求人・給与）,43000,熊本県,pref,43,熊本県,2010100000,2010年度,2010,00001|F6501,観測値|F6501_地域別最低賃金,円,643.0,643
labour,働く人の環境（就業・求人・給与）,43000,熊本県,pref,43,熊本県,2011100000,2011年度,2011,00001|F6501,観測値|F6501_地域別最低賃金,円,647.0,647
labour,働く人の環境（就業・求人・給与）,43000,熊本県,pref,43,熊本県,2012100000,2012年度,2012,00001|F6501,観測値|F6501_地域別最低賃金,円,653.0,653
labour,働く人の環境（就業・求人・給与）,43000,熊本県,pref,43,熊本県,2013100000,2013年度,2013,00001|F6501,観測値|F6501_地域別最低賃金,円,664.0,664
labour,働く人の環境（就業・求人・給与）,43000,熊本県,pref,43,熊本県,2014100000,2014年度,2014,00001|F6501,観測値|F6501_地域別最低賃金,円,677.0,677
labour,働く人の環境（就業・求人・給与）,43000,熊本県,pref,43,熊本県,2015100000,2015年度,2015,00001|F6501,観測値|F6501_地域別最低賃金,円,694.0,694
labour,働く人の環境（就業・求人・給与）,43000,熊本県,pref,43,熊本県,2016100000,2016年度,2016,00001|F6501,観測値|F6501_地域別最低賃金,円,715.0,715
labour,働く人の環境（就業・求人・給与）,43000,熊本県,pref,43,熊本県,2017100000,2017年度,2017,00001|F6501,観測値|F6501_地域別最低賃金,円,737.0,737
labour,働く人の環境（就業・求人・給与）,43000,熊本県,pref,43,熊本県,2018100000,2018年度,2018,00001|F6501,観測値|F6501_地域別最低賃金,円,762.0,762
labour,働く人の環境（就業・求人・給与）,43000,熊本県,pref,43,熊本県,2019100000,2019年度,2019,00001|F6501,観測値|F6501_地域別最低賃金,円,790.0,790
labour,働く人の環境（就業・求人・給与）,43000,熊本県,pref,43,熊本県,2020100000,2020年度,2020,00001|F6501,観測値|F6501_地域別最低賃金,円,793.0,793
labour,働く人の環境（就業・求人・給与）,43000,熊本県,pref,43,熊本県,2021100000,2021年度,2021,00001|F6501,観測値|F6501_地域別最低賃金,円,821.0,821
labour,働く人の環境（就業・求人・給与）,43000,熊本県,pref,43,熊本県,2022100000,2022年度,2022,00001|F6501,観測値|F6501_地域別最低賃金,円,853.0,853
labour,働く人の環境（就業・求人・給与）,43000,熊本県,pref,43,熊本県,2023100000,2023年度,2023,00001|F6501,観測値|F6501_地域別最低賃金,円,898.0,898
labour,働く人の環境（就業・求人・給与）,43000,熊本県,pref,43,熊本県,2024100000,2024年度,2024,00001|F6501,観測値|F6501_地域別最低賃金,円,952.0,952
labour,働く人の環境（就業・求人・給与）,44000,大分県,pref,44,大分県,2010100000,2010年度,2010,00001|F6501,観測値|F6501_地域別最低賃金,円,643.0,643
labour,働く人の環境（就業・求人・給与）,44000,大分県,pref,44,大分県,2011100000,2011年度,2011,00001|F6501,観測値|F6501_地域別最低賃金,円,647.0,647
labour,働く人の環境（就業・求人・給与）,44000,大分県,pref,44,大分県,2012100000,2012年度,2012,00001|F6501,観測値|F6501_地域別最低賃金,円,653.0,653
labour,働く人の環境（就業・求人・給与）,44000,大分県,pref,44,大分県,2013100000,2013年度,2013,00001|F6501,観測値|F6501_地域別最低賃金,円,664.0,664
labour,働く人の環境（就業・求人・給与）,44000,大分県,pref,44,大分県,2014100000,2014年度,2014,00001|F6501,観測値|F6501_地域別最低賃金,円,677.0,677
labour,働く人の環境（就業・求人・給与）,44000,大分県,pref,44,大分県,2015100000,2015年度,2015,00001|F6501,観測値|F6501_地域別最低賃金,円,694.0,694
labour,働く人の環境（就業・求人・給与）,44000,大分県,pref,44,大分県,2016100000,2016年度,2016,00001|F6501,観測値|F6501_地域別最低賃金,円,715.0,715
labour,働く人の環境（就業・求人・給与）,44000,大分県,pref,44,大分県,2017100000,2017年度,2017,00001|F6501,観測値|F6501_地域別最低賃金,円,737.0,737
labour,働く人の環境（就業・求人・給与）,44000,大分県,pref,44,大分県,2018100000,2018年度,2018,00001|F6501,観測値|F6501_地域別最低賃金,円,762.0,762
labour,働く人の環境（就業・求人・給与）,44000,大分県,pref,44,大分県,2019100000,2019年度,2019,00001|F6501,観測値|F6501_地域別最低賃金,円,790.0,790
labour,働く人の環境（就業・求人・給与）,44000,大分県,pref,44,大分県,2020100000,2020年度,2020,00001|F6501,観測値|F6501_地域別最低賃金,円,792.0,792
labour,働く人の環境（就業・求人・給与）,44000,大分県,pref,44,大分県,2021100000,2021年度,2021,00001|F6501,観測値|F6501_地域別最低賃金,円,822.0,822
labour,働く人の環境（就業・求人・給与）,44000,大分県,pref,44,大分県,2022100000,2022年度,2022,00001|F6501,観測値|F6501_地域別最低賃金,円,854.0,854
labour,働く人の環境（就業・求人・給与）,44000,大分県,pref,44,大分県,2023100000,2023年度,2023,00001|F6501,観測値|F6501_地域別最低賃金,円,899.0,899
labour,働く人の環境（就業・求人・給与）,44000,大分県,pref,44,大分県,2024100000,2024年度,2024,00001|F6501,観測値|F6501_地域別最低賃金,円,954.0,954
labour,働く人の環境（就業・求人・給与）,45000,宮崎県,pref,45,宮崎県,2010100000,2010年度,2010,00001|F6501,観測値|F6501_地域別最低賃金,円,642.0,642
labour,働く人の環境（就業・求人・給与）,45000,宮崎県,pref,45,宮崎県,2011100000,2011年度,2011,00001|F6501,観測値|F6501_地域別最低賃金,円,646.0,646
labour,働く人の環境（就業・求人・給与）,45000,宮崎県,pref,45,宮崎県,2012100000,2012年度,2012,00001|F6501,観測値|F6501_地域別最低賃金,円,653.0,653
labour,働く人の環境（就業・求人・給与）,45000,宮崎県,pref,45,宮崎県,2013100000,2013年度,2013,00001|F6501,観測値|F6501_地域別最低賃金,円,664.0,664
labour,働く人の環境（就業・求人・給与）,45000,宮崎県,pref,45,宮崎県,2014100000,2014年度,2014,00001|F6501,観測値|F6501_地域別最低賃金,円,677.0,677
labour,働く人の環境（就業・求人・給与）,45000,宮崎県,pref,45,宮崎県,2015100000,2015年度,2015,00001|F6501,観測値|F6501_地域別最低賃金,円,693.0,693
labour,働く人の環境（就業・求人・給与）,45000,宮崎県,pref,45,宮崎県,2016100000,2016年度,2016,00001|F6501,観測値|F6501_地域別最低賃金,円,714.0,714
labour,働く人の環境（就業・求人・給与）,45000,宮崎県,pref,45,宮崎県,2017100000,2017年度,2017,00001|F6501,観測値|F6501_地域別最低賃金,円,737.0,737
labour,働く人の環境（就業・求人・給与）,45000,宮崎県,pref,45,宮崎県,2018100000,2018年度,2018,00001|F6501,観測値|F6501_地域別最低賃金,円,762.0,762
labour,働く人の環境（就業・求人・給与）,45000,宮崎県,pref,45,宮崎県,2019100000,2019年度,2019,00001|F6501,観測値|F6501_地域別最低賃金,円,790.0,790
labour,働く人の環境（就業・求人・給与）,45000,宮崎県,pref,45,宮崎県,2020100000,2020年度,2020,00001|F6501,観測値|F6501_地域別最低賃金,円,793.0,793
labour,働く人の環境（就業・求人・給与）,45000,宮崎県,pref,45,宮崎県,2021100000,2021年度,2021,00001|F6501,観測値|F6501_地域別最低賃金,円,821.0,821
labour,働く人の環境（就業・求人・給与）,45000,宮崎県,pref,45,宮崎県,2022100000,2022年度,2022,00001|F6501,観測値|F6501_地域別最低賃金,円,853.0,853
labour,働く人の環境（就業・求人・給与）,45000,宮崎県,pref,45,宮崎県,2023100000,2023年度,2023,00001|F6501,観測値|F6501_地域別最低賃金,円,897.0,897
labour,働く人の環境（就業・求人・給与）,45000,宮崎県,pref,45,宮崎県,2024100000,2024年度,2024,00001|F6501,観測値|F6501_地域別最低賃金,円,952.0,952
labour,働く人の環境（就業・求人・給与）,46000,鹿児島県,pref,46,鹿児島県,2010100000,2010年度,2010,00001|F6501,観測値|F6501_地域別最低賃金,円,642.0,642
labour,働く人の環境（就業・求人・給与）,46000,鹿児島県,pref,46,鹿児島県,2011100000,2011年度,2011,00001|F6501,観測値|F6501_地域別最低賃金,円,647.0,647
labour,働く人の環境（就業・求人・給与）,46000,鹿児島県,pref,46,鹿児島県,2012100000,2012年度,2012,00001|F6501,観測値|F6501_地域別最低賃金,円,654.0,654
labour,働く人の環境（就業・求人・給与）,46000,鹿児島県,pref,46,鹿児島県,2013100000,2013年度,2013,00001|F6501,観測値|F6501_地域別最低賃金,円,665.0,665
labour,働く人の環境（就業・求人・給与）,46000,鹿児島県,pref,46,鹿児島県,2014100000,2014年度,2014,00001|F6501,観測値|F6501_地域別最低賃金,円,678.0,678
labour,働く人の環境（就業・求人・給与）,46000,鹿児島県,pref,46,鹿児島県,2015100000,2015年度,2015,00001|F6501,観測値|F6501_地域別最低賃金,円,694.0,694
labour,働く人の環境（就業・求人・給与）,46000,鹿児島県,pref,46,鹿児島県,2016100000,2016年度,2016,00001|F6501,観測値|F6501_地域別最低賃金,円,715.0,715
labour,働く人の環境（就業・求人・給与）,46000,鹿児島県,pref,46,鹿児島県,2017100000,2017年度,2017,00001|F6501,観測値|F6501_地域別最低賃金,円,737.0,737
labour,働く人の環境（就業・求人・給与）,46000,鹿児島県,pref,46,鹿児島県,2018100000,2018年度,2018,00001|F6501,観測値|F6501_地域別最低賃金,円,761.0,761
labour,働く人の環境（就業・求人・給与）,46000,鹿児島県,pref,46,鹿児島県,2019100000,2019年度,2019,00001|F6501,観測値|F6501_地域別最低賃金,円,790.0,790
labour,働く人の環境（就業・求人・給与）,46000,鹿児島県,pref,46,鹿児島県,2020100000,2020年度,2020,00001|F6501,観測値|F6501_地域別最低賃金,円,793.0,793
labour,働く人の環境（就業・求人・給与）,46000,鹿児島県,pref,46,鹿児島県,2021100000,2021年度,2021,00001|F6501,観測値|F6501_地域別最低賃金,円,821.0,821
labour,働く人の環境（就業・求人・給与）,46000,鹿児島県,pref,46,鹿児島県,2022100000,2022年度,2022,00001|F6501,観測値|F6501_地域別最低賃金,円,853.0,853
labour,働く人の環境（就業・求人・給与）,46000,鹿児島県,pref,46,鹿児島県,2023100000,2023年度,2023,00001|F6501,観測値|F6501_地域別最低賃金,円,897.0,897
labour,働く人の環境（就業・求人・給与）,46000,鹿児島県,pref,46,鹿児島県,2024100000,2024年度,2024,00001|F6501,観測値|F6501_地域別最低賃金,円,953.0,953
labour,働く人の環境（就業・求人・給与）,47000,沖縄県,pref,47,沖縄県,2010100000,2010年度,2010,00001|F6501,観測値|F6501_地域別最低賃金,円,642.0,642
labour,働く人の環境（就業・求人・給与）,47000,沖縄県,pref,47,沖縄県,2011100000,2011年度,2011,00001|F6501,観測値|F6501_地域別最低賃金,円,645.0,645
labour,働く人の環境（就業・求人・給与）,47000,沖縄県,pref,47,沖縄県,2012100000,2012年度,2012,00001|F6501,観測値|F6501_地域別最低賃金,円,653.0,653
labour,働く人の環境（就業・求人・給与）,47000,沖縄県,pref,47,沖縄県,2013100000,2013年度,2013,00001|F6501,観測値|F6501_地域別最低賃金,円,664.0,664
labour,働く人の環境（就業・求人・給与）,47000,沖縄県,pref,47,沖縄県,2014100000,2014年度,2014,00001|F6501,観測値|F6501_地域別最低賃金,円,677.0,677
labour,働く人の環境（就業・求人・給与）,47000,沖縄県,pref,47,沖縄県,2015100000,2015年度,2015,00001|F6501,観測値|F6501_地域別最低賃金,円,693.0,693
labour,働く人の環境（就業・求人・給与）,47000,沖縄県,pref,47,沖縄県,2016100000,2016年度,2016,00001|F6501,観測値|F6501_地域別最低賃金,円,714.0,714
labour,働く人の環境（就業・求人・給与）,47000,沖縄県,pref,47,沖縄県,2017100000,2017年度,2017,00001|F6501,観測値|F6501_地域別最低賃金,円,737.0,737
labour,働く人の環境（就業・求人・給与）,47000,沖縄県,pref,47,沖縄県,2018100000,2018年度,2018,00001|F6501,観測値|F6501_地域別最低賃金,円,762.0,762
labour,働く人の環境（就業・求人・給与）,47000,沖縄県,pref,47,沖縄県,2019100000,2019年度,2019,00001|F6501,観測値|F6501_地域別最低賃金,円,790.0,790
labour,働く人の環境（就業・求人・給与）,47000,沖縄県,pref,47,沖縄県,2020100000,2020年度,2020,00001|F6501,観測値|F6501_地域別最低賃金,円,792.0,792
labour,働く人の環境（就業・求人・給与）,47000,沖縄県,pref,47,沖縄県,2021100000,2021年度,2021,00001|F6501,観測値|F6501_地域別最低賃金,円,820.0,820
labour,働く人の環境（就業・求人・給与）,47000,沖縄県,pref,47,沖縄県,2022100000,2022年度,2022,00001|F6501,観測値|F6501_地域別最低賃金,円,853.0,853
labour,働く人の環境（就業・求人・給与）,47000,沖縄県,pref,47,沖縄県,2023100000,2023年度,2023,00001|F6501,観測値|F6501_地域別最低賃金,円,896.0,896
labour,働く人の環境（就業・求人・給与）,47000,沖縄県,pref,47,沖縄県,2024100000,2024年度,2024,00001|F6501,観測値|F6501_地域別最低賃金,円,952.0,952
