area_code,area_name,pref_name,area_level,pop_1980,pop_2000,pop_2010,pop_2020,pop_latest,pop_latest_year,pop_chg_1980_2020,pop_chg_2000_2020,pop_2030,pop_2040,pop_2050,pop_chg_2020_2050,households_2000,households_2020,households_chg_2000_2020,avg_household_size_2020,single_household_share_2020,young_2020,working_2020,old_2020,aging_rate_2020,old_2050_raw,aging_rate_2050,social_change,social_change_year,natural_change,natural_change_year,consumption_month,housing_cost_month,consumption_year
01100,北海道 札幌市,,city,1401757.0,1822368.0,1913545.0,1973395.0,1973395.0,2020,40.780106680401815,8.287404080844274,1949619.0,1868252.0,1745608.0,-11.542899419528274,759338.0,967372.0,27.39675875565295,1.9811179153417713,43.639882072253485,215366.0,1185724.0,541242.0,27.42694696196149,687024.0,39.357289838268386,10830.0,2024,-13491.0,2023,,,
01101,北海道 札幌市 中央区,,city,181806.0,181383.0,220189.0,248680.0,248680.0,2020,36.783164472019635,37.102154005612434,261989.0,263742.0,255587.0,2.777465015280689,85547.0,141223.0,65.08235239108326,1.7029662307131275,56.94893891221685,23868.0,157719.0,57544.0,23.139778027987777,93066.0,36.412650095662144,1935.0,2024,-1352.0,2023,,,
01102,北海道 札幌市 北区,,city,195370.0,260114.0,278781.0,289323.0,289323.0,2020,48.0897783692481,11.229307149941947,288122.0,278482.0,263160.0,-9.042834479111583,107664.0,139449.0,29.522403031654033,2.027034973359436,43.22655594518426,33524.0,174146.0,77275.0,26.708903198155692,97832.0,37.175862593099254,1267.0,2024,-1853.0,2023,,,
01103,北海道 札幌市 東区,,city,213310.0,248950.0,255873.0,265379.0,265379.0,2020,24.41001359523698,6.599317131954208,263219.0,253995.0,239347.0,-9.809366980808576,107995.0,130904.0,21.213019121255616,1.9691224103159568,45.075780724805966,29912.0,160813.0,68282.0,25.729993707113223,89684.0,37.47028373031623,1587.0,2024,-1557.0,2023,,,
01104,北海道 札幌市 白石区,,city,228061.0,197223.0,204259.0,211835.0,211835.0,2020,-7.114763155471559,7.408872190363192,211439.0,205300.0,193643.0,-8.587815988859248,88784.0,108077.0,21.730266714723378,1.9080100298860998,47.156194194879575,22500.0,135635.0,53160.0,25.095003186442277,72832.0,37.611480921076414,1525.0,2024,-1376.0,2023,,,
01105,北海道 札幌市 豊平区,,city,218330.0,204700.0,212118.0,225298.0,225298.0,2020,3.191499106856588,10.062530532486559,224864.0,218568.0,206736.0,-8.238865857664068,93326.0,118472.0,26.944259906135493,1.8577891822540347,49.32895536498075,23432.0,142582.0,57056.0,25.324681089046507,76348.0,36.93019116167479,1599.0,2024,-1224.0,2023,,,
01106,北海道 札幌市 南区,,city,128845.0,156787.0,146341.0,135777.0,135777.0,2020,5.380107881563112,-13.400345691925985,123166.0,108014.0,92329.0,-31.999528638871087,60067.0,61919.0,3.0832237334975865,2.0964324359243527,36.05032381013905,13291.0,72469.0,47992.0,35.34619265413141,44503.0,48.200457061161714,496.0,2024,-1523.0,2023,,,
01107,北海道 札幌市 西区,,city,236035.0,199385.0,211229.0,217040.0,217040.0,2020,-8.047535323151223,8.854728289490188,215263.0,207984.0,196617.0,-9.409786214522665,81320.0,103655.0,27.46556812592229,2.0414258839419226,39.85046548646954,24626.0,129043.0,59960.0,27.626244010320676,75854.0,38.57957348550735,1616.0,2024,-1231.0,2023,,,
01108,北海道 札幌市 厚別区,,city,,127718.0,128492.0,125083.0,125083.0,2020,,-2.0631391033370416,117185.0,105791.0,92876.0,-25.74850299401198,48640.0,57190.0,17.578125,2.1294282217170832,33.416681237978665,12724.0,71427.0,40922.0,32.71587665789916,44350.0,47.7518411645635,534.0,2024,-1163.0,2023,,,
01109,北海道 札幌市 手稲区,,city,,136006.0,139644.0,142625.0,142625.0,2020,,4.8666970574827495,138018.0,129538.0,119405.0,-16.280455740578436,48390.0,60959.0,25.97437487084109,2.260142062697879,30.640266408569694,17217.0,78885.0,44986.0,31.54145486415425,52897.0,44.30048992923245,441.0,2024,-1227.0,2023,,,
01110,北海道 札幌市 清田区,,city,,110102.0,116619.0,112355.0,112355.0,2020,,2.0462843545076437,106354.0,96838.0,85908.0,-23.538783320724487,37605.0,45524.0,21.05836989762,2.3782400492048152,25.5381776645286,14272.0,63005.0,34065.0,30.319077922655868,39658.0,46.16333752386274,-170.0,2024,-985.0,2023,,,
01202,北海道 函館市,,city,345165.0,305311.0,279127.0,251084.0,251084.0,2020,-27.256819202410444,-17.76123362735047,216113.0,182713.0,151567.0,-39.6349428876392,127415.0,121455.0,-4.677628222736729,1.9788563665555143,41.9093491416574,23560.0,134953.0,89257.0,35.548661005878515,72263.0,47.67726483997176,-530.0,2024,-3519.0,2023,,,
01203,北海道 小樽市,,city,180728.0,150687.0,131928.0,111299.0,111299.0,2020,-38.41629409942012,-26.138950274409865,91079.0,71968.0,55542.0,-50.09658667193775,61371.0,52615.0,-14.267324958042071,2.0161931008267606,39.2606671101397,9169.0,55643.0,45426.0,40.814382878552365,29503.0,53.11836088005474,-467.0,2024,-1774.0,2023,,,
01204,北海道 旭川市,,city,352619.0,359536.0,347095.0,329306.0,329306.0,2020,-6.611385092692112,-8.408059276400692,298861.0,267991.0,236115.0,-28.299211068125086,146008.0,155625.0,6.586625390389567,2.0241156626506025,39.543775100401604,34691.0,178060.0,112411.0,34.13572786405349,106583.0,45.14029180695847,-673.0,2024,-3600.0,2023,,,
01205,北海道 室蘭市,,city,150199.0,103278.0,94535.0,82383.0,82383.0,2020,-45.15076664957822,-20.23180154534363,68701.0,56663.0,46571.0,-43.470133401308516,45621.0,41660.0,-8.68240503276999,1.916370619299088,45.343254920787324,7769.0,43398.0,30330.0,36.81584792979134,19674.0,42.24517403534389,-657.0,2024,-1098.0,2023,,,
01206,北海道 釧路市,,city,227234.0,201566.0,181169.0,165077.0,165077.0,2020,-27.353741077479597,-18.102755425022078,141611.0,119698.0,98544.0,-40.304221666252715,83776.0,80095.0,-4.393859816653933,1.9859791497596604,41.68175291840939,16634.0,90595.0,56355.0,34.13861410129818,46197.0,46.879566488066246,-1437.0,2024,-1984.0,2023,,,
01207,北海道 帯広市,,city,153861.0,173030.0,168057.0,166536.0,166536.0,2020,8.237955037338907,-3.753106397734496,156316.0,144413.0,130288.0,-21.765864437719173,70628.0,79933.0,13.174661607294546,2.003302766066581,42.34546432637334,19073.0,96804.0,49000.0,29.423067685065092,53475.0,41.04368783003807,-546.0,2024,-1269.0,2023,,,
01208,北海道 北見市,,city,128229.0,132125.0,125689.0,115480.0,115480.0,2020,-9.942368730942297,-12.597918637653738,103474.0,90057.0,76002.0,-34.186006234845856,53758.0,55024.0,2.3549983258305707,2.033330910148299,39.62089270136668,12014.0,63217.0,38841.0,33.63439556633183,35956.0,47.30928133470172,-410.0,2024,-1240.0,2023,,,
01209,北海道 夕張市,,city,41715.0,14791.0,10922.0,7334.0,7334.0,2020,-82.41879419872947,-50.41579338787101,4978.0,3290.0,2154.0,-70.62994273247887,6869.0,3790.0,-44.82457417382443,1.821108179419525,46.596306068601585,411.0,3093.0,3828.0,52.195254976820294,1274.0,59.14577530176416,-118.0,2024,-167.0,2023,,,
01210,北海道 岩見沢市,,city,93340.0,96302.0,90145.0,79306.0,79306.0,2020,-15.035354617527318,-17.648646964756697,67602.0,56332.0,45761.0,-42.29818677023176,36883.0,35476.0,-3.81476561017271,2.1458450783628367,35.463411884090654,7859.0,42391.0,28880.0,36.41590800191663,22484.0,49.13354166211403,-303.0,2024,-1005.0,2023,,,
01211,北海道 網走市,,city,44777.0,43395.0,40998.0,35759.0,35759.0,2020,-20.139803917189624,-17.596497292314783,29893.0,25416.0,21159.0,-40.828882239436226,17987.0,17193.0,-4.414299216100515,1.9837724655383004,44.308730297213984,3731.0,20405.0,11259.0,31.485779803685787,9053.0,42.78557587787702,-354.0,2024,-338.0,2023,,,
01212,北海道 留萌市,,city,36626.0,28325.0,24457.0,20114.0,20114.0,2020,-45.08272811663845,-28.98852603706973,15735.0,12113.0,8955.0,-55.47877100526997,11753.0,9784.0,-16.753169403556534,1.9542109566639412,42.11978740801308,1711.0,9981.0,7425.0,36.91458685492692,4801.0,53.61250697934115,-290.0,2024,-277.0,2023,,,
01213,北海道 苫小牧市,,city,151967.0,172086.0,173320.0,170113.0,170113.0,2020,11.940750294471837,-1.146519763374132,159207.0,146169.0,131140.0,-22.910065662236278,70298.0,79962.0,13.747190531736319,2.0616292739051048,39.552537455291265,20426.0,96847.0,50022.0,29.405160099463295,54385.0,41.47094707945707,6.0,2024,-1308.0,2023,,,
01214,北海道 稚内市,,city,53471.0,43774.0,39595.0,33563.0,33563.0,2020,-37.23139645789306,-23.326632247452828,27636.0,22449.0,17716.0,-47.21568393766946,17928.0,15944.0,-11.066488174921908,2.037882589061716,40.7175112895133,3484.0,18920.0,11025.0,32.848672645472696,8204.0,46.30842176563558,-446.0,2024,-347.0,2023,,,
01215,北海道 美唄市,,city,38552.0,31183.0,26034.0,20413.0,20413.0,2020,-47.05073666735837,-34.53804957829587,15858.0,11895.0,8625.0,-57.7475138392201,12396.0,9359.0,-24.49983865763149,2.0555614916123517,38.6472913772839,1539.0,10169.0,8642.0,42.33576642335766,5033.0,58.3536231884058,-188.0,2024,-388.0,2023,,,
01216,北海道 芦別市,,city,32946.0,21026.0,16628.0,12555.0,12555.0,2020,-61.89218721544345,-40.28821459145819,9137.0,6483.0,4498.0,-64.173636001593,8678.0,6021.0,-30.617653837289694,1.9787410729114765,37.219730941704036,845.0,5705.0,5995.0,47.74990043807248,2706.0,60.1600711427301,-87.0,2024,-291.0,2023,,,
01217,北海道 江別市,,city,86349.0,123877.0,123722.0,121056.0,121056.0,2020,40.19386443386721,-2.2772588939028227,114812.0,105448.0,94433.0,-21.99230108379593,47594.0,53869.0,13.184435012816742,2.1803077836974882,34.433533200913324,13400.0,69555.0,36783.0,30.38511102299762,39958.0,42.31359800069891,326.0,2024,-909.0,2023,,,
01218,北海道 赤平市,,city,25467.0,15753.0,12637.0,9698.0,9698.0,2020,-61.91934660541092,-38.43712308766584,7186.0,5207.0,3643.0,-62.43555372241699,6616.0,4463.0,-32.54232164449819,1.932108447232803,41.02621555007842,603.0,4280.0,4669.0,48.14394720560941,2195.0,60.25253911611309,-59.0,2024,-211.0,2023,,,
01219,北海道 紋別市,,city,33860.0,28476.0,24750.0,21215.0,21215.0,2020,-37.344949793266395,-25.498665542913336,17782.0,14443.0,11377.0,-46.37284939901013,12060.0,11192.0,-7.197346600331677,1.8357755539671194,47.58756254467477,1971.0,11515.0,7697.0,36.28093330190902,5462.0,48.00914124989013,-385.0,2024,-282.0,2023,,,
01220,北海道 士別市,,city,32103.0,24991.0,21787.0,17858.0,17858.0,2020,-44.372800049839576,-28.54227521907887,13929.0,10709.0,8012.0,-55.13495352223094,9440.0,8157.0,-13.591101694915253,2.107147235503249,34.92705651587594,1652.0,8803.0,7350.0,41.158024414828084,4519.0,56.40289565651523,-334.0,2024,-220.0,2023,,,
01221,北海道 名寄市,,city,42222.0,33328.0,30591.0,27282.0,27282.0,2020,-35.38439675998295,-18.1409025444071,23576.0,20372.0,17272.0,-36.690858441463234,13083.0,12725.0,-2.7363754490560277,2.0202750491159134,41.67387033398821,3018.0,15232.0,8747.0,32.06143244630159,6593.0,38.17160722556739,-407.0,2024,-208.0,2023,,,
01222,北海道 三笠市,,city,23319.0,13561.0,10221.0,8040.0,8040.0,2020,-65.52167760195549,-40.712336848315026,6141.0,4703.0,3619.0,-54.98756218905473,5870.0,3799.0,-35.28109028960817,1.9649907870492236,41.66886022637536,655.0,3566.0,3819.0,47.5,1634.0,45.1505940867643,-14.0,2024,-154.0,2023,,,
01223,北海道 根室市,,city,42880.0,33150.0,29201.0,24636.0,24636.0,2020,-42.546641791044784,-25.683257918552037,20149.0,16022.0,12344.0,-49.89446338691346,12195.0,11133.0,-8.708487084870853,2.1452438695769334,37.734662714452526,2396.0,13370.0,8648.0,35.10310115278455,5913.0,47.90181464679196,-346.0,2024,-290.0,2023,,,
01224,北海道 千歳市,,city,66788.0,88897.0,93604.0,97950.0,97950.0,2020,46.65808229023178,10.18369573776392,96607.0,92861.0,87335.0,-10.837161817253705,33330.0,43635.0,30.918091809180925,2.128772774149192,39.11538902257362,13012.0,62066.0,22690.0,23.16488004083716,30299.0,34.69284937310357,-495.0,2024,-313.0,2023,,,
01225,北海道 滝川市,,city,51192.0,46861.0,43170.0,39490.0,39490.0,2020,-22.85904047507423,-15.729497876699172,34527.0,29899.0,25364.0,-35.77108128640162,18733.0,18636.0,-0.5178028078791419,2.014863704657652,39.54174715604207,3995.0,21161.0,13821.0,34.99873385667257,11650.0,45.93124112915944,-348.0,2024,-463.0,2023,,,
01226,北海道 砂川市,,city,25355.0,21072.0,19056.0,16486.0,16486.0,2020,-34.97929402484717,-21.763477600607438,13634.0,11206.0,9023.0,-45.26871284726435,8440.0,7572.0,-10.28436018957346,2.075145272054939,35.72371896460644,1388.0,8138.0,6404.0,38.845080674511706,4519.0,50.08312091322177,-85.0,2024,-277.0,2023,,,
01227,北海道 歌志内市,,city,10178.0,5941.0,4387.0,2989.0,2989.0,2020,-70.63273727647868,-49.68860461201818,2021.0,1343.0,838.0,-71.9638675142188,2573.0,1417.0,-44.928099494753205,1.8870853916725476,42.9075511644319,142.0,1252.0,1592.0,53.261960521913686,579.0,69.09307875894987,-33.0,2024,-68.0,2023,,,
01228,北海道 深川市,,city,35376.0,27579.0,23709.0,20039.0,20039.0,2020,-43.35425146992311,-27.339642481598315,16006.0,12675.0,9878.0,-50.70612306003294,10908.0,9161.0,-16.015768243491014,2.0486846414146926,37.52865407706582,1634.0,9802.0,8544.0,42.636858126653024,5350.0,54.16076128771006,-184.0,2024,-295.0,2023,,,
01229,北海道 富良野市,,city,28499.0,26112.0,24259.0,21131.0,21131.0,2020,-25.853538720656864,-19.075520833333336,17214.0,14290.0,11574.0,-45.22739103686527,9891.0,9502.0,-3.9328682640784596,2.1152388970743004,38.20248368764471,2211.0,11512.0,7255.0,34.33344375561971,5648.0,48.799032313806805,-255.0,2024,-203.0,2023,,,
01230,北海道 登別市,,city,56503.0,54761.0,51526.0,46391.0,46391.0,2020,-17.896394881687694,-15.28460035426672,39150.0,32770.0,26963.0,-41.87881270073937,21609.0,20885.0,-3.3504558285899377,2.124443380416567,34.1058175724204,4775.0,24170.0,17287.0,37.263693388803866,12735.0,47.231391165671475,-323.0,2024,-578.0,2023,,,
01231,北海道 恵庭市,,city,42911.0,65239.0,69384.0,70331.0,70331.0,2020,63.89969937778193,7.8051472278851675,68056.0,64229.0,59483.0,-15.4242083860602,23581.0,30172.0,27.95046859759975,2.243636484157497,33.07702505634363,8701.0,41413.0,19673.0,27.97201802903414,24389.0,41.00163071802028,229.0,2024,-518.0,2023,,,
01233,北海道 伊達市,,city,36309.0,37139.0,36278.0,32826.0,32826.0,2020,-9.592662976121623,-11.613129055709637,27813.0,23759.0,19762.0,-39.79772131846707,14410.0,14746.0,2.331714087439285,2.080564220805642,36.12505086125051,3355.0,16832.0,12601.0,38.38725400597088,10275.0,51.99372533144418,-171.0,2024,-442.0,2023,,,
01234,北海道 北広島市,,city,34148.0,57731.0,60353.0,58171.0,58171.0,2020,70.3496544453555,0.7621555143683567,53951.0,49057.0,43677.0,-24.91619535507383,20214.0,24548.0,21.440585732660523,2.271345934495682,28.36890989082614,6395.0,32140.0,19380.0,33.31556961372505,18742.0,42.91045630423335,40.0,2024,-516.0,2023,,,
01235,北海道 石狩市,,city,40783.0,59734.0,59449.0,56869.0,56869.0,2020,39.442905132040316,-4.796263434559878,52994.0,47589.0,42365.0,-25.504229017566693,20457.0,23038.0,12.61670821723615,2.4012501085163644,25.470961020921955,6821.0,30645.0,19402.0,34.11700575005715,18578.0,43.852236515991976,21.0,2024,-521.0,2023,,,
01236,北海道 北斗市,,city,39096.0,46804.0,48032.0,44302.0,44302.0,2020,13.315940249641912,-5.345696948978718,38479.0,33108.0,27360.0,-38.242065820956164,16514.0,18261.0,10.578902749182518,2.3364547396090027,28.892174579705383,5444.0,25434.0,13332.0,30.09344950566566,13334.0,48.735380116959064,-412.0,2024,-479.0,2023,,,
01303,北海道 当別町,,city,17316.0,20778.0,18766.0,15916.0,15916.0,2020,-8.085008085008083,-23.39974973529695,13457.0,11381.0,9106.0,-42.78713244533803,7713.0,7268.0,-5.76948009853494,2.1309851403412217,35.787011557512386,1178.0,8983.0,5553.0,34.88941945212365,4895.0,53.75576542938722,-36.0,2024,-175.0,2023,,,
01304,北海道 新篠津村,,city,4144.0,3940.0,3515.0,3044.0,3044.0,2020,-26.54440154440154,-22.74111675126903,2580.0,2136.0,1718.0,-43.56110381077529,1163.0,1038.0,-10.748065348237311,2.544315992292871,27.552986512524086,300.0,1591.0,1142.0,37.51642575558476,906.0,52.73573923166472,-27.0,2024,-56.0,2023,,,
01331,北海道 松前町,,city,17524.0,11108.0,8748.0,6260.0,6260.0,2020,-64.27756220041087,-43.64422038170688,4476.0,3010.0,1939.0,-69.02555910543131,4364.0,3186.0,-26.993583868010994,1.881669805398619,42.404268675455114,377.0,2611.0,3266.0,52.17252396166134,1262.0,65.08509541000515,-61.0,2024,-154.0,2023,,,
01332,北海道 福島町,,city,11613.0,6795.0,5114.0,3794.0,3794.0,2020,-67.32971669680529,-44.16482707873436,2795.0,1959.0,1293.0,-65.91987348444913,2506.0,1858.0,-25.85794094173982,2.0005382131324003,37.94402583423035,228.0,1711.0,1851.0,48.78755930416447,836.0,64.65583913379737,-7.0,2024,-79.0,2023,,,
01333,北海道 知内町,,city,7363.0,5832.0,5074.0,4167.0,4167.0,2020,-43.40622029064241,-28.549382716049386,3336.0,2600.0,1949.0,-53.227741780657546,2106.0,1859.0,-11.728395061728392,2.131253362022593,36.90155997848306,357.0,2160.0,1649.0,39.57283417326614,995.0,51.05182144689584,-48.0,2024,-43.0,2023,,,
01334,北海道 木古内町,,city,9514.0,6665.0,5341.0,3832.0,3832.0,2020,-59.7225141896153,-42.50562640660165,2822.0,1966.0,1295.0,-66.20563674321502,2532.0,1865.0,-26.342812006319114,2.0010723860589814,39.35656836461126,232.0,1678.0,1908.0,49.79123173277662,836.0,64.55598455598455,-33.0,2024,-95.0,2023,,,
01337,北海道 七飯町,,city,21267.0,28354.0,28463.0,27686.0,27686.0,2020,30.182912493534573,-2.3559286167736504,25669.0,22937.0,19706.0,-28.823231958390526,9911.0,11518.0,16.21430733528402,2.2878103837471784,28.972043757596804,3215.0,14743.0,9719.0,35.10438488766886,9466.0,48.03613112757536,-64.0,2024,-313.0,2023,,,
01343,北海道 鹿部町,,city,5011.0,4907.0,4767.0,3760.0,3760.0,2020,-24.965076830971867,-23.374770735683715,3039.0,2359.0,1778.0,-52.712765957446805,1513.0,1613.0,6.609385327164574,2.2287662740235588,33.292002479851206,342.0,1901.0,1517.0,40.34574468085106,971.0,54.6119235095613,-13.0,2024,-34.0,2023,,,
01345,北海道 森町,,city,23467.0,20233.0,17859.0,14338.0,14338.0,2020,-38.90143605914689,-29.1355706024811,11178.0,8600.0,6353.0,-55.69117031664109,7180.0,6310.0,-12.116991643454034,2.194770206022187,36.10142630744849,1364.0,7403.0,5532.0,38.58278699958153,3542.0,55.75318747048639,-177.0,2024,-241.0,2023,,,
01346,北海道 八雲町,,city,26359.0,21438.0,18896.0,15826.0,15826.0,2020,-39.95978603133654,-26.17781509469167,13278.0,10783.0,8382.0,-47.03652217869328,8063.0,7380.0,-8.470792508991687,2.047018970189702,41.78861788617886,1591.0,8504.0,5534.0,34.96777454821181,4236.0,50.536864710093056,-94.0,2024,-190.0,2023,,,
01347,北海道 長万部町,,city,11004.0,8032.0,6386.0,5109.0,5109.0,2020,-53.57142857142857,-36.391932270916335,4135.0,3223.0,2454.0,-51.96711685261304,3212.0,2543.0,-20.82814445828145,1.878883208808494,46.24459300039324,415.0,2507.0,2088.0,40.869054609512624,1277.0,52.037489812550945,-45.0,2024,-91.0,2023,,,
01361,北海道 江差町,,city,13930.0,10959.0,9004.0,7428.0,7428.0,2020,-46.6762383345298,-32.2200930741856,5965.0,4613.0,3445.0,-53.6214324178783,4515.0,3502.0,-22.43632336655592,1.9263278126784695,44.774414620217016,589.0,3950.0,2846.0,38.31448572967152,1798.0,52.191582002902756,-90.0,2024,-109.0,2023,,,
01362,北海道 上ノ国町,,city,8803.0,7152.0,5428.0,4306.0,4306.0,2020,-51.08485743496536,-39.793064876957494,3232.0,2342.0,1639.0,-61.9368323269856,2578.0,2050.0,-20.480993017843286,2.0639024390243903,38.146341463414636,388.0,2047.0,1868.0,43.38132837900604,1012.0,61.74496644295302,-44.0,2024,-89.0,2023,,,
01363,北海道 厚沢部町,,city,6862.0,5105.0,4409.0,3592.0,3592.0,2020,-47.6537452637715,-29.63761018609207,2851.0,2223.0,1664.0,-53.67483296213808,2015.0,1646.0,-18.31265508684864,2.1081409477521262,34.02187120291616,339.0,1713.0,1540.0,42.87305122494432,928.0,55.769230769230774,-61.0,2024,-63.0,2023,,,
01364,北海道 乙部町,,city,7031.0,5143.0,4408.0,3403.0,3403.0,2020,-51.600056890911674,-33.83239354462376,2543.0,1846.0,1301.0,-61.7690273288275,1870.0,1593.0,-14.812834224598925,2.0941619585687383,35.2165725047081,284.0,1567.0,1552.0,45.60681751395827,754.0,57.9554189085319,-46.0,2024,-61.0,2023,,,
01367,北海道 奥尻町,,city,5490.0,3921.0,3033.0,2410.0,2410.0,2020,-56.102003642987256,-38.53608773272125,1846.0,1362.0,967.0,-59.87551867219917,1577.0,1203.0,-23.715916296766014,1.8304239401496258,47.049044056525354,163.0,1250.0,997.0,41.369294605809124,473.0,48.91416752843847,-90.0,2024,-27.0,2023,,,
01370,北海道 今金町,,city,9241.0,6906.0,6186.0,5072.0,5072.0,2020,-45.114165133643546,-26.55661743411526,4075.0,3234.0,2513.0,-50.45347003154574,2562.0,2179.0,-14.949258391881347,2.1656723267553923,35.383203304268015,468.0,2515.0,2089.0,41.186908517350155,1325.0,52.7258257063271,-84.0,2024,-82.0,2023,,,
01371,北海道 せたな町,,city,16051.0,11842.0,9590.0,7398.0,7398.0,2020,-53.90941374369198,-37.527444688397225,5675.0,4216.0,3033.0,-59.00243309002433,4543.0,3517.0,-22.584195465551392,1.9968723343758885,38.69775376741541,587.0,3323.0,3482.0,47.066774804001085,1790.0,59.01747444774151,-65.0,2024,-146.0,2023,,,
01391,北海道 島牧村,,city,3138.0,2224.0,1781.0,1356.0,1356.0,2020,-56.78776290630976,-39.02877697841727,1055.0,817.0,649.0,-52.138643067846616,876.0,612.0,-30.136986301369863,2.0359477124183005,41.33986928104575,112.0,680.0,564.0,41.5929203539823,309.0,47.61171032357473,-20.0,2024,-16.0,2023,,,
01392,北海道 寿都町,,city,5925.0,4114.0,3443.0,2838.0,2838.0,2020,-52.101265822784804,-31.016042780748666,2304.0,1886.0,1538.0,-45.80690627202255,1678.0,1333.0,-20.56019070321812,1.8799699924981246,46.66166541635409,258.0,1411.0,1167.0,41.120507399577164,657.0,42.71781534460338,-38.0,2024,-52.0,2023,,,
01393,北海道 黒松内町,,city,4532.0,3608.0,3250.0,2791.0,2791.0,2020,-38.41571050308914,-22.644124168514413,2310.0,1917.0,1521.0,-45.50340379792189,1367.0,1287.0,-5.852231163130939,1.8461538461538463,50.116550116550115,304.0,1385.0,1102.0,39.48405589394483,827.0,54.37212360289283,-81.0,2024,-60.0,2023,,,
01394,北海道 蘭越町,,city,8055.0,6215.0,5292.0,4568.0,4568.0,2020,-43.289882060831786,-26.50040225261464,3848.0,3212.0,2640.0,-42.20665499124343,2302.0,2074.0,-9.904430929626407,2.0863066538090647,36.0655737704918,453.0,2285.0,1828.0,40.01751313485114,1273.0,48.21969696969697,27.0,2024,-67.0,2023,,,
01395,北海道 ニセコ町,,city,4567.0,4553.0,4823.0,5074.0,5074.0,2020,11.10137946135319,11.443004612343511,5088.0,5013.0,4852.0,-4.375246353961371,1752.0,2511.0,43.32191780821917,1.985663082437276,45.639187574671446,619.0,2797.0,1307.0,25.758770201024834,1738.0,35.82028029678483,-87.0,2024,-24.0,2023,,,
01396,北海道 真狩村,,city,3140.0,2536.0,2189.0,2045.0,2045.0,2020,-34.87261146496815,-19.361198738170348,1765.0,1530.0,1333.0,-34.816625916870414,908.0,900.0,-0.8810572687224627,2.152222222222222,38.55555555555556,242.0,1098.0,705.0,34.474327628361856,570.0,42.760690172543136,-29.0,2024,-9.0,2023,,,
01397,北海道 留寿都村,,city,2075.0,2227.0,2034.0,1911.0,1911.0,2020,-7.9036144578313205,-14.189492590929497,1691.0,1521.0,1352.0,-29.25170068027211,889.0,956.0,7.536557930258714,1.9194560669456067,51.88284518828452,234.0,1184.0,493.0,25.798011512297226,425.0,31.43491124260355,-59.0,2024,-15.0,2023,,,
01398,北海道 喜茂別町,,city,4085.0,2843.0,2490.0,2156.0,2156.0,2020,-47.221542227662184,-24.164614843475206,1843.0,1609.0,1417.0,-34.27643784786641,1212.0,1118.0,-7.755775577557755,1.7960644007155635,51.878354203935594,177.0,1044.0,805.0,37.33766233766234,556.0,39.237826393789696,-19.0,2024,-28.0,2023,,,
01399,北海道 京極町,,city,4276.0,3505.0,3811.0,2941.0,2941.0,2020,-31.220767072029933,-16.091298145506418,2473.0,2096.0,1739.0,-40.870452227133626,1308.0,1265.0,-3.2874617737003065,2.1525691699604743,34.78260869565217,297.0,1446.0,1114.0,37.87827269636178,798.0,45.88844163312248,-18.0,2024,-33.0,2023,,,
01400,北海道 倶知安町,,city,18893.0,16184.0,15568.0,15129.0,15129.0,2020,-19.922722701529672,-6.518783984181908,14021.0,12882.0,11718.0,-22.546103509815584,6824.0,7602.0,11.400937866354056,1.928439884240989,48.2373059721126,1941.0,9096.0,3731.0,24.661246612466126,3694.0,31.524150878989587,-188.0,2024,-67.0,2023,,,
01401,北海道 共和町,,city,7931.0,7249.0,6428.0,5772.0,5772.0,2020,-27.222292270835958,-20.37522416885088,4900.0,4093.0,3332.0,-42.27304227304227,2752.0,2723.0,-1.0537790697674465,2.0921777451340433,41.424899008446566,650.0,3273.0,1826.0,31.63548163548164,1478.0,44.357743097238895,-55.0,2024,-46.0,2023,,,
01402,北海道 岩内町,,city,22373.0,16726.0,14451.0,11648.0,11648.0,2020,-47.93724578733295,-30.359918689465502,9111.0,7084.0,5353.0,-54.043612637362635,6961.0,5736.0,-17.598046257721588,1.9724546722454672,41.248256624825665,1106.0,6157.0,4364.0,37.46565934065934,2820.0,52.68073977209041,-3.0,2024,-191.0,2023,,,
01403,北海道 泊村,,city,2788.0,2040.0,1883.0,1569.0,1569.0,2020,-43.72309899569584,-23.08823529411764,1251.0,1010.0,786.0,-49.90439770554494,852.0,808.0,-5.164319248826288,1.823019801980198,53.34158415841584,147.0,797.0,625.0,39.834289356277885,398.0,50.63613231552163,-10.0,2024,-26.0,2023,,,
01404,北海道 神恵内村,,city,2014.0,1325.0,1122.0,870.0,870.0,2020,-56.802383316782525,-34.339622641509436,645.0,477.0,325.0,-62.643678160919535,573.0,396.0,-30.89005235602095,1.9015151515151516,45.707070707070706,65.0,357.0,448.0,51.49425287356322,216.0,66.46153846153847,-2.0,2024,-20.0,2023,,,
01405,北海道 積丹町,,city,4910.0,3149.0,2516.0,1831.0,1831.0,2020,-62.70875763747454,-41.854557002222926,1368.0,1000.0,720.0,-60.6772255598034,1287.0,881.0,-31.546231546231553,2.0419977298524405,38.592508513053346,148.0,823.0,859.0,46.91425450573457,402.0,55.833333333333336,-27.0,2024,-56.0,2023,,,
01406,北海道 古平町,,city,5901.0,4318.0,3611.0,2745.0,2745.0,2020,-53.48246059989832,-36.42890226956924,2098.0,1591.0,1169.0,-57.41347905282331,1734.0,1246.0,-28.143021914648216,2.012841091492777,39.96789727126806,207.0,1297.0,1154.0,42.040072859744996,689.0,58.93926432848588,-12.0,2024,-51.0,2023,,,
01407,北海道 仁木町,,city,5467.0,4111.0,3800.0,3180.0,3180.0,2020,-41.83281507225169,-22.646558015081485,2723.0,2333.0,1987.0,-37.51572327044025,1441.0,1310.0,-9.090909090909093,2.1557251908396946,35.87786259541985,344.0,1554.0,1282.0,40.314465408805034,854.0,42.979365878208355,43.0,2024,-54.0,2023,,,
01408,北海道 余市町,,city,26632.0,23685.0,21258.0,18000.0,18000.0,2020,-32.412135776509466,-24.0025332488917,14944.0,12109.0,9569.0,-46.83888888888889,9384.0,8235.0,-12.244245524296671,2.063752276867031,37.89921068609593,1667.0,9020.0,7260.0,40.33333333333333,4818.0,50.350088828508724,-23.0,2024,-310.0,2023,,,
01409,北海道 赤井川村,,city,1485.0,1512.0,1262.0,1165.0,1165.0,2020,-21.54882154882155,-22.949735449735453,1039.0,924.0,821.0,-29.527896995708158,689.0,614.0,-10.885341074020316,1.8306188925081432,52.76872964169381,131.0,673.0,361.0,30.98712446351931,326.0,39.707673568818514,-3.0,2024,-10.0,2023,,,
01423,北海道 南幌町,,city,5444.0,9792.0,8778.0,7319.0,7319.0,2020,34.44158706833211,-25.255310457516345,7003.0,5669.0,4352.0,-40.53832490777428,2986.0,2966.0,-0.66979236436705,2.375927174645988,23.63452461227242,693.0,4057.0,2555.0,34.90914059297718,2404.0,55.23897058823529,183.0,2024,-74.0,2023,,,
01424,北海道 奈井江町,,city,8648.0,7309.0,6194.0,5120.0,5120.0,2020,-40.795559666975024,-29.949377479819404,4133.0,3213.0,2415.0,-52.83203125,2864.0,2297.0,-19.79748603351955,2.1023073574227253,35.916412712233345,439.0,2490.0,2189.0,42.75390625,1361.0,56.35610766045549,-29.0,2024,-79.0,2023,,,
01425,北海道 上砂川町,,city,10790.0,5171.0,4086.0,2841.0,2841.0,2020,-73.67006487488415,-45.05898278862889,1971.0,1333.0,895.0,-68.49700809574092,2364.0,1475.0,-37.605752961082906,1.8447457627118644,46.847457627118644,182.0,1201.0,1458.0,51.319957761351645,550.0,61.452513966480446,-30.0,2024,-69.0,2023,,,
01427,北海道 由仁町,,city,9000.0,6910.0,5896.0,4822.0,4822.0,2020,-46.42222222222222,-30.217076700434152,3831.0,2941.0,2188.0,-54.624637080049766,2399.0,2056.0,-14.297624010004172,2.2636186770428015,32.538910505836576,401.0,2324.0,2044.0,42.389050186644546,1292.0,59.04936014625228,-64.0,2024,-79.0,2023,,,
01428,北海道 長沼町,,city,13354.0,12452.0,11691.0,10289.0,10289.0,2020,-22.951924516998655,-17.37070350144555,8688.0,7152.0,5707.0,-44.532996403926525,4090.0,4070.0,-0.4889975550122272,2.383783783783784,27.862407862407863,1010.0,5280.0,3969.0,38.57517737389445,3016.0,52.84738041002278,9.0,2024,-152.0,2023,,,
01429,北海道 栗山町,,city,17482.0,14847.0,13340.0,11272.0,11272.0,2020,-35.522251458643176,-24.078938506095504,9340.0,7503.0,5917.0,-47.50709723207949,5627.0,4935.0,-12.297849653456549,2.1750759878419452,34.650455927051674,1083.0,5528.0,4636.0,41.12845990063875,3074.0,51.95200270407301,-88.0,2024,-171.0,2023,,,
01430,北海道 月形町,,city,5427.0,5144.0,4859.0,3691.0,3691.0,2020,-31.988207112585222,-28.24650077760498,3132.0,2804.0,2512.0,-31.942562991059333,1545.0,1293.0,-16.31067961165048,2.0433101314771847,40.2938901778809,214.0,2064.0,1376.0,37.27986995394202,987.0,39.29140127388535,-35.0,2024,-53.0,2023,,,
01431,北海道 浦臼町,,city,3654.0,2643.0,2206.0,1732.0,1732.0,2020,-52.59989053092502,-34.46840711312902,1340.0,1025.0,782.0,-54.84988452655889,971.0,773.0,-20.3913491246138,2.1578266494178524,35.058214747736095,173.0,781.0,777.0,44.86143187066974,397.0,50.767263427109974,-12.0,2024,-31.0,2023,,,
01432,北海道 新十津川町,,city,9429.0,8067.0,7249.0,6484.0,6484.0,2020,-31.23342878354014,-19.62315606793108,5500.0,4558.0,3714.0,-42.72054287476866,2710.0,2529.0,-6.678966789667895,2.391459074733096,24.515618821668646,719.0,3099.0,2666.0,41.116594694632944,1757.0,47.30748519116855,-21.0,2024,-95.0,2023,,,
01433,北海道 妹背牛町,,city,6136.0,4232.0,3462.0,2693.0,2693.0,2020,-56.11147327249022,-36.36578449905482,1985.0,1416.0,988.0,-63.312291125139254,1478.0,1198.0,-18.944519621109613,2.199499165275459,31.803005008347245,217.0,1207.0,1269.0,47.12216858522094,582.0,58.906882591093115,-22.0,2024,-67.0,2023,,,
01434,北海道 秩父別町,,city,4163.0,3268.0,2730.0,2329.0,2329.0,2020,-44.054768196012496,-28.733170134638918,1914.0,1552.0,1247.0,-46.45770717045943,1136.0,977.0,-13.996478873239438,2.2497441146366426,30.706243602865918,229.0,1093.0,985.0,42.292829540575354,573.0,45.950280673616675,-17.0,2024,-35.0,2023,,,
01436,北海道 雨竜町,,city,4147.0,3601.0,3049.0,2389.0,2389.0,2020,-42.39209066795274,-33.65731741183004,1833.0,1358.0,990.0,-58.560066973629134,1144.0,920.0,-19.580419580419584,2.2706521739130436,28.586956521739133,194.0,1186.0,1009.0,42.23524487233152,591.0,59.696969696969695,-26.0,2024,-38.0,2023,,,
01437,北海道 北竜町,,city,3569.0,2562.0,2193.0,1724.0,1724.0,2020,-51.69515270383861,-32.7088212334114,1352.0,1032.0,778.0,-54.872389791183295,840.0,733.0,-12.738095238095237,2.227830832196453,30.42291950886767,162.0,787.0,775.0,44.95359628770302,400.0,51.41388174807198,-2.0,2024,-26.0,2023,,,
01438,北海道 沼田町,,city,6207.0,4373.0,3612.0,2909.0,2909.0,2020,-53.133558885129695,-33.478161445232104,2331.0,1843.0,1421.0,-51.15159848745273,1612.0,1239.0,-23.13895781637717,2.1928974979822438,31.154156577885388,257.0,1412.0,1240.0,42.626332072877275,747.0,52.5686136523575,4.0,2024,-42.0,2023,,,
01452,北海道 鷹栖町,,city,7509.0,7165.0,7345.0,6567.0,6567.0,2020,-12.544946064722328,-8.346127006280534,5649.0,4826.0,4032.0,-38.60210141617176,2423.0,2649.0,9.32728023111844,2.4077010192525483,23.51830879577199,804.0,3491.0,2272.0,34.59722856707781,1918.0,47.56944444444444,-36.0,2024,-74.0,2023,,,
01453,北海道 東神楽町,,city,5425.0,8127.0,9292.0,10127.0,10127.0,2020,86.67281105990783,24.60932693490834,9750.0,9124.0,8289.0,-18.149501333070006,2538.0,3830.0,50.90622537431049,2.52088772845953,20.8355091383812,1545.0,5638.0,2929.0,28.922681939369998,3702.0,44.66159971045964,8.0,2024,-95.0,2023,,,
01454,北海道 当麻町,,city,9619.0,7643.0,7087.0,6319.0,6319.0,2020,-34.30710053020064,-17.323040690828208,5303.0,4370.0,3525.0,-44.21585693938914,2654.0,2756.0,3.8432554634513894,2.1796081277213353,33.0188679245283,649.0,3011.0,2659.0,42.07944294983383,1789.0,50.75177304964539,-10.0,2024,-81.0,2023,,,
01455,北海道 比布町,,city,5806.0,4576.0,4042.0,3520.0,3520.0,2020,-39.37306234929383,-23.076923076923073,2966.0,2428.0,1976.0,-43.86363636363636,1634.0,1563.0,-4.345165238678095,2.17786308381318,33.07741522712732,353.0,1706.0,1461.0,41.50568181818181,984.0,49.797570850202426,6.0,2024,-54.0,2023,,,
01456,北海道 愛別町,,city,5815.0,4065.0,3328.0,2605.0,2605.0,2020,-55.20206362854686,-35.916359163591636,1947.0,1419.0,1010.0,-61.228406909788866,1528.0,1185.0,-22.447643979057595,2.1232067510548522,36.62447257383966,221.0,1178.0,1206.0,46.29558541266795,550.0,54.45544554455446,-75.0,2024,-52.0,2023,,,
01457,北海道 上川町,,city,9302.0,5718.0,4532.0,3500.0,3500.0,2020,-62.37368307890776,-38.78978663868485,2600.0,1880.0,1338.0,-61.771428571428565,2734.0,1901.0,-30.46817849305048,1.799053129931615,51.44660704892162,263.0,1687.0,1550.0,44.285714285714285,626.0,46.78624813153961,-32.0,2024,-67.0,2023,,,
01458,北海道 東川町,,city,7774.0,7671.0,7859.0,8314.0,8314.0,2020,6.946231026498584,8.382218745926217,8059.0,7607.0,7088.0,-14.746211210007221,2623.0,3391.0,29.279451010293567,2.3075788852845767,30.580949572397525,1085.0,4469.0,2759.0,33.184989174885736,2841.0,40.081828442437924,16.0,2024,-90.0,2023,,,
01459,北海道 美瑛町,,city,14826.0,11902.0,10956.0,9668.0,9668.0,2020,-34.79023337380278,-18.76995462947404,8160.0,6851.0,5681.0,-41.23913942904427,4280.0,4205.0,-1.7523364485981352,2.2499405469678955,32.580261593341255,927.0,4992.0,3749.0,38.77741001241208,2696.0,47.45643372645661,-2.0,2024,-119.0,2023,,,
01460,北海道 上富良野町,,city,14441.0,12809.0,11545.0,10348.0,10348.0,2020,-28.342912540682775,-19.213053321883056,8648.0,7205.0,5887.0,-43.10977966756862,4363.0,4238.0,-2.8650011460004565,2.2328928739971685,31.382727701746106,1195.0,5741.0,3314.0,32.02551217626595,2576.0,43.75743162901308,-222.0,2024,-64.0,2023,,,
01461,北海道 中富良野町,,city,7039.0,5833.0,5477.0,4733.0,4733.0,2020,-32.760335274897,-18.858220469741127,3965.0,3308.0,2708.0,-42.784703148109024,1936.0,1972.0,1.8595041322314154,2.343813387423935,30.73022312373225,594.0,2406.0,1731.0,36.57299809845764,1291.0,47.673559822747414,-44.0,2024,-47.0,2023,,,
01462,北海道 南富良野町,,city,4530.0,3236.0,2814.0,2376.0,2376.0,2020,-47.54966887417219,-26.57601977750309,2067.0,1777.0,1518.0,-36.111111111111114,1283.0,1061.0,-17.30319563522993,1.9811498586239398,43.166823751178136,250.0,1355.0,766.0,32.23905723905724,627.0,41.30434782608695,-40.0,2024,-31.0,2023,,,
01463,北海道 占冠村,,city,1601.0,1873.0,1394.0,1306.0,1306.0,2020,-18.42598376014991,-30.272290443139347,1184.0,960.0,807.0,-38.208269525267994,1030.0,849.0,-17.57281553398058,1.5382803297997645,66.3133097762073,100.0,847.0,305.0,23.35375191424196,241.0,29.8636926889715,-133.0,2024,-12.0,2023,,,
01464,北海道 和寒町,,city,6696.0,4710.0,3832.0,3192.0,3192.0,2020,-52.32974910394266,-32.22929936305733,2478.0,1913.0,1473.0,-53.85338345864661,1715.0,1424.0,-16.96793002915452,2.157303370786517,33.98876404494382,308.0,1470.0,1414.0,44.29824561403509,758.0,51.45960624575696,-45.0,2024,-54.0,2023,,,
01465,北海道 剣淵町,,city,5481.0,4158.0,3565.0,2926.0,2926.0,2020,-46.61558109833972,-29.629629629629626,2330.0,1832.0,1411.0,-51.777170198222834,1406.0,1215.0,-13.5846372688478,2.2337448559670783,31.604938271604937,279.0,1451.0,1196.0,40.87491455912509,688.0,48.759744861800144,-50.0,2024,-42.0,2023,,,
01468,北海道 下川町,,city,7173.0,4413.0,3775.0,3126.0,3126.0,2020,-56.41990798828942,-29.1638341264446,2563.0,2122.0,1773.0,-43.282149712092135,1805.0,1463.0,-18.947368421052634,2.0088858509911143,38.68762816131237,316.0,1514.0,1257.0,40.21113243761996,782.0,44.10603496897913,-59.0,2024,-47.0,2023,,,
01469,北海道 美深町,,city,8350.0,6040.0,5178.0,4145.0,4145.0,2020,-50.359281437125745,-31.37417218543046,3326.0,2658.0,2096.0,-49.433051869722554,2310.0,1890.0,-18.181818181818176,2.002116402116402,39.89417989417989,369.0,2075.0,1699.0,40.9891435464415,970.0,46.278625954198475,-44.0,2024,-66.0,2023,,,
01470,北海道 音威子府村,,city,2100.0,1334.0,995.0,706.0,706.0,2020,-66.38095238095238,-47.07646176911544,532.0,407.0,328.0,-53.54107648725213,521.0,344.0,-33.97312859884837,1.694767441860465,54.94186046511628,44.0,432.0,208.0,29.461756373937675,77.0,23.47560975609756,-34.0,2024,-14.0,2023,,,
01471,北海道 中川町,,city,3559.0,2464.0,1907.0,1528.0,1528.0,2020,-57.066591739252594,-37.98701298701299,1209.0,963.0,766.0,-49.86910994764398,1075.0,819.0,-23.813953488372096,1.800976800976801,49.45054945054945,140.0,770.0,593.0,38.80890052356021,308.0,40.2088772845953,-13.0,2024,-21.0,2023,,,
01472,北海道 幌加内町,,city,3740.0,2217.0,1710.0,1370.0,1370.0,2020,-63.36898395721925,-38.20478123590437,1022.0,785.0,596.0,-56.4963503649635,871.0,663.0,-23.880597014925375,1.951734539969834,42.081447963800905,120.0,691.0,559.0,40.802919708029194,293.0,49.16107382550335,-16.0,2024,-16.0,2023,,,
01481,北海道 増毛町,,city,8319.0,6167.0,5078.0,3908.0,3908.0,2020,-53.023199903834595,-36.63045240797794,3027.0,2329.0,1746.0,-55.322415557830084,2457.0,1870.0,-23.890923890923887,2.022994652406417,38.18181818181819,323.0,1857.0,1728.0,44.21699078812692,907.0,51.94730813287515,-42.0,2024,-99.0,2023,,,
01482,北海道 小平町,,city,6474.0,4566.0,3717.0,2994.0,2994.0,2020,-53.75347544022242,-34.428383705650454,2361.0,1815.0,1370.0,-54.241816967267866,1760.0,1354.0,-23.06818181818182,2.048744460856721,40.84194977843427,265.0,1527.0,1201.0,40.113560454241814,670.0,48.9051094890511,-49.0,2024,-45.0,2023,,,
01483,北海道 苫前町,,city,6528.0,4645.0,3656.0,2936.0,2936.0,2020,-55.024509803921575,-36.79224973089343,2272.0,1770.0,1361.0,-53.644414168937324,1745.0,1336.0,-23.43839541547278,2.127994011976048,37.27544910179641,285.0,1463.0,1186.0,40.39509536784741,628.0,46.1425422483468,-15.0,2024,-66.0,2023,,,
01484,北海道 羽幌町,,city,13254.0,9364.0,7964.0,6548.0,6548.0,2020,-50.596046476535385,-30.07261853908586,5192.0,4038.0,3088.0,-52.84056200366525,3851.0,3137.0,-18.54063879511815,2.0200828817341407,39.49633407714377,619.0,3096.0,2832.0,43.24984728161271,1538.0,49.80569948186528,-94.0,2024,-113.0,2023,,,
01485,北海道 初山別村,,city,2444.0,1764.0,1369.0,1080.0,1080.0,2020,-55.810147299509,-38.775510204081634,822.0,634.0,482.0,-55.37037037037037,704.0,491.0,-30.255681818181824,2.0040733197556007,38.4928716904277,90.0,569.0,421.0,38.98148148148148,206.0,42.738589211618255,-30.0,2024,-15.0,2023,,,
01486,北海道 遠別町,,city,5375.0,3683.0,3084.0,2520.0,2520.0,2020,-53.11627906976744,-31.57751832745045,1978.0,1546.0,1183.0,-53.05555555555556,1479.0,1196.0,-19.134550371872884,2.0033444816053514,39.46488294314381,248.0,1238.0,1034.0,41.03174603174603,535.0,45.2240067624683,-44.0,2024,-39.0,2023,,,
01487,北海道 天塩町,,city,6281.0,4542.0,3780.0,2950.0,2950.0,2020,-53.03295653558351,-35.05063848524878,2403.0,1970.0,1568.0,-46.84745762711865,1779.0,1421.0,-20.123664980326026,2.015482054890922,40.323715693173824,300.0,1545.0,1097.0,37.186440677966104,668.0,42.60204081632653,-70.0,2024,-30.0,2023,,,
01511,北海道 猿払村,,city,3358.0,2980.0,2825.0,2611.0,2611.0,2020,-22.245384157236447,-12.382550335570475,2404.0,2191.0,1958.0,-25.009574875526617,1124.0,1236.0,9.964412811387891,2.081715210355987,44.82200647249191,366.0,1622.0,615.0,23.554193795480657,587.0,29.97957099080695,-34.0,2024,-7.0,2023,,,
01512,北海道 浜頓別町,,city,6503.0,4957.0,4168.0,3448.0,3448.0,2020,-46.978317699523295,-30.441799475489205,2766.0,2158.0,1605.0,-53.45127610208817,1993.0,1711.0,-14.149523331660818,1.9409701928696668,43.717124488603154,312.0,1831.0,1293.0,37.5,803.0,50.03115264797508,-28.0,2024,-34.0,2023,,,
01513,北海道 中頓別町,,city,4203.0,2518.0,1974.0,1637.0,1637.0,2020,-61.0516297882465,-34.988085782366966,1315.0,1037.0,804.0,-50.88576664630422,963.0,745.0,-22.637590861889922,1.9798657718120805,40.53691275167785,160.0,822.0,655.0,40.01221747098351,371.0,46.14427860696517,-18.0,2024,-23.0,2023,,,
01514,北海道 枝幸町,,city,13633.0,10509.0,9125.0,7565.0,7565.0,2020,-44.509645712609114,-28.0140831668094,6203.0,5007.0,3932.0,-48.023793787177794,4149.0,3510.0,-15.401301518438181,2.1222222222222222,37.43589743589744,790.0,4078.0,2696.0,35.63780568407138,1774.0,45.11698880976602,-67.0,2024,-116.0,2023,,,
01516,北海道 豊富町,,city,6723.0,5220.0,4378.0,3974.0,3974.0,2020,-40.88948386137141,-23.86973180076628,3406.0,2902.0,2357.0,-40.68948163059889,1933.0,1938.0,0.2586652871184647,1.9736842105263157,43.75644994840041,388.0,2114.0,1357.0,34.14695520885758,1123.0,47.64531183708103,-26.0,2024,-51.0,2023,,,
01517,北海道 礼文町,,city,5990.0,3856.0,3078.0,2509.0,2509.0,2020,-58.11352253756261,-34.93257261410788,2068.0,1706.0,1391.0,-44.55958549222798,1613.0,1240.0,-23.1246125232486,1.9774193548387098,43.306451612903224,259.0,1340.0,910.0,36.26943005181347,550.0,39.53989935298347,-45.0,2024,-13.0,2023,,,
01518,北海道 利尻町,,city,5828.0,3417.0,2590.0,2004.0,2004.0,2020,-65.61427590940288,-41.35206321334503,1593.0,1264.0,1016.0,-49.30139720558883,1350.0,1034.0,-23.407407407407412,1.8936170212765957,44.97098646034816,185.0,1010.0,809.0,40.36926147704591,410.0,40.354330708661415,-18.0,2024,-28.0,2023,,,
01519,北海道 利尻富士町,,city,6028.0,3536.0,3037.0,2458.0,2458.0,2020,-59.22362309223623,-30.48642533936652,2005.0,1663.0,1349.0,-45.11798209926769,1456.0,1193.0,-18.063186813186817,1.9874266554903603,42.33025984911987,252.0,1265.0,941.0,38.28315703824247,607.0,44.996293550778354,-23.0,2024,-34.0,2023,,,
01520,北海道 幌延町,,city,4253.0,2835.0,2677.0,2371.0,2371.0,2020,-44.251116858687986,-16.366843033509703,2092.0,1848.0,1590.0,-32.939687895402784,1121.0,1133.0,1.070472792149868,1.8870255957634599,48.80847308031774,274.0,1416.0,681.0,28.722058203289752,603.0,37.924528301886795,-50.0,2024,-19.0,2023,,,
01543,北海道 美幌町,,city,26534.0,23905.0,21575.0,18697.0,18697.0,2020,-29.535690058038742,-21.786237188872626,15286.0,12442.0,9819.0,-47.48355351125849,8727.0,8281.0,-5.110576372178299,2.171718391498611,33.86064484965584,1928.0,10043.0,6713.0,35.90415574691127,5013.0,51.05407882676444,-285.0,2024,-254.0,2023,,,
01544,北海道 津別町,,city,9685.0,6789.0,5646.0,4373.0,4373.0,2020,-54.84770263293753,-35.586978936514946,3389.0,2525.0,1852.0,-57.64921106791676,2611.0,2036.0,-22.02221371122175,2.084970530451866,35.65815324165029,365.0,1940.0,1978.0,45.2321061056483,907.0,48.974082073434126,-45.0,2024,-79.0,2023,,,
01545,北海道 斜里町,,city,15795.0,14066.0,13045.0,11418.0,11418.0,2020,-27.711301044634375,-18.825536755296458,9516.0,8171.0,6946.0,-39.16622876160448,5631.0,5336.0,-5.238856331024689,2.100262368815592,39.523988005997005,1337.0,6221.0,3839.0,33.6223506743738,2659.0,38.28102505038871,-166.0,2024,-152.0,2023,,,
01546,北海道 清里町,,city,6774.0,5437.0,4551.0,3883.0,3883.0,2020,-42.677886034839084,-28.581938569063826,3154.0,2535.0,2014.0,-48.13288694308524,1906.0,1587.0,-16.73662119622246,2.3471959672337745,30.87586641461878,453.0,1868.0,1484.0,38.217872778779295,971.0,48.21251241310824,-23.0,2024,-58.0,2023,,,
01547,北海道 小清水町,,city,7836.0,6126.0,5358.0,4623.0,4623.0,2020,-41.003062787136294,-24.534769833496572,3837.0,3139.0,2522.0,-45.446679645252,2142.0,1961.0,-8.450046685340807,2.294747577766446,33.55430902600714,533.0,2312.0,1772.0,38.33008868699979,1143.0,45.32117367168914,-24.0,2024,-67.0,2023,,,
01549,北海道 訓子府町,,city,7773.0,6317.0,5435.0,4677.0,4677.0,2020,-39.83018139714396,-25.961690675953776,3790.0,2987.0,2290.0,-51.03698952319864,2016.0,1868.0,-7.341269841269837,2.443254817987152,27.03426124197002,531.0,2314.0,1828.0,39.08488347231131,1185.0,51.7467248908297,-38.0,2024,-67.0,2023,,,
01550,北海道 置戸町,,city,6430.0,4110.0,3428.0,2775.0,2775.0,2020,-56.842923794712284,-32.481751824817515,2210.0,1758.0,1375.0,-50.45045045045045,1511.0,1197.0,-20.78093977498345,2.12531328320802,37.17627401837928,270.0,1261.0,1244.0,44.828828828828826,666.0,48.43636363636364,-8.0,2024,-50.0,2023,,,
01552,北海道 佐呂間町,,city,8666.0,6666.0,5892.0,4875.0,4875.0,2020,-43.74567274405724,-26.86768676867687,3929.0,3159.0,2475.0,-49.23076923076923,2445.0,2260.0,-7.566462167689158,2.0915929203539823,38.097345132743364,492.0,2458.0,1924.0,39.46666666666667,1122.0,45.33333333333333,-23.0,2024,-62.0,2023,,,
01555,北海道 遠軽町,,city,30428.0,24844.0,22265.0,19241.0,19241.0,2020,-36.765479163927964,-22.55272902914185,16166.0,13344.0,10769.0,-44.03097552102282,9960.0,8739.0,-12.259036144578317,2.063508410573292,36.57169012472823,1961.0,9521.0,7230.0,37.57600956291253,5032.0,46.72671557247655,-202.0,2024,-258.0,2023,,,
01559,北海道 湧別町,,city,14326.0,11423.0,10041.0,8270.0,8270.0,2020,-42.27279073014101,-27.602206075461787,6735.0,5399.0,4211.0,-49.081015719467956,4074.0,3678.0,-9.720176730486008,2.181620445894508,36.35127786840675,781.0,4243.0,3246.0,39.250302297460706,2103.0,49.94063167893612,-22.0,2024,-117.0,2023,,,
01560,北海道 滝上町,,city,5673.0,3799.0,3028.0,2421.0,2421.0,2020,-57.32416710735061,-36.27270334298499,1890.0,1478.0,1140.0,-52.91201982651796,1574.0,1197.0,-23.951715374841164,1.8972431077694236,42.857142857142854,202.0,1135.0,1084.0,44.77488641057414,525.0,46.05263157894737,-41.0,2024,-53.0,2023,,,
01561,北海道 興部町,,city,6628.0,4965.0,4301.0,3628.0,3628.0,2020,-45.26252263126131,-26.92849949647532,3072.0,2568.0,2143.0,-40.9316427783903,1963.0,1716.0,-12.58278145695364,2.093240093240093,39.1025641025641,450.0,1969.0,1209.0,33.32414553472988,787.0,36.72421838544097,-71.0,2024,-40.0,2023,,,
01562,北海道 西興部村,,city,1609.0,1314.0,1135.0,1053.0,1053.0,2020,-34.55562461155998,-19.863013698630137,931.0,840.0,745.0,-29.24976258309592,539.0,491.0,-8.905380333951761,1.780040733197556,51.12016293279022,104.0,576.0,373.0,35.42260208926876,395.0,53.02013422818792,-25.0,2024,-11.0,2023,,,
01563,北海道 雄武町,,city,7041.0,5778.0,4939.0,4199.0,4199.0,2020,-40.363584718079814,-27.32779508480443,3473.0,2861.0,2298.0,-45.272683972374374,2236.0,2050.0,-8.31842576028623,2.013170731707317,44.390243902439025,432.0,2347.0,1420.0,33.817575613241246,962.0,41.86248912097476,-61.0,2024,-55.0,2023,,,
01564,北海道 大空町,,city,9565.0,8946.0,7933.0,6775.0,6775.0,2020,-29.16884474647151,-24.267829197406666,5648.0,4638.0,3691.0,-45.520295202952035,3069.0,2738.0,-10.785272075594655,2.397735573411249,30.460189919649377,798.0,3470.0,2507.0,37.003690036900366,1837.0,49.769710105662426,-80.0,2024,-84.0,2023,,,
01571,北海道 豊浦町,,city,6424.0,5286.0,4528.0,3821.0,3821.0,2020,-40.51992528019925,-27.714718123344685,3286.0,2790.0,2297.0,-39.88484689871762,2010.0,1754.0,-12.736318407960201,1.968643101482326,44.526795895096924,386.0,1916.0,1512.0,39.570792986129284,1223.0,53.243360905528945,-25.0,2024,-44.0,2023,,,
01575,北海道 壮瞥町,,city,4292.0,3748.0,3232.0,2743.0,2743.0,2020,-36.090400745573156,-26.81430096051227,2300.0,1926.0,1568.0,-42.83631060882246,1332.0,1160.0,-12.91291291291291,1.9698275862068966,45.17241379310345,227.0,1227.0,1237.0,45.09660955158586,805.0,51.33928571428571,-33.0,2024,-42.0,2023,,,
01578,北海道 白老町,,city,24168.0,21662.0,19376.0,16212.0,16212.0,2020,-32.91956305858987,-25.159265072477144,13157.0,10210.0,7706.0,-52.46730816679004,8518.0,7640.0,-10.307583939891995,1.9815445026178011,38.1151832460733,1104.0,7639.0,7428.0,45.81791265729089,4409.0,57.215157020503504,-108.0,2024,-292.0,2023,,,
01581,北海道 厚真町,,city,6817.0,5438.0,4890.0,4432.0,4432.0,2020,-34.98606425113686,-18.499448326590663,3871.0,3366.0,2931.0,-33.8673285198556,1970.0,1924.0,-2.3350253807106647,2.2375259875259874,34.355509355509355,567.0,2236.0,1613.0,36.394404332129966,1132.0,38.621630842715795,-36.0,2024,-54.0,2023,,,
01584,北海道 洞爺湖町,,city,14401.0,10622.0,10132.0,8442.0,8442.0,2020,-41.37907089785432,-20.523441913010732,6859.0,5383.0,4119.0,-51.208244491826584,4270.0,4009.0,-6.112412177985949,1.947867298578199,42.72886006485408,706.0,4031.0,3679.0,43.57972044539209,2301.0,55.86307356154406,-45.0,2024,-153.0,2023,,,
01585,北海道 安平町,,city,11258.0,9438.0,8726.0,7340.0,7340.0,2020,-34.80191863563689,-22.229285865649505,6174.0,5132.0,4209.0,-42.65667574931881,3819.0,3435.0,-10.054988216810678,2.04745269286754,39.85443959243086,754.0,3873.0,2712.0,36.94822888283379,1900.0,45.14136374435733,-67.0,2024,-94.0,2023,,,
01586,北海道 むかわ町,,city,14591.0,11197.0,9746.0,7651.0,7651.0,2020,-47.56356658213967,-31.669197106367776,6127.0,4725.0,3555.0,-53.53548555744347,4276.0,3635.0,-14.990645463049578,2.018156808803301,40.88033012379642,707.0,3781.0,3122.0,40.80512351326624,1832.0,51.533052039381154,-124.0,2024,-98.0,2023,,,
01601,北海道 日高町,,city,18875.0,15783.0,13615.0,11279.0,11279.0,2020,-40.24370860927152,-28.53703351707534,9277.0,7513.0,5909.0,-47.61060377693058,6532.0,5510.0,-15.646050214329454,1.9756805807622504,43.666061705989115,1209.0,6008.0,4062.0,36.01383101338771,2842.0,48.0961245557624,-166.0,2024,-124.0,2023,,,
01602,北海道 平取町,,city,8494.0,6503.0,5596.0,4776.0,4776.0,2020,-43.77207440546268,-26.556973704444097,3879.0,3089.0,2402.0,-49.70686767169179,2543.0,2167.0,-14.785686197404635,2.0512228887863406,40.65528380249192,553.0,2537.0,1680.0,35.175879396984925,1199.0,49.91673605328892,-74.0,2024,-53.0,2023,,,
01604,北海道 新冠町,,city,7634.0,6204.0,5775.0,5309.0,5309.0,2020,-30.455855383809272,-14.426176660219214,4747.0,4251.0,3728.0,-29.779619514032774,2392.0,2416.0,1.0033444816053505,2.091473509933775,40.64569536423841,656.0,2894.0,1747.0,32.90638538331136,1653.0,44.3401287553648,-115.0,2024,-71.0,2023,,,
01607,北海道 浦河町,,city,19408.0,16634.0,14389.0,12074.0,12074.0,2020,-37.78854080791426,-27.413730912588676,10067.0,8232.0,6515.0,-46.04108000662581,6921.0,5888.0,-14.925588787747435,1.953804347826087,45.05774456521739,1242.0,6735.0,4097.0,33.93241676329303,2999.0,46.03223330775134,-174.0,2024,-142.0,2023,,,
01608,北海道 様似町,,city,7986.0,6210.0,5114.0,4043.0,4043.0,2020,-49.37390433258202,-34.89533011272141,3137.0,2363.0,1706.0,-57.80361117981696,2400.0,1909.0,-20.458333333333336,2.072289156626506,35.4635935044526,363.0,1970.0,1710.0,42.29532525352461,960.0,56.27198124267292,-53.0,2024,-63.0,2023,,,
01609,北海道 えりも町,,city,7520.0,6248.0,5413.0,4374.0,4374.0,2020,-41.83510638297873,-29.99359795134443,3555.0,2865.0,2219.0,-49.26840420667581,2115.0,1815.0,-14.184397163120565,2.3338842975206613,33.774104683195596,537.0,2398.0,1438.0,32.87608596250571,1026.0,46.23704371338441,-86.0,2024,-67.0,2023,,,
01610,北海道 新ひだか町,,city,33190.0,28438.0,25419.0,21517.0,21517.0,2020,-35.17023199758964,-24.337154511569025,18069.0,14866.0,11949.0,-44.467165497048846,11366.0,10119.0,-10.971317965863104,2.0334025101294593,40.39924893764206,2424.0,11396.0,7608.0,35.358088952920944,5650.0,47.28429157251653,-143.0,2024,-249.0,2023,,,
01631,北海道 音更町,,city,31134.0,39201.0,45085.0,43576.0,43576.0,2020,39.96274169717993,11.16042958087804,39901.0,37175.0,33627.0,-22.83137506884524,14192.0,18302.0,28.959977452085674,2.3041744071686154,30.406512949404433,5656.0,24865.0,12907.0,29.619515329539198,15301.0,45.5021262675826,-222.0,2024,-318.0,2023,,,
01632,北海道 士幌町,,city,6979.0,6839.0,6416.0,5848.0,5848.0,2020,-16.205760137555526,-14.490422576400064,5111.0,4440.0,3713.0,-36.508207934336525,2262.0,2519.0,11.361626878868258,2.2489082969432315,39.26161175069472,734.0,3168.0,1938.0,33.13953488372093,1603.0,43.17263668192836,-74.0,2024,-63.0,2023,,,
01633,北海道 上士幌町,,city,7571.0,5634.0,5080.0,4778.0,4778.0,2020,-36.890767401928414,-15.193468228611994,4289.0,3890.0,3536.0,-25.99413980745081,2225.0,2343.0,5.303370786516859,1.980367050789586,45.66794707639778,550.0,2537.0,1690.0,35.37044788614483,1257.0,35.54864253393665,20.0,2024,-66.0,2023,,,
01634,北海道 鹿追町,,city,6744.0,5910.0,5702.0,5266.0,5266.0,2020,-21.915776986951364,-10.896785109983076,4716.0,4256.0,3802.0,-27.800987466767946,2075.0,2245.0,8.192771084337359,2.2293986636971046,36.525612472160354,714.0,2915.0,1629.0,30.93429548044056,1410.0,37.08574434508154,-94.0,2024,-31.0,2023,,,
01635,北海道 新得町,,city,9502.0,7657.0,6653.0,5817.0,5817.0,2020,-38.78130919806356,-24.0302990727439,4928.0,4133.0,3411.0,-41.36152656008252,3300.0,2867.0,-13.121212121212123,1.9155912103243808,43.87861876525985,591.0,3027.0,2199.0,37.80299123259412,1501.0,44.00469070653767,-4.0,2024,-121.0,2023,,,
01636,北海道 清水町,,city,13352.0,10988.0,9961.0,9094.0,9094.0,2020,-31.89035350509287,-17.236985802693848,7880.0,6744.0,5667.0,-37.68418737629206,4061.0,4145.0,2.0684560453090306,2.0837153196622435,38.81785283474065,909.0,4529.0,3388.0,37.25533318671651,2563.0,45.226751367566614,-50.0,2024,-131.0,2023,,,
01637,北海道 芽室町,,city,16580.0,17586.0,18905.0,18048.0,18048.0,2020,8.85404101326901,2.6270897304674135,16624.0,15247.0,13658.0,-24.324024822695034,6044.0,7230.0,19.622766379880872,2.4271092669432917,27.15076071922545,2462.0,10010.0,5535.0,30.668218085106385,6019.0,44.06940986967346,-33.0,2024,-142.0,2023,,,
01638,北海道 中札内村,,city,3785.0,4116.0,4006.0,3884.0,3884.0,2020,2.615587846763545,-5.636540330417883,3664.0,3396.0,3106.0,-20.030895983522147,1416.0,1674.0,18.220338983050844,2.1654719235364395,37.634408602150536,491.0,2275.0,1118.0,28.784757981462413,1224.0,39.40759819703799,-27.0,2024,-11.0,2023,,,
01639,北海道 更別村,,city,3624.0,3291.0,3391.0,3080.0,3080.0,2020,-15.011037527593817,-6.411425098754176,2795.0,2523.0,2242.0,-27.207792207792203,1090.0,1306.0,19.816513761467892,2.3009188361408883,34.915773353751916,405.0,1706.0,969.0,31.461038961038962,918.0,40.94558429973238,-26.0,2024,-19.0,2023,,,
01641,北海道 大樹町,,city,8356.0,6711.0,5977.0,5420.0,5420.0,2020,-35.13642891335568,-19.237073461481145,4612.0,3946.0,3308.0,-38.966789667896684,2550.0,2587.0,1.4509803921568531,2.029377657518361,41.63123308851952,612.0,2825.0,1983.0,36.586715867158674,1277.0,38.603385731559854,-48.0,2024,-67.0,2023,,,
01642,北海道 広尾町,,city,11512.0,8975.0,7881.0,6387.0,6387.0,2020,-44.51876302988186,-28.83565459610028,5205.0,4116.0,3158.0,-50.55581650227023,3316.0,2984.0,-10.012062726176119,2.0804289544235925,37.43297587131367,609.0,3247.0,2517.0,39.40817285110381,1537.0,48.67004433185561,-39.0,2024,-93.0,2023,,,
01643,北海道 幕別町,,city,22390.0,26080.0,26547.0,25766.0,25766.0,2020,15.078159892809296,-1.203987730061351,23625.0,21124.0,18386.0,-28.642396957230453,9320.0,10994.0,17.961373390557945,2.2776059668910316,28.624704384209572,3168.0,13900.0,8658.0,33.60242179616549,8664.0,47.12281083433047,-101.0,2024,-254.0,2023,,,
01644,北海道 池田町,,city,11902.0,8710.0,7527.0,6294.0,6294.0,2020,-47.118131406486306,-27.7382319173364,5087.0,4011.0,3100.0,-50.74674292977439,3382.0,2958.0,-12.536960378474271,2.070655848546315,36.105476673427994,520.0,3029.0,2743.0,43.581188433428665,1594.0,51.41935483870967,-9.0,2024,-105.0,2023,,,
01645,北海道 豊頃町,,city,5779.0,4164.0,3394.0,3022.0,3022.0,2020,-47.707215781277036,-27.425552353506244,2539.0,2109.0,1737.0,-42.52150893448048,1448.0,1353.0,-6.560773480662984,2.17960088691796,34.51589061345159,294.0,1536.0,1192.0,39.44407677035076,741.0,42.659758203799655,-39.0,2024,-38.0,2023,,,
01646,北海道 本別町,,city,13253.0,10021.0,8275.0,6618.0,6618.0,2020,-50.06413642194221,-33.9586867578086,5270.0,4148.0,3190.0,-51.7981263221517,3781.0,3090.0,-18.275588468659087,2.0433656957928803,38.12297734627832,579.0,3281.0,2756.0,41.64400120882441,1459.0,45.73667711598746,-53.0,2024,-92.0,2023,,,
01647,北海道 足寄町,,city,12667.0,8871.0,7630.0,6563.0,6563.0,2020,-48.18820557353754,-26.017359936872953,5410.0,4503.0,3759.0,-42.724363857991776,3565.0,3085.0,-13.464235624123422,2.0567260940032415,38.670988654781205,732.0,3199.0,2618.0,39.890294072832546,1513.0,40.250066507049745,-107.0,2024,-88.0,2023,,,
01648,北海道 陸別町,,city,5002.0,3228.0,2650.0,2264.0,2264.0,2020,-54.73810475809676,-29.8636926889715,1877.0,1557.0,1290.0,-43.021201413427555,1285.0,1045.0,-18.67704280155642,1.9751196172248804,43.92344497607655,224.0,1154.0,886.0,39.13427561837456,518.0,40.15503875968992,7.0,2024,-34.0,2023,,,
01649,北海道 浦幌町,,city,9693.0,6846.0,5460.0,4387.0,4387.0,2020,-54.740534406272566,-35.918784691790826,3454.0,2668.0,2000.0,-54.410759060861636,2520.0,1985.0,-21.23015873015873,2.146095717884131,35.31486146095718,425.0,2088.0,1865.0,42.51196717574652,947.0,47.349999999999994,-47.0,2024,-68.0,2023,,,
01661,北海道 釧路町,,city,13123.0,22478.0,20526.0,19105.0,19105.0,2020,45.58408900403872,-15.005783432689746,16518.0,13657.0,10659.0,-44.20832242868359,7882.0,8241.0,4.554681552905349,2.2445091615095256,30.663754398738018,2153.0,11091.0,5704.0,29.856058623397015,5359.0,50.27676142227225,-87.0,2024,-160.0,2023,,,
01662,北海道 厚岸町,,city,15940.0,12307.0,10630.0,8892.0,8892.0,2020,-44.215809284818064,-27.74843584951654,7202.0,5697.0,4343.0,-51.15834457939721,4314.0,4012.0,-7.000463606861384,2.1827018943170486,35.86739780658026,900.0,4809.0,3182.0,35.78497525865947,2041.0,46.995164632742345,-68.0,2024,-98.0,2023,,,
01663,北海道 浜中町,,city,9243.0,7335.0,6511.0,5507.0,5507.0,2020,-40.41977712863789,-24.921608725289712,4696.0,3916.0,3162.0,-42.58216814962774,2337.0,2319.0,-0.7702182284980763,2.347994825355757,34.713238464855536,633.0,3109.0,1759.0,31.941165788995825,1292.0,40.86021505376344,-79.0,2024,-57.0,2023,,,
01664,北海道 標茶町,,city,12297.0,9388.0,8285.0,7230.0,7230.0,2020,-41.20517199316907,-22.986791648913506,6108.0,5080.0,4102.0,-43.26417704011065,3391.0,3236.0,-4.570923031554108,2.181087762669963,36.43386897404203,861.0,3894.0,2475.0,34.232365145228215,1757.0,42.83276450511945,-75.0,2024,-85.0,2023,,,
01665,北海道 弟子屈町,,city,12206.0,9493.0,8278.0,6955.0,6955.0,2020,-43.01982631492709,-26.7354893079111,5636.0,4433.0,3337.0,-52.02012940330698,3970.0,3324.0,-16.272040302266998,1.9629963898916967,40.974729241877256,605.0,3405.0,2854.0,41.0352264557872,1845.0,55.2891818999101,-104.0,2024,-93.0,2023,,,
01667,北海道 鶴居村,,city,2638.0,2728.0,2627.0,2558.0,2558.0,2020,-3.0326004548900665,-6.231671554252194,2295.0,2063.0,1791.0,-29.984362783424544,913.0,1101.0,20.591456736035042,2.1580381471389645,35.33151680290645,298.0,1339.0,910.0,35.574667709147775,809.0,45.17029592406477,3.0,2024,-25.0,2023,,,
01668,北海道 白糠町,,city,14514.0,11359.0,9294.0,7289.0,7289.0,2020,-49.77952321896101,-35.83061889250815,5553.0,4047.0,2841.0,-61.02346000823158,4329.0,3452.0,-20.258720258720263,2.078505214368482,35.68945538818076,564.0,3660.0,3063.0,42.022225270956234,1655.0,58.25413586765224,-25.0,2024,-110.0,2023,,,
01691,北海道 別海町,,city,19035.0,16910.0,15855.0,14380.0,14380.0,2020,-24.454951405306012,-14.961561206386753,12663.0,11011.0,9231.0,-35.80667593880389,5543.0,6068.0,9.471405376150098,2.3024060646011866,36.799604482531315,1849.0,7996.0,3992.0,27.760778859527118,3657.0,39.61650958726032,-121.0,2024,-108.0,2023,,,
01692,北海道 中標津町,,city,21187.0,23179.0,23982.0,23010.0,23010.0,2020,8.604332845612884,-0.7291082445316843,20948.0,18953.0,16552.0,-28.06605823554976,9118.0,10560.0,15.814871682386489,2.1354166666666665,37.83143939393939,3021.0,13749.0,6151.0,26.731855714906562,7144.0,43.160947317544704,-109.0,2024,-147.0,2023,,,
01693,北海道 標津町,,city,7730.0,6298.0,5646.0,5023.0,5023.0,2020,-35.019404915912034,-20.244522070498572,4419.0,3807.0,3233.0,-35.63607405932709,2276.0,2190.0,-3.778558875219684,2.219634703196347,35.52511415525114,637.0,2796.0,1571.0,31.276129802906627,1300.0,40.210330961954845,-21.0,2024,-49.0,2023,,,
01694,北海道 羅臼町,,city,8299.0,6956.0,5885.0,4722.0,4722.0,2020,-43.10157850343415,-32.116158711903395,3706.0,2814.0,2041.0,-56.77678949597629,2286.0,1954.0,-14.523184601924754,2.382804503582395,32.19037871033777,516.0,2718.0,1484.0,31.427361287590006,1123.0,55.02204801567859,-68.0,2024,-49.0,2023,,,
02201,青森県 青森市,,city,309768.0,318732.0,299520.0,275192.0,275192.0,2020,-11.161901810387132,-13.660379252789179,243430.0,208826.0,174205.0,-36.69692432919561,118180.0,118067.0,-0.09561685564393185,2.237178889952315,34.87765421328567,28040.0,150122.0,84787.0,30.81012529433995,83026.0,47.65994087425734,-1161.0,2024,-2947.0,2023,,,
02202,青森県 弘前市,,city,192291.0,193217.0,183473.0,168466.0,168466.0,2020,-12.390075458549799,-12.809949435091116,147904.0,128454.0,108684.0,-35.48609214915769,68107.0,70743.0,3.8703804307927303,2.2839574233493067,36.99305938396732,17417.0,95115.0,53922.0,32.00764545961797,49544.0,45.58536675131574,-643.0,2024,-1915.0,2023,,,
02203,青森県 八戸市,,city,245617.0,248608.0,237615.0,223415.0,223415.0,2020,-9.039276597303935,-10.133624018535203,201707.0,176687.0,151087.0,-32.3738334489627,88277.0,95422.0,8.093840977831146,2.2651484982498795,33.775230030810505,25636.0,126567.0,69328.0,31.03104088803348,68785.0,45.52674948870518,-883.0,2024,-2199.0,2023,,,
02204,青森県 黒石市,,city,40755.0,39059.0,36132.0,31946.0,31946.0,2020,-21.614525825052144,-18.210911697688115,27176.0,22273.0,17571.0,-44.997808802353966,11623.0,11618.0,-0.04301815366084538,2.6564813220864174,26.613875021518336,3214.0,17723.0,10943.0,34.254679772115445,9315.0,53.013488133856924,-178.0,2024,-413.0,2023,,,
02205,青森県 五所川原市,,city,68738.0,63208.0,58421.0,51415.0,51415.0,2020,-25.20148971456836,-18.6574484242501,43398.0,35528.0,28029.0,-45.48478070601965,21185.0,20797.0,-1.83148454094878,2.370774630956388,31.06217242871568,4852.0,27798.0,18363.0,35.7152581931343,15114.0,53.922722894145345,-101.0,2024,-775.0,2023,,,
02206,青森県 十和田市,,city,67050.0,69630.0,66110.0,60378.0,60378.0,2020,-9.950782997762865,-13.287376130978023,53728.0,46481.0,38968.0,-35.45993573818278,24354.0,25462.0,4.54956064712162,2.2744481973136437,35.382138088131335,6398.0,33001.0,20320.0,33.65464241942429,18820.0,48.29603777458427,-268.0,2024,-666.0,2023,,,
02207,青森県 三沢市,,city,39962.0,42495.0,41258.0,39152.0,39152.0,2020,-2.0269255793003316,-7.866807859748204,35706.0,32006.0,27826.0,-28.92827952595014,15484.0,17164.0,10.849909584086802,2.1799114425541832,39.56536937776742,4994.0,23094.0,10385.0,26.524826317940338,11437.0,41.10184719327248,-264.0,2024,-316.0,2023,,,
02208,青森県 むつ市,,city,71567.0,67022.0,61066.0,54103.0,54103.0,2020,-24.402308326463316,-19.27576019814389,45680.0,38013.0,30531.0,-43.56874849823485,24346.0,23996.0,-1.4376078205865395,2.1553592265377564,36.326887814635775,5714.0,29283.0,18249.0,33.730107387760384,15269.0,50.01146375814746,-426.0,2024,-736.0,2023,,,
02209,青森県 つがる市,,city,46869.0,41320.0,37243.0,30934.0,30934.0,2020,-33.999018541039916,-25.135527589545013,25202.0,19974.0,15262.0,-50.66270123488719,11454.0,10764.0,-6.024096385542165,2.747584541062802,23.095503530286138,2903.0,16001.0,12002.0,38.79873278593134,8680.0,56.873280041934215,-195.0,2024,-509.0,2023,,,
02210,青森県 平川市,,city,38979.0,36454.0,33764.0,30567.0,30567.0,2020,-21.580851227584084,-16.14911943819608,26476.0,22195.0,18103.0,-40.77600026172016,9810.0,10015.0,2.089704383282376,2.950973539690464,19.400898652021965,3282.0,16504.0,10777.0,35.256976477901006,9044.0,49.958570402695685,-51.0,2024,-362.0,2023,,,
02301,青森県 平内町,,city,17501.0,14528.0,12361.0,10126.0,10126.0,2020,-42.1404491171933,-30.300110132158586,8077.0,6161.0,4475.0,-55.806833892948845,4361.0,3783.0,-13.253840862187571,2.5477134549299496,26.592651334919378,906.0,5050.0,4164.0,41.12186450720917,2663.0,59.50837988826816,-62.0,2024,-195.0,2023,,,
02303,青森県 今別町,,city,7113.0,4124.0,3217.0,2334.0,2334.0,2020,-67.18684099536061,-43.40446168768186,1660.0,1100.0,691.0,-70.39417309340188,1554.0,1124.0,-27.67052767052767,1.9937722419928825,37.01067615658363,105.0,939.0,1290.0,55.26992287917738,480.0,69.46454413892909,-26.0,2024,-69.0,2023,,,
02304,青森県 蓬田村,,city,4360.0,3480.0,3271.0,2540.0,2540.0,2020,-41.743119266055054,-27.011494252873558,2032.0,1563.0,1150.0,-54.7244094488189,980.0,893.0,-8.87755102040816,2.7278835386338187,22.060470324748042,247.0,1216.0,1077.0,42.40157480314961,698.0,60.69565217391304,-21.0,2024,-45.0,2023,,,
02307,青森県 外ヶ浜町,,city,14955.0,9170.0,7089.0,5401.0,5401.0,2020,-63.884988298228016,-41.10141766630316,3866.0,2677.0,1749.0,-67.61710794297353,3110.0,2338.0,-24.82315112540193,2.158254918733961,34.17450812660394,285.0,2362.0,2750.0,50.91649694501018,1256.0,71.81246426529445,-34.0,2024,-149.0,2023,,,
02321,青森県 鰺ヶ沢町,,city,17402.0,13551.0,11449.0,9044.0,9044.0,2020,-48.02896218825422,-33.25953804147296,6990.0,5257.0,3749.0,-58.547103051747015,4336.0,3626.0,-16.374538745387458,2.3976833976833976,30.005515719801434,701.0,4299.0,4034.0,44.604157452454665,2406.0,64.1771138970392,-61.0,2024,-200.0,2023,,,
02323,青森県 深浦町,,city,15445.0,11799.0,9691.0,7346.0,7346.0,2020,-52.43768209776627,-37.74048648190524,5392.0,3788.0,2547.0,-65.32806969779472,3878.0,3030.0,-21.86694172253739,2.3049504950495048,31.683168316831683,481.0,3139.0,3726.0,50.721481078137764,1760.0,69.1009030231645,-68.0,2024,-171.0,2023,,,
02343,青森県 西目屋村,,city,2812.0,2049.0,1594.0,1265.0,1265.0,2020,-55.014224751066855,-38.26256710590532,1004.0,768.0,587.0,-53.59683794466403,600.0,435.0,-27.500000000000004,2.8045977011494254,22.06896551724138,151.0,613.0,501.0,39.60474308300395,259.0,44.122657580919935,1.0,2024,-34.0,2023,,,
02361,青森県 藤崎町,,city,17787.0,16858.0,16021.0,14573.0,14573.0,2020,-18.069376510934955,-13.554395539209874,12907.0,11117.0,9321.0,-36.0392506690455,4615.0,4938.0,6.998916576381364,2.863102470635885,20.534629404617256,1679.0,8090.0,4797.0,32.91703835860839,4372.0,46.9048385366377,20.0,2024,-141.0,2023,,,
02362,青森県 大鰐町,,city,16312.0,12881.0,10978.0,8665.0,8665.0,2020,-46.87959784207945,-32.73037807623632,6749.0,5069.0,3642.0,-57.96884016156953,3914.0,3211.0,-17.96116504854369,2.601370289629399,26.160074743070695,631.0,4262.0,3771.0,43.5199076745528,2205.0,60.543657331136735,-56.0,2024,-168.0,2023,,,
02367,青森県 田舎館村,,city,10053.0,8835.0,8153.0,7326.0,7326.0,2020,-27.126230975828115,-17.079796264855684,6318.0,5310.0,4368.0,-40.37674037674037,2342.0,2393.0,2.177625960717333,2.9962390305056417,19.264521521103216,836.0,3845.0,2639.0,36.02238602238602,2084.0,47.710622710622715,12.0,2024,-92.0,2023,,,
02381,青森県 板柳町,,city,19215.0,16840.0,15227.0,12700.0,12700.0,2020,-33.90580275826177,-24.584323040380053,10194.0,8018.0,6034.0,-52.48818897637795,4823.0,4459.0,-7.547169811320753,2.767660910518053,22.785377887418704,1205.0,6672.0,4822.0,37.968503937007874,3513.0,58.22008617832284,-24.0,2024,-197.0,2023,,,
02384,青森県 鶴田町,,city,16892.0,15795.0,14270.0,12074.0,12074.0,2020,-28.522377456784277,-23.55808800253245,9589.0,7548.0,5780.0,-52.12854066589365,4391.0,4233.0,-3.5982691869733574,2.7429718875502007,23.52941176470588,1263.0,6236.0,4575.0,37.89133675666722,3308.0,57.2318339100346,-60.0,2024,-173.0,2023,,,
02387,青森県 中泊町,,city,19968.0,15325.0,12743.0,9657.0,9657.0,2020,-51.637620192307686,-36.98531810766721,7242.0,5191.0,3539.0,-63.353008180594394,4569.0,3855.0,-15.62705187130663,2.435019455252918,27.859922178988327,756.0,4612.0,4289.0,44.413378896137516,2238.0,63.2382028821701,-34.0,2024,-198.0,2023,,,
02401,青森県 野辺地町,,city,18419.0,16012.0,14314.0,12374.0,12374.0,2020,-32.81937130137358,-22.72045965525855,9960.0,7986.0,6156.0,-50.250525294973336,5913.0,5414.0,-8.439032639945887,2.208533431843369,35.833025489471744,1102.0,6556.0,4713.0,38.08792629707451,3479.0,56.513970110461344,-9.0,2024,-241.0,2023,,,
02402,青森県 七戸町,,city,22707.0,19357.0,16759.0,14556.0,14556.0,2020,-35.89641960628881,-24.802397065660998,11931.0,9449.0,7212.0,-50.45342126957956,5859.0,5424.0,-7.424475166410649,2.5311578171091447,27.00958702064897,1406.0,7202.0,5943.0,40.828524319868094,4052.0,56.184137548530224,-53.0,2024,-274.0,2023,,,
02405,青森県 六戸町,,city,10532.0,10481.0,10241.0,10447.0,10447.0,2020,-0.8070641853399119,-0.3243965270489424,9740.0,8940.0,8100.0,-22.46577964966019,3034.0,3829.0,26.203032300593264,2.665709062418386,22.199007573779053,1394.0,5522.0,3531.0,33.79917679716665,3449.0,42.58024691358025,-55.0,2024,-120.0,2023,,,
02406,青森県 横浜町,,city,6590.0,5508.0,4881.0,4229.0,4229.0,2020,-35.82701062215477,-23.220769789397245,3579.0,2951.0,2353.0,-44.360368881532274,1886.0,1809.0,-4.082714740190885,2.243781094527363,37.86622443338861,359.0,2179.0,1691.0,39.98581224875857,1237.0,52.57118572035699,-48.0,2024,-62.0,2023,,,
02408,青森県 東北町,,city,22587.0,20591.0,19106.0,16428.0,16428.0,2020,-27.26789746314252,-20.217570783351945,13872.0,11413.0,9113.0,-44.52763574385196,5896.0,5833.0,-1.0685210312076032,2.6608949082804734,25.801474369964,1721.0,8396.0,6300.0,38.34915997078159,4709.0,51.6734335564578,-133.0,2024,-247.0,2023,,,
02411,青森県 六ヶ所村,,city,11104.0,11849.0,11095.0,10367.0,10367.0,2020,-6.637247838616711,-12.507384589416827,9349.0,8209.0,6916.0,-33.28831870357867,5019.0,5167.0,2.948794580593739,1.968066576349913,53.33849429069092,1065.0,6470.0,2618.0,25.25320729237002,2663.0,38.50491613649508,-38.0,2024,-64.0,2023,,,
02412,青森県 おいらせ町,,city,17637.0,23220.0,24211.0,24273.0,24273.0,2020,37.625446504507565,4.534883720930227,23271.0,21466.0,19121.0,-21.225229679067283,7381.0,9243.0,25.22693401978051,2.5843340906632046,25.392188683327927,3308.0,13956.0,6671.0,27.48321179911836,8188.0,42.822028136603734,177.0,2024,-133.0,2023,,,
02423,青森県 大間町,,city,7624.0,6566.0,6340.0,4718.0,4718.0,2020,-38.11647429171039,-28.14498933901919,3708.0,2841.0,2062.0,-56.2950402713014,2210.0,2086.0,-5.61085972850679,2.202301054650048,39.11792905081496,501.0,2496.0,1711.0,36.265366680796944,1209.0,58.63239573229874,-46.0,2024,-74.0,2023,,,
02424,青森県 東通村,,city,9975.0,7975.0,7252.0,5955.0,5955.0,2020,-40.30075187969925,-25.329153605015676,4803.0,3822.0,2933.0,-50.747271200671705,2358.0,2546.0,7.972858354537737,2.280832678711705,39.1987431264729,633.0,3205.0,2117.0,35.54995801847187,1497.0,51.03989089669281,-89.0,2024,-103.0,2023,,,
02425,青森県 風間浦村,,city,3917.0,2793.0,2463.0,1636.0,1636.0,2020,-58.23334184324737,-41.424991049051194,1282.0,996.0,756.0,-53.789731051344745,929.0,748.0,-19.483315392895584,2.163101604278075,34.75935828877005,125.0,751.0,757.0,46.271393643031786,403.0,53.3068783068783,-30.0,2024,-43.0,2023,,,
02426,青森県 佐井村,,city,4174.0,3010.0,2422.0,1788.0,1788.0,2020,-57.16339242932439,-40.59800664451827,1306.0,917.0,607.0,-66.05145413870245,1077.0,823.0,-23.584029712163414,2.0996354799513974,39.00364520048603,124.0,802.0,858.0,47.98657718120805,418.0,68.86326194398681,-39.0,2024,-31.0,2023,,,
02441,青森県 三戸町,,city,15606.0,13223.0,11299.0,9082.0,9082.0,2020,-41.80443419197745,-31.316645239355665,7226.0,5563.0,4143.0,-54.38229464875578,4309.0,3559.0,-17.405430494314224,2.498173644282102,28.4630514189379,826.0,4412.0,3783.0,41.653820744329444,2347.0,56.649770697562154,-90.0,2024,-124.0,2023,,,
02442,青森県 五戸町,,city,23720.0,21318.0,18712.0,16042.0,16042.0,2020,-32.36930860033726,-24.74903837132939,13128.0,10394.0,7885.0,-50.847774591696805,6260.0,6040.0,-3.514376996805113,2.5885761589403975,24.70198675496689,1436.0,8139.0,6467.0,40.312928562523375,4582.0,58.11033608116677,-103.0,2024,-314.0,2023,,,
02443,青森県 田子町,,city,8878.0,7288.0,6175.0,4968.0,4968.0,2020,-44.04145077720207,-31.8331503841932,3915.0,2996.0,2198.0,-55.756843800322066,2250.0,1909.0,-15.155555555555555,2.5379779989523312,27.606076479832375,417.0,2368.0,2182.0,43.92109500805153,1303.0,59.28116469517744,-17.0,2024,-107.0,2023,,,
02445,青森県 南部町,,city,24495.0,22596.0,19853.0,16809.0,16809.0,2020,-31.37783221065523,-25.610727562400427,13827.0,11067.0,8464.0,-49.64602296388839,6832.0,6232.0,-8.782201405152223,2.5913029525032094,24.951861360718873,1558.0,8525.0,6725.0,40.00832887143792,4891.0,57.78591682419659,-64.0,2024,-309.0,2023,,,
02446,青森県 階上町,,city,10199.0,15618.0,14699.0,13496.0,13496.0,2020,32.326698695950576,-13.586886925342556,11894.0,10052.0,7997.0,-40.74540604623592,5942.0,5836.0,-1.783911141029959,2.254455106237149,36.977381768334475,1276.0,7697.0,4281.0,31.720509780675755,4210.0,52.64474177816682,-44.0,2024,-168.0,2023,,,
02450,青森県 新郷村,,city,4332.0,3343.0,2851.0,2197.0,2197.0,2020,-49.284395198522624,-34.28058629973078,1660.0,1209.0,837.0,-61.90259444697315,925.0,785.0,-15.135135135135137,2.7019108280254778,24.203821656050955,165.0,948.0,1084.0,49.340009103322714,516.0,61.648745519713266,-21.0,2024,-55.0,2023,,,
03201,岩手県 盛岡市,,city,272814.0,302857.0,298348.0,289731.0,289731.0,2020,6.200928104862657,-4.3340586481408705,272642.0,250661.0,225333.0,-22.226824192095428,119040.0,130755.0,9.841229838709676,2.146625368054759,40.355626935872436,33602.0,167894.0,80035.0,27.62389941014251,91975.0,40.81736807302969,-768.0,2024,-2141.0,2023,,,
03202,岩手県 宮古市,,city,78617.0,66986.0,59430.0,50369.0,50369.0,2020,-35.9311599272422,-24.80667602185531,41867.0,33805.0,26633.0,-47.12422323254383,23324.0,21152.0,-9.312296347110271,2.288246974281392,35.207072617246595,5003.0,25994.0,19042.0,37.80499910659334,13164.0,49.427402095145126,-490.0,2024,-767.0,2023,,,
03203,岩手県 大船渡市,,city,50132.0,45160.0,40737.0,34728.0,34728.0,2020,-30.726881034070054,-23.100088573959255,29297.0,24058.0,19269.0,-44.51451278507257,15003.0,14078.0,-6.165433579950674,2.414121324051712,32.87398778235545,3379.0,17943.0,13055.0,37.59214466712739,9745.0,50.57345996159634,-346.0,2024,-488.0,2023,,,
03205,岩手県 花巻市,,city,105678.0,107175.0,101438.0,93193.0,93193.0,2020,-11.814190276121806,-13.045952880802425,82344.0,71383.0,60720.0,-34.84489178371766,33037.0,34604.0,4.7431667524290955,2.6023292104958964,27.875390128308865,10177.0,50113.0,32231.0,34.5852156277832,28192.0,46.42951251646904,-173.0,2024,-1185.0,2023,,,
03206,岩手県 北上市,,city,76633.0,91501.0,93138.0,93045.0,93045.0,2020,21.416361097699422,1.687413252314185,88582.0,81824.0,73928.0,-20.545972378956424,30810.0,38808.0,25.95910418695229,2.358147804576376,36.75530818387961,11420.0,54390.0,25238.0,27.124509645870276,30065.0,40.66794719186235,199.0,2024,-716.0,2023,,,
03207,岩手県 久慈市,,city,43683.0,40178.0,36872.0,33043.0,33043.0,2020,-24.35730146739006,-17.758474787196977,27134.0,22403.0,17896.0,-45.84026874073177,14022.0,14083.0,0.4350306660961367,2.2753674643186823,34.701413051196475,3697.0,17697.0,11006.0,33.30811367006628,9657.0,53.961779168529276,-317.0,2024,-410.0,2023,,,
03208,岩手県 遠野市,,city,37382.0,33108.0,29331.0,25366.0,25366.0,2020,-32.14381253009469,-23.384076356167693,20386.0,16559.0,13201.0,-47.95789639675155,10329.0,9593.0,-7.125568786910641,2.571145627019702,29.511101845095382,2554.0,12497.0,10283.0,40.53851612394544,7100.0,53.783804257253244,-149.0,2024,-430.0,2023,,,
03209,岩手県 一関市,,city,147465.0,140825.0,127642.0,111932.0,111932.0,2020,-24.095887159665008,-20.516953665897386,92315.0,76185.0,61196.0,-45.327520280170106,42968.0,42092.0,-2.038726494135168,2.5716763280433335,28.718046184548136,11563.0,58370.0,41306.0,36.90276239145195,31618.0,51.66677560624877,-504.0,2024,-1666.0,2023,,,
03210,岩手県 陸前高田市,,city,29356.0,25676.0,23300.0,18262.0,18262.0,2020,-37.791252214198124,-28.875214207820534,14967.0,12140.0,9617.0,-47.33873617347497,7699.0,7117.0,-7.559423301727497,2.4819446395953353,31.333427005760857,1637.0,9223.0,7356.0,40.28036359653926,5295.0,55.058750129978165,-111.0,2024,-303.0,2023,,,
03211,岩手県 釜石市,,city,65250.0,46521.0,39574.0,32078.0,32078.0,2020,-50.838314176245206,-31.046194191870335,26131.0,20908.0,16363.0,-48.98996196770372,17616.0,14684.0,-16.643960036330608,2.1062380822664126,39.40343230727322,2949.0,16134.0,12778.0,39.83415424901801,8173.0,49.94805353541526,-396.0,2024,-512.0,2023,,,
03213,岩手県 二戸市,,city,37537.0,33102.0,29702.0,25513.0,25513.0,2020,-32.032394703892166,-22.926107183855958,21138.0,17299.0,13701.0,-46.297965742954574,11218.0,10519.0,-6.231057229452663,2.351839528472288,33.04496625154482,2541.0,13330.0,9509.0,37.271195077019556,7249.0,52.908546821399895,-153.0,2024,-374.0,2023,,,
03214,岩手県 八幡平市,,city,34926.0,32485.0,28680.0,24023.0,24023.0,2020,-31.21743114012484,-26.048945667231028,19402.0,15153.0,11349.0,-52.75777380010823,9890.0,9118.0,-7.805864509605664,2.548475542882211,27.7253783724501,2117.0,11926.0,9944.0,41.39366440494526,6698.0,59.01841571944665,-141.0,2024,-402.0,2023,,,
03215,岩手県 奥州市,,city,130318.0,133056.0,124746.0,112937.0,112937.0,2020,-13.337374729507822,-15.120701058201059,97749.0,83273.0,69375.0,-38.57194719179719,40651.0,42241.0,3.9113428943937434,2.599109869558012,27.994128926871998,12501.0,59785.0,39997.0,35.41532004568919,33223.0,47.88900900900901,-575.0,2024,-1553.0,2023,,,
03216,岩手県 滝沢市,,city,25686.0,51241.0,53857.0,55579.0,55579.0,2020,116.37857198473878,8.465876934486062,53545.0,49339.0,44032.0,-20.775832598643373,17828.0,21629.0,21.32039488445143,2.4870775347912524,28.13352443478663,7614.0,33476.0,14164.0,25.484445563972002,17664.0,40.116279069767444,-227.0,2024,-240.0,2023,,,
03301,岩手県 雫石町,,city,18696.0,19750.0,18033.0,15731.0,15731.0,2020,-15.859007274283265,-20.349367088607593,12929.0,10429.0,8112.0,-48.43303032229356,5596.0,5399.0,-3.5203716940671925,2.8003333950731615,22.318947953324688,1584.0,8066.0,6078.0,38.63708600851821,4513.0,55.633629191321496,-49.0,2024,-231.0,2023,,,
03302,岩手県 葛巻町,,city,11972.0,8725.0,7304.0,5634.0,5634.0,2020,-52.9401937854995,-35.4269340974212,4385.0,3315.0,2389.0,-57.59673411430599,2847.0,2342.0,-17.737969792764318,2.302732707087959,31.981212638770284,418.0,2498.0,2716.0,48.20731274405396,1440.0,60.2762662201758,-32.0,2024,-139.0,2023,,,
03303,岩手県 岩手町,,city,20350.0,17372.0,14984.0,12285.0,12285.0,2020,-39.631449631449634,-29.282753856781028,9465.0,7361.0,5464.0,-55.52299552299552,5167.0,4761.0,-7.857557576930518,2.5246796891409367,28.901491283343834,1081.0,6296.0,4896.0,39.853479853479854,3135.0,57.37554904831625,-80.0,2024,-196.0,2023,,,
03321,岩手県 紫波町,,city,27787.0,33038.0,33288.0,32147.0,32147.0,2020,15.690790657501719,-2.6968944851383236,30080.0,26887.0,23581.0,-26.646343360189128,9394.0,11352.0,20.843091334894616,2.7868217054263567,19.855532064834392,3948.0,18073.0,10088.0,31.38084424674153,10393.0,44.07361859123871,86.0,2024,-264.0,2023,,,
03322,岩手県 矢巾町,,city,17465.0,25268.0,27205.0,28056.0,28056.0,2020,60.64128256513026,11.033718537280347,26771.0,24847.0,22283.0,-20.57670373538637,7576.0,10956.0,44.61457233368533,2.466593647316539,32.356699525374225,3469.0,16894.0,7370.0,26.268890789848875,8900.0,39.94076201588655,15.0,2024,-148.0,2023,,,
03366,岩手県 西和賀町,,city,9989.0,7983.0,6602.0,5134.0,5134.0,2020,-48.60346381019121,-35.68833771765001,3777.0,2760.0,1940.0,-62.21269964939617,2436.0,1977.0,-18.842364532019708,2.480526049570056,29.74203338391502,360.0,2155.0,2619.0,51.012855473315156,1166.0,60.103092783505154,-60.0,2024,-127.0,2023,,,
03381,岩手県 金ケ崎町,,city,14973.0,16383.0,16325.0,15535.0,15535.0,2020,3.753422827756636,-5.176097173899774,14282.0,12987.0,11516.0,-25.870614740907627,4921.0,5895.0,19.792725055882944,2.552502120441052,32.705682782018656,1832.0,8824.0,4765.0,30.672674605729,4703.0,40.83883292810003,53.0,2024,-125.0,2023,,,
03402,岩手県 平泉町,,city,9253.0,9054.0,8345.0,7252.0,7252.0,2020,-21.625418783097373,-19.90280538988293,5997.0,4852.0,3790.0,-47.73855488141202,2405.0,2399.0,-0.2494802494802495,2.929137140475198,20.59191329720717,791.0,3602.0,2859.0,39.42360728075014,2018.0,53.245382585751976,-11.0,2024,-122.0,2023,,,
03441,岩手県 住田町,,city,9036.0,7305.0,6190.0,5045.0,5045.0,2020,-44.16777335104028,-30.937713894592743,4007.0,3182.0,2475.0,-50.94152626362736,2167.0,1979.0,-8.675588371019838,2.5093481556341586,28.398180899444164,376.0,2382.0,2287.0,45.33201189296333,1292.0,52.20202020202021,-45.0,2024,-117.0,2023,,,
03461,岩手県 大槌町,,city,21292.0,17480.0,15276.0,11004.0,11004.0,2020,-48.318617321059556,-37.048054919908466,8922.0,7035.0,5394.0,-50.981461286804794,5850.0,4522.0,-22.7008547008547,2.3781512605042017,31.534719150818226,1129.0,5641.0,4199.0,38.15885132679026,2617.0,48.516870596959585,-67.0,2024,-177.0,2023,,,
03482,岩手県 山田町,,city,25321.0,21214.0,18617.0,14320.0,14320.0,2020,-43.44615141582086,-32.49740737248986,11505.0,8897.0,6703.0,-53.19134078212291,6830.0,5633.0,-17.52562225475842,2.4885496183206106,28.634830463341025,1374.0,7192.0,5745.0,40.11871508379888,3457.0,51.5739221244219,-152.0,2024,-197.0,2023,,,
03483,岩手県 岩泉町,,city,18236.0,12845.0,10804.0,8726.0,8726.0,2020,-52.14959420925642,-32.06695212144803,6930.0,5407.0,4099.0,-53.02544121017648,4686.0,3943.0,-15.855740503627825,2.1392340857215317,39.71595232056809,738.0,4103.0,3863.0,44.26999770799908,2262.0,55.18419126616247,-50.0,2024,-206.0,2023,,,
03484,岩手県 田野畑村,,city,5225.0,4529.0,3843.0,3059.0,3059.0,2020,-41.45454545454545,-32.45749613601237,2428.0,1887.0,1388.0,-54.625694671461254,1383.0,1229.0,-11.135213304410696,2.403580146460537,31.97721724979658,317.0,1446.0,1296.0,42.36678653154626,796.0,57.34870317002881,-7.0,2024,-48.0,2023,,,
03485,岩手県 普代村,,city,4023.0,3583.0,3088.0,2487.0,2487.0,2020,-38.18046234153617,-30.58889198995255,1947.0,1478.0,1057.0,-57.498994772818655,1082.0,985.0,-8.964879852125696,2.386802030456853,31.979695431472084,219.0,1200.0,1067.0,42.90309609971853,670.0,63.386944181646165,-25.0,2024,-51.0,2023,,,
03501,岩手県 軽米町,,city,13768.0,11863.0,10209.0,8421.0,8421.0,2020,-38.83643230679837,-29.014583157717276,6782.0,5333.0,4007.0,-52.41657760361002,3526.0,3269.0,-7.2887124220079365,2.501988375650046,28.99969409605384,765.0,4134.0,3521.0,41.81213632585204,2243.0,55.97704017968555,-63.0,2024,-154.0,2023,,,
03503,岩手県 野田村,,city,5304.0,5195.0,4632.0,3936.0,3936.0,2020,-25.791855203619907,-24.234841193455246,3293.0,2667.0,2104.0,-46.54471544715447,1591.0,1499.0,-5.782526712759273,2.555703802535023,27.351567711807874,429.0,1989.0,1513.0,38.4400406504065,1079.0,51.28326996197718,-21.0,2024,-61.0,2023,,,
03506,岩手県 九戸村,,city,8496.0,7324.0,6507.0,5378.0,5378.0,2020,-36.69962335216572,-26.570180229382856,4314.0,3368.0,2550.0,-52.584603941985876,2105.0,1919.0,-8.836104513064136,2.733715476810839,23.970818134445025,511.0,2489.0,2378.0,44.21718110821867,1419.0,55.64705882352941,-66.0,2024,-104.0,2023,,,
03507,岩手県 洋野町,,city,24403.0,20465.0,17913.0,15091.0,15091.0,2020,-38.1592427160595,-26.25946738333741,11992.0,9263.0,6821.0,-54.80087469352595,6215.0,5775.0,-7.079646017699115,2.540779220779221,26.632034632034635,1365.0,7448.0,6274.0,41.574448346696705,4315.0,63.260518985486,-39.0,2024,-288.0,2023,,,
03524,岩手県 一戸町,,city,20861.0,16933.0,14187.0,11494.0,11494.0,2020,-44.901970183596184,-32.120711037618854,8783.0,6739.0,4956.0,-56.88185140073081,5448.0,4521.0,-17.01541850220264,2.3861977438619775,31.674408316744085,987.0,5612.0,4881.0,42.46563424395337,2899.0,58.49475383373689,-109.0,2024,-238.0,2023,,,
04100,宮城県 仙台市,,city,792036.0,1008130.0,1045986.0,1096704.0,1096704.0,2020,38.46643334393891,8.785970063384685,1090319.0,1056113.0,998832.0,-8.924194677871144,420368.0,524651.0,24.807549575609933,2.043714774202279,45.027646950067755,128665.0,673081.0,257223.0,23.45418636204482,360177.0,36.059817867268976,807.0,2024,-4547.0,2023,,,
04101,宮城県 仙台市 青葉区,,city,,277743.0,291436.0,311590.0,311590.0,2020,,12.186445743007024,316827.0,310172.0,295315.0,-5.223209987483557,130347.0,162851.0,24.93651560833774,1.8651221054829261,53.265254742064826,33702.0,194212.0,69969.0,22.455470329599795,101753.0,34.45575063914803,609.0,2024,-1463.0,2023,,,
04102,宮城県 仙台市 宮城野区,,city,,178780.0,190473.0,196732.0,196732.0,2020,,10.041391654547493,193665.0,190496.0,182128.0,-7.42329666754773,74734.0,95623.0,27.95113335295849,2.00925509553141,46.95313888917938,24017.0,125693.0,40773.0,20.72514893357461,60381.0,33.15305719054731,-386.0,2024,-627.0,2023,,,
04103,宮城県 仙台市 若林区,,city,,129717.0,132306.0,141475.0,141475.0,2020,,9.064347772458504,143469.0,140302.0,133922.0,-5.338752429757909,53834.0,68437.0,27.12597986402645,2.030290632260327,46.208922074316526,16895.0,89414.0,30767.0,21.747305177593216,44844.0,33.485163005331465,88.0,2024,-351.0,2023,,,
04104,宮城県 仙台市 太白区,,city,,221461.0,220588.0,234758.0,234758.0,2020,,6.004217446864235,236241.0,228334.0,216743.0,-7.673859889758816,87694.0,104900.0,19.62049855178234,2.184804575786463,38.41182078169685,29344.0,141716.0,58657.0,24.986155956346536,80893.0,37.32208191267999,810.0,2024,-960.0,2023,,,
04105,宮城県 仙台市 泉区,,city,,200429.0,211183.0,212149.0,212149.0,2020,,5.84745720429678,200117.0,186809.0,170724.0,-19.526370616877763,73759.0,92840.0,25.86938543093047,2.2429556225764755,35.19926755708746,24707.0,122046.0,57057.0,26.894776784241266,72306.0,42.3525690588318,-314.0,2024,-1146.0,2023,,,
04202,宮城県 石巻市,,city,186094.0,174778.0,160826.0,140151.0,140151.0,2020,-24.6880608724623,-19.811990067399787,122272.0,104232.0,86785.0,-38.077502122710506,57209.0,56624.0,-1.0225663794158235,2.423018508053122,32.53567391918621,14579.0,76979.0,46507.0,33.18349494473817,39145.0,45.10572103474102,-840.0,2024,-1552.0,2023,,,
04203,宮城県 塩竈市,,city,61040.0,61547.0,56490.0,52203.0,52203.0,2020,-14.477391874180867,-15.181893512275169,46782.0,40766.0,34782.0,-33.37164530774094,20540.0,21151.0,2.974683544303791,2.4247553307172236,28.56129733818732,5407.0,28777.0,17682.0,33.87161657376013,15788.0,45.39129434765108,121.0,2024,-573.0,2023,,,
04205,宮城県 気仙沼市,,city,92246.0,82394.0,73489.0,61147.0,61147.0,2020,-33.71311493181276,-25.78707187416559,50682.0,40771.0,31848.0,-47.91567861056143,25599.0,24435.0,-4.547052619242942,2.435318191119296,31.96234908942091,5427.0,31637.0,23437.0,38.32894500139009,16410.0,51.525998492841,-481.0,2024,-887.0,2023,,,
04206,宮城県 白石市,,city,41275.0,40793.0,37422.0,32758.0,32758.0,2020,-20.634766807995153,-19.697006839408726,27580.0,23085.0,18669.0,-43.0093412296233,12389.0,12472.0,0.6699491484381204,2.5522771007055804,27.461513790891594,3303.0,17574.0,11648.0,35.55772635692045,9699.0,51.95243451711393,-269.0,2024,-507.0,2023,,,
04207,宮城県 名取市,,city,49715.0,67216.0,73134.0,78718.0,78718.0,2020,58.33852961882731,17.11199714353726,78883.0,78952.0,77071.0,-2.0922787672451038,20998.0,29674.0,41.318220782931704,2.6135337332344815,25.015164790725887,11872.0,47869.0,17878.0,22.71145100231205,26304.0,34.12956883912236,264.0,2024,-241.0,2023,,,
04208,宮城県 角田市,,city,33731.0,34354.0,31336.0,27976.0,27976.0,2020,-17.061456820135778,-18.565523665366477,24162.0,20403.0,16575.0,-40.75278810408922,9878.0,10251.0,3.7760680299655736,2.658082138327968,25.48044093259194,2910.0,14931.0,10015.0,35.79854160709179,8600.0,51.88536953242836,-30.0,2024,-357.0,2023,,,
04209,宮城県 多賀城市,,city,50785.0,61457.0,63060.0,62827.0,62827.0,2020,23.711725903317916,2.2292009046976036,60685.0,56680.0,51958.0,-17.299886991261715,22014.0,26309.0,19.510311619878262,2.3410619939944506,33.95796115397773,8186.0,37896.0,15490.0,24.655005013767965,19304.0,37.153085184187226,-121.0,2024,-219.0,2023,,,
04211,宮城県 岩沼市,,city,34910.0,41407.0,44187.0,44068.0,44068.0,2020,26.233171011171574,6.426449634119824,41990.0,39254.0,35985.0,-18.342107651810835,13113.0,17223.0,31.342942118508343,2.505951344132846,28.711606572606396,5840.0,26065.0,11755.0,26.674684578378873,13824.0,38.4160066694456,-93.0,2024,-210.0,2023,,,
04212,宮城県 登米市,,city,98568.0,93769.0,83969.0,76037.0,76037.0,2020,-22.858331304277247,-18.91030084569527,63390.0,53522.0,43781.0,-42.42145271381038,24864.0,25612.0,3.008365508365518,2.8984850851163517,23.18444479150398,8332.0,40399.0,26956.0,35.45116193432145,21484.0,49.07151504077111,-426.0,2024,-958.0,2023,,,
04213,宮城県 栗原市,,city,95801.0,84947.0,74932.0,64637.0,64637.0,2020,-32.52993183787226,-23.909025627744363,53281.0,43261.0,33929.0,-47.508393025666415,23827.0,22584.0,-5.216770890166622,2.7631509032943677,24.67233439603259,6262.0,31948.0,26204.0,40.540247845661156,17520.0,51.63724247693713,-373.0,2024,-1130.0,2023,,,
04214,宮城県 東松島市,,city,36865.0,43180.0,42903.0,39098.0,39098.0,2020,6.057235860572363,-9.453450671607222,35469.0,31528.0,27332.0,-30.093610926390102,12785.0,14433.0,12.890105592491196,2.651285249081965,25.254624818125134,4820.0,22690.0,11587.0,29.63578699677733,11432.0,41.826430557588175,-136.0,2024,-263.0,2023,,,
04215,宮城県 大崎市,,city,130266.0,139313.0,135147.0,127330.0,127330.0,2020,-2.2538498149939357,-8.601494476466664,113030.0,100619.0,87340.0,-31.40658132411843,42834.0,48775.0,13.869823037773731,2.5580522808815993,29.871860584315733,15025.0,72656.0,38738.0,30.423309510720177,38350.0,43.90886191893749,-540.0,2024,-1274.0,2023,,,
04216,宮城県 富谷市,,city,13930.0,35909.0,47042.0,51651.0,51651.0,2020,270.7896625987078,43.838591996435426,51287.0,49407.0,46867.0,-9.262163365665721,10877.0,18376.0,68.94364254849683,2.7693186765346103,18.164997823247713,8491.0,31812.0,11144.0,21.575574529050744,17763.0,37.900868414876136,105.0,2024,-88.0,2023,,,
04301,宮城県 蔵王町,,city,13833.0,13545.0,12882.0,11418.0,11418.0,2020,-17.45825200607244,-15.703211517165006,9932.0,8448.0,6916.0,-39.42897179891399,3646.0,3909.0,7.213384530992872,2.840112560757227,23.356357124584292,1169.0,5864.0,4367.0,38.24662813102119,3639.0,52.617119722382874,-8.0,2024,-182.0,2023,,,
04302,宮城県 七ヶ宿町,,city,2926.0,2034.0,1694.0,1262.0,1262.0,2020,-56.86944634313056,-37.95476892822025,970.0,767.0,599.0,-52.53565768621235,654.0,521.0,-20.336391437308865,2.2840690978886755,36.46833013435701,90.0,589.0,583.0,46.19651347068146,298.0,49.74958263772955,25.0,2024,-28.0,2023,,,
04321,宮城県 大河原町,,city,19332.0,22767.0,23530.0,23571.0,23571.0,2020,21.92737430167597,3.531427065489523,22722.0,21528.0,19966.0,-15.294217470620675,7558.0,9510.0,25.826938343477114,2.4452155625657204,31.997896950578337,3029.0,13789.0,6520.0,27.661108989860423,7821.0,39.17159170590003,-43.0,2024,-159.0,2023,,,
04322,宮城県 村田町,,city,13370.0,13166.0,11995.0,10666.0,10666.0,2020,-20.224382946896036,-18.988303205225577,9053.0,7642.0,6200.0,-41.87136696043503,3486.0,3764.0,7.974756167527253,2.768065887353879,24.309245483528162,1080.0,5749.0,3784.0,35.47721732608288,3253.0,52.46774193548387,-92.0,2024,-122.0,2023,,,
04323,宮城県 柴田町,,city,32106.0,39485.0,39341.0,38271.0,38271.0,2020,19.20201831433377,-3.074585285551479,35795.0,32288.0,28553.0,-25.392594915209955,13226.0,15504.0,17.223650385604117,2.412280701754386,32.34004127966976,4368.0,22274.0,11032.0,28.82600402393457,11415.0,39.978285994466425,-175.0,2024,-277.0,2023,,,
04324,宮城県 川崎町,,city,10636.0,10872.0,9978.0,8345.0,8345.0,2020,-21.540052651372697,-23.243193524650472,7029.0,5776.0,4525.0,-45.775913720790896,2803.0,2958.0,5.52978951123797,2.740703177822853,23.056118999323868,731.0,4381.0,3210.0,38.46614739364889,2494.0,55.11602209944751,-52.0,2024,-140.0,2023,,,
04341,宮城県 丸森町,,city,20849.0,17868.0,15501.0,12262.0,12262.0,2020,-41.186627656002685,-31.37452428923214,9159.0,6921.0,4974.0,-59.43565486870005,4767.0,4419.0,-7.300188797986151,2.708531341932564,23.761031907671416,1061.0,5889.0,5293.0,43.16587832327516,3088.0,62.08283071974267,-100.0,2024,-240.0,2023,,,
04361,宮城県 亘理町,,city,27822.0,34770.0,34845.0,33087.0,33087.0,2020,18.92387319387534,-4.840379637618641,30840.0,27599.0,24117.0,-27.11034545289691,9741.0,12166.0,24.89477466379222,2.688887062304784,22.201216505013974,3790.0,18734.0,10389.0,31.39903889745217,10844.0,44.96413318406103,3.0,2024,-285.0,2023,,,
04362,宮城県 山元町,,city,17630.0,18537.0,16704.0,12046.0,12046.0,2020,-31.67328417470221,-35.01645357932783,10887.0,9395.0,7911.0,-34.32674746803919,5149.0,4533.0,-11.96348805593319,2.5744540039708803,26.494595190822857,1074.0,6013.0,4943.0,41.034368255022414,3889.0,49.159398306155985,32.0,2024,-166.0,2023,,,
04401,宮城県 松島町,,city,17246.0,17059.0,15085.0,13323.0,13323.0,2020,-22.74730372260234,-21.900463098657596,11398.0,9479.0,7674.0,-42.4003602792164,5278.0,5003.0,-5.210306934444864,2.6052368578852687,24.445332800319807,1221.0,6881.0,5215.0,39.14283569766569,4078.0,53.14047432890278,-5.0,2024,-211.0,2023,,,
04404,宮城県 七ヶ浜町,,city,16393.0,21131.0,20416.0,18132.0,18132.0,2020,10.608186421033361,-14.192418721309918,16045.0,13669.0,11250.0,-37.95499669093315,6128.0,6454.0,5.319843342036545,2.7888131391385187,18.825534552215682,1948.0,10511.0,5644.0,31.12728877123318,5499.0,48.88,-97.0,2024,-181.0,2023,,,
04406,宮城県 利府町,,city,11201.0,29848.0,33994.0,35182.0,35182.0,2020,214.09695562896172,17.870544090056285,34675.0,33057.0,30650.0,-12.881587175260078,8607.0,12526.0,45.532705937028005,2.7672840491777104,17.691202299217625,5045.0,21264.0,8649.0,24.583593883235746,11886.0,38.77977161500816,123.0,2024,-117.0,2023,,,
04421,宮城県 大和町,,city,18662.0,24410.0,24894.0,28786.0,28786.0,2020,54.24927660486549,17.927079065956587,28856.0,28283.0,26953.0,-6.367678732717296,6939.0,11398.0,64.25997982418217,2.446043165467626,36.39234953500614,4115.0,17601.0,6502.0,22.587368859862433,8562.0,31.766408192037993,17.0,2024,-92.0,2023,,,
04422,宮城県 大郷町,,city,10172.0,9768.0,8927.0,7813.0,7813.0,2020,-23.191112858828156,-20.014332514332512,6602.0,5437.0,4278.0,-45.24510431332395,2286.0,2478.0,8.398950131233596,3.0552865213882163,19.814366424535915,863.0,3926.0,3017.0,38.61512863176756,2310.0,53.99719495091164,-79.0,2024,-131.0,2023,,,
04424,宮城県 大衡村,,city,5200.0,5992.0,5334.0,5849.0,5849.0,2020,12.48076923076924,-2.3865153538050743,5910.0,5862.0,5697.0,-2.598734826466065,1593.0,1875.0,17.702448210922796,3.050666666666667,22.133333333333333,871.0,3263.0,1709.0,29.218669858095403,1922.0,33.73705459013516,29.0,2024,-56.0,2023,,,
04444,宮城県 色麻町,,city,8865.0,8162.0,7431.0,6698.0,6698.0,2020,-24.444444444444446,-17.936780200931146,5762.0,4879.0,3954.0,-40.96745297103613,1920.0,1960.0,2.083333333333326,3.283673469387755,16.53061224489796,783.0,3560.0,2343.0,34.98059122126008,1908.0,48.25493171471928,-89.0,2024,-86.0,2023,,,
04445,宮城県 加美町,,city,30996.0,28330.0,25527.0,21943.0,21943.0,2020,-29.206994450896893,-22.545005294740562,18317.0,14956.0,11808.0,-46.187850339516025,7593.0,7631.0,0.500460950875814,2.8456296684576072,23.299698597824662,2327.0,11468.0,8137.0,37.08244086952559,5821.0,49.29708672086721,-135.0,2024,-292.0,2023,,,
04501,宮城県 涌谷町,,city,21319.0,19313.0,17494.0,15388.0,15388.0,2020,-27.820254233313,-20.323098431108576,12451.0,10120.0,7895.0,-48.693787366779304,5509.0,5430.0,-1.4340170629878357,2.749171270718232,23.499079189686924,1471.0,8091.0,5796.0,37.66571354302054,4173.0,52.85623812539582,-149.0,2024,-225.0,2023,,,
04505,宮城県 美里町,,city,28152.0,27395.0,25190.0,23994.0,23994.0,2020,-14.76982097186701,-12.414674210622378,21292.0,18554.0,15734.0,-34.425272984912894,7854.0,8532.0,8.632543926661572,2.738162212845757,22.761368963900612,2628.0,12743.0,8547.0,35.621405351337835,7443.0,47.30519893224863,-30.0,2024,-304.0,2023,,,
04581,宮城県 女川町,,city,16105.0,11814.0,10051.0,6430.0,6430.0,2020,-60.07451102142192,-45.57304892500424,5102.0,3972.0,3062.0,-52.379471228615856,4284.0,3135.0,-26.82072829131653,1.9751196172248804,48.229665071770334,521.0,3554.0,2333.0,36.28304821150856,1228.0,40.104506858262575,-49.0,2024,-74.0,2023,,,
04606,宮城県 南三陸町,,city,22243.0,19860.0,17429.0,12225.0,12225.0,2020,-45.03888863912242,-38.44410876132931,9438.0,7114.0,5095.0,-58.32310838445808,5353.0,4273.0,-20.175602465906973,2.7818862625789844,25.555815586239177,1124.0,6387.0,4707.0,38.50306748466258,2854.0,56.015701668302256,-103.0,2024,-138.0,2023,,,
05201,秋田県 秋田市,,city,304823.0,336646.0,323600.0,307672.0,307672.0,2020,0.9346407587353944,-8.606666943911412,281852.0,252336.0,220767.0,-28.245989235289525,127911.0,136634.0,6.819585493038138,2.1770862303672587,36.2837946631146,32809.0,172755.0,95949.0,31.185483241893962,97141.0,44.001594441198186,-633.0,2024,-2940.0,2023,,,
05202,秋田県 能代市,,city,76028.0,65237.0,59084.0,49968.0,49968.0,2020,-34.2768453727574,-23.405429434216774,40253.0,32200.0,24973.0,-50.02201408901696,22714.0,21076.0,-7.211411464295148,2.2718732207249954,32.52040235338774,4231.0,24953.0,20765.0,41.55659622158181,14048.0,56.252752973211074,-167.0,2024,-903.0,2023,,,
05203,秋田県 横手市,,city,120479.0,109004.0,98367.0,85555.0,85555.0,2020,-28.987624399272903,-21.512054603500786,72129.0,59708.0,47878.0,-44.03833791128514,31516.0,31013.0,-1.5960147226805388,2.671911778931416,24.347854125689228,8532.0,43422.0,33401.0,39.04038337911285,24572.0,51.32211036384143,-349.0,2024,-1394.0,2023,,,
05204,秋田県 大館市,,city,95529.0,86288.0,78946.0,69237.0,69237.0,2020,-27.52253242470872,-19.76056925644354,58675.0,48851.0,39696.0,-42.66649334893194,28599.0,27959.0,-2.237840483933007,2.3946135412568403,31.00611609857291,6479.0,35272.0,26998.0,38.99360168695928,19892.0,50.11084240225715,-305.0,2024,-1131.0,2023,,,
05206,秋田県 男鹿市,,city,47829.0,38130.0,32294.0,25154.0,25154.0,2020,-47.40847602918732,-34.030946761080514,18976.0,13776.0,9456.0,-62.40756937266438,12090.0,10447.0,-13.589743589743586,2.2841964200248874,29.66401837848186,1723.0,11474.0,11809.0,46.94680766478492,6317.0,66.80414551607446,-105.0,2024,-561.0,2023,,,
05207,秋田県 湯沢市,,city,65532.0,58504.0,50849.0,42091.0,42091.0,2020,-35.7703106879082,-28.054492000546972,33505.0,26164.0,19552.0,-53.548264474590766,17441.0,15620.0,-10.440915085144198,2.6033290653008963,25.249679897567223,3613.0,21485.0,16926.0,40.212872110427405,11682.0,59.74836333878887,-278.0,2024,-695.0,2023,,,
05209,秋田県 鹿角市,,city,45615.0,39144.0,34473.0,29088.0,29088.0,2020,-36.231502795133174,-25.689760882893932,23101.0,18305.0,14230.0,-51.07948294829483,12280.0,10932.0,-10.977198697068403,2.554061470911087,28.723015001829495,2877.0,14259.0,11843.0,40.71438393839384,7853.0,55.186226282501764,-165.0,2024,-537.0,2023,,,
05210,秋田県 由利本荘市,,city,95748.0,92843.0,85229.0,74707.0,74707.0,2020,-21.975393741905837,-19.53405210947513,63391.0,52614.0,42387.0,-43.26234489405276,27757.0,28251.0,1.779731238966753,2.537892463983576,29.74761955329015,7467.0,38918.0,27783.0,37.189286144537995,21229.0,50.083752093802346,-243.0,2024,-988.0,2023,,,
05211,秋田県 潟上市,,city,32895.0,35711.0,34442.0,31720.0,31720.0,2020,-3.571971424228604,-11.175828176192216,28096.0,23786.0,19363.0,-38.95649432534678,11271.0,12250.0,8.686008339987584,2.4939591836734696,25.36326530612245,3272.0,17095.0,11218.0,35.365699873896595,9915.0,51.20590817538605,14.0,2024,-361.0,2023,,,
05212,秋田県 大仙市,,city,106428.0,98326.0,88301.0,77657.0,77657.0,2020,-27.033299507648366,-21.020889693468668,65863.0,54810.0,44243.0,-43.0276729721725,28578.0,28275.0,-1.0602561410875455,2.656233421750663,25.25906277630415,7611.0,39751.0,29871.0,38.46530254838585,22337.0,50.487082702348395,-229.0,2024,-1235.0,2023,,,
05213,秋田県 北秋田市,,city,51210.0,42050.0,36387.0,30198.0,30198.0,2020,-41.031048623315755,-28.185493460166466,24024.0,18592.0,13934.0,-53.857871382210746,13551.0,11727.0,-13.460261235333181,2.410932037179159,30.0162019271766,2437.0,14260.0,13438.0,44.49963573746606,7888.0,56.60973159178987,-135.0,2024,-669.0,2023,,,
05214,秋田県 にかほ市,,city,31428.0,30347.0,27544.0,23435.0,23435.0,2020,-25.43273514063892,-22.776551224173723,19453.0,15689.0,12265.0,-47.663750800085346,9004.0,8613.0,-4.342514438027544,2.629977940322768,24.613955648438406,2244.0,12041.0,9140.0,39.00149349263921,6620.0,53.97472482674276,-12.0,2024,-355.0,2023,,,
05215,秋田県 仙北市,,city,39098.0,33565.0,29568.0,24610.0,24610.0,2020,-37.05560386720549,-26.67957694026516,19236.0,14970.0,11201.0,-54.48598130841121,10367.0,9220.0,-11.063952927558596,2.5829718004338393,27.603036876355745,2135.0,11845.0,10533.0,42.799674928890695,6544.0,58.423355057584146,-166.0,2024,-429.0,2023,,,
05303,秋田県 小坂町,,city,10526.0,7171.0,6054.0,4780.0,4780.0,2020,-54.58863765912978,-33.34263003765165,3694.0,2790.0,2059.0,-56.92468619246862,2566.0,2029.0,-20.92751363990647,2.2267126663380976,34.647609659931,354.0,2281.0,2145.0,44.8744769874477,1211.0,58.81495871782418,-32.0,2024,-113.0,2023,,,
05327,秋田県 上小阿仁村,,city,4352.0,3369.0,2727.0,2063.0,2063.0,2020,-52.59650735294117,-38.76521222914812,1515.0,1101.0,760.0,-63.16044595249637,1097.0,825.0,-24.79489516864175,2.263030303030303,31.636363636363633,117.0,839.0,1107.0,53.6597188560349,502.0,66.05263157894737,-8.0,2024,-73.0,2023,,,
05346,秋田県 藤里町,,city,5837.0,4708.0,3848.0,2896.0,2896.0,2020,-50.385471989035466,-38.48768054375531,2141.0,1541.0,1064.0,-63.25966850828729,1435.0,1117.0,-22.1602787456446,2.4735899731423454,27.57385854968666,200.0,1283.0,1413.0,48.7914364640884,700.0,65.78947368421053,-12.0,2024,-59.0,2023,,,
05348,秋田県 三種町,,city,26089.0,22112.0,18876.0,15254.0,15254.0,2020,-41.53091341178274,-31.014833574529664,11768.0,8824.0,6284.0,-58.80424806608102,6435.0,5707.0,-11.313131313131308,2.5289994743297703,25.249693359032765,1167.0,7151.0,6935.0,45.46348498754425,4091.0,65.10184595798854,-91.0,2024,-338.0,2023,,,
05349,秋田県 八峰町,,city,11638.0,9698.0,8220.0,6577.0,6577.0,2020,-43.486853411239046,-32.18189317385027,5152.0,3917.0,2831.0,-56.956058993462065,2993.0,2605.0,-12.963581690611425,2.438771593090211,27.83109404990403,442.0,3098.0,3036.0,46.16086361563023,1746.0,61.67432002825856,-58.0,2024,-143.0,2023,,,
05361,秋田県 五城目町,,city,15953.0,12372.0,10516.0,8538.0,8538.0,2020,-46.48028583965398,-30.98933074684772,6660.0,4958.0,3571.0,-58.175216678379016,3878.0,3336.0,-13.976276431150081,2.4526378896882495,27.697841726618705,596.0,3896.0,4038.0,47.294448348559385,2218.0,62.111453374404924,-75.0,2024,-168.0,2023,,,
05363,秋田県 八郎潟町,,city,8228.0,7533.0,6623.0,5583.0,5583.0,2020,-32.14632960622266,-25.88610115491836,4474.0,3463.0,2548.0,-54.36145441518896,2320.0,2134.0,-8.017241379310347,2.4873477038425493,25.585754451733834,423.0,2678.0,2477.0,44.36682787032062,1575.0,61.81318681318682,-3.0,2024,-107.0,2023,,,
05366,秋田県 井川町,,city,6380.0,6116.0,5493.0,4566.0,4566.0,2020,-28.43260188087774,-25.343361674296926,3674.0,2884.0,2151.0,-52.890932982917214,1591.0,1523.0,-4.2740414833438045,2.797767564018385,19.960604070912673,332.0,2231.0,1977.0,43.29829172141918,1321.0,61.41329614132961,-59.0,2024,-80.0,2023,,,
05368,秋田県 大潟村,,city,3334.0,3323.0,3218.0,3011.0,3011.0,2020,-9.6880623875225,-9.389106229310862,2555.0,2128.0,1772.0,-41.14911989372302,762.0,835.0,9.580052493438318,3.251497005988024,17.964071856287426,350.0,1686.0,954.0,31.68382597143806,834.0,47.065462753950335,-4.0,2024,-44.0,2023,,,
05434,秋田県 美郷町,,city,26356.0,24207.0,21674.0,18613.0,18613.0,2020,-29.37850963727424,-23.109018052629406,15027.0,12077.0,9336.0,-49.841508623005424,6283.0,5965.0,-5.061276460289665,3.0087175188600166,17.954735959765298,1770.0,9474.0,7367.0,39.579863536238115,5115.0,54.78791773778921,-68.0,2024,-289.0,2023,,,
05463,秋田県 羽後町,,city,21399.0,19485.0,16792.0,13825.0,13825.0,2020,-35.39417729800458,-29.047985629971773,11226.0,8884.0,6704.0,-51.50813743218807,5106.0,4648.0,-8.969839404622014,2.903829604130809,19.384681583476766,1286.0,7085.0,5437.0,39.32730560578662,3719.0,55.47434367541766,-93.0,2024,-246.0,2023,,,
05464,秋田県 東成瀬村,,city,4011.0,3390.0,2872.0,2704.0,2704.0,2020,-32.58539017701322,-20.235988200589972,2271.0,1832.0,1404.0,-48.07692307692307,879.0,790.0,-10.125142207053472,2.867088607594937,20.759493670886076,206.0,1455.0,1008.0,37.278106508875744,830.0,59.11680911680912,-6.0,2024,-48.0,2023,,,
06201,山形県 山形市,,city,237041.0,255369.0,254244.0,247590.0,247590.0,2020,4.450284971798135,-3.046180233309448,233788.0,217457.0,198986.0,-19.63084131023062,89854.0,102101.0,13.629888485765807,2.3548643010352492,34.80671100185111,29120.0,140796.0,72341.0,29.21806211882548,78789.0,39.59524790688792,-457.0,2024,-1845.0,2023,,,
06202,山形県 米沢市,,city,92823.0,95396.0,89401.0,81252.0,81252.0,2020,-12.465660450534887,-14.826617468237657,71907.0,62506.0,53112.0,-34.63299364938709,32522.0,33013.0,1.509747248016735,2.3847878108623877,37.17626389604095,8881.0,46225.0,25259.0,31.087234775759363,23051.0,43.40073806296129,-561.0,2024,-859.0,2023,,,
06203,山形県 鶴岡市,,city,153330.0,147546.0,136623.0,122347.0,122347.0,2020,-20.20674362486141,-17.07874154500969,106703.0,91644.0,76968.0,-37.09040679379143,44276.0,45487.0,2.7351160899810267,2.607536219139534,29.234726405346585,13441.0,65098.0,43003.0,35.14838941698611,35618.0,46.27637459723522,-495.0,2024,-1473.0,2023,,,
06204,山形県 酒田市,,city,125622.0,121614.0,111151.0,100273.0,100273.0,2020,-20.178790339271778,-17.54814412814314,86969.0,73766.0,60768.0,-39.39744497521765,39031.0,39263.0,0.5943993236145584,2.4756131727071287,30.30079209433818,10305.0,53031.0,36091.0,35.99273982029061,29651.0,48.79377303844129,-445.0,2024,-1436.0,2023,,,
06205,山形県 新庄市,,city,42911.0,42151.0,38850.0,34432.0,34432.0,2020,-19.759502225536572,-18.312732794002518,28669.0,24071.0,19662.0,-42.89614312267658,13001.0,12782.0,-1.684485808783942,2.5855108746675013,29.666718823345327,3863.0,18944.0,11370.0,33.02160780669145,9773.0,49.70501474926254,-132.0,2024,-403.0,2023,,,
06206,山形県 寒河江市,,city,41048.0,43379.0,42373.0,40189.0,40189.0,2020,-2.0926719937633953,-7.353788699601194,36572.0,32888.0,29014.0,-27.806116101420784,11718.0,13627.0,16.29117596859533,2.8874293681661407,21.237249578043592,5040.0,22051.0,12859.0,31.996317400283658,11901.0,41.01812917901702,-97.0,2024,-268.0,2023,,,
06207,山形県 上山市,,city,38533.0,36886.0,33836.0,29110.0,29110.0,2020,-24.45436379207433,-21.081169007211408,24311.0,19761.0,15550.0,-46.581930608038476,10656.0,10509.0,-1.379504504504503,2.6781806070986773,23.646398325245027,2712.0,14828.0,11386.0,39.11370663002405,8173.0,52.559485530546624,-119.0,2024,-399.0,2023,,,
06208,山形県 村山市,,city,32324.0,29586.0,26811.0,22516.0,22516.0,2020,-30.342779358990224,-23.896437504224977,18193.0,14733.0,11556.0,-48.676496713448216,7754.0,7570.0,-2.372968790301777,2.920871862615588,19.88110964332893,2193.0,11389.0,8903.0,39.54077100728371,6081.0,52.62201453790239,-121.0,2024,-346.0,2023,,,
06209,山形県 長井市,,city,33286.0,31987.0,29473.0,26543.0,26543.0,2020,-20.257766027759416,-17.01941413699315,23140.0,20005.0,16881.0,-36.40131108013412,9328.0,9436.0,1.1578044596912473,2.6993429419245443,27.077151335311573,2897.0,13989.0,9449.0,35.59883961873187,7533.0,44.624133641371955,-116.0,2024,-363.0,2023,,,
06210,山形県 天童市,,city,52597.0,63231.0,62214.0,62140.0,62140.0,2020,18.143620358575575,-1.72541949360282,58466.0,54048.0,49037.0,-21.086256839394913,19049.0,22542.0,18.336920573258443,2.6914648212226067,25.197409280454263,8060.0,35110.0,18761.0,30.191503057611847,19606.0,39.98205436711055,4.0,2024,-420.0,2023,,,
06211,山形県 東根市,,city,40559.0,44800.0,46414.0,47682.0,47682.0,2020,17.562070070761116,6.433035714285706,46250.0,44382.0,41769.0,-12.40090600226501,12524.0,16522.0,31.922708399872235,2.7662510591938023,24.615663963200582,6548.0,27344.0,13441.0,28.18883436097479,15492.0,37.089707677942975,56.0,2024,-309.0,2023,,,
06212,山形県 尾花沢市,,city,25231.0,22010.0,18955.0,14971.0,14971.0,2020,-40.664262217113865,-31.98091776465243,11344.0,8565.0,6207.0,-58.539843697815776,5555.0,4871.0,-12.313231323132312,2.9614042291110656,19.380004105933075,1459.0,7278.0,6232.0,41.627145815242805,3598.0,57.96681166425004,-202.0,2024,-237.0,2023,,,
06213,山形県 南陽市,,city,36682.0,36191.0,33658.0,30420.0,30420.0,2020,-17.071043018374134,-15.94595341383217,26419.0,22851.0,19390.0,-36.259040105193954,10375.0,10720.0,3.3253012048192865,2.7536380597014927,23.582089552238806,3516.0,16493.0,10339.0,33.987508218277455,8614.0,44.42496132026818,-76.0,2024,-355.0,2023,,,
06301,山形県 山辺町,,city,14281.0,15512.0,15139.0,13725.0,13725.0,2020,-3.893284783978712,-11.520113460546677,12148.0,10582.0,8978.0,-34.58652094717668,4091.0,4544.0,11.073087264727445,2.945862676056338,15.492957746478872,1626.0,7372.0,4715.0,34.353369763205826,4187.0,46.63622187569615,-74.0,2024,-137.0,2023,,,
06302,山形県 中山町,,city,11624.0,12573.0,12015.0,10746.0,10746.0,2020,-7.553337921541637,-14.531138153185397,9267.0,7835.0,6417.0,-40.28475711892797,3242.0,3511.0,8.297347316471315,3.021361435488465,14.782113358017659,1132.0,5779.0,3835.0,35.68769774799925,3187.0,49.66495247000156,-11.0,2024,-118.0,2023,,,
06321,山形県 河北町,,city,21880.0,21476.0,19959.0,17641.0,17641.0,2020,-19.373857404021933,-17.85714285714286,15188.0,12893.0,10671.0,-39.51023184626722,5538.0,5914.0,6.789454676778628,2.8926276631721337,20.071017923571187,1908.0,9078.0,6639.0,37.633920979536306,5205.0,48.777059319651386,13.0,2024,-232.0,2023,,,
06322,山形県 西川町,,city,9473.0,7452.0,6270.0,4956.0,4956.0,2020,-47.68288820859284,-33.494363929146544,3735.0,2789.0,1987.0,-59.90718321226795,1984.0,1683.0,-15.171370967741938,2.8805704099821745,18.954248366013072,425.0,2265.0,2262.0,45.64164648910412,1193.0,60.04026170105688,-19.0,2024,-103.0,2023,,,
06323,山形県 朝日町,,city,11109.0,9337.0,7856.0,6366.0,6366.0,2020,-42.69511207129355,-31.81964228338867,4983.0,3847.0,2835.0,-55.4665409990575,2415.0,2135.0,-11.594202898550721,2.871662763466042,20.0,561.0,2976.0,2828.0,44.42349984291549,1621.0,57.17813051146384,-62.0,2024,-153.0,2023,,,
06324,山形県 大江町,,city,11374.0,10477.0,9227.0,7646.0,7646.0,2020,-32.77650782486372,-27.021093824568098,6325.0,5165.0,4059.0,-46.91341878106199,2677.0,2529.0,-5.528576765035487,2.89640173981811,20.086990905496243,761.0,3850.0,3035.0,39.69395762490191,2095.0,51.61369795516138,-81.0,2024,-142.0,2023,,,
06341,山形県 大石田町,,city,10685.0,9400.0,8160.0,6577.0,6577.0,2020,-38.44642021525503,-30.031914893617017,5244.0,4108.0,3082.0,-53.13972935989053,2341.0,2080.0,-11.149081589064503,3.0620192307692307,19.038461538461537,603.0,3342.0,2632.0,40.01824540063859,1693.0,54.93186242699546,-41.0,2024,-113.0,2023,,,
06361,山形県 金山町,,city,8037.0,7381.0,6365.0,5071.0,5071.0,2020,-36.9043175314172,-31.296572280178836,4027.0,3132.0,2317.0,-54.308814829422204,1740.0,1569.0,-9.827586206896555,3.1759082217973233,17.27214786488209,547.0,2646.0,1878.0,37.034115559061334,1249.0,53.90591281829953,-47.0,2024,-88.0,2023,,,
06362,山形県 最上町,,city,13190.0,11483.0,9847.0,8080.0,8080.0,2020,-38.74147081122062,-29.635112775407123,6490.0,5096.0,3830.0,-52.599009900990104,2856.0,2577.0,-9.76890756302521,3.029103608847497,18.354675979821497,838.0,3982.0,3260.0,40.34653465346535,2102.0,54.882506527415146,-70.0,2024,-133.0,2023,,,
06363,山形県 舟形町,,city,8028.0,6996.0,6164.0,5007.0,5007.0,2020,-37.63079222720478,-28.43053173241853,4012.0,3208.0,2436.0,-51.348112642300784,1710.0,1574.0,-7.953216374269001,2.9930114358322744,17.598475222363405,483.0,2421.0,2103.0,42.001198322348706,1414.0,58.04597701149425,8.0,2024,-103.0,2023,,,
06364,山形県 真室川町,,city,12888.0,10592.0,9165.0,7203.0,7203.0,2020,-44.11080074487895,-31.99584592145015,5626.0,4316.0,3176.0,-55.90726086352908,2808.0,2310.0,-17.73504273504274,2.979220779220779,19.826839826839826,689.0,3508.0,3006.0,41.732611411911705,1790.0,56.36020151133502,-33.0,2024,-138.0,2023,,,
06365,山形県 大蔵村,,city,5301.0,4528.0,3762.0,3028.0,3028.0,2020,-42.87870213167327,-33.12720848056537,2365.0,1821.0,1346.0,-55.548216644649926,1087.0,944.0,-13.155473781048755,3.1197033898305087,18.326271186440678,335.0,1505.0,1188.0,39.233817701453106,749.0,55.64635958395245,-32.0,2024,-53.0,2023,,,
06366,山形県 鮭川村,,city,6645.0,5829.0,4862.0,3902.0,3902.0,2020,-41.279157261098575,-33.05884371247212,3125.0,2417.0,1776.0,-54.48487954894925,1328.0,1191.0,-10.316265060240958,3.195633921074727,16.624685138539043,380.0,1942.0,1580.0,40.492055356227574,1010.0,56.86936936936937,-51.0,2024,-57.0,2023,,,
06367,山形県 戸沢村,,city,7601.0,6450.0,5304.0,4199.0,4199.0,2020,-44.75726878042363,-34.899224806201545,3310.0,2540.0,1848.0,-55.98952131459871,1520.0,1350.0,-11.184210526315786,2.968888888888889,21.037037037037038,367.0,2128.0,1704.0,40.5810907358895,1101.0,59.577922077922075,-58.0,2024,-75.0,2023,,,
06381,山形県 高畠町,,city,27440.0,26807.0,25025.0,22463.0,22463.0,2020,-18.13775510204082,-16.20472264706979,19257.0,16549.0,13826.0,-38.44989538351956,7085.0,7346.0,3.683839096683128,3.0035393411380342,19.56166621290498,2709.0,12134.0,7597.0,33.82005965365267,6436.0,46.54997830175033,-118.0,2024,-234.0,2023,,,
06382,山形県 川西町,,city,22423.0,19688.0,17313.0,14558.0,14558.0,2020,-35.07559202604469,-26.05648110524177,11636.0,9253.0,7107.0,-51.181480972661085,4773.0,4434.0,-7.102451288497802,3.1170500676589987,17.952187640956247,1497.0,7370.0,5682.0,39.030086550350326,3728.0,52.45532573519066,-73.0,2024,-198.0,2023,,,
06401,山形県 小国町,,city,12221.0,10262.0,8862.0,7107.0,7107.0,2020,-41.84600278209639,-30.7444942506334,5591.0,4345.0,3298.0,-53.595047136625865,3146.0,2798.0,-11.061665607120153,2.454253037884203,30.950679056468903,688.0,3527.0,2882.0,40.551568875756296,1692.0,51.30382049727107,-64.0,2024,-121.0,2023,,,
06402,山形県 白鷹町,,city,18821.0,17149.0,15314.0,12890.0,12890.0,2020,-31.51267201530206,-24.835267362528423,10489.0,8490.0,6660.0,-48.33204034134988,4530.0,4371.0,-3.5099337748344395,2.872340425531915,21.322351864561888,1382.0,6515.0,4990.0,38.712179984484095,3515.0,52.77777777777778,-76.0,2024,-203.0,2023,,,
06403,山形県 飯豊町,,city,10220.0,9204.0,7943.0,6613.0,6613.0,2020,-35.29354207436399,-28.15080399826162,5435.0,4422.0,3508.0,-46.95297141993044,2329.0,2117.0,-9.102619149849723,3.0255077940481816,19.508738781294284,755.0,3300.0,2555.0,38.636019960683505,1697.0,48.37514253135689,-78.0,2024,-104.0,2023,,,
06426,山形県 三川町,,city,8479.0,7879.0,7731.0,7601.0,7601.0,2020,-10.354994692770369,-3.528366543977657,7074.0,6503.0,5848.0,-23.062754900670967,1987.0,2319.0,16.708605938600908,3.0646830530401035,19.663648124191464,994.0,3929.0,2664.0,35.04801999736877,2389.0,40.8515731874145,12.0,2024,-69.0,2023,,,
06428,山形県 庄内町,,city,27798.0,25489.0,23158.0,20151.0,20151.0,2020,-27.509173321821713,-20.942367295696187,16598.0,13590.0,10773.0,-46.53863331844573,6638.0,6636.0,-0.030129557095515125,2.962326702833032,19.86136226642556,2161.0,10362.0,7578.0,37.606074140241184,5363.0,49.78186206256382,-84.0,2024,-276.0,2023,,,
06461,山形県 遊佐町,,city,20412.0,18037.0,15480.0,13032.0,13032.0,2020,-36.155202821869494,-27.748516937406443,10466.0,8198.0,6160.0,-52.731737262124,4751.0,4417.0,-7.0300989265417835,2.8340502603577087,20.896536110482227,1210.0,6312.0,5507.0,42.257519950890114,3515.0,57.06168831168831,-76.0,2024,-261.0,2023,,,
07201,福島県 福島市,,city,270487.0,297894.0,292590.0,282693.0,282693.0,2020,4.5126013449814595,-5.102821809099877,262398.0,237323.0,209049.0,-26.050874977449034,105927.0,121655.0,14.847961331860615,2.2600468538078995,36.71365747400436,31136.0,160024.0,84304.0,29.82175009639432,91024.0,43.541944711526966,-949.0,2024,-2379.0,2023,,,
07202,福島県 会津若松市,,city,130883.0,135415.0,126220.0,117376.0,117376.0,2020,-10.319904036429485,-13.321271646420263,103057.0,89668.0,76262.0,-35.02760359869138,47568.0,48876.0,2.7497477295660877,2.3395531549226614,35.43661510761928,13716.0,65104.0,36307.0,30.93221782988004,33558.0,44.00356665180562,-490.0,2024,-1141.0,2023,,,
07203,福島県 郡山市,,city,286451.0,334824.0,338712.0,327692.0,327692.0,2020,14.397226750823,-2.130074307695984,309854.0,285511.0,256083.0,-21.852532255898826,119986.0,140176.0,16.826963145700336,2.2901566601986074,36.89575961648214,39177.0,193417.0,86479.0,26.39032994397178,104792.0,40.921107609642185,-722.0,2024,-1979.0,2023,,,
07204,福島県 いわき市,,city,342074.0,360138.0,342249.0,332931.0,332931.0,2020,-2.6728134848015395,-7.55460406844043,,,,,123662.0,141074.0,14.080315699244705,2.3054354452273276,34.53861094177524,37979.0,184720.0,102319.0,30.73279448294091,,,-973.0,2024,-3070.0,2023,,,
07205,福島県 白河市,,city,60253.0,66048.0,64704.0,59491.0,59491.0,2020,-1.2646673194695701,-9.927628391472865,53105.0,46926.0,40370.0,-32.14099611705973,21252.0,23728.0,11.650668172407297,2.47521915037087,32.392110586648684,6995.0,34109.0,17546.0,29.49353683750483,17880.0,44.290314590042115,-328.0,2024,-516.0,2023,,,
07207,福島県 須賀川市,,city,69553.0,79409.0,79267.0,74992.0,74992.0,2020,7.81993587623826,-5.562341800047854,69149.0,62039.0,53951.0,-28.057659483678254,23140.0,27081.0,17.031114952463277,2.7197666260477824,25.287101657989,9537.0,43226.0,21188.0,28.25368039257521,22566.0,41.82684287594299,-450.0,2024,-616.0,2023,,,
07208,福島県 喜多方市,,city,60456.0,58571.0,52356.0,44760.0,44760.0,2020,-25.962683604604997,-23.57992863362415,37507.0,30981.0,24846.0,-44.49061662198391,17248.0,16016.0,-7.14285714285714,2.6815684315684316,26.130119880119878,4905.0,23375.0,16479.0,36.81635388739946,12408.0,49.93962810915238,-178.0,2024,-686.0,2023,,,
07209,福島県 相馬市,,city,38332.0,38842.0,37817.0,34865.0,34865.0,2020,-9.044662423040805,-10.238916636630446,,,,,12015.0,13859.0,15.347482313774453,2.4901508045313516,33.660437260985645,4215.0,19325.0,10792.0,30.953678474114444,,,-240.0,2024,-313.0,2023,,,
07210,福島県 二本松市,,city,66709.0,66077.0,59871.0,53557.0,53557.0,2020,-19.71548066977469,-18.947591446342905,46509.0,39230.0,31803.0,-40.61840655749948,18206.0,19359.0,6.333077007579924,2.719045405237874,25.316390309416807,5760.0,29073.0,18406.0,34.36712287842859,15704.0,49.37898940351539,-275.0,2024,-700.0,2023,,,
07211,福島県 田村市,,city,48932.0,45052.0,40422.0,35169.0,35169.0,2020,-28.12678819586365,-21.93687294681701,28446.0,23115.0,18087.0,-48.571184850294294,11798.0,12130.0,2.8140362773351413,2.8296784830997526,24.954657873042045,3626.0,18763.0,12609.0,35.85259745798857,9592.0,53.03256482556532,-128.0,2024,-490.0,2023,,,
07212,福島県 南相馬市,,city,74296.0,75246.0,70878.0,59005.0,59005.0,2020,-20.581188758479595,-21.58387156792387,,,,,22431.0,25177.0,12.24198653648967,2.2633753028557813,39.17067164475513,5099.0,30626.0,20796.0,35.244470807558685,,,-185.0,2024,-682.0,2023,,,
07213,福島県 伊達市,,city,74186.0,71817.0,66027.0,58240.0,58240.0,2020,-21.494621626722022,-18.904994639152296,49970.0,41665.0,33578.0,-42.34546703296703,20349.0,21127.0,3.8232836994446906,2.6990580773417903,22.672409712689923,5961.0,31100.0,21008.0,36.07142857142857,16777.0,49.96426231461076,-131.0,2024,-756.0,2023,,,
07214,福島県 本宮市,,city,27732.0,31541.0,31489.0,30236.0,30236.0,2020,9.029280253858364,-4.137471862020858,28216.0,25714.0,22760.0,-24.725492790051597,8675.0,10557.0,21.694524495677236,2.8053424268258027,24.533484891541157,3881.0,17765.0,8579.0,28.373462098161134,9737.0,42.78119507908612,88.0,2024,-210.0,2023,,,
07301,福島県 桑折町,,city,14901.0,13700.0,12853.0,11459.0,11459.0,2020,-23.099120864371514,-16.357664233576642,9877.0,8320.0,6783.0,-40.80635308491143,3899.0,4181.0,7.232623749679412,2.6618033963166705,24.252571155226022,1200.0,5895.0,4347.0,37.935247403787415,3501.0,51.61432994250331,45.0,2024,-199.0,2023,,,
07303,福島県 国見町,,city,12050.0,11198.0,10086.0,8639.0,8639.0,2020,-28.307053941908713,-22.85229505268798,7037.0,5533.0,4185.0,-51.556893158930436,3138.0,3119.0,-0.6054811982154185,2.7226675216415517,21.481243988457837,727.0,4268.0,3642.0,42.15765713624262,2344.0,56.00955794504182,8.0,2024,-149.0,2023,,,
07308,福島県 川俣町,,city,21099.0,17751.0,15569.0,12170.0,12170.0,2020,-42.31954121048391,-31.44048222635345,9430.0,7112.0,5072.0,-58.32374691865243,5302.0,4771.0,-10.015088645794034,2.4824984280025153,28.9457136868581,940.0,6005.0,5096.0,41.873459326212,3064.0,60.41009463722398,-54.0,2024,-193.0,2023,,,
07322,福島県 大玉村,,city,7837.0,8407.0,8574.0,8900.0,8900.0,2020,13.563863723363534,5.864160818365649,8841.0,8495.0,7970.0,-10.449438202247197,1964.0,2871.0,46.18126272912424,3.0644374782305817,18.53012887495646,1322.0,5095.0,2455.0,27.584269662921347,2935.0,36.82559598494354,90.0,2024,-32.0,2023,,,
07342,福島県 鏡石町,,city,11437.0,12743.0,12815.0,12318.0,12318.0,2020,7.703068986622363,-3.3351644039865014,11499.0,10494.0,9333.0,-24.23283000487092,3632.0,4372.0,20.374449339207047,2.7744739249771273,23.58188472095151,1684.0,7187.0,3441.0,27.934729663906477,3680.0,39.42997964213008,30.0,2024,-100.0,2023,,,
07344,福島県 天栄村,,city,6820.0,6889.0,6291.0,5194.0,5194.0,2020,-23.841642228739,-24.604441863840908,4374.0,3589.0,2829.0,-45.53330766268772,1626.0,1669.0,2.64452644526445,3.0533253445176753,21.749550629119234,530.0,2748.0,1916.0,36.88871775125144,1457.0,51.502297631671965,-42.0,2024,-72.0,2023,,,
07362,福島県 下郷町,,city,10025.0,7579.0,6461.0,5264.0,5264.0,2020,-47.49127182044888,-30.544926771341864,4092.0,3153.0,2331.0,-55.718085106382986,2222.0,1948.0,-12.331233123312336,2.6232032854209444,26.180698151950722,476.0,2428.0,2360.0,44.83282674772037,1416.0,60.74646074646075,-89.0,2024,-117.0,2023,,,
07364,福島県 檜枝岐村,,city,765.0,757.0,636.0,504.0,504.0,2020,-34.11764705882353,-33.4214002642008,396.0,327.0,279.0,-44.64285714285714,278.0,227.0,-18.345323741007192,2.2158590308370045,32.59911894273127,58.0,252.0,194.0,38.492063492063494,130.0,46.59498207885305,-14.0,2024,-9.0,2023,,,
07367,福島県 只見町,,city,7271.0,5557.0,4932.0,4044.0,4044.0,2020,-44.38179067528538,-27.22692100053986,3228.0,2601.0,2084.0,-48.46686449060337,1929.0,1628.0,-15.603939865215132,2.38022113022113,32.73955773955774,353.0,1783.0,1907.0,47.15628090999011,1029.0,49.37619961612284,-45.0,2024,-92.0,2023,,,
07368,福島県 南会津町,,city,24119.0,21095.0,17864.0,14451.0,14451.0,2020,-40.084580621087106,-31.495615074662243,11126.0,8559.0,6369.0,-55.92692547228566,6892.0,5879.0,-14.698200812536278,2.3903725123320294,31.723082156829392,1331.0,7030.0,6048.0,41.85177496367034,3695.0,58.01538703093107,-196.0,2024,-258.0,2023,,,
07402,福島県 北塩原村,,city,3869.0,3644.0,3185.0,2556.0,2556.0,2020,-33.93641767898682,-29.85729967069155,2075.0,1654.0,1259.0,-50.743348982785605,1094.0,999.0,-8.683729433272392,2.5035035035035036,30.53053053053053,258.0,1349.0,948.0,37.08920187793427,619.0,49.166004765687056,-26.0,2024,-42.0,2023,,,
07405,福島県 西会津町,,city,11490.0,9075.0,7366.0,5770.0,5770.0,2020,-49.782419495213226,-36.41873278236915,4508.0,3468.0,2587.0,-55.164644714038126,2925.0,2340.0,-19.999999999999996,2.4106837606837606,30.427350427350426,468.0,2582.0,2718.0,47.105719237435004,1380.0,53.34364128333977,-25.0,2024,-115.0,2023,,,
07407,福島県 磐梯町,,city,4501.0,4109.0,3761.0,3322.0,3322.0,2020,-26.194179071317482,-19.153078607933804,2831.0,2400.0,2035.0,-38.741721854304636,1154.0,1077.0,-6.672443674176776,2.99535747446611,20.42711234911792,421.0,1655.0,1246.0,37.50752558699579,828.0,40.68796068796069,-33.0,2024,-42.0,2023,,,
07408,福島県 猪苗代町,,city,19717.0,18178.0,15805.0,13552.0,13552.0,2020,-31.26743419384288,-25.44834415227197,10830.0,8650.0,6670.0,-50.782172373081465,5268.0,4694.0,-10.895975702353834,2.7645930975713675,27.013208351086494,1422.0,6723.0,5360.0,39.55135773317591,3702.0,55.50224887556222,-74.0,2024,-216.0,2023,,,
07421,福島県 会津坂下町,,city,20504.0,19426.0,17360.0,15068.0,15068.0,2020,-26.511900117050335,-22.4338515391743,12787.0,10694.0,8641.0,-42.65330501725511,5484.0,5293.0,-3.482859226841717,2.7870772718685055,23.710561118458344,1611.0,7909.0,5522.0,36.64719936288824,4228.0,48.92952204605948,-117.0,2024,-204.0,2023,,,
07422,福島県 湯川村,,city,3789.0,3601.0,3364.0,3081.0,3081.0,2020,-18.685669041963582,-14.440433212996396,2731.0,2383.0,2021.0,-34.4044141512496,875.0,973.0,11.20000000000001,3.1243576567317572,16.752312435765674,421.0,1594.0,1066.0,34.59915611814346,846.0,41.86046511627907,-21.0,2024,-30.0,2023,,,
07423,福島県 柳津町,,city,5678.0,4669.0,4009.0,3081.0,3081.0,2020,-45.73793589292004,-34.011565645748554,2497.0,2039.0,1636.0,-46.90035702693931,1360.0,1119.0,-17.720588235294123,2.6675603217158175,27.52457551385165,310.0,1374.0,1397.0,45.34242129178838,829.0,50.67237163814181,-31.0,2024,-61.0,2023,,,
07444,福島県 三島町,,city,3389.0,2474.0,1926.0,1452.0,1452.0,2020,-57.155503098259075,-41.30962004850445,1049.0,754.0,528.0,-63.63636363636363,847.0,641.0,-24.321133412042506,2.1638065522620904,37.441497659906396,96.0,573.0,783.0,53.925619834710744,314.0,59.46969696969697,-17.0,2024,-27.0,2023,,,
07445,福島県 金山町,,city,4790.0,3204.0,2462.0,1862.0,1862.0,2020,-61.127348643006265,-41.88514357053683,1339.0,984.0,715.0,-61.60042964554242,1209.0,874.0,-27.708850289495444,1.9851258581235698,38.901601830663616,89.0,638.0,1134.0,60.902255639097746,378.0,52.867132867132874,23.0,2024,-43.0,2023,,,
07446,福島県 昭和村,,city,2629.0,1874.0,1500.0,1246.0,1246.0,2020,-52.60555344237352,-33.511205976520806,960.0,791.0,670.0,-46.22792937399679,736.0,588.0,-20.108695652173914,1.9591836734693877,43.02721088435374,66.0,487.0,693.0,55.61797752808989,322.0,48.059701492537314,4.0,2024,-34.0,2023,,,
07447,福島県 会津美里町,,city,27945.0,26172.0,22737.0,19014.0,19014.0,2020,-31.95920558239399,-27.349839523154518,15263.0,12111.0,9218.0,-51.51993268118229,7084.0,6454.0,-8.893280632411072,2.859002169197397,22.249767585993183,1904.0,9438.0,7528.0,39.59187966761334,5040.0,54.67563462790193,-72.0,2024,-304.0,2023,,,
07461,福島県 西郷村,,city,12744.0,18642.0,19767.0,20808.0,20808.0,2020,63.27683615819208,11.618925008046354,20478.0,19630.0,18313.0,-11.990580545943864,5480.0,8075.0,47.35401459854014,2.458204334365325,33.56037151702787,2805.0,12432.0,5185.0,24.91830065359477,6825.0,37.26860700049146,205.0,2024,-136.0,2023,,,
07464,福島県 泉崎村,,city,5577.0,6823.0,6802.0,6213.0,6213.0,2020,11.403980634749855,-8.940348820167078,5581.0,4898.0,4173.0,-32.83437952679865,1761.0,2085.0,18.39863713798977,2.92326139088729,21.05515587529976,776.0,3451.0,1986.0,31.96523418638339,2000.0,47.92715073088905,3.0,2024,-69.0,2023,,,
07465,福島県 中島村,,city,4448.0,5274.0,5154.0,4885.0,4885.0,2020,9.824640287769792,-7.375805839969662,4469.0,4024.0,3535.0,-27.635619242579324,1277.0,1519.0,18.950665622552854,3.1639236339697168,17.84068466096116,632.0,2774.0,1479.0,30.27635619242579,1577.0,44.61103253182461,-46.0,2024,-46.0,2023,,,
07466,福島県 矢吹町,,city,17578.0,18892.0,18407.0,17287.0,17287.0,2020,-1.6554784389577915,-8.495659538428967,15968.0,14358.0,12749.0,-26.250940012726332,5579.0,6068.0,8.765011650833475,2.7185234014502306,26.516150296638102,2132.0,9723.0,5429.0,31.405102099843813,4966.0,38.95207467252334,13.0,2024,-167.0,2023,,,
07481,福島県 棚倉町,,city,16105.0,16376.0,15062.0,13343.0,13343.0,2020,-17.14995343061161,-18.521006350757208,11279.0,9558.0,7834.0,-41.28756651427715,4847.0,4719.0,-2.64080874767898,2.779402415766052,25.64102564102564,1630.0,7372.0,4258.0,31.91186389867346,3673.0,46.88537145774828,-98.0,2024,-180.0,2023,,,
07482,福島県 矢祭町,,city,8074.0,7062.0,6348.0,5392.0,5392.0,2020,-33.217735942531576,-23.64769187199094,4513.0,3728.0,2987.0,-44.603115727002965,1931.0,1863.0,-3.5214914552045617,2.804079441760601,22.27589908749329,600.0,2666.0,2126.0,39.42878338278932,1531.0,51.255440241044525,11.0,2024,-109.0,2023,,,
07483,福島県 塙町,,city,12060.0,11296.0,9884.0,8302.0,8302.0,2020,-31.160862354892206,-26.50495750708215,6828.0,5545.0,4323.0,-47.928210069862686,3193.0,2929.0,-8.268086439085497,2.7340389211334926,23.386821440764766,865.0,4214.0,3196.0,38.4967477716213,2295.0,53.08813324080499,-50.0,2024,-116.0,2023,,,
07484,福島県 鮫川村,,city,5537.0,4602.0,3989.0,3049.0,3049.0,2020,-44.93407982662091,-33.746197305519345,2346.0,1789.0,1275.0,-58.18301082322073,1090.0,1004.0,-7.889908256880728,2.991035856573705,20.916334661354583,316.0,1512.0,1221.0,40.04591669399804,729.0,57.1764705882353,-71.0,2024,-47.0,2023,,,
07501,福島県 石川町,,city,21731.0,19914.0,17775.0,14644.0,14644.0,2020,-32.61239703649165,-26.4637943155569,11874.0,9416.0,7213.0,-50.744332149685874,5402.0,5185.0,-4.017030729359494,2.7053037608486017,25.033751205400197,1424.0,7719.0,5430.0,37.08003277792953,3647.0,50.56148620546236,-54.0,2024,-205.0,2023,,,
07502,福島県 玉川村,,city,7431.0,7680.0,7231.0,6392.0,6392.0,2020,-13.981967433723586,-16.770833333333336,5529.0,4688.0,3820.0,-40.237797246558195,1806.0,1978.0,9.523809523809534,3.1900910010111225,18.35187057633974,795.0,3565.0,2024.0,31.66458072590738,1807.0,47.30366492146597,-69.0,2024,-73.0,2023,,,
07503,福島県 平田村,,city,8804.0,7910.0,6921.0,5826.0,5826.0,2020,-33.8255338482508,-26.346396965865992,4728.0,3773.0,2824.0,-51.52763474081703,1996.0,1949.0,-2.354709418837675,2.8645459209851207,23.242688558234992,584.0,3179.0,2057.0,35.30724339169241,1693.0,59.95042492917847,-58.0,2024,-76.0,2023,,,
07504,福島県 浅川町,,city,7488.0,7484.0,6888.0,6036.0,6036.0,2020,-19.39102564102564,-19.3479422768573,5054.0,4199.0,3376.0,-44.06891981444665,2027.0,2069.0,2.0720276270350224,2.879168680521991,23.682938617689704,682.0,3272.0,2055.0,34.04572564612326,1717.0,50.85900473933649,-15.0,2024,-85.0,2023,,,
07505,福島県 古殿町,,city,7879.0,6818.0,6030.0,4825.0,4825.0,2020,-38.761264119812154,-29.23144617189791,3785.0,2958.0,2180.0,-54.818652849740936,1725.0,1608.0,-6.78260869565217,2.955223880597015,20.708955223880597,499.0,2433.0,1893.0,39.23316062176166,1294.0,59.35779816513761,-59.0,2024,-97.0,2023,,,
07521,福島県 三春町,,city,19047.0,19976.0,18191.0,17018.0,17018.0,2020,-10.652596209376808,-14.807769323187825,15051.0,12772.0,10419.0,-38.776589493477495,5569.0,5967.0,7.146704973963014,2.796882855706385,21.434556728674377,1842.0,9177.0,5882.0,34.56340345516512,5237.0,50.2639408772435,-59.0,2024,-172.0,2023,,,
07522,福島県 小野町,,city,14085.0,12555.0,11202.0,9471.0,9471.0,2020,-32.75825346112886,-24.56391875746714,7749.0,6195.0,4747.0,-49.878576707845,3530.0,3391.0,-3.937677053824362,2.737835446770864,26.747272191094073,969.0,5074.0,3384.0,35.73012353500158,2565.0,54.03412681693701,-97.0,2024,-149.0,2023,,,
07541,福島県 広野町,,city,5335.0,5813.0,5418.0,5412.0,5412.0,2020,1.4432989690721598,-6.898331326337514,,,,,1778.0,2881.0,62.03599550056242,1.7532106907323846,61.43700104130511,384.0,2958.0,1558.0,28.78787878787879,,,-41.0,2024,-46.0,2023,,,
07542,福島県 楢葉町,,city,8366.0,8380.0,7700.0,3710.0,3710.0,2020,-55.65383695912025,-55.72792362768497,,,,,2533.0,1922.0,-24.121594946703517,1.874089490114464,49.16753381893861,259.0,1996.0,1388.0,37.41239892183288,,,-6.0,2024,-96.0,2023,,,
07543,福島県 富岡町,,city,14941.0,16173.0,16001.0,2128.0,2128.0,2020,-85.75731209423734,-86.84226797749335,,,,,5464.0,1638.0,-70.02196193265007,1.297924297924298,79.42612942612942,60.0,1382.0,482.0,22.650375939849624,,,-102.0,2024,-141.0,2023,,,
07544,福島県 川内村,,city,4132.0,3384.0,2820.0,2044.0,2044.0,2020,-50.5324298160697,-39.59810874704491,,,,,974.0,931.0,-4.414784394250515,2.030075187969925,39.097744360902254,116.0,883.0,974.0,47.651663405088065,,,-11.0,2024,-52.0,2023,,,
07545,福島県 大熊町,,city,9296.0,10803.0,11515.0,847.0,847.0,2020,-90.88855421686746,-92.15958530037952,,,,,3310.0,799.0,-75.86102719033232,1.048811013767209,95.86983729662077,1.0,754.0,87.0,10.271546635182998,,,72.0,2024,-67.0,2023,,,
07546,福島県 双葉町,,city,8017.0,7647.0,6932.0,0.0,0.0,2020,-100.0,-100.0,,,,,2369.0,0.0,-100.0,,,0.0,0.0,0.0,,,,-47.0,2024,-62.0,2023,,,
07547,福島県 浪江町,,city,22601.0,22609.0,20905.0,1923.0,1923.0,2020,-91.49152692358746,-91.49453757353267,,,,,6831.0,1404.0,-79.44664031620553,1.368945868945869,75.64102564102564,52.0,1056.0,568.0,29.537181487259488,,,-314.0,2024,-220.0,2023,,,
07548,福島県 葛尾村,,city,1992.0,1736.0,1531.0,420.0,420.0,2020,-78.91566265060241,-75.80645161290323,,,,,453.0,205.0,-54.746136865342166,2.048780487804878,43.41463414634146,24.0,198.0,198.0,47.14285714285714,,,-26.0,2024,-24.0,2023,,,
07561,福島県 新地町,,city,8704.0,9017.0,8224.0,7905.0,7905.0,2020,-9.1796875,-12.332261284240875,,,,,2369.0,2742.0,15.745040101308572,2.8304157549234135,24.61706783369803,997.0,4286.0,2597.0,32.852624920936115,,,-49.0,2024,-94.0,2023,,,
07564,福島県 飯舘村,,city,8331.0,7093.0,6209.0,1318.0,1318.0,2020,-84.1795702796783,-81.41829973213028,,,,,1756.0,626.0,-64.3507972665148,2.038338658146965,37.69968051118211,34.0,525.0,755.0,57.28376327769348,,,-98.0,2024,-89.0,2023,,,
08201,茨城県 水戸市,,city,239742.0,261562.0,268750.0,270685.0,270685.0,2020,12.906791467494227,3.487891972075463,263049.0,254892.0,243760.0,-9.946986349446775,99707.0,122335.0,22.694494869969017,2.1579270037192955,39.236522663178974,33685.0,158472.0,70922.0,26.200934665755398,89145.0,36.57080735149327,-41.0,2024,-1468.0,2023,,,
08202,茨城県 日立市,,city,215498.0,206589.0,193129.0,174508.0,174508.0,2020,-19.0210582000761,-15.528900377077193,149141.0,125845.0,104391.0,-40.17981983633988,77153.0,77778.0,0.8100786748409083,2.1949780143485302,35.78904060274113,17585.0,97706.0,56525.0,32.39106516606689,50869.0,48.72929658687051,-1477.0,2024,-1812.0,2023,,,
08203,茨城県 土浦市,,city,121300.0,144106.0,143839.0,142074.0,142074.0,2020,17.12613355317394,-1.4100731406048284,136111.0,127836.0,118991.0,-16.247166969325843,51659.0,62961.0,21.87808513521361,2.1937548641222344,38.37137275456235,15510.0,82307.0,40903.0,28.789926376395396,46455.0,39.040767789160526,338.0,2024,-1139.0,2023,,,
08204,茨城県 古河市,,city,117691.0,146452.0,142995.0,139344.0,139344.0,2020,18.39817828041226,-4.853467347663399,130866.0,119713.0,107859.0,-22.59516017912504,46859.0,56075.0,19.667513177831374,2.4417654926437806,30.960320998662503,16213.0,82127.0,39691.0,28.48418302905041,42101.0,39.03336763737843,-553.0,2024,-1118.0,2023,,,
08205,茨城県 石岡市,,city,76137.0,83119.0,79687.0,73061.0,73061.0,2020,-4.0400856351051395,-12.100723059709573,65249.0,57257.0,49199.0,-32.66037968273087,24944.0,28276.0,13.357921744708158,2.4940231998868296,29.22619889659075,7543.0,40001.0,23972.0,32.81093880456057,23065.0,46.88103416736112,-247.0,2024,-790.0,2023,,,
08207,茨城県 結城市,,city,49387.0,52774.0,52494.0,50645.0,50645.0,2020,2.5472290278818255,-4.034183499450483,47506.0,43599.0,39431.0,-22.142363510711817,15819.0,19291.0,21.948290030975404,2.570317764760769,28.29817013114924,6065.0,28719.0,15388.0,30.38404580906309,15850.0,40.19679947249626,-71.0,2024,-481.0,2023,,,
08208,茨城県 龍ケ崎市,,city,43132.0,76923.0,80334.0,76420.0,76420.0,2020,77.17703793007512,-0.653900653900652,71581.0,64964.0,57774.0,-24.399371892174827,26088.0,32060.0,22.89175099662679,2.328633811603244,31.908920773549593,8264.0,44619.0,22113.0,28.93614237110704,24875.0,43.05569979575588,-1011.0,2024,-650.0,2023,,,
08210,茨城県 下妻市,,city,39337.0,46544.0,44987.0,42521.0,42521.0,2020,8.094160713831755,-8.643434169817809,39093.0,35266.0,30931.0,-27.25712001128854,14048.0,16283.0,15.909738041002285,2.5614444512681938,29.140821715900017,5034.0,24731.0,12043.0,28.32247595305849,12862.0,41.582878018816075,-318.0,2024,-343.0,2023,,,
08211,茨城県 常総市,,city,60809.0,66245.0,65320.0,60834.0,60834.0,2020,0.04111233534509484,-8.168163634991322,55740.0,50278.0,44611.0,-26.66765295722786,19161.0,22253.0,16.13694483586452,2.675414550847077,26.967150496562258,6942.0,35001.0,18316.0,30.108163198211525,18336.0,41.101970366053216,-483.0,2024,-618.0,2023,,,
08212,茨城県 常陸太田市,,city,59503.0,61869.0,56250.0,48602.0,48602.0,2020,-18.320084701611684,-21.44369555027559,40457.0,32953.0,25696.0,-47.1297477470063,19361.0,19206.0,-0.8005784825164008,2.471415182755389,23.081328751431844,4303.0,25419.0,18808.0,38.69799596724415,14422.0,56.12546699875467,-192.0,2024,-661.0,2023,,,
08214,茨城県 高萩市,,city,32436.0,34602.0,31017.0,27699.0,27699.0,2020,-14.604143544210135,-19.949713889370557,23158.0,18859.0,14824.0,-46.48182244846384,11718.0,11576.0,-1.211810889230247,2.304163787145819,30.494125777470625,2686.0,14805.0,9900.0,35.74136250406152,7724.0,52.104695089044796,-191.0,2024,-354.0,2023,,,
08215,茨城県 北茨城市,,city,47670.0,51593.0,47026.0,41801.0,41801.0,2020,-12.311726452695614,-18.97931889985075,36023.0,29983.0,24023.0,-42.530083012368124,16662.0,17011.0,2.094586484215588,2.397625066133678,28.093586502851096,4368.0,22846.0,14335.0,34.29343795602976,11903.0,49.54834949839737,-219.0,2024,-515.0,2023,,,
08216,茨城県 笠間市,,city,73070.0,82358.0,79409.0,73173.0,73173.0,2020,0.140960722594774,-11.152529201777606,66140.0,58126.0,49917.0,-31.782214751342707,25862.0,28861.0,11.596164256438012,2.4798517029901945,27.7225321367936,8235.0,40639.0,23420.0,32.006341136758095,22675.0,45.425406174249254,-325.0,2024,-711.0,2023,,,
08217,茨城県 取手市,,city,97715.0,115993.0,109651.0,104524.0,104524.0,2020,6.968223916491834,-9.887665634995212,96897.0,86995.0,78828.0,-24.583827637671728,40291.0,45348.0,12.551190092080123,2.2729117050366057,31.227397018611626,10593.0,56760.0,36052.0,34.49160001530749,33376.0,42.340285177855584,-292.0,2024,-887.0,2023,,,
08219,茨城県 牛久市,,city,40164.0,73258.0,81684.0,84651.0,84651.0,2020,110.76337018225276,15.55188511834884,81567.0,79095.0,77034.0,-8.998121699684592,24748.0,35126.0,41.93470179408436,2.3628081762796787,28.998462677219155,10834.0,48124.0,24561.0,29.014423928837225,29793.0,38.67513046187398,125.0,2024,-504.0,2023,,,
08220,茨城県 つくば市,,city,127402.0,191814.0,214590.0,241656.0,241656.0,2020,89.6799108334249,25.984547530420098,258539.0,260559.0,256124.0,5.987022875492443,70747.0,110344.0,55.96986444654897,2.1460160951207135,45.33640252301892,34645.0,143552.0,45697.0,18.909938093819314,77910.0,30.418859614874044,2579.0,2024,-30.0,2023,,,
08221,茨城県 ひたちなか市,,city,125945.0,151673.0,157060.0,156581.0,156581.0,2020,24.324903727817706,3.2359088301807226,150831.0,142518.0,132531.0,-15.359462514609056,53426.0,66619.0,24.69396922846554,2.3100466833786157,32.76692835377295,19610.0,93439.0,40234.0,25.695327019242438,51219.0,38.64680716209792,-403.0,2024,-857.0,2023,,,
08222,茨城県 鹿嶋市,,city,51355.0,62287.0,66093.0,66950.0,66950.0,2020,30.367052867296263,7.486313355916963,62918.0,59779.0,56811.0,-15.144137415982073,21494.0,28268.0,31.515771843305117,2.304124805433706,34.247205320503745,8142.0,36902.0,20737.0,30.973861090365943,22289.0,39.23359912692964,-403.0,2024,-518.0,2023,,,
08223,茨城県 潮来市,,city,29075.0,31944.0,30534.0,27604.0,27604.0,2020,-5.059329320722272,-13.586275982970196,24003.0,20347.0,16865.0,-38.90378206057093,9857.0,10764.0,9.201582631632332,2.5174656261612784,28.641768859160166,2953.0,15322.0,9078.0,32.88653818287205,7824.0,46.39193596205158,-155.0,2024,-272.0,2023,,,
08224,茨城県 守谷市,,city,17585.0,50362.0,62482.0,68421.0,68421.0,2020,289.08729030423655,35.858385290496805,72593.0,75328.0,76203.0,11.37370105669313,16395.0,27367.0,66.92284232997865,2.4744034786421603,26.458873826140973,10301.0,41920.0,15847.0,23.16101781616755,23963.0,31.446268519612087,248.0,2024,-90.0,2023,,,
08225,茨城県 常陸大宮市,,city,50332.0,48964.0,45178.0,39267.0,39267.0,2020,-21.984026066915686,-19.804346050159303,33373.0,27783.0,22313.0,-43.17620393714824,15553.0,15596.0,0.27647399215584567,2.4447935368043088,27.218517568607336,3632.0,20414.0,14627.0,37.25010823337663,12016.0,53.852014520683014,-256.0,2024,-529.0,2023,,,
08226,茨城県 那珂市,,city,44768.0,55069.0,54240.0,53502.0,53502.0,2020,19.509471050750538,-2.8455210735622627,50492.0,46290.0,41710.0,-22.04029755896976,17257.0,20878.0,20.982789592629068,2.4849123479260466,23.55110642781876,6294.0,29694.0,17194.0,32.13711636948152,18140.0,43.4907695996164,86.0,2024,-423.0,2023,,,
08227,茨城県 筑西市,,city,110846.0,116120.0,108527.0,100753.0,100753.0,2020,-9.10542554535121,-13.233723734068203,90475.0,78902.0,67207.0,-33.2952864927099,34072.0,37409.0,9.793965719652498,2.629099949210083,26.239674944532066,11040.0,56749.0,32004.0,31.764810973370523,30504.0,45.38812921273082,-270.0,2024,-1000.0,2023,,,
08228,茨城県 坂東市,,city,55204.0,58673.0,56114.0,52265.0,52265.0,2020,-5.323889573219331,-10.92154824195115,47400.0,41920.0,36253.0,-30.63618100066966,15681.0,18405.0,17.3713411134494,2.7808747622928554,25.732138005976633,5897.0,30067.0,15772.0,30.176982684396826,15196.0,41.91653104570656,-305.0,2024,-528.0,2023,,,
08229,茨城県 稲敷市,,city,43257.0,51284.0,46895.0,39039.0,39039.0,2020,-9.751022955822176,-23.87684267997816,31778.0,25244.0,19170.0,-50.895258587566275,14408.0,14495.0,0.6038312048861849,2.60545015522594,25.891686788547773,3393.0,21055.0,14329.0,36.70432131970593,10831.0,56.49973917579552,-210.0,2024,-624.0,2023,,,
08230,茨城県 かすみがうら市,,city,38797.0,45229.0,43553.0,40087.0,40087.0,2020,3.324999355620273,-11.368812045369125,36261.0,31915.0,27514.0,-31.364282685159772,13986.0,15230.0,8.89460889460889,2.54688115561392,27.42613263296126,4376.0,22859.0,12779.0,31.87816499114426,12080.0,43.904921131060554,-59.0,2024,-434.0,2023,,,
08231,茨城県 桜川市,,city,51171.0,50334.0,45673.0,39122.0,39122.0,2020,-23.546540032440245,-22.275201652958245,32243.0,26218.0,20487.0,-47.63304534533,13431.0,13392.0,-0.29037301764573975,2.8287037037037037,21.46057347670251,3985.0,21579.0,13423.0,34.31061806656102,11114.0,54.24903597403231,-239.0,2024,-540.0,2023,,,
08232,茨城県 神栖市,,city,67364.0,87626.0,94795.0,95454.0,95454.0,2020,41.69883023573422,8.93342158720014,92344.0,88957.0,83794.0,-12.215307896997507,30362.0,40376.0,32.98201699492787,2.3354220328908264,35.778680404200514,12569.0,59856.0,22162.0,23.217466004567644,28958.0,34.55856027877891,-238.0,2024,-409.0,2023,,,
08233,茨城県 行方市,,city,42660.0,41465.0,37611.0,32185.0,32185.0,2020,-24.554617909048293,-22.38032075244182,27142.0,22321.0,17726.0,-44.92465434208482,10869.0,11120.0,2.309320084644395,2.838129496402878,23.048561151079134,3215.0,17362.0,11604.0,36.05406245145254,8870.0,50.03949001466772,-141.0,2024,-485.0,2023,,,
08234,茨城県 鉾田市,,city,47731.0,50915.0,50156.0,45953.0,45953.0,2020,-3.725042425258218,-9.745654522242953,41586.0,36782.0,31934.0,-30.507257415185084,14034.0,17894.0,27.504631608949694,2.525874594836258,32.79311501061809,4647.0,25268.0,15454.0,33.63001327443257,13881.0,43.46777729066199,-967.0,2024,-536.0,2023,,,
08235,茨城県 つくばみらい市,,city,32917.0,40532.0,44461.0,49872.0,49872.0,2020,51.508339156059165,23.043521168459492,53080.0,55165.0,56376.0,13.041385948026951,11975.0,19955.0,66.63883089770354,2.4784264595339516,30.162866449511398,7350.0,27180.0,13152.0,26.371511068334936,17997.0,31.92315879097488,104.0,2024,-214.0,2023,,,
08236,茨城県 小美玉市,,city,44371.0,53406.0,52279.0,48870.0,48870.0,2020,10.13950553289311,-8.493427704752277,44728.0,39851.0,34656.0,-29.085328422344993,15922.0,18322.0,15.073483230749908,2.557744787686934,26.683768147582143,5631.0,28053.0,14724.0,30.12891344383057,14734.0,42.51500461680517,-3.0,2024,-436.0,2023,,,
08302,茨城県 茨城町,,city,32901.0,35296.0,34513.0,31401.0,31401.0,2020,-4.559131941278382,-11.035244786944698,28429.0,25107.0,21664.0,-31.00856660615904,9911.0,11716.0,18.212087579457158,2.5598327074086717,25.256060088767494,3271.0,17040.0,10983.0,34.97659310213051,9836.0,45.40251107828656,76.0,2024,-356.0,2023,,,
08309,茨城県 大洗町,,city,21244.0,19957.0,18328.0,15715.0,15715.0,2020,-26.026172095650534,-21.25569975447211,13526.0,11411.0,9406.0,-40.146356983773465,6874.0,6581.0,-4.262438172825133,2.32791369092843,33.581522564959734,1538.0,8766.0,5225.0,33.24848870505886,4340.0,46.140761216244954,-411.0,2024,-213.0,2023,,,
08310,茨城県 城里町,,city,20461.0,23007.0,21491.0,18097.0,18097.0,2020,-11.553687503054588,-21.34133089929152,15032.0,12080.0,9218.0,-49.06338067082942,6812.0,6904.0,1.3505578391074469,2.5756083429895713,21.538238702201625,1559.0,9746.0,6774.0,37.43161850030392,5416.0,58.75461054458668,-62.0,2024,-291.0,2023,,,
08341,茨城県 東海村,,city,29197.0,34333.0,37438.0,37891.0,37891.0,2020,29.77703188683769,10.363207409780673,36817.0,35072.0,33173.0,-12.451505634583416,12048.0,15383.0,27.680942895086314,2.4147435480725474,29.994149385685496,5399.0,22581.0,9517.0,25.116782349370563,11969.0,36.08054743315347,50.0,2024,-161.0,2023,,,
08364,茨城県 大子町,,city,29524.0,23982.0,20073.0,15736.0,15736.0,2020,-46.70098902587725,-34.384121424401634,11921.0,8880.0,6231.0,-60.40289781392985,7484.0,6333.0,-15.379476215927312,2.3955471340596874,29.2120637928312,1183.0,7262.0,7266.0,46.17437722419929,3966.0,63.64949446316803,-68.0,2024,-372.0,2023,,,
08442,茨城県 美浦村,,city,13509.0,18219.0,17299.0,14602.0,14602.0,2020,8.090902361388697,-19.852900817827546,12554.0,10434.0,8377.0,-42.63114641829886,5984.0,5852.0,-2.2058823529411797,2.416097060833903,30.04101161995899,1472.0,8425.0,4677.0,32.02985892343514,4177.0,49.86271935060284,-108.0,2024,-173.0,2023,,,
08443,茨城県 阿見町,,city,33720.0,46922.0,47940.0,48553.0,48553.0,2020,43.98873072360616,3.4759814159669222,49236.0,46599.0,43596.0,-10.209461825221922,16018.0,20188.0,26.033212635784754,2.3444620566673273,33.40103031503864,5983.0,28352.0,13360.0,27.516322369369554,16090.0,36.90705569318286,365.0,2024,-242.0,2023,,,
08447,茨城県 河内町,,city,11516.0,11502.0,10172.0,8231.0,8231.0,2020,-28.525529697811734,-28.43853242914276,6640.0,5210.0,3897.0,-52.654598469201794,3066.0,2888.0,-5.8056099151989615,2.7918975069252077,21.225761772853186,589.0,4409.0,3227.0,39.20544283805127,2246.0,57.63407749550936,-47.0,2024,-143.0,2023,,,
08521,茨城県 八千代町,,city,22845.0,24352.0,23106.0,21026.0,21026.0,2020,-7.962355001094334,-13.658015768725363,18830.0,16429.0,13901.0,-33.88661656996101,6024.0,6999.0,16.185258964143422,2.9538505500785828,25.746535219317046,2369.0,12114.0,6459.0,30.71910967373728,5884.0,42.32789007985037,53.0,2024,-240.0,2023,,,
08542,茨城県 五霞町,,city,8645.0,10218.0,9410.0,8093.0,8093.0,2020,-6.385193753614804,-20.796633392053245,6996.0,5765.0,4534.0,-43.97627579389596,2802.0,2926.0,4.425410421127762,2.7330827067669174,23.239917976760083,730.0,4544.0,2732.0,33.75756826887434,2475.0,54.58756065284517,-54.0,2024,-98.0,2023,,,
08546,茨城県 境町,,city,25696.0,27171.0,25714.0,24201.0,24201.0,2020,-5.818026151930267,-10.930771778734682,22598.0,20424.0,18102.0,-25.201437957109206,7492.0,8709.0,16.24399359316604,2.747272936043174,26.524285222183945,2912.0,14152.0,7018.0,28.998801702408993,7174.0,39.6309800022097,120.0,2024,-231.0,2023,,,
08564,茨城県 利根町,,city,14378.0,19033.0,17473.0,15340.0,15340.0,2020,6.690777576853524,-19.40314191141701,12907.0,10231.0,8023.0,-47.698826597131685,5753.0,6245.0,8.552059794889622,2.41857485988791,22.834267413931144,1196.0,7227.0,6903.0,45.0,4540.0,56.58731147949645,-365.0,2024,-209.0,2023,,,
09201,栃木県 宇都宮市,,city,408908.0,487560.0,511739.0,518757.0,518757.0,2020,26.86398896573312,6.398597095742065,497708.0,478951.0,455580.0,-12.178534458330203,180311.0,230546.0,27.860197103892716,2.209446271026173,38.704640288705946,65253.0,307157.0,129853.0,25.03156583911157,164377.0,36.0808200535581,270.0,2024,-2584.0,2023,,,
09202,栃木県 足利市,,city,165756.0,163140.0,154530.0,144746.0,144746.0,2020,-12.675257607567747,-11.274978546034076,130736.0,115259.0,100047.0,-30.880991529990464,56984.0,61446.0,7.830268145444341,2.2845099762392995,33.00458939556684,15176.0,80642.0,47023.0,32.486562668398435,44095.0,44.074285086009574,-349.0,2024,-1691.0,2023,,,
09203,栃木県 栃木市,,city,168423.0,171755.0,164024.0,155549.0,155549.0,2020,-7.643849117994572,-9.435533172251176,142727.0,128034.0,112915.0,-27.40872651061723,53117.0,60796.0,14.456765254061787,2.5025495098361734,28.243634449634847,17322.0,87866.0,49179.0,31.616403834161584,46582.0,41.2540406500465,67.0,2024,-1492.0,2023,,,
09204,栃木県 佐野市,,city,124331.0,125671.0,121249.0,116228.0,116228.0,2020,-6.517280485156562,-7.51406450175458,107893.0,98254.0,87904.0,-24.369343015452383,42088.0,48009.0,14.068142938604833,2.3625570205586452,31.77112624716199,13011.0,66171.0,35621.0,30.647520390955705,35715.0,40.629550418638516,-23.0,2024,-1155.0,2023,,,
09205,栃木県 鹿沼市,,city,95999.0,104764.0,102348.0,94033.0,94033.0,2020,-2.0479379993541547,-10.243022412279023,84972.0,75114.0,64621.0,-31.278380993906396,32222.0,36012.0,11.762150083793689,2.561285127179829,26.7549705653671,11015.0,53951.0,28504.0,30.31276254081014,28501.0,44.1048575540459,-68.0,2024,-800.0,2023,,,
09206,栃木県 日光市,,city,97515.0,98143.0,90066.0,77661.0,77661.0,2020,-20.359944623904013,-20.86954749701966,65396.0,54117.0,43723.0,-43.700184133606314,33647.0,32219.0,-4.244063363747141,2.3524317949036284,32.65154101617058,7410.0,41644.0,27850.0,35.86098556547044,21578.0,49.351599844475444,-335.0,2024,-1030.0,2023,,,
09208,栃木県 小山市,,city,127226.0,155198.0,164454.0,166666.0,166666.0,2020,30.999952839828325,7.3892704802897,164441.0,158517.0,150012.0,-9.99243996975988,52528.0,69512.0,32.33323180018275,2.3563845091494993,34.303429623662105,20940.0,101109.0,41781.0,25.0687002748011,52771.0,35.17785243847159,415.0,2024,-785.0,2023,,,
09209,栃木県 真岡市,,city,69967.0,81530.0,82289.0,78190.0,78190.0,2020,11.752683407892285,-4.096651539310681,72697.0,66485.0,59328.0,-24.1232894231999,24941.0,29389.0,17.834088448739017,2.6257102997720234,27.3061349484501,10200.0,45955.0,21215.0,27.13262565545466,23009.0,38.78269956850054,-507.0,2024,-531.0,2023,,,
09210,栃木県 大田原市,,city,71276.0,78993.0,77729.0,72087.0,72087.0,2020,1.1378304057466648,-8.742546807945006,66216.0,59601.0,52338.0,-27.3960630904324,24954.0,29733.0,19.151238278432324,2.3723808562876267,36.12148118252447,8176.0,41342.0,20726.0,28.751369872515152,20924.0,39.97860063433834,-239.0,2024,-607.0,2023,,,
09211,栃木県 矢板市,,city,32747.0,36466.0,35343.0,31165.0,31165.0,2020,-4.830976883378635,-14.53682882685241,27363.0,23333.0,19273.0,-38.15819027755495,11604.0,11978.0,3.2230265425715166,2.526882618133244,27.2833528134914,3244.0,17357.0,10334.0,33.15899245948981,9360.0,48.56535049032325,-174.0,2024,-329.0,2023,,,
09213,栃木県 那須塩原市,,city,85436.0,110828.0,117812.0,115210.0,115210.0,2020,34.84947797181517,3.95387447215505,110328.0,103631.0,95216.0,-17.35439631976391,37093.0,47388.0,27.75456285552531,2.3927576601671308,32.611631636701276,14265.0,66620.0,32020.0,27.792726325839773,37960.0,39.86724920181482,64.0,2024,-811.0,2023,,,
09214,栃木県 さくら市,,city,34820.0,40030.0,44768.0,44513.0,44513.0,2020,27.837449741527863,11.199100674494122,42712.0,40573.0,38224.0,-14.128456855300698,11788.0,16310.0,38.36104513064134,2.573083997547517,27.296137339055793,6015.0,26570.0,11734.0,26.360838406757576,13479.0,35.26318543323566,150.0,2024,-291.0,2023,,,
09215,栃木県 那須烏山市,,city,33562.0,32790.0,29206.0,24875.0,24875.0,2020,-25.883439604314407,-24.138456846599578,20432.0,16614.0,12959.0,-47.9035175879397,9616.0,9148.0,-4.866888519134771,2.6227590730214256,23.852208132925227,2369.0,13175.0,9331.0,37.51155778894472,7403.0,57.12632147542248,-188.0,2024,-437.0,2023,,,
09216,栃木県 下野市,,city,43641.0,57447.0,59483.0,59507.0,59507.0,2020,36.35572053802616,3.585913972879351,57051.0,53414.0,48870.0,-17.875207958727547,17859.0,23463.0,31.37913656979674,2.466564377956783,30.716447172143376,7009.0,34829.0,14912.0,25.059236728452117,18734.0,38.33435645590342,171.0,2024,-239.0,2023,,,
09301,栃木県 上三川町,,city,24597.0,29421.0,31621.0,30806.0,30806.0,2020,25.242915802740164,4.707521838142825,29037.0,26743.0,23977.0,-22.167759527364794,8881.0,11534.0,29.872762076342752,2.638807005375412,26.426218137679903,4073.0,18972.0,7262.0,23.57332987080439,9370.0,39.07911748759227,-77.0,2024,-128.0,2023,,,
09342,栃木県 益子町,,city,22104.0,25685.0,24348.0,21898.0,21898.0,2020,-0.9319580166485708,-14.744014015962625,18991.0,16175.0,13260.0,-39.4465247967851,7210.0,7798.0,8.155339805825236,2.731084893562452,22.416004103616313,2467.0,12195.0,7041.0,32.15362133528176,6714.0,50.633484162895925,-68.0,2024,-216.0,2023,,,
09343,栃木県 茂木町,,city,20051.0,17466.0,15018.0,11891.0,11891.0,2020,-40.696224627200635,-31.919157219741212,9341.0,7152.0,5194.0,-56.31990581111766,5033.0,4446.0,-11.66302404132724,2.6158344579397212,23.63922627080522,986.0,5810.0,5073.0,42.662517870658476,3209.0,61.78282633808241,-74.0,2024,-230.0,2023,,,
09344,栃木県 市貝町,,city,10459.0,12441.0,12094.0,11262.0,11262.0,2020,7.6775982407495835,-9.47673016638534,10120.0,8961.0,7681.0,-31.797194104066772,3558.0,4254.0,19.561551433389536,2.619181946403385,25.48189938881053,1269.0,6568.0,3317.0,29.45302788137098,3572.0,46.50436141127457,-115.0,2024,-116.0,2023,,,
09345,栃木県 芳賀町,,city,16669.0,16988.0,16030.0,14961.0,14961.0,2020,-10.24656548083268,-11.931951966093713,13969.0,12553.0,11212.0,-25.058485395361274,4515.0,5223.0,15.68106312292359,2.84166188014551,19.184376794945436,1942.0,8179.0,4782.0,31.963104070583515,4434.0,39.546914020692114,-6.0,2024,-118.0,2023,,,
09361,栃木県 壬生町,,city,35037.0,39853.0,39605.0,39474.0,39474.0,2020,12.66375545851528,-0.9509949062805778,37386.0,34535.0,31487.0,-20.233571464761614,12812.0,15865.0,23.82922260380893,2.444500472738733,31.314213677907343,4680.0,22578.0,11443.0,28.988701423721942,11986.0,38.06650363642138,51.0,2024,-349.0,2023,,,
09364,栃木県 野木町,,city,16454.0,26674.0,25720.0,24913.0,24913.0,2020,51.40999149143066,-6.601934468021298,23141.0,20724.0,18370.0,-26.26339662023843,8333.0,9822.0,17.86871474858995,2.4984728161270615,24.95418448381185,2908.0,13897.0,8095.0,32.49307590414643,7479.0,40.71311921611323,-269.0,2024,-222.0,2023,,,
09384,栃木県 塩谷町,,city,14930.0,14171.0,12560.0,10354.0,10354.0,2020,-30.649698593436035,-26.935290381765576,8119.0,6243.0,4587.0,-55.69828085763956,3813.0,3613.0,-5.245213742460009,2.8021035150844176,20.31552726266261,914.0,5282.0,4157.0,40.14873478848754,2786.0,60.73686505341181,-127.0,2024,-175.0,2023,,,
09386,栃木県 高根沢町,,city,22765.0,29777.0,30436.0,29229.0,29229.0,2020,28.394465187788278,-1.840346576216545,27456.0,25269.0,22545.0,-22.867699887098425,9620.0,12191.0,26.72557172557173,2.3578049380690675,35.69846608153556,3471.0,18001.0,7409.0,25.348113175271138,8514.0,37.76447105788423,113.0,2024,-145.0,2023,,,
09407,栃木県 那須町,,city,26824.0,27027.0,26765.0,23956.0,23956.0,2020,-10.691917685654639,-11.362711362711364,21486.0,18677.0,15893.0,-33.65753882117215,7602.0,9085.0,19.508024204156804,2.512162905888828,29.168959823885526,2154.0,11866.0,9690.0,40.44915678744365,8636.0,54.33838796954634,-21.0,2024,-375.0,2023,,,
09411,栃木県 那珂川町,,city,22704.0,20999.0,18446.0,15215.0,15215.0,2020,-32.9853770260747,-27.544168769941425,11978.0,9393.0,6986.0,-54.08478475188958,5805.0,5669.0,-2.3428079242032718,2.642970541541718,24.783912506614925,1284.0,7875.0,6029.0,39.62536970095301,4151.0,59.4188376753507,-182.0,2024,-235.0,2023,,,
10201,群馬県 前橋市,,city,311121.0,341738.0,340291.0,332149.0,332149.0,2020,6.758785167185755,-2.8059507575979303,315720.0,294836.0,271548.0,-18.24512492887228,122070.0,141556.0,15.962972065208492,2.280984204131227,34.81660968097432,36764.0,179561.0,96390.0,29.020108445306175,107766.0,39.685801405276415,423.0,2024,-2604.0,2023,,,
10202,群馬県 高崎市,,city,323403.0,358465.0,371302.0,372973.0,372973.0,2020,15.327625284861313,4.0472570543846675,363458.0,348825.0,330734.0,-11.32494845471388,128191.0,160565.0,25.254503046235687,2.2531996387755737,35.23370597577305,46009.0,215425.0,105034.0,28.161287814399433,124062.0,37.51111164863607,-19.0,2024,-2548.0,2023,,,
10203,群馬県 桐生市,,city,147744.0,134298.0,121704.0,106445.0,106445.0,2020,-27.953081004981595,-20.739698282923047,89193.0,73641.0,59785.0,-43.834844285781394,47202.0,44862.0,-4.957417058599212,2.29775756765191,32.58436984530337,9973.0,57199.0,38392.0,36.06745267509042,30047.0,50.2584260265953,-485.0,2024,-1485.0,2023,,,
10204,群馬県 伊勢崎市,,city,159069.0,194393.0,207221.0,211850.0,211850.0,2020,33.18119809642357,8.980261634935417,208381.0,201248.0,190997.0,-9.843285343403352,65778.0,86014.0,30.76408525646872,2.4082939986513825,31.333271327923363,27506.0,127686.0,53086.0,25.05829596412556,68465.0,35.8461127661691,190.0,2024,-1184.0,2023,,,
10205,群馬県 太田市,,city,175381.0,210022.0,216465.0,223014.0,223014.0,2020,27.159726538222493,6.186018607574439,219038.0,210680.0,200120.0,-10.265723228138146,72093.0,92346.0,28.092880029961307,2.3600047646893207,33.62571199618825,29597.0,131786.0,58057.0,26.032894795842417,69375.0,34.666699980012,1016.0,2024,-1385.0,2023,,,
10206,群馬県 沼田市,,city,56828.0,55278.0,51265.0,45337.0,45337.0,2020,-20.22066586893785,-17.983646296899312,38620.0,32857.0,27210.0,-39.98279550918675,18866.0,18815.0,-0.2703275734124877,2.3575870316237046,31.086898750996543,4787.0,24666.0,15489.0,34.16414848798994,13411.0,49.28702682837192,-295.0,2024,-573.0,2023,,,
10207,群馬県 館林市,,city,70245.0,79371.0,78608.0,75309.0,75309.0,2020,7.209054025197514,-5.117738216729029,69896.0,63557.0,56971.0,-24.3503432524665,26918.0,31577.0,17.308120959952443,2.3340089305507172,32.42866643443013,8494.0,44000.0,22103.0,29.349745714323657,23609.0,41.440381948710744,65.0,2024,-716.0,2023,,,
10208,群馬県 渋川市,,city,88838.0,89795.0,83330.0,74581.0,74581.0,2020,-16.048312658997276,-16.943036917423015,64679.0,54649.0,44906.0,-39.788954291307434,28561.0,28993.0,1.5125520815097548,2.4635601696961333,27.551477942951745,7561.0,40199.0,26284.0,35.24221986833108,21562.0,48.01585534227052,-110.0,2024,-954.0,2023,,,
10209,群馬県 藤岡市,,city,63594.0,70220.0,67975.0,63261.0,63261.0,2020,-0.5236343051231218,-9.910281970948443,56335.0,49410.0,42395.0,-32.9839869745973,22865.0,25301.0,10.653837743275751,2.433777321054504,28.386229793288802,6837.0,35533.0,20486.0,32.383300927901864,19624.0,46.28847741478948,-415.0,2024,-656.0,2023,,,
10210,群馬県 富岡市,,city,53200.0,54401.0,52070.0,47446.0,47446.0,2020,-10.815789473684212,-12.784691457877617,41428.0,35903.0,30374.0,-35.981958436959914,17102.0,18428.0,7.753479125248508,2.444323855003256,28.136531365313655,5077.0,25762.0,16334.0,34.42650592252245,14882.0,48.995851715282804,-96.0,2024,-611.0,2023,,,
10211,群馬県 安中市,,city,62274.0,64893.0,61077.0,54907.0,54907.0,2020,-11.829977197546327,-15.38840861109827,48286.0,41540.0,34680.0,-36.838654452073506,21400.0,22021.0,2.9018691588785117,2.426547386585532,26.615503383134282,5510.0,29336.0,19753.0,35.97537654579562,17300.0,49.884659746251444,-211.0,2024,-704.0,2023,,,
10212,群馬県 みどり市,,city,44064.0,51266.0,51899.0,49648.0,49648.0,2020,12.672476397966603,-3.156087855498768,45165.0,40587.0,35731.0,-28.03134063809217,16357.0,19394.0,18.566974384055747,2.481489120346499,27.678663504176548,5904.0,28254.0,14832.0,29.874315178859167,15526.0,43.45246424673253,-167.0,2024,-415.0,2023,,,
10344,群馬県 榛東村,,city,10030.0,13334.0,14370.0,14216.0,14216.0,2020,41.734795613160514,6.614669266536666,13856.0,13183.0,12270.0,-13.688801350590884,3848.0,5081.0,32.04261954261953,2.6482975792166896,22.082267270222395,1886.0,8497.0,3776.0,26.561620709060215,4494.0,36.62591687041565,22.0,2024,-71.0,2023,,,
10345,群馬県 吉岡町,,city,11501.0,16504.0,19801.0,21792.0,21792.0,2020,89.47917572385009,32.04071740184198,22704.0,22813.0,22164.0,1.7070484581497736,4934.0,7812.0,58.32995541143089,2.6574500768049156,21.428571428571427,3394.0,13135.0,5212.0,23.917033773861966,7354.0,33.17993142032124,136.0,2024,-36.0,2023,,,
10366,群馬県 上野村,,city,2309.0,2285.0,1306.0,1128.0,1128.0,2020,-51.14768297964487,-50.63457330415755,877.0,711.0,589.0,-47.78368794326241,689.0,549.0,-20.319303338171256,1.9726775956284153,43.169398907103826,108.0,502.0,518.0,45.92198581560284,237.0,40.2376910016978,-9.0,2024,-20.0,2023,,,
10367,群馬県 神流町,,city,5469.0,3210.0,2352.0,1645.0,1645.0,2020,-69.9213750228561,-48.753894080996886,1132.0,761.0,498.0,-69.72644376899696,1219.0,826.0,-32.23954060705496,1.9334140435835352,38.49878934624697,59.0,575.0,1011.0,61.45896656534955,319.0,64.05622489959839,-33.0,2024,-57.0,2023,,,
10382,群馬県 下仁田町,,city,15228.0,11171.0,8911.0,6576.0,6576.0,2020,-56.816390858944054,-41.133291558499685,4816.0,3403.0,2268.0,-65.51094890510949,3590.0,2800.0,-22.00557103064067,2.2660714285714287,29.178571428571427,352.0,2884.0,3340.0,50.790754257907544,1537.0,67.7689594356261,-33.0,2024,-192.0,2023,,,
10383,群馬県 南牧村,,city,5893.0,3340.0,2423.0,1611.0,1611.0,2020,-72.66248090955371,-51.76646706586827,1038.0,662.0,406.0,-74.79826194909992,1296.0,797.0,-38.50308641975309,1.8958594730238394,39.89962358845671,38.0,522.0,1051.0,65.23898199875853,293.0,72.16748768472905,-9.0,2024,-51.0,2023,,,
10384,群馬県 甘楽町,,city,13937.0,14660.0,13618.0,12491.0,12491.0,2020,-10.375260099017003,-14.795361527967255,10920.0,9431.0,7905.0,-36.71443439276278,4111.0,4650.0,13.111165166626115,2.621505376344086,22.559139784946236,1276.0,6643.0,4274.0,34.21663597790409,3842.0,48.60215053763441,18.0,2024,-191.0,2023,,,
10421,群馬県 中之条町,,city,22618.0,20389.0,18216.0,15386.0,15386.0,2020,-31.974533557343708,-24.537740938741482,12802.0,10489.0,8347.0,-45.749382555569994,6731.0,6327.0,-6.002079928688165,2.3181602655286864,31.53153153153153,1365.0,7654.0,6294.0,40.90731834134928,4422.0,52.9771175272553,-281.0,2024,-268.0,2023,,,
10424,群馬県 長野原町,,city,7237.0,6939.0,6017.0,5095.0,5095.0,2020,-29.597899682188753,-26.574434356535527,4219.0,3430.0,2681.0,-47.37978410206084,2446.0,2185.0,-10.670482420278004,2.2617848970251715,32.54004576659039,434.0,2621.0,1991.0,39.07752698724239,1451.0,54.12159641924655,-74.0,2024,-79.0,2023,,,
10425,群馬県 嬬恋村,,city,10737.0,10657.0,10183.0,8850.0,8850.0,2020,-17.574741547918414,-16.955991367176505,7478.0,6189.0,4968.0,-43.86440677966101,3362.0,3529.0,4.967281380130872,2.4783224709549447,29.895154434684045,915.0,4635.0,3285.0,37.11864406779661,2521.0,50.74476650563607,-289.0,2024,-102.0,2023,,,
10426,群馬県 草津町,,city,9341.0,7702.0,7160.0,6049.0,6049.0,2020,-35.24247939192806,-21.461957933004417,5087.0,4150.0,3386.0,-44.02380558770045,3489.0,3220.0,-7.709945543135566,1.8316770186335403,51.925465838509325,435.0,2882.0,2348.0,38.8163332782278,1599.0,47.22386296515062,-104.0,2024,-112.0,2023,,,
10428,群馬県 高山村,,city,4788.0,4348.0,3911.0,3511.0,3511.0,2020,-26.670843776106935,-19.25022999080037,3110.0,2721.0,2330.0,-33.637140415835944,1120.0,1161.0,3.660714285714284,2.747631352282515,21.705426356589147,354.0,1858.0,1299.0,36.99800626602108,1074.0,46.09442060085837,36.0,2024,-50.0,2023,,,
10429,群馬県 東吾妻町,,city,19975.0,17689.0,15622.0,12728.0,12728.0,2020,-36.28035043804756,-28.04567810503703,10277.0,8034.0,6009.0,-52.789126335637974,5479.0,5104.0,-6.844314655959116,2.426528213166144,27.566614420062695,1078.0,6379.0,5253.0,41.271213073538654,3378.0,56.21567648527209,-97.0,2024,-223.0,2023,,,
10443,群馬県 片品村,,city,6134.0,5929.0,4904.0,3993.0,3993.0,2020,-34.90381480273883,-32.6530612244898,3163.0,2432.0,1779.0,-55.447032306536435,1751.0,1571.0,-10.279840091376357,2.493316359007002,26.41629535327817,331.0,2001.0,1639.0,41.04683195592286,1063.0,59.75267003934795,-15.0,2024,-62.0,2023,,,
10444,群馬県 川場村,,city,3905.0,4139.0,3898.0,3480.0,3480.0,2020,-10.883482714468629,-15.921720222275916,2921.0,2554.0,2164.0,-37.81609195402299,923.0,989.0,7.150595882990252,2.9595551061678464,18.402426693629927,361.0,1553.0,1566.0,45.0,1190.0,54.99075785582255,-37.0,2024,-36.0,2023,,,
10448,群馬県 昭和村,,city,8263.0,7878.0,7620.0,6953.0,6953.0,2020,-15.853806123683889,-11.74155877126174,6327.0,5680.0,4997.0,-28.131741694232705,2163.0,2597.0,20.064724919093855,2.6241817481709666,29.688101655756643,799.0,3869.0,2281.0,32.805983028908386,1985.0,39.72383430058034,39.0,2024,-88.0,2023,,,
10449,群馬県 みなかみ町,,city,28123.0,25079.0,21345.0,17195.0,17195.0,2020,-38.85787433773068,-31.436660153913632,13794.0,10737.0,8049.0,-53.1898807792963,8386.0,6945.0,-17.18340090627236,2.4231821454283655,29.344852411807054,1500.0,8653.0,7014.0,40.790927595231175,4392.0,54.56578456951174,-85.0,2024,-300.0,2023,,,
10464,群馬県 玉村町,,city,17643.0,37522.0,37536.0,36054.0,36054.0,2020,104.35300119027376,-3.9123714087735184,33553.0,29996.0,25742.0,-28.60154213124757,12613.0,14909.0,18.20344089431538,2.3721242202696358,30.2837212422027,3777.0,20898.0,9207.0,25.536694957563654,11539.0,44.825576878253436,-66.0,2024,-226.0,2023,,,
10521,群馬県 板倉町,,city,16024.0,15946.0,15706.0,14083.0,14083.0,2020,-12.113080379430851,-11.683180734980558,12214.0,10413.0,8712.0,-38.13818078534403,4440.0,5415.0,21.959459459459453,2.5534626038781165,28.310249307479225,1361.0,7812.0,4735.0,33.62209756443939,4260.0,48.89807162534435,-113.0,2024,-192.0,2023,,,
10522,群馬県 明和町,,city,9815.0,11474.0,11209.0,10882.0,10882.0,2020,10.871115639327567,-5.1594910231828495,9939.0,9129.0,8238.0,-24.29700422716412,3386.0,4082.0,20.555227406969866,2.6381675649191574,24.277315041646254,1284.0,6202.0,3316.0,30.472339643447892,3205.0,38.90507404709881,-17.0,2024,-96.0,2023,,,
10523,群馬県 千代田町,,city,10680.0,11602.0,11473.0,10861.0,10861.0,2020,1.6947565543071086,-6.386829856921217,10007.0,8997.0,7874.0,-27.502071632446366,3339.0,4069.0,21.862833183587902,2.6320963381666256,23.003194888178914,1257.0,6215.0,3374.0,31.06527944019888,3309.0,42.0243840487681,-12.0,2024,-102.0,2023,,,
10524,群馬県 大泉町,,city,31282.0,41403.0,40257.0,42089.0,42089.0,2020,34.547023847580085,1.6568847668043452,40788.0,38614.0,35955.0,-14.573879160825864,15865.0,19010.0,19.82351087299086,2.175013150973172,40.30510257759074,5097.0,26575.0,9464.0,22.48568509586828,11920.0,33.15255180086219,323.0,2024,-183.0,2023,,,
10525,群馬県 邑楽町,,city,21869.0,27512.0,27023.0,25522.0,25522.0,2020,16.704010242809453,-7.233207327711543,23347.0,20651.0,17848.0,-30.068176475197873,8389.0,9715.0,15.806413160090592,2.58641276376737,23.448275862068964,2824.0,14259.0,8241.0,32.28978920147324,7735.0,43.338189152846255,-171.0,2024,-221.0,2023,,,
11100,埼玉県 さいたま市,,city,879291.0,1133300.0,1222434.0,1324025.0,1324025.0,2020,50.57870488837028,16.829171446219004,1362700.0,1361675.0,1339475.0,1.1668963954608147,423566.0,581501.0,37.28698715194325,2.2350915991546016,36.31532877845438,168805.0,821211.0,304992.0,23.035214591869487,431693.0,32.22852236883853,7159.0,2024,-3975.0,2023,,,
11101,埼玉県 さいたま市 西区,,city,,,84029.0,93499.0,93499.0,2020,,,98659.0,98636.0,97438.0,4.212879282131365,,38130.0,,2.3635982166273277,30.0786782061369,12023.0,54499.0,25567.0,27.34467748318164,32621.0,33.478724932777766,564.0,2024,-375.0,2023,,,
11102,埼玉県 さいたま市 北区,,city,,,138630.0,149242.0,149242.0,2020,,,152138.0,150539.0,146687.0,-1.7119845619865681,,66401.0,,2.199936747940543,38.2961099983434,18747.0,94208.0,31773.0,21.289583361252195,50130.0,34.17480758349411,1264.0,2024,-454.0,2023,,,
11103,埼玉県 さいたま市 大宮区,,city,,,108488.0,117784.0,117784.0,2020,,,123793.0,125870.0,124821.0,5.974495687020309,,55087.0,,2.115471889919582,40.81543739902337,14268.0,76221.0,26309.0,22.336650139237925,33757.0,27.04432747694699,1665.0,2024,-205.0,2023,,,
11104,埼玉県 さいたま市 見沼区,,city,,,157143.0,165049.0,165049.0,2020,,,165253.0,162515.0,158146.0,-4.182394319262761,,70469.0,,2.282152435822844,33.75952546509813,19820.0,97222.0,44281.0,26.82900229628777,59063.0,37.3471349259545,1291.0,2024,-978.0,2023,,,
11105,埼玉県 さいたま市 中央区,,city,,,96055.0,103269.0,103269.0,2020,,,105868.0,105926.0,104061.0,0.7669290881096913,,47649.0,,2.1334130831706855,40.25268106361099,12679.0,66441.0,21602.0,20.91818454715355,32566.0,31.29510575527815,49.0,2024,-140.0,2023,,,
11106,埼玉県 さいたま市 桜区,,city,,,96911.0,98661.0,98661.0,2020,,,97130.0,93480.0,90051.0,-8.72685255572111,,46332.0,,2.095592678926012,42.70914270914271,11003.0,61240.0,22997.0,23.309108969096197,30664.0,34.051815082564325,426.0,2024,-409.0,2023,,,
11107,埼玉県 さいたま市 浦和区,,city,,,144786.0,164822.0,164822.0,2020,,,172271.0,175874.0,175321.0,6.369902076179157,,74421.0,,2.197995189529837,37.860281372193334,22560.0,104392.0,32908.0,19.96578126706386,51481.0,29.36385259039134,-48.0,2024,-132.0,2023,,,
11108,埼玉県 さいたま市 南区,,city,,,174988.0,191563.0,191563.0,2020,,,198109.0,199796.0,197229.0,2.957773682809317,,86033.0,,2.2030616158915763,37.53210977183174,25696.0,125479.0,36829.0,19.22552893826052,56735.0,28.7660536736484,565.0,2024,-126.0,2023,,,
11109,埼玉県 さいたま市 緑区,,city,,,110118.0,128321.0,128321.0,2020,,,140195.0,144320.0,145265.0,13.204385876045222,,50755.0,,2.4674022263816373,28.072111122056942,19366.0,78427.0,28460.0,22.178754841374364,46756.0,32.186693284686605,1240.0,2024,-250.0,2023,,,
11110,埼玉県 さいたま市 岩槻区,,city,,,111286.0,111815.0,111815.0,2020,,,109284.0,104719.0,100456.0,-10.158744354514148,,46224.0,,2.359293873312565,30.979577708549673,12643.0,63082.0,34266.0,30.645262263560348,37920.0,37.747869714103686,143.0,2024,-906.0,2023,,,
11201,埼玉県 川越市,,city,259314.0,330766.0,342670.0,354571.0,354571.0,2020,36.734229544104835,7.196930760719056,352898.0,343119.0,331749.0,-6.4365106001336825,117582.0,153192.0,30.28524774200132,2.2701642383414278,34.78706459867356,36460.0,181655.0,89061.0,25.11795944958838,119198.0,35.930176127132256,1506.0,2024,-1968.0,2023,,,
11202,埼玉県 熊谷市,,city,178610.0,206446.0,203180.0,194415.0,194415.0,2020,8.848888640053755,-5.827674064888644,182280.0,166581.0,149959.0,-22.86654836303783,69278.0,79976.0,15.442131701261586,2.352430729218766,30.74297289186756,21814.0,113744.0,57262.0,29.45348867114163,60164.0,40.12029954854327,5.0,2024,-1673.0,2023,,,
11203,埼玉県 川口市,,city,435310.0,514545.0,561506.0,594274.0,594274.0,2020,36.51742436424617,15.495049023894891,605418.0,605949.0,599667.0,0.9074938496383744,198585.0,266756.0,34.32837324067779,2.1926854503741247,38.678042855643355,72665.0,373347.0,137923.0,23.20865459367228,184428.0,30.755069063330147,554.0,2024,-2896.0,2023,,,
11206,埼玉県 行田市,,city,76960.0,90530.0,85786.0,78617.0,78617.0,2020,2.1530665280665273,-13.159173754556496,69888.0,59840.0,49980.0,-36.425963850057876,28913.0,31821.0,10.057759485352612,2.4151660852895884,28.305207253071874,8240.0,44778.0,25010.0,31.812457865347188,23338.0,46.69467787114846,75.0,2024,-776.0,2023,,,
11207,埼玉県 秩父市,,city,76875.0,73875.0,66955.0,59674.0,59674.0,2020,-22.37528455284553,-19.223011844331637,51023.0,43154.0,35846.0,-39.93028789757683,24509.0,23872.0,-2.599045248684162,2.444746983914209,28.09148793565684,6590.0,32459.0,20342.0,34.08854777625096,16908.0,47.16844278301623,-297.0,2024,-744.0,2023,,,
11208,埼玉県 所沢市,,city,236476.0,330100.0,341924.0,342464.0,342464.0,2020,44.819770293814166,3.7455316570736086,334989.0,322316.0,307906.0,-10.090987665856854,120903.0,152510.0,26.14244476977412,2.205429152186742,35.87961445151138,33050.0,174266.0,87050.0,25.418730143898337,116480.0,37.829727254421805,405.0,2024,-1911.0,2023,,,
11209,埼玉県 飯能市,,city,63902.0,85886.0,83549.0,80361.0,80361.0,2020,25.75662733560764,-6.432945998183637,76263.0,69911.0,63609.0,-20.845932728562367,28551.0,33516.0,17.38993380266891,2.314208139396109,30.958348251581334,8424.0,45590.0,25204.0,31.363472331105886,26514.0,41.682780738574735,-16.0,2024,-666.0,2023,,,
11210,埼玉県 加須市,,city,86506.0,117777.0,115002.0,111623.0,111623.0,2020,29.034980232585017,-5.225128845190485,106034.0,97026.0,86600.0,-22.417422932549748,35658.0,44204.0,23.966571316394635,2.4794136277259975,27.02922812415166,12547.0,64960.0,33283.0,29.81733155353287,36005.0,41.57621247113164,515.0,2024,-874.0,2023,,,
11211,埼玉県 本庄市,,city,72089.0,82670.0,81889.0,78569.0,78569.0,2020,8.988888734758426,-4.960687069069792,74876.0,70214.0,65077.0,-17.17216713971159,27867.0,32949.0,18.23662396382819,2.3061094418647,34.11332665634769,8894.0,45696.0,22661.0,28.842164212348383,26006.0,39.96189129800083,64.0,2024,-719.0,2023,,,
11212,埼玉県 東松山市,,city,63889.0,92929.0,90099.0,91791.0,91791.0,2020,43.67261969979184,-1.224590816644966,89230.0,84154.0,78779.0,-14.17568171171466,32553.0,39647.0,21.792154332933976,2.2611042449617877,35.092188564077986,10582.0,52871.0,25995.0,28.319769912082883,28899.0,36.68363396336587,382.0,2024,-552.0,2023,,,
11214,埼玉県 春日部市,,city,187913.0,240924.0,237171.0,229792.0,229792.0,2020,22.28637720647322,-4.620544238016966,213991.0,191778.0,171185.0,-25.504369168639464,83008.0,97528.0,17.4922898997687,2.3185546714789598,30.209785907636782,21178.0,116707.0,68663.0,29.88050062665367,76406.0,44.63358354996057,578.0,2024,-1852.0,2023,,,
11215,埼玉県 狭山市,,city,124029.0,161460.0,155727.0,148699.0,148699.0,2020,19.890509477622164,-7.9035055122011695,137382.0,123734.0,110891.0,-25.42586029495827,56925.0,63702.0,11.905138339920951,2.267730997456909,32.535870145364356,15467.0,84070.0,47661.0,32.05199765970181,46942.0,42.33165901651171,578.0,2024,-1037.0,2023,,,
11216,埼玉県 羽生市,,city,48488.0,57499.0,56204.0,52862.0,52862.0,2020,9.020788648737831,-8.064488078053532,48926.0,43976.0,38541.0,-27.091294313495517,17647.0,21094.0,19.53306511021704,2.426234948326538,30.596378117000096,5295.0,29391.0,15821.0,29.928871401006397,16291.0,42.26927168469941,3.0,2024,-476.0,2023,,,
11217,埼玉県 鴻巣市,,city,86854.0,120271.0,119639.0,116828.0,116828.0,2020,34.51078821931057,-2.8627017319220793,110345.0,101288.0,91849.0,-21.381004553702876,38861.0,47443.0,22.08383726615373,2.421010475728769,26.61509600994878,13254.0,67954.0,34993.0,29.95257986099223,36917.0,40.193143093555726,483.0,2024,-791.0,2023,,,
11218,埼玉県 深谷市,,city,120931.0,146562.0,144618.0,141268.0,141268.0,2020,16.817027891938373,-3.6121231970087764,132731.0,121402.0,108952.0,-22.87566894130305,46421.0,55713.0,20.01680274013915,2.4656184373485543,27.805000628219627,16815.0,81390.0,40881.0,28.938613132485774,44233.0,40.5986122329099,394.0,2024,-1174.0,2023,,,
11219,埼玉県 上尾市,,city,166243.0,212947.0,223926.0,226940.0,226940.0,2020,36.51101098993641,6.571118635153339,221466.0,211307.0,201253.0,-11.318850797567636,74784.0,96347.0,28.83370774497218,2.3227085430786634,30.99837047339305,25395.0,127746.0,61216.0,26.97453071296378,75026.0,37.27944428157593,1123.0,2024,-1254.0,2023,,,
11221,埼玉県 草加市,,city,186618.0,225018.0,243855.0,248304.0,248304.0,2020,33.05468925827091,10.348505452897093,244031.0,236535.0,229624.0,-7.523036278110706,86404.0,111692.0,29.267163557242725,2.1992353973426924,38.103892848189666,29088.0,157501.0,61664.0,24.83407436046137,77700.0,33.8379263491621,1243.0,2024,-1215.0,2023,,,
11222,埼玉県 越谷市,,city,223241.0,308307.0,326313.0,341621.0,341621.0,2020,53.027893621691355,10.805463385521573,343314.0,337927.0,330327.0,-3.306002851112788,109558.0,142590.0,30.150240055495715,2.362998807770531,30.557542604670733,43497.0,210444.0,87123.0,25.502823304187977,108965.0,32.98700984176286,661.0,2024,-1521.0,2023,,,
11223,埼玉県 蕨市,,city,70876.0,71063.0,71502.0,74283.0,74283.0,2020,4.80698685027372,4.531190633663096,74684.0,74355.0,72917.0,-1.8389133449106754,30277.0,36784.0,21.49156125111471,1.9952968682035668,46.19399739016964,7885.0,48527.0,17247.0,23.217963733290254,21337.0,29.262037659256414,306.0,2024,-396.0,2023,,,
11224,埼玉県 戸田市,,city,78435.0,108039.0,123079.0,140899.0,140899.0,2020,79.63791674635048,30.414942752154307,148217.0,151284.0,150760.0,6.998630224487035,44331.0,64182.0,44.77904852135075,2.159717677853604,41.940107818391446,20025.0,93035.0,23065.0,16.36988197219285,40543.0,26.89241178031308,-681.0,2024,-112.0,2023,,,
11225,埼玉県 入間市,,city,104034.0,147909.0,149872.0,145651.0,145651.0,2020,40.00326816233155,-1.5266143371938101,137230.0,125527.0,113303.0,-22.20925362682028,50419.0,61159.0,21.301493484599064,2.3445936002877743,29.554113049592047,16610.0,85174.0,42924.0,29.470446478225348,47018.0,41.497577292746,-489.0,2024,-993.0,2023,,,
11227,埼玉県 朝霞市,,city,90088.0,119712.0,129691.0,141083.0,141083.0,2020,56.60576325370747,17.852011494252885,145839.0,147886.0,146963.0,4.167759404038751,49745.0,62564.0,25.76942406271987,2.217553225497091,36.86305223451186,19106.0,93817.0,27533.0,19.51546252914951,42117.0,28.658233705082232,839.0,2024,-199.0,2023,,,
11228,埼玉県 志木市,,city,50925.0,65076.0,69611.0,75346.0,75346.0,2020,47.9548355424644,15.781547728809397,77221.0,77357.0,76611.0,1.6789212433307776,24888.0,32702.0,31.396657023465124,2.267384257843557,33.45666931686135,9897.0,46217.0,18689.0,24.804236455817165,24618.0,32.13376669146728,77.0,2024,-282.0,2023,,,
11229,埼玉県 和光市,,city,49713.0,70170.0,80745.0,83989.0,83989.0,2020,68.9477601432221,19.69360125409718,86097.0,86088.0,84333.0,0.4095774446653655,29800.0,39826.0,33.644295302013425,2.0674433786973334,44.26505298046502,11397.0,57416.0,15040.0,17.907106883044207,21631.0,25.649508496081015,65.0,2024,29.0,2023,,,
11230,埼玉県 新座市,,city,119309.0,149511.0,158777.0,166017.0,166017.0,2020,39.14876497162829,11.039990368601638,167176.0,165193.0,162926.0,-1.861857520615362,56134.0,73634.0,31.175401717319275,2.2265529510823803,36.197952033028216,20924.0,98647.0,42180.0,25.40703662877898,54371.0,33.371592011097064,1170.0,2024,-836.0,2023,,,
11231,埼玉県 桶川市,,city,55747.0,73967.0,74711.0,74748.0,74748.0,2020,34.08434534593789,1.0558762691470491,72171.0,68401.0,64820.0,-13.28196072135709,24808.0,30842.0,24.322799097065474,2.3801634135270087,27.757603268270543,8611.0,43586.0,22126.0,29.600791994434633,24209.0,37.34804072817032,228.0,2024,-579.0,2023,,,
11232,埼玉県 久喜市,,city,114920.0,154292.0,154310.0,150582.0,150582.0,2020,31.032022276366167,-2.404531667228371,141956.0,129630.0,117103.0,-22.23306902551434,50369.0,62497.0,24.07830213027855,2.370385778517369,29.307006736323345,16537.0,86097.0,46097.0,30.612556613672286,47838.0,40.85121645047523,878.0,2024,-1270.0,2023,,,
11233,埼玉県 北本市,,city,50888.0,69524.0,68888.0,65201.0,65201.0,2020,28.126473824870303,-6.21799666302284,59745.0,52602.0,45682.0,-29.93665741322986,23454.0,27378.0,16.730621642363786,2.336985901088465,28.479070786763096,6593.0,37112.0,21183.0,32.488765509731444,21014.0,46.00061293288385,392.0,2024,-608.0,2023,,,
11234,埼玉県 八潮市,,city,62734.0,74954.0,82977.0,93363.0,93363.0,2020,48.823604425032684,24.56039704352002,96270.0,100045.0,102076.0,9.332390775789134,25895.0,42054.0,62.40200810967369,2.178056784134684,39.777429019831644,11335.0,58742.0,21283.0,22.795968424322268,29576.0,28.9744895959873,501.0,2024,-199.0,2023,,,
11235,埼玉県 富士見市,,city,79591.0,103247.0,106736.0,111859.0,111859.0,2020,40.54227236747874,8.34116245508345,111826.0,109309.0,106340.0,-4.933889986500861,39368.0,50908.0,29.313147734200374,2.169875068751473,39.37495089180482,13657.0,68450.0,27171.0,24.29040130879053,34918.0,32.836185819070906,208.0,2024,-410.0,2023,,,
11237,埼玉県 三郷市,,city,98223.0,131047.0,131415.0,142145.0,142145.0,2020,44.716614234955145,8.468717330423425,143139.0,142417.0,140552.0,-1.120686622814726,45534.0,60711.0,33.33113717222296,2.306007148622161,32.70906425524205,18162.0,83860.0,38602.0,27.156776531007072,45696.0,32.51181057544539,745.0,2024,-729.0,2023,,,
11238,埼玉県 蓮田市,,city,45594.0,64386.0,63309.0,61499.0,61499.0,2020,34.88397596174935,-4.483894014226697,58032.0,53764.0,50194.0,-18.38241272215808,21489.0,25439.0,18.381497510354137,2.364008019183144,27.744801289358854,6739.0,34826.0,19902.0,32.36150181303761,19078.0,38.0085269155676,145.0,2024,-411.0,2023,,,
11239,埼玉県 坂戸市,,city,77335.0,97381.0,101700.0,100275.0,100275.0,2020,29.66315381134028,2.9718322876125747,95855.0,89418.0,84008.0,-16.22238843181252,35707.0,44495.0,24.611420729828893,2.2145184852230586,36.85357905382627,11428.0,57702.0,29435.0,29.354275741710296,31965.0,38.04994762403581,186.0,2024,-744.0,2023,,,
11240,埼玉県 幸手市,,city,49704.0,56413.0,54012.0,50066.0,50066.0,2020,0.7283116046998162,-11.250952794568626,45251.0,39242.0,33617.0,-32.8546318859106,18328.0,20823.0,13.613051069402005,2.3456754550256926,29.275320558997265,4917.0,27131.0,17633.0,35.219510246474655,15753.0,46.860219531784516,221.0,2024,-581.0,2023,,,
11241,埼玉県 鶴ヶ島市,,city,35842.0,67638.0,69990.0,70117.0,70117.0,2020,95.62803414988004,3.6650995002809106,67227.0,62635.0,58252.0,-16.921716559464894,24578.0,30502.0,24.10285621287329,2.2514589207265097,33.27650645859288,7872.0,41523.0,20241.0,28.86746438096325,22739.0,39.03556959417702,61.0,2024,-383.0,2023,,,
11242,埼玉県 日高市,,city,43219.0,53758.0,57473.0,54571.0,54571.0,2020,26.266225502672434,1.512333048104475,51771.0,48006.0,44637.0,-18.203807883307988,17226.0,22351.0,29.751538372228037,2.4014585477159858,27.62739922151134,6286.0,30041.0,17966.0,32.922248080482305,18565.0,41.59105674664516,217.0,2024,-438.0,2023,,,
11243,埼玉県 吉川市,,city,38894.0,56673.0,65298.0,71979.0,71979.0,2020,85.06453437548207,27.007569742205284,75487.0,76767.0,76872.0,6.79781602967533,18330.0,27876.0,52.0785597381342,2.5463481130721766,25.373080786339504,10383.0,44153.0,17315.0,24.055627335750703,24057.0,31.294879800187324,-74.0,2024,-294.0,2023,,,
11245,埼玉県 ふじみ野市,,city,93467.0,100118.0,105695.0,113597.0,113597.0,2020,21.537013063434163,13.463113526039283,112580.0,112117.0,111025.0,-2.26414429958538,38228.0,49338.0,29.062467301454433,2.259961895496372,35.26693420892618,14377.0,68512.0,29317.0,25.807899856510296,39250.0,35.35239810853412,726.0,2024,-693.0,2023,,,
11246,埼玉県 白岡市,,city,31624.0,46999.0,50272.0,52214.0,52214.0,2020,65.10877814318239,11.095980765548209,52246.0,51069.0,49395.0,-5.398935151491935,14816.0,20484.0,38.25593952483801,2.4955575082991603,24.66315172817809,6495.0,30722.0,14597.0,27.95610372696978,17796.0,36.02793805040996,53.0,2024,-314.0,2023,,,
11301,埼玉県 伊奈町,,city,21005.0,32216.0,42494.0,44841.0,44841.0,2020,113.4777433944299,39.18860193692575,45670.0,45266.0,44770.0,-0.15833723601168526,10643.0,17793.0,67.18030630461335,2.471365143595796,28.196481762490865,6227.0,27222.0,10920.0,24.352712918980398,15920.0,35.55952646861738,66.0,2024,-202.0,2023,,,
11324,埼玉県 三芳町,,city,28978.0,35752.0,38706.0,38434.0,38434.0,2020,32.63165159776382,7.501678227791442,36530.0,35015.0,34102.0,-11.271270229484308,12027.0,15014.0,24.83578614783404,2.4619688290928465,26.31543892367124,4634.0,22185.0,11530.0,29.99947962741323,13202.0,38.71327194885931,159.0,2024,-288.0,2023,,,
11326,埼玉県 毛呂山町,,city,31197.0,39711.0,39054.0,35366.0,35366.0,2020,13.363464435682925,-10.94155271839037,32001.0,27681.0,23847.0,-32.57083074139003,14144.0,15722.0,11.15667420814479,2.112517491413306,41.069838442946185,2960.0,19956.0,11594.0,32.78289882938415,10670.0,44.74357361512978,72.0,2024,-371.0,2023,,,
11327,埼玉県 越生町,,city,11361.0,13718.0,12537.0,11029.0,11029.0,2020,-2.9222779684886846,-19.60198279632599,9488.0,7800.0,6206.0,-43.73016592619457,4312.0,4578.0,6.168831168831179,2.373743993010048,27.04237658366099,933.0,6055.0,3984.0,36.122948590080696,3407.0,54.89848533677086,5.0,2024,-144.0,2023,,,
11341,埼玉県 滑川町,,city,9295.0,12836.0,17323.0,19732.0,19732.0,2020,112.28617536309847,53.72390152695543,20785.0,21712.0,21904.0,11.007500506791,3920.0,7640.0,94.89795918367348,2.512565445026178,28.95287958115183,3063.0,11854.0,4611.0,23.36813298195824,6838.0,31.21804236669102,54.0,2024,-15.0,2023,,,
11342,埼玉県 嵐山町,,city,16080.0,19816.0,18887.0,17889.0,17889.0,2020,11.250000000000004,-9.724465078724265,16392.0,14525.0,12674.0,-29.15199284476494,6088.0,7389.0,21.369908015768722,2.3084314521586142,32.39951278928137,1665.0,10248.0,5868.0,32.80228073117558,5685.0,44.855609910052074,-25.0,2024,-190.0,2023,,,
11343,埼玉県 小川町,,city,27045.0,37301.0,32913.0,28524.0,28524.0,2020,5.4686633388796535,-23.53020026272754,23853.0,18922.0,14269.0,-49.975459262375544,11505.0,11759.0,2.2077357670577946,2.382515520027213,26.252232332681352,2287.0,15045.0,11093.0,38.890057495442434,8126.0,56.94862989697946,-28.0,2024,-382.0,2023,,,
11346,埼玉県 川島町,,city,17393.0,23322.0,22147.0,19378.0,19378.0,2020,11.412637267866387,-16.9110710916731,16788.0,13839.0,11022.0,-43.12106512539994,6416.0,7263.0,13.201371571072329,2.610491532424618,21.864243425581716,1804.0,10545.0,6970.0,35.96862421302508,5836.0,52.94864815822899,-9.0,2024,-258.0,2023,,,
11347,埼玉県 吉見町,,city,16107.0,22246.0,21079.0,18192.0,18192.0,2020,12.944682436207856,-18.223500854086126,15519.0,12581.0,9671.0,-46.839270008795076,6152.0,6856.0,11.443433029908977,2.605017502917153,21.04725787631272,1526.0,10488.0,6146.0,33.78408091468778,5299.0,54.79267914383208,9.0,2024,-219.0,2023,,,
11348,埼玉県 鳩山町,,city,10301.0,17008.0,15305.0,13560.0,13560.0,2020,31.63770507717698,-20.2728127939793,11557.0,9337.0,7290.0,-46.23893805309734,5035.0,5379.0,6.8321747765640595,2.388176240936977,21.95575385759435,942.0,6383.0,6226.0,45.91445427728614,4362.0,59.83539094650205,-22.0,2024,-180.0,2023,,,
11349,埼玉県 ときがわ町,,city,11131.0,13966.0,12418.0,10540.0,10540.0,2020,-5.309496002156145,-24.53100386653301,8939.0,7219.0,5535.0,-47.485768500948765,4055.0,4193.0,3.403205918618979,2.4538516575244453,25.351776770808492,880.0,5568.0,4092.0,38.82352941176471,3258.0,58.86178861788618,-54.0,2024,-184.0,2023,,,
11361,埼玉県 横瀬町,,city,9511.0,9782.0,9039.0,7979.0,7979.0,2020,-16.10766480916833,-18.4318135350644,6912.0,5856.0,4779.0,-40.10527635041985,3037.0,3076.0,1.2841620019756306,2.52665799739922,25.715214564369308,845.0,4403.0,2713.0,34.001754605840325,2466.0,51.60075329566855,-55.0,2024,-112.0,2023,,,
11362,埼玉県 皆野町,,city,12817.0,12199.0,10888.0,9302.0,9302.0,2020,-27.42451431692283,-23.747848184277398,7831.0,6459.0,5160.0,-44.52805848204687,3735.0,3576.0,-4.257028112449801,2.513143176733781,25.671140939597315,936.0,4756.0,3578.0,38.464846269619436,2597.0,50.32945736434109,-6.0,2024,-128.0,2023,,,
11363,埼玉県 長瀞町,,city,8908.0,8560.0,7908.0,6807.0,6807.0,2020,-23.585541086663675,-20.47897196261682,5736.0,4668.0,3685.0,-45.8645511972969,2631.0,2599.0,-1.2162675788673472,2.526356290881108,23.12427856868026,624.0,3481.0,2697.0,39.62097840458352,2140.0,58.073270013568525,-35.0,2024,-133.0,2023,,,
11365,埼玉県 小鹿野町,,city,16190.0,15061.0,13436.0,10928.0,10928.0,2020,-32.50154416306362,-27.441736936458405,8625.0,6659.0,4907.0,-55.09699853587116,4538.0,4156.0,-8.417805200528871,2.548363811357074,25.16843118383061,1038.0,5624.0,4248.0,38.872620790629576,2999.0,61.11677195842674,-91.0,2024,-202.0,2023,,,
11369,埼玉県 東秩父村,,city,4704.0,4119.0,3348.0,2709.0,2709.0,2020,-42.41071428571429,-34.231609613983984,2103.0,1576.0,1105.0,-59.21004060538944,1112.0,988.0,-11.151079136690644,2.57085020242915,23.88663967611336,173.0,1275.0,1261.0,46.54854189737911,753.0,68.1447963800905,-31.0,2024,-57.0,2023,,,
11381,埼玉県 美里町,,city,11030.0,12107.0,11605.0,11039.0,11039.0,2020,0.0815956482320912,-8.82134302469646,10363.0,9513.0,8537.0,-22.66509647613009,3307.0,3833.0,15.905654671908076,2.692147143229846,21.08009392121054,1159.0,6121.0,3720.0,33.698704592807324,4047.0,47.4054117371442,44.0,2024,-160.0,2023,,,
11383,埼玉県 神川町,,city,12012.0,15197.0,14470.0,13359.0,13359.0,2020,11.213786213786214,-12.094492334013296,12185.0,10790.0,9260.0,-30.683434388801555,4656.0,5182.0,11.297250859106533,2.4361250482439214,29.87263604785797,1354.0,7480.0,4381.0,32.79437083614043,4733.0,51.11231101511879,37.0,2024,-207.0,2023,,,
11385,埼玉県 上里町,,city,19700.0,30126.0,30998.0,30343.0,30343.0,2020,54.025380710659896,0.7203080395671524,28656.0,26381.0,23596.0,-22.23577101802722,9518.0,11824.0,24.22777894515655,2.490358592692828,26.877537212449255,3384.0,17011.0,8322.0,27.426424546023792,10464.0,44.346499406679094,173.0,2024,-287.0,2023,,,
11408,埼玉県 寄居町,,city,28469.0,37724.0,35774.0,32374.0,32374.0,2020,13.716674277284069,-14.181953133283853,28740.0,24697.0,20587.0,-36.408846605300546,11866.0,13239.0,11.57087476824541,2.379031648916081,29.390437344210284,3219.0,18169.0,10904.0,33.68134923086427,9648.0,46.86452615728372,-59.0,2024,-337.0,2023,,,
11442,埼玉県 宮代町,,city,29537.0,35193.0,33641.0,34147.0,34147.0,2020,15.607543081558717,-2.9721819680050054,32654.0,30233.0,28029.0,-17.91665446452104,12557.0,14558.0,15.935334872979222,2.306223382332738,31.7488666025553,3711.0,18897.0,10974.0,32.13752306205524,10636.0,37.94641264404724,362.0,2024,-270.0,2023,,,
11464,埼玉県 杉戸町,,city,34546.0,47336.0,46923.0,43845.0,43845.0,2020,26.917732877901933,-7.37493662328883,39920.0,34993.0,30307.0,-30.876952902269363,15251.0,17680.0,15.926824470526512,2.4449095022624436,25.690045248868778,4655.0,24567.0,14406.0,32.85665412247691,13764.0,45.41525060217111,36.0,2024,-392.0,2023,,,
11465,埼玉県 松伏町,,city,18462.0,29021.0,31153.0,28266.0,28266.0,2020,53.10367240818981,-2.6015643844112923,25429.0,22210.0,19035.0,-32.657609849288896,8685.0,10728.0,23.52331606217617,2.58165548098434,22.85607755406413,3069.0,16785.0,8405.0,29.735371117243332,8964.0,47.09219858156028,-55.0,2024,-255.0,2023,,,
12100,千葉県 千葉市,,city,746430.0,887164.0,961749.0,974951.0,974951.0,2020,30.61519499484211,9.895239211690289,959376.0,929803.0,897073.0,-7.987888622094852,345488.0,445814.0,29.038924651507436,2.138979484717842,39.41015759935758,110929.0,569887.0,249963.0,25.638519269173525,323309.0,36.04043372167037,8399.0,2024,-5382.0,2023,,,
12101,千葉県 千葉市 中央区,,city,,170911.0,199364.0,211736.0,211736.0,2020,,23.886701265570977,216050.0,217034.0,213863.0,1.004552839384898,74372.0,108870.0,46.385736567525406,1.8983742077707357,52.43409571048039,21828.0,120893.0,45674.0,21.571201874031814,69225.0,32.36885295726704,3266.0,2024,-858.0,2023,,,
12102,千葉県 千葉市 花見川区,,city,,179892.0,180949.0,177328.0,177328.0,2020,,-1.4252996242189786,168780.0,159383.0,151747.0,-14.425809798790945,70331.0,80978.0,15.13841691430522,2.151238608016992,37.857195781570304,18670.0,104457.0,48978.0,27.6200036091311,55974.0,36.88639643617337,612.0,2024,-1155.0,2023,,,
12103,千葉県 千葉市 稲毛区,,city,,147672.0,157768.0,160582.0,160582.0,2020,,8.742347906170433,160550.0,157171.0,152564.0,-4.993087643696059,59773.0,74088.0,23.948940156927033,2.1288602742684377,39.97543461829176,18578.0,92289.0,41775.0,26.014746360115083,54781.0,35.906898088670985,1313.0,2024,-914.0,2023,,,
12104,千葉県 千葉市 若葉区,,city,,151351.0,151585.0,146940.0,146940.0,2020,,-2.914417479897724,140038.0,131496.0,123954.0,-15.643119640669656,54791.0,64173.0,17.123250168823347,2.1978090474186964,35.62713290636249,15618.0,82633.0,44694.0,30.41649652919559,49788.0,40.16651338399729,670.0,2024,-1352.0,2023,,,
12105,千葉県 千葉市 緑区,,city,,101829.0,121921.0,129421.0,129421.0,2020,,27.09640672107161,130020.0,130186.0,127507.0,-1.4788944607134868,34259.0,50834.0,48.381447210951855,2.4783019239091946,25.7190069638431,18132.0,79840.0,29730.0,22.97154248537718,45626.0,35.783133475024904,97.0,2024,-447.0,2023,,,
12106,千葉県 千葉市 美浜区,,city,,135509.0,150162.0,148944.0,148944.0,2020,,9.914470625567295,143938.0,134533.0,127438.0,-14.43898377913847,51962.0,66871.0,28.692121165467064,2.212663187330831,33.4988260980096,18103.0,89775.0,39112.0,26.259533784509614,47915.0,37.59867543432885,2441.0,2024,-656.0,2023,,,
12202,千葉県 銚子市,,city,89416.0,78697.0,70210.0,58431.0,58431.0,2020,-34.652634875190124,-25.75193463537365,47726.0,37622.0,28770.0,-50.76243774708631,25865.0,25505.0,-1.3918422578774403,2.2471280141148795,36.808468927661245,4470.0,31241.0,22053.0,37.74195204600298,15097.0,52.47480013903372,-205.0,2024,-1016.0,2023,,,
12203,千葉県 市川市,,city,364244.0,448642.0,473919.0,496676.0,496676.0,2020,36.358045705625905,10.706532157042803,498711.0,495319.0,483307.0,-2.6916943842666075,193340.0,242637.0,25.497569049343127,2.025935863038201,45.17860013105997,57265.0,323110.0,103359.0,20.810145849608194,147763.0,30.573320891276147,1386.0,2024,-1087.0,2023,,,
12204,千葉県 船橋市,,city,479439.0,550074.0,609040.0,642907.0,642907.0,2020,34.09568266244507,16.87645662219992,659308.0,659063.0,651603.0,1.3526062089851187,215237.0,289591.0,34.54517578297411,2.1873020915705252,37.751863835547375,80576.0,396514.0,152773.0,23.762845948169797,205434.0,31.527479155252507,1963.0,2024,-2691.0,2023,,,
12205,千葉県 館山市,,city,56257.0,51412.0,49290.0,45153.0,45153.0,2020,-19.73798816147324,-12.174200575741068,40024.0,35327.0,30710.0,-31.986800434079687,19170.0,20172.0,5.226917057902969,2.1302300218124133,37.24469561768788,4121.0,21071.0,17734.0,39.275352689743755,15316.0,49.87300553565614,-93.0,2024,-605.0,2023,,,
12206,千葉県 木更津市,,city,110711.0,122768.0,129312.0,136166.0,136166.0,2020,22.992295255214025,10.913267300925323,138409.0,136987.0,133860.0,-1.6935211433103725,43199.0,58265.0,34.8758073103544,2.274847678709345,34.86827426413799,17144.0,79146.0,37370.0,27.44444281244951,45251.0,33.80472135066487,1040.0,2024,-844.0,2023,,,
12207,千葉県 松戸市,,city,400863.0,464841.0,484457.0,498232.0,498232.0,2020,24.289844660145743,7.183316445838472,496472.0,488305.0,476057.0,-4.450737808892247,181768.0,230931.0,27.04711500374104,2.1227812636675023,40.284327353192076,56850.0,305487.0,127595.0,25.60955538785144,164341.0,34.52128631655453,2958.0,2024,-2621.0,2023,,,
12208,千葉県 野田市,,city,112753.0,151197.0,155491.0,152638.0,152638.0,2020,35.37378162887019,0.9530612379875292,147252.0,139091.0,131593.0,-13.787523421428482,48765.0,63483.0,30.18148262073208,2.354598868988548,31.01460233448325,17426.0,86231.0,47051.0,30.825220456242874,49726.0,37.78772427104785,659.0,2024,-1235.0,2023,,,
12210,千葉県 茂原市,,city,71521.0,93779.0,93015.0,86782.0,86782.0,2020,21.337788901161893,-7.461158681581159,80284.0,72300.0,63935.0,-26.326888064345145,31912.0,37011.0,15.978315367259954,2.29620923509227,31.20693847774986,8635.0,47894.0,28774.0,33.15664538729229,29224.0,45.70892312504888,115.0,2024,-902.0,2023,,,
12211,千葉県 成田市,,city,85897.0,116898.0,128933.0,132906.0,132906.0,2020,54.727173242371684,13.69398963198687,134288.0,132266.0,127821.0,-3.8260123696447157,42618.0,60126.0,41.08123328171196,2.1576023683597776,43.05458537072149,16794.0,81731.0,31352.0,23.589604683009043,41897.0,32.77786905125136,-2478.0,2024,-733.0,2023,,,
12212,千葉県 佐倉市,,city,101180.0,170934.0,172183.0,168743.0,168743.0,2020,66.7750543585689,-1.281781272303928,159892.0,147329.0,135752.0,-19.55103322804501,57681.0,70131.0,21.58423050917979,2.3655444810426203,27.116396458057064,18589.0,94196.0,55000.0,32.593944637703494,55700.0,41.03070304673228,-169.0,2024,-1483.0,2023,,,
12213,千葉県 東金市,,city,35603.0,59605.0,61751.0,58219.0,58219.0,2020,63.52273684801843,-2.325308279506755,54410.0,49291.0,43866.0,-24.653463645888795,20071.0,25355.0,26.32654078023018,2.258371129954644,36.004732794320645,6040.0,33761.0,17163.0,29.480066644909737,18599.0,42.3995805407377,-49.0,2024,-506.0,2023,,,
12215,千葉県 旭市,,city,65405.0,71176.0,69058.0,63745.0,63745.0,2020,-2.5380322605305428,-10.440316960773298,58161.0,52010.0,45570.0,-28.512040160012553,21156.0,24246.0,14.60578559273964,2.570238389837499,30.446259176771427,7170.0,36134.0,19843.0,31.128715977723743,18637.0,40.89752029844196,-431.0,2024,-530.0,2023,,,
12216,千葉県 習志野市,,city,125155.0,154036.0,164530.0,176197.0,176197.0,2020,40.78302904398545,14.386896569633079,179464.0,178588.0,175271.0,-0.5255481080835622,61133.0,79267.0,29.663193365285533,2.1881489144284507,38.04735892616095,22186.0,111019.0,40483.0,22.975987105342316,55532.0,31.683507254480205,296.0,2024,-554.0,2023,,,
12217,千葉県 柏市,,city,272904.0,373778.0,404012.0,426468.0,426468.0,2020,56.27033682173952,14.09660279631224,439526.0,440804.0,435479.0,2.1129369612725935,135380.0,187782.0,38.70734229576007,2.2298196845278033,35.70629772821676,53333.0,251739.0,110212.0,25.842970633201084,143085.0,32.85692306632467,1935.0,2024,-1587.0,2023,,,
12218,千葉県 勝浦市,,city,25462.0,23235.0,20788.0,16927.0,16927.0,2020,-33.52054041316471,-27.148698084785885,13868.0,11181.0,8815.0,-47.92343593076151,9140.0,8164.0,-10.678336980306346,2.0104115629593338,44.95345418912298,1145.0,8357.0,7290.0,43.06728894665328,4769.0,54.10096426545661,-118.0,2024,-312.0,2023,,,
12219,千葉県 市原市,,city,216394.0,278218.0,280416.0,269524.0,269524.0,2020,24.552436758875018,-3.1248876780078927,250863.0,229289.0,207507.0,-23.009824728039064,99501.0,117584.0,18.17368669661612,2.251956048441965,35.53884882296911,30046.0,154641.0,78661.0,29.185156052893248,80829.0,38.952420882187106,-822.0,2024,-2009.0,2023,,,
12220,千葉県 流山市,,city,106635.0,150527.0,163984.0,199849.0,199849.0,2020,87.41407605382847,32.7662146990241,225466.0,236575.0,241539.0,20.860749866148943,53176.0,83001.0,56.08733263126222,2.3689232659847472,29.580366501608413,31172.0,118860.0,46047.0,23.04089587638667,69480.0,28.765540968539245,1577.0,2024,124.0,2023,,,
12221,千葉県 八千代市,,city,134479.0,168848.0,189781.0,199498.0,199498.0,2020,48.348812825794354,18.152421112479857,201705.0,199278.0,195520.0,-1.9940049524306058,61998.0,85032.0,37.1528113810123,2.3000987863392606,32.33253363439646,25580.0,122780.0,50490.0,25.30852439623455,66801.0,34.165814238952535,1086.0,2024,-980.0,2023,,,
12222,千葉県 我孫子市,,city,101061.0,127733.0,134017.0,130510.0,130510.0,2020,29.13982644145614,2.1740662162479607,124907.0,117816.0,112074.0,-14.126120603785154,46259.0,56242.0,21.58066538403338,2.2798798051278406,31.252444792148214,14296.0,74457.0,39879.0,30.5562792123209,45344.0,40.45898245801881,-12.0,2024,-873.0,2023,,,
12223,千葉県 鴨川市,,city,41159.0,37653.0,35766.0,32116.0,32116.0,2020,-21.970893364756193,-14.70533556423127,28186.0,25092.0,22407.0,-30.231037489102007,13539.0,14533.0,7.341753452987665,2.1154613637927477,41.39544484965251,2991.0,16205.0,12375.0,38.5321957902603,9577.0,42.7411076895613,-501.0,2024,-467.0,2023,,,
12224,千葉県 鎌ケ谷市,,city,76157.0,102573.0,107853.0,109932.0,109932.0,2020,44.34917341807056,7.174402620572673,108254.0,105704.0,103245.0,-6.082851217116037,35523.0,47094.0,32.57326239337894,2.287191574298212,32.6389773644201,12558.0,63683.0,31488.0,28.64316122694029,37968.0,36.774662211245094,292.0,2024,-722.0,2023,,,
12225,千葉県 君津市,,city,77286.0,92076.0,89168.0,82206.0,82206.0,2020,6.365965375359051,-10.719405708327901,73295.0,64055.0,54982.0,-33.1168041262195,31031.0,35201.0,13.438174728497309,2.2753899036959178,34.53026902644811,8427.0,45829.0,26366.0,32.07308468968202,24036.0,43.716125277363496,-165.0,2024,-795.0,2023,,,
12226,千葉県 富津市,,city,56102.0,52839.0,48073.0,42465.0,42465.0,2020,-24.30751131866956,-19.633225458468175,35838.0,29823.0,24286.0,-42.80937242434947,16575.0,17754.0,7.113122171945707,2.3268559197927225,33.36712853441478,3665.0,21976.0,16118.0,37.95596373484046,12255.0,50.46117104504653,-68.0,2024,-643.0,2023,,,
12227,千葉県 浦安市,,city,64673.0,132984.0,164877.0,171362.0,171362.0,2020,164.96683314520743,28.859110870480652,172024.0,168969.0,163769.0,-4.430970693619352,55365.0,80250.0,44.94716878894609,2.1177570093457945,43.556386292834894,21564.0,116855.0,29971.0,17.48987523488288,47020.0,28.711172444113352,445.0,2024,-124.0,2023,,,
12228,千葉県 四街道市,,city,59236.0,82552.0,86726.0,93576.0,93576.0,2020,57.971503815247495,13.354007171237514,94844.0,92406.0,89822.0,-4.011712404890144,28007.0,38407.0,37.13357374941979,2.3940167157028664,27.903767542375085,12477.0,53027.0,27066.0,28.924083098230312,30896.0,34.39691834962481,150.0,2024,-431.0,2023,,,
12229,千葉県 袖ケ浦市,,city,38837.0,58593.0,60355.0,63883.0,63883.0,2020,64.49004814996009,9.02838222995921,65996.0,64693.0,62246.0,-2.562497064946856,18639.0,25321.0,35.84956274478244,2.455590221555231,28.51783104932665,8622.0,37221.0,17057.0,26.700374121440756,20996.0,33.73068148957363,303.0,2024,-241.0,2023,,,
12230,千葉県 八街市,,city,31939.0,72595.0,73212.0,67455.0,67455.0,2020,111.19947399730736,-7.0803774364625705,60200.0,51413.0,42276.0,-37.327106960195685,22804.0,27846.0,22.11015611296263,2.368275515334339,29.18911154205272,6273.0,39431.0,20912.0,31.00140834630494,21148.0,50.02365408269467,-1723.0,2024,-666.0,2023,,,
12231,千葉県 印西市,,city,29970.0,79780.0,88176.0,102609.0,102609.0,2020,242.37237237237238,28.614941087991987,113660.0,118444.0,119819.0,16.7724078784512,23714.0,38311.0,61.55435607657924,2.6365534702826863,20.10649682858709,16789.0,61663.0,23698.0,23.09543997115263,38157.0,31.845533679967286,-821.0,2024,6.0,2023,,,
12232,千葉県 白井市,,city,24974.0,50431.0,60345.0,62441.0,62441.0,2020,150.02402498598545,23.814717138268126,61002.0,58284.0,55915.0,-10.451466184077773,15308.0,24110.0,57.49934674679906,2.5430941518042305,23.413521360431353,8616.0,36076.0,17101.0,27.38745375634599,22297.0,39.87659840829831,-1042.0,2024,-388.0,2023,,,
12233,千葉県 富里市,,city,23315.0,50176.0,51087.0,49735.0,49735.0,2020,113.31760669097149,-0.87890625,47610.0,44243.0,40574.0,-18.419624007238365,16898.0,21863.0,29.382175405373424,2.242967570781686,35.76819283721356,5381.0,29894.0,14035.0,28.21956368754398,14971.0,36.89801350618623,-1795.0,2024,-277.0,2023,,,
12234,千葉県 南房総市,,city,55652.0,47154.0,42104.0,35831.0,35831.0,2020,-35.61597067490836,-24.01280909360818,29346.0,23900.0,19201.0,-46.412324523457336,15293.0,14666.0,-4.099914993788012,2.344197463521069,29.653620619119053,3001.0,15867.0,16895.0,47.15190756607407,11051.0,57.55429404718504,-23.0,2024,-644.0,2023,,,
12235,千葉県 匝瑳市,,city,41160.0,42914.0,39814.0,35040.0,35040.0,2020,-14.868804664723035,-18.348324556088926,30106.0,25325.0,20643.0,-41.08732876712329,12423.0,12848.0,3.4210738146985387,2.641189290161893,25.79389788293898,3471.0,18984.0,12581.0,35.904680365296805,10632.0,51.50414183984886,-327.0,2024,-482.0,2023,,,
12236,千葉県 香取市,,city,92048.0,90943.0,82866.0,72356.0,72356.0,2020,-21.39318616374065,-20.438076597429156,61139.0,50598.0,40605.0,-43.881640776162314,26731.0,27516.0,2.936665294975871,2.5691597615932547,26.84619857537433,6637.0,38325.0,26659.0,36.84421471612582,20836.0,51.31387760128063,-993.0,2024,-1048.0,2023,,,
12237,千葉県 山武市,,city,43954.0,60614.0,56089.0,48444.0,48444.0,2020,10.21522500796288,-20.077869799056323,41647.0,34396.0,27339.0,-43.56576665840971,18328.0,19367.0,5.668921868179844,2.4590798781432333,27.603655702999948,4321.0,26518.0,17329.0,35.771199735777394,14748.0,53.94491385932185,-668.0,2024,-664.0,2023,,,
12238,千葉県 いすみ市,,city,42816.0,42835.0,40962.0,35544.0,35544.0,2020,-16.984304932735427,-17.021127582584338,29674.0,24692.0,20218.0,-43.118388476254786,13682.0,14448.0,5.598596696389424,2.3800526024363235,29.07668881506091,3162.0,17316.0,15065.0,42.384087328381725,11723.0,57.98298545850232,-134.0,2024,-623.0,2023,,,
12239,千葉県 大網白里市,,city,25802.0,47036.0,50113.0,48129.0,48129.0,2020,86.53205177893186,2.3237520197295636,45403.0,41638.0,37560.0,-21.959733216979373,14962.0,19510.0,30.397005747894656,2.4182470527934394,26.135315222962586,5090.0,26858.0,15770.0,32.766107752082945,16816.0,44.771033013844516,-85.0,2024,-476.0,2023,,,
12322,千葉県 酒々井町,,city,12807.0,19885.0,21234.0,20745.0,20745.0,2020,61.98172874209418,4.324867990947956,19125.0,17015.0,15329.0,-26.107495782116175,7150.0,9366.0,30.993006993007,2.1646380525304294,37.828315182575274,2009.0,11533.0,6810.0,32.82718727404193,6238.0,40.694109204775266,-396.0,2024,-160.0,2023,,,
12329,千葉県 栄町,,city,9553.0,25475.0,22580.0,20127.0,20127.0,2020,110.68774207055374,-20.993130520117763,17423.0,14084.0,10885.0,-45.918418045411634,7619.0,8268.0,8.518178238613983,2.4118287373004352,24.298500241896466,1645.0,10633.0,7840.0,38.952650668256574,6043.0,55.51676619200735,-25.0,2024,-206.0,2023,,,
12342,千葉県 神崎町,,city,5645.0,6747.0,6454.0,5816.0,5816.0,2020,3.029229406554479,-13.798725359419006,5158.0,4448.0,3697.0,-36.43397524071526,2045.0,2283.0,11.638141809290946,2.508103372755147,27.42006132282085,506.0,3227.0,2011.0,34.57702888583219,1915.0,51.798755747903705,20.0,2024,-72.0,2023,,,
12347,千葉県 多古町,,city,17133.0,17603.0,16002.0,13735.0,13735.0,2020,-19.833070682308996,-21.97352723967505,11771.0,9833.0,8018.0,-41.62358937022206,4831.0,5053.0,4.595321879528047,2.651296259647734,26.736592123490993,1242.0,7279.0,5097.0,37.109574080815435,3852.0,48.04190571214767,-7.0,2024,-204.0,2023,,,
12349,千葉県 東庄町,,city,18205.0,17076.0,15154.0,13228.0,13228.0,2020,-27.3386432298819,-22.534551417193725,10977.0,8857.0,6895.0,-47.875718173571215,4570.0,4600.0,0.6564551422319376,2.778695652173913,22.630434782608695,1254.0,6748.0,5187.0,39.21227698820683,3614.0,52.41479332849891,-101.0,2024,-190.0,2023,,,
12403,千葉県 九十九里町,,city,18037.0,20266.0,18004.0,14639.0,14639.0,2020,-18.839053057603817,-27.765715977499262,12025.0,9493.0,7210.0,-50.748001912698946,6218.0,6165.0,-0.8523641042135766,2.331711273317113,31.273317112733174,1111.0,7499.0,5920.0,40.43992075961473,4268.0,59.19556171983357,-63.0,2024,-256.0,2023,,,
12409,千葉県 芝山町,,city,7971.0,8401.0,7920.0,7033.0,7033.0,2020,-11.767657759377748,-16.28377574098322,6029.0,5090.0,4148.0,-41.020901464524385,2333.0,2508.0,7.501071581654517,2.6738437001594897,25.478468899521534,605.0,3778.0,2629.0,37.380918526944406,2269.0,54.70106075216972,-98.0,2024,-88.0,2023,,,
12410,千葉県 横芝光町,,city,25387.0,26721.0,24675.0,22075.0,22075.0,2020,-13.046047189506439,-17.387073837057,19132.0,16184.0,13382.0,-39.37938844847112,8050.0,8263.0,2.6459627329192603,2.612247367784098,25.547621929081448,2224.0,11549.0,8295.0,37.57644394110986,6547.0,48.92392766402631,45.0,2024,-355.0,2023,,,
12421,千葉県 一宮町,,city,10486.0,11648.0,12034.0,11897.0,11897.0,2020,13.456036620255585,2.1377060439560447,11738.0,11527.0,11291.0,-5.09372110616122,3741.0,4969.0,32.825447741245654,2.33266250754679,32.01851479170859,1443.0,6378.0,3890.0,32.697318651760945,4656.0,41.236382959879556,-580.0,2024,-125.0,2023,,,
12422,千葉県 睦沢町,,city,7551.0,8244.0,7340.0,6760.0,6760.0,2020,-10.475433717388427,-18.00097040271713,5883.0,4965.0,4108.0,-39.23076923076923,2331.0,2459.0,5.4912054912054975,2.6405042700284667,21.4314762098414,664.0,3250.0,2843.0,42.05621301775148,2020.0,49.17234664070107,37.0,2024,-94.0,2023,,,
12423,千葉県 長生村,,city,10132.0,13892.0,14752.0,13803.0,13803.0,2020,36.23174101855506,-0.6406564929455794,12350.0,11120.0,9847.0,-28.660436137071656,4297.0,5595.0,30.207121247381895,2.414119749776586,29.865951742627345,1275.0,7786.0,4740.0,34.34036079113236,4742.0,48.15679902508378,-68.0,2024,-196.0,2023,,,
12424,千葉県 白子町,,city,11691.0,13103.0,12151.0,10305.0,10305.0,2020,-11.855273287143952,-21.353888422498667,8816.0,7223.0,5779.0,-43.92042697719554,3971.0,4131.0,4.029211785444464,2.477850399419027,27.789881384652627,944.0,5176.0,4162.0,40.38816108685104,3160.0,54.68074061256273,-765.0,2024,-189.0,2023,,,
12426,千葉県 長柄町,,city,7487.0,8625.0,8035.0,6721.0,6721.0,2020,-10.231067183117403,-22.075362318840575,5580.0,4480.0,3378.0,-49.73962208004761,2376.0,2512.0,5.723905723905731,2.503980891719745,24.721337579617835,492.0,3264.0,2960.0,44.04106531766106,2127.0,62.96625222024866,-6.0,2024,-94.0,2023,,,
12427,千葉県 長南町,,city,11509.0,10628.0,9073.0,7198.0,7198.0,2020,-37.457641845512214,-32.2732404968009,5764.0,4437.0,3192.0,-55.65434843011947,2932.0,2629.0,-10.334242837653473,2.6660327120578167,20.882464815519207,515.0,3468.0,3215.0,44.665184773548205,1998.0,62.59398496240601,-43.0,2024,-133.0,2023,,,
12441,千葉県 大多喜町,,city,13612.0,12121.0,10671.0,8885.0,8885.0,2020,-34.72671172494858,-26.697467205676094,7259.0,5792.0,4498.0,-49.37535171637592,3596.0,3380.0,-6.006674082313679,2.4210059171597633,28.994082840236686,771.0,4213.0,3883.0,43.70287000562747,2564.0,57.00311249444198,-9.0,2024,-165.0,2023,,,
12443,千葉県 御宿町,,city,8486.0,8019.0,7738.0,6874.0,6874.0,2020,-18.995993400895593,-14.278588352662425,6026.0,5165.0,4381.0,-36.26709339540297,2824.0,3071.0,8.746458923512757,2.1758384890915012,31.74861608596548,465.0,2817.0,3570.0,51.93482688391039,2950.0,67.33622460625428,77.0,2024,-164.0,2023,,,
12463,千葉県 鋸南町,,city,12843.0,10521.0,8950.0,6993.0,6993.0,2020,-45.55010511562719,-33.532934131736525,5498.0,4163.0,3089.0,-55.827255827255826,3554.0,3025.0,-14.884637028700054,2.2575206611570247,31.371900826446282,519.0,3109.0,3361.0,48.062348062348065,1817.0,58.82162512139851,-41.0,2024,-142.0,2023,,,
13100,東京都 特別区部,,city,8351893.0,8134688.0,8945695.0,9733276.0,9733276.0,2020,16.5397593096559,19.651497389942918,,,,,3763462.0,5208438.0,38.394860902009896,1.8473160283370946,53.501510433646324,1059831.0,6326082.0,2028506.0,20.840937830181737,,,58804.0,2024,-28047.0,2023,,,
13101,東京都 千代田区,,city,54801.0,36035.0,47115.0,66680.0,66680.0,2020,21.676611740661667,85.04231996669904,73265.0,77961.0,79828.0,19.71805638872226,15967.0,36963.0,131.4962109350535,1.786435083732381,57.019181343505664,8976.0,46517.0,10852.0,16.274745050989804,18978.0,23.77361326852733,-365.0,2024,139.0,2023,,,
13102,東京都 中央区,,city,82700.0,72526.0,122762.0,169179.0,169179.0,2020,104.5695284159613,133.2666905661418,190062.0,204407.0,210897.0,24.65908889401167,35278.0,92487.0,162.1662225749759,1.8214343637484187,52.597662374171506,23086.0,121217.0,24683.0,14.5898722654703,53951.0,25.581682053324613,8505.0,2024,687.0,2023,,,
13103,東京都 港区,,city,201257.0,159398.0,205131.0,260486.0,260486.0,2020,29.429535370198302,63.41861252964278,283075.0,303333.0,312556.0,19.989557980083372,80353.0,146084.0,81.80279516632858,1.7721995564195943,56.884395279428276,34714.0,174886.0,42546.0,16.333315418103084,75867.0,24.273090262225008,-755.0,2024,644.0,2023,,,
13104,東京都 新宿区,,city,343928.0,286726.0,326309.0,349385.0,349385.0,2020,1.5866693028773415,21.85326757950099,362247.0,368303.0,364111.0,4.214834638006781,153473.0,222461.0,44.95122920644021,1.553485779529895,67.80109772049933,29202.0,223593.0,63185.0,18.08463442906822,88751.0,24.374709909890115,-2985.0,2024,-900.0,2023,,,
13105,東京都 文京区,,city,202351.0,176017.0,206626.0,240069.0,240069.0,2020,18.63988811520576,36.38966690717373,258335.0,269344.0,271626.0,13.14497082088899,85245.0,133564.0,56.68250337263183,1.7737564014255338,57.88685573957054,28065.0,152818.0,42020.0,17.503301134257235,70646.0,26.00855588198479,1784.0,2024,66.0,2023,,,
13106,東京都 台東区,,city,186048.0,156325.0,175928.0,211444.0,211444.0,2020,13.650240798073622,35.25923556692787,228076.0,239478.0,244549.0,15.656627759595931,70018.0,121557.0,73.60821503042074,1.702090377353834,59.04884128433574,18648.0,142955.0,47510.0,22.469306293865042,69910.0,28.58731787903447,2229.0,2024,-675.0,2023,,,
13107,東京都 墨田区,,city,232796.0,215979.0,247606.0,272085.0,272085.0,2020,16.87700819601712,25.97752559276596,286049.0,294801.0,297077.0,9.185364867596512,93583.0,145609.0,55.59343043074063,1.8499611974534542,52.16710505531938,28028.0,183630.0,60108.0,22.09162577870886,79362.0,26.714286195161524,1827.0,2024,-611.0,2023,,,
13108,東京都 江東区,,city,362270.0,376840.0,460819.0,524310.0,524310.0,2020,44.72906947856572,39.13331918055407,563118.0,584661.0,592669.0,13.037897427094647,161963.0,264111.0,63.06872557312473,1.9694825281794397,46.75609876150558,66472.0,341716.0,110002.0,20.980336060727435,164839.0,27.812995111942758,2063.0,2024,-1009.0,2023,,,
13109,東京都 品川区,,city,346247.0,324608.0,365302.0,422488.0,422488.0,2020,22.01925215236522,30.15329258675079,441295.0,460036.0,465174.0,10.103482229081063,156065.0,237447.0,52.14622112581295,1.767484954537223,57.284362405084075,47036.0,272685.0,79532.0,18.8246766772074,122043.0,26.235989113750986,4106.0,2024,-445.0,2023,,,
13110,東京都 目黒区,,city,273791.0,250140.0,268330.0,288088.0,288088.0,2020,5.221866314086299,15.170704405532899,290779.0,298001.0,298596.0,3.647496598261646,118126.0,155610.0,31.732218139952263,1.8358910095752201,53.195167405693724,31547.0,196916.0,55811.0,19.372899947238345,73267.0,24.537167276185883,1614.0,2024,-294.0,2023,,,
13111,東京都 大田区,,city,661147.0,650331.0,693373.0,748081.0,748081.0,2020,13.148966871210188,15.030807388852763,758874.0,771582.0,768130.0,2.680057373466238,296820.0,399628.0,34.6364800215619,1.8532335071616604,53.60910646901619,77231.0,475656.0,161855.0,21.636026045307926,220572.0,28.71545181154232,6767.0,2024,-2855.0,2023,,,
13112,東京都 世田谷区,,city,797292.0,814901.0,877138.0,943664.0,943664.0,2020,18.35864400997376,15.80106049691925,964718.0,987357.0,987144.0,4.607572186710529,388879.0,491717.0,26.444729594552552,1.8949334678280394,50.971392081217445,108940.0,638629.0,190042.0,20.138735821224504,289051.0,29.281543523538613,5212.0,2024,-1775.0,2023,,,
13113,東京都 渋谷区,,city,247035.0,196682.0,204492.0,243883.0,243883.0,2020,-1.2759325601635396,23.998637394372647,253994.0,264615.0,267179.0,9.552121304067928,105820.0,149856.0,41.614061614061605,1.6108731048473202,64.53328528720905,22984.0,154258.0,41261.0,16.918358393163935,70540.0,26.401775588650306,386.0,2024,-97.0,2023,,,
13114,東京都 中野区,,city,345733.0,309526.0,314750.0,344880.0,344880.0,2020,-0.24672218156785997,11.421980705982705,357060.0,364317.0,361660.0,4.865460450011594,165808.0,207944.0,25.412525330502756,1.6446206671026815,62.348036009694916,29123.0,231515.0,65878.0,19.10171653908606,95092.0,26.29320356135597,1775.0,2024,-904.0,2023,,,
13115,東京都 杉並区,,city,542449.0,522103.0,549569.0,591108.0,591108.0,2020,8.970244207289536,13.21674075804966,601096.0,618753.0,618595.0,4.650080865087269,267206.0,336103.0,25.78422640210174,1.740279021609447,58.58888495490966,58944.0,380639.0,117072.0,19.805517773401814,177887.0,28.75661781941335,3376.0,2024,-1435.0,2023,,,
13116,東京都 豊島区,,city,288626.0,249017.0,284678.0,301599.0,301599.0,2020,4.49474406325141,21.115827433468404,317153.0,328611.0,329403.0,9.218863457770077,133884.0,183687.0,37.198619700636385,1.6261629837713065,64.02630561770837,26489.0,211034.0,58539.0,19.409547113883,74705.0,22.67890699234676,-909.0,2024,-826.0,2023,,,
13117,東京都 北区,,city,387458.0,326764.0,335544.0,355213.0,355213.0,2020,-8.322192340847268,8.706283433915619,358395.0,361467.0,358782.0,1.0047492631181765,152849.0,189579.0,24.030252078849056,1.8515394637591716,52.22888611080341,36527.0,229948.0,87381.0,24.599606433323103,100410.0,27.98635383045972,2732.0,2024,-1666.0,2023,,,
13118,東京都 荒川区,,city,198126.0,180468.0,203296.0,217475.0,217475.0,2020,9.766007490183014,20.506128510317613,222413.0,229145.0,231170.0,6.297275548913661,77971.0,111799.0,43.385361224044836,1.9247757135573664,49.52459324323116,24470.0,141156.0,50411.0,23.180135647775607,62768.0,27.152312151230696,1102.0,2024,-911.0,2023,,,
13119,東京都 板橋区,,city,498266.0,513575.0,535824.0,584483.0,584483.0,2020,17.30340821970593,13.806746823735573,598135.0,606997.0,605109.0,3.52893069601683,239049.0,314133.0,31.40945998519131,1.8269268112551054,54.387472822021245,60014.0,367976.0,132602.0,22.68705847732098,173525.0,28.67665164457974,5268.0,2024,-2662.0,2023,,,
13120,東京都 練馬区,,city,564156.0,658132.0,716124.0,752608.0,752608.0,2020,33.40423570785384,14.355174949706129,765071.0,764854.0,755009.0,0.31902398061141035,283753.0,374485.0,31.975697173245756,1.9820019493437655,47.658250664245564,85920.0,478648.0,159298.0,21.166131638249926,197755.0,26.192403004467497,4614.0,2024,-2337.0,2023,,,
13121,東京都 足立区,,city,619961.0,617123.0,683426.0,695043.0,695043.0,2020,12.11076180598456,12.626332189855184,706122.0,712704.0,711213.0,2.3264747648706674,249725.0,345010.0,38.15597156872559,1.987858322947161,47.34703341932118,75589.0,424335.0,170261.0,24.49647000257538,226560.0,31.8554357133517,6051.0,2024,-4597.0,2023,,,
13122,東京都 葛飾区,,city,420187.0,421519.0,442586.0,453093.0,453093.0,2020,7.8312751227429755,7.49052830358774,457654.0,456775.0,451040.0,-0.45310786085859256,173417.0,215709.0,24.3874591303044,2.0666175263897193,43.56517345127,51556.0,285968.0,111893.0,24.6953715903799,139915.0,31.020530329904222,2200.0,2024,-2821.0,2023,,,
13123,東京都 江戸川区,,city,495231.0,619953.0,678967.0,697932.0,697932.0,2020,40.93059602488536,12.578211574103193,693046.0,690100.0,679003.0,-2.712155338915534,258210.0,332895.0,28.924131520855113,2.0745880833295782,44.70358521455714,86270.0,449387.0,145764.0,20.88512921029556,196119.0,28.883377540305418,2207.0,2024,-2763.0,2023,,,
13201,東京都 八王子市,,city,387178.0,536046.0,580053.0,579355.0,579355.0,2020,49.635309857481566,8.07934393690093,571769.0,553338.0,532958.0,-8.008388639090025,210037.0,266549.0,26.905735656098685,2.1089218117494344,41.52557315915647,62867.0,344893.0,153504.0,26.495671911004482,193959.0,36.392924020279274,1588.0,2024,-3890.0,2023,,,
13202,東京都 立川市,,city,142675.0,164709.0,179668.0,183581.0,183581.0,2020,28.670755212896438,11.457783120533783,185223.0,183065.0,178883.0,-2.5590883588170854,68414.0,89599.0,30.9658841757535,2.012522461188183,45.643366555430305,21828.0,115971.0,45524.0,24.797773190036008,59346.0,33.17587473376452,1170.0,2024,-895.0,2023,,,
13203,東京都 武蔵野市,,city,136910.0,135746.0,138734.0,150149.0,150149.0,2020,9.669856109853182,10.610257392483025,156616.0,159716.0,158921.0,5.8421967512271245,66820.0,77966.0,16.680634540556728,1.9008670446091886,50.53741374445271,17232.0,95301.0,31725.0,21.129011848230757,48009.0,30.209349299337408,331.0,2024,-357.0,2023,,,
13204,東京都 三鷹市,,city,164526.0,171612.0,186083.0,195391.0,195391.0,2020,18.759952834202487,13.85625713819547,200381.0,203316.0,202399.0,3.586654451842719,79386.0,96116.0,21.074244829063062,1.9855591160680843,47.57376503391735,23468.0,123039.0,41623.0,21.302414133711377,56975.0,28.14984263756244,947.0,2024,-633.0,2023,,,
13205,東京都 青梅市,,city,98990.0,141394.0,139339.0,133535.0,133535.0,2020,34.89746439034247,-5.558227364668944,124231.0,112562.0,100202.0,-24.96199498258883,49180.0,56354.0,14.587230581537213,2.2486070199098553,33.89111686836782,13763.0,76704.0,42492.0,31.820870932714268,47811.0,47.71461647472106,757.0,2024,-1357.0,2023,,,
13206,東京都 府中市,,city,192198.0,226769.0,255506.0,262790.0,262790.0,2020,36.72879010187411,15.884446286749942,266159.0,264965.0,260163.0,-0.9996575212146586,96202.0,123766.0,28.65221097274484,2.075949776190553,44.089653054958546,32986.0,165586.0,56764.0,21.60051752349785,81785.0,31.436061238531227,1483.0,2024,-904.0,2023,,,
13207,東京都 昭島市,,city,89344.0,106532.0,112297.0,113949.0,113949.0,2020,27.539622134670495,6.962227311981373,114338.0,111610.0,107561.0,-5.606016726781283,41754.0,52111.0,24.804809120084293,2.142829728848036,39.23547811402583,13780.0,68947.0,30003.0,26.330200352789408,37284.0,34.66312139158245,1479.0,2024,-606.0,2023,,,
13208,東京都 調布市,,city,180548.0,204759.0,223593.0,242614.0,242614.0,2020,34.376453906994264,18.487587847176435,251011.0,254713.0,253359.0,4.428845820933658,94059.0,120790.0,28.419396336342075,1.9754118718436957,47.54035930126666,28754.0,153175.0,50414.0,20.77950983867378,79429.0,31.350376343449415,1002.0,2024,-673.0,2023,,,
13209,東京都 町田市,,city,295405.0,377494.0,426987.0,431079.0,431079.0,2020,45.92813256376837,14.194927601498296,427113.0,417122.0,406456.0,-5.711946070209873,145176.0,191703.0,32.04868573317903,2.19842151661685,37.19712263240533,51174.0,253130.0,116470.0,27.018249555185943,149037.0,36.66743755781683,2385.0,2024,-2677.0,2023,,,
13210,東京都 小金井市,,city,102456.0,111825.0,118852.0,126074.0,126074.0,2020,23.05184664636526,12.742231164766382,129811.0,130950.0,128944.0,2.2764408204705155,51071.0,63140.0,23.6318067004758,1.966883116883117,48.28159645232816,14879.0,80498.0,25591.0,20.298396180021257,36725.0,28.481356247673407,595.0,2024,-143.0,2023,,,
13211,東京都 小平市,,city,154610.0,178623.0,187035.0,198739.0,198739.0,2020,28.5421382834228,11.26170761883969,201789.0,201590.0,197822.0,-0.4614091849108659,73599.0,91125.0,23.812823543798146,2.123445816186557,41.71742112482853,25072.0,121648.0,45060.0,22.672952968466177,65206.0,32.96195569754628,419.0,2024,-783.0,2023,,,
13212,東京都 日野市,,city,145448.0,167942.0,180052.0,190435.0,190435.0,2020,30.929954347945653,13.39331435852853,192376.0,190313.0,185978.0,-2.3404311182293136,71438.0,90257.0,26.343122707802568,2.07676966883455,43.35951782133242,22894.0,115015.0,45652.0,23.972484049675742,63076.0,33.91583950789878,1663.0,2024,-721.0,2023,,,
13213,東京都 東村山市,,city,119363.0,142290.0,153557.0,151815.0,151815.0,2020,27.187654465789237,6.694075479654238,152166.0,150472.0,147601.0,-2.775746797088563,54416.0,68340.0,25.588062334607464,2.167398302604624,38.244073748902544,17720.0,90285.0,40749.0,26.84122122319929,52740.0,35.73146523397538,794.0,2024,-1047.0,2023,,,
13214,東京都 国分寺市,,city,91010.0,111404.0,120650.0,129242.0,129242.0,2020,42.0085704867597,16.011992388065053,132981.0,133144.0,130403.0,0.898314789309973,50949.0,63916.0,25.450941137215644,2.0014237436635582,46.7488578759622,15082.0,81431.0,27184.0,21.03341019173334,38318.0,29.384293306135596,918.0,2024,-306.0,2023,,,
13215,東京都 国立市,,city,64144.0,72187.0,75510.0,77130.0,77130.0,2020,20.245073584435012,6.847493315971009,77476.0,76851.0,74905.0,-2.8847400492674757,32026.0,38227.0,19.36239305564229,1.9826562377377246,46.888325005885896,8448.0,48511.0,17748.0,23.010501750291716,24671.0,32.936386089046124,528.0,2024,-345.0,2023,,,
13218,東京都 福生市,,city,48694.0,61427.0,59796.0,56414.0,56414.0,2020,15.854109335852474,-8.160906441792692,52882.0,48776.0,44668.0,-20.821072783351646,25334.0,28117.0,10.985237230599187,1.9672084504036704,46.42742824625671,5692.0,34800.0,15153.0,26.860353812883325,16885.0,37.80111041461449,-36.0,2024,-412.0,2023,,,
13219,東京都 狛江市,,city,70836.0,75711.0,78751.0,84772.0,84772.0,2020,19.673612287537413,11.967877851302976,87427.0,88975.0,88697.0,4.630066531401877,35722.0,42578.0,19.192654386652475,1.9631734698670675,47.78758983512612,9736.0,52699.0,19961.0,23.54668994479309,28416.0,32.03716021962411,227.0,2024,-424.0,2023,,,
13220,東京都 東大和市,,city,65553.0,77212.0,83068.0,83901.0,83901.0,2020,27.989565694933873,8.663161166658039,83184.0,81526.0,79710.0,-4.995172882325594,28343.0,36291.0,28.04219736795681,2.280703204651291,32.46259403157808,10661.0,50007.0,22923.0,27.32148603711517,28299.0,35.50244636808431,458.0,2024,-437.0,2023,,,
13221,東京都 清瀬市,,city,61913.0,68037.0,74104.0,76208.0,76208.0,2020,23.088850483743318,12.009641812543181,75289.0,73865.0,72531.0,-4.824952760864997,26038.0,34918.0,34.104001843459564,2.107623575233404,41.52586058766252,8710.0,44106.0,21482.0,28.188641612429144,27249.0,37.56876370103818,846.0,2024,-537.0,2023,,,
13222,東京都 東久留米市,,city,106556.0,113302.0,116546.0,115271.0,115271.0,2020,8.178798002928044,1.7378334009990892,111745.0,108383.0,105467.0,-8.505174762082401,43472.0,51146.0,17.652741994847254,2.220486450553318,35.48273569780628,13735.0,67397.0,32745.0,28.4069713978364,37389.0,35.450899333440795,579.0,2024,-808.0,2023,,,
13223,東京都 武蔵村山市,,city,57198.0,66052.0,70053.0,70829.0,70829.0,2020,23.83125284100842,7.232180706110336,69857.0,67964.0,66075.0,-6.71194002456621,23974.0,29956.0,24.952031367314586,2.3279810388569904,33.021765255708374,9375.0,41663.0,18847.0,26.60915726609157,22805.0,34.51381006432085,116.0,2024,-517.0,2023,,,
13224,東京都 多摩市,,city,95248.0,145862.0,147648.0,146951.0,146951.0,2020,54.28250461951958,0.7465960976813735,144259.0,138846.0,133806.0,-8.94515859027839,59748.0,68354.0,14.40382941688425,2.1113321824618896,38.56248354156304,16577.0,87607.0,42582.0,28.977005940755763,50740.0,37.920571573770985,1017.0,2024,-987.0,2023,,,
13225,東京都 稲城市,,city,48154.0,69235.0,84835.0,93151.0,93151.0,2020,93.4439506583046,34.54322235863363,98447.0,100816.0,101191.0,8.63114727700185,26706.0,39880.0,49.32973863551262,2.2899448345035105,34.93731193580742,13130.0,58186.0,20087.0,21.56391235735526,32620.0,32.23606842505756,278.0,2024,-99.0,2023,,,
13227,東京都 羽村市,,city,42017.0,56013.0,57032.0,54326.0,54326.0,2020,29.295285241687896,-3.011800831949729,50837.0,46678.0,42473.0,-21.818282222140418,20961.0,23789.0,13.49172272315251,2.235276808609021,35.72659632603304,6531.0,32849.0,14728.0,27.11040753966793,16847.0,39.66519906764297,-122.0,2024,-344.0,2023,,,
13228,東京都 あきる野市,,city,62810.0,78351.0,80868.0,79292.0,79292.0,2020,26.241044419678406,1.2010057306224509,75649.0,70890.0,66455.0,-16.18952731675327,25654.0,31840.0,24.11319872144695,2.4200062814070353,27.814070351758797,9235.0,43149.0,23792.0,30.005549109620137,27921.0,42.01489729892408,427.0,2024,-789.0,2023,,,
13229,東京都 西東京市,,city,158235.0,180885.0,196511.0,207388.0,207388.0,2020,31.06329193920434,14.651850623324215,212640.0,214300.0,212923.0,2.6689104480490666,75961.0,96896.0,27.560195363410166,2.106361459709379,41.1327608982827,24707.0,128947.0,48446.0,23.36007869307771,67533.0,31.71709960877876,494.0,2024,-927.0,2023,,,
13303,東京都 瑞穂町,,city,22803.0,32892.0,33497.0,31765.0,31765.0,2020,39.30184624830066,-3.4263650735741225,29194.0,26092.0,22873.0,-27.993074138202424,10677.0,13000.0,21.757047859885724,2.378076923076923,30.26923076923077,3443.0,18609.0,9517.0,29.96064851251377,10235.0,44.74708171206226,209.0,2024,-331.0,2023,,,
13305,東京都 日の出町,,city,13854.0,16631.0,16650.0,16958.0,16958.0,2020,22.405081564891006,1.9662076844447096,16277.0,14614.0,13241.0,-21.918858355938198,4750.0,5973.0,25.74736842105263,2.5156537753222836,24.10848819688599,2235.0,8095.0,6538.0,38.55407477296851,6215.0,46.937542481685675,107.0,2024,-310.0,2023,,,
13307,東京都 檜原村,,city,4230.0,3256.0,2558.0,2003.0,2003.0,2020,-52.64775413711584,-38.48280098280098,1648.0,1338.0,1037.0,-48.227658512231656,1007.0,830.0,-17.576961271102288,2.1433734939759037,36.265060240963855,131.0,806.0,1058.0,52.820768846729905,711.0,68.56316297010608,13.0,2024,-74.0,2023,,,
13308,東京都 奥多摩町,,city,9808.0,7575.0,6045.0,4750.0,4750.0,2020,-51.570146818923334,-37.29372937293729,4108.0,3381.0,2659.0,-44.02105263157895,2484.0,1975.0,-20.491143317230275,2.148860759493671,34.93670886075949,337.0,1998.0,2410.0,50.73684210526316,1651.0,62.091011658518234,58.0,2024,-183.0,2023,,,
13361,東京都 大島町,,city,10734.0,9224.0,8461.0,7102.0,7102.0,2020,-33.836407676541825,-23.005203816131825,6249.0,5575.0,5115.0,-27.978034356519288,4109.0,3657.0,-11.000243368216111,1.7880776592835657,51.40825813508341,710.0,3679.0,2713.0,38.20050689946494,2002.0,39.13978494623656,-68.0,2024,-119.0,2023,,,
13362,東京都 利島村,,city,278.0,302.0,341.0,327.0,327.0,2020,17.625899280575542,8.278145695364248,285.0,267.0,256.0,-21.712538226299692,169.0,193.0,14.201183431952668,1.694300518134715,62.69430051813472,50.0,197.0,80.0,24.464831804281346,67.0,26.171875,-9.0,2024,-2.0,2023,,,
13363,東京都 新島村,,city,3684.0,3147.0,2883.0,2441.0,2441.0,2020,-33.74049945711184,-22.434064188115666,2041.0,1750.0,1560.0,-36.09176566980745,1205.0,1160.0,-3.734439834024894,2.0698275862068964,40.0,272.0,1202.0,967.0,39.61491192134371,657.0,42.11538461538461,1.0,2024,-44.0,2023,,,
13364,東京都 神津島村,,city,2210.0,2144.0,1889.0,1855.0,1855.0,2020,-16.063348416289593,-13.479477611940293,1690.0,1566.0,1487.0,-19.838274932614553,766.0,804.0,4.960835509138373,2.2300995024875623,35.9452736318408,274.0,994.0,587.0,31.644204851752022,512.0,34.431741761936784,-10.0,2024,-24.0,2023,,,
13381,東京都 三宅村,,city,4228.0,0.0,2676.0,2273.0,2273.0,2020,-46.23935666982024,,1963.0,1733.0,1613.0,-29.036515618125826,0.0,1376.0,,1.6170058139534884,59.520348837209305,225.0,1151.0,894.0,39.33128024637044,565.0,35.027898326100434,-20.0,2024,-31.0,2023,,,
13382,東京都 御蔵島村,,city,225.0,308.0,348.0,323.0,323.0,2020,43.55555555555555,4.870129870129869,320.0,329.0,327.0,1.238390092879249,175.0,187.0,6.8571428571428505,1.7272727272727273,64.1711229946524,60.0,205.0,58.0,17.956656346749224,61.0,18.654434250764528,8.0,2024,1.0,2023,,,
13401,東京都 八丈町,,city,10244.0,9488.0,8231.0,7042.0,7042.0,2020,-31.2573213588442,-25.77993254637436,6255.0,5642.0,5196.0,-26.21414370917353,4343.0,3758.0,-13.469951646327427,1.8347525279403938,49.12187333688132,799.0,3415.0,2801.0,39.77563192274922,1956.0,37.644341801385686,-41.0,2024,-121.0,2023,,,
13402,東京都 青ヶ島村,,city,192.0,203.0,201.0,169.0,169.0,2020,-11.979166666666663,-16.748768472906406,152.0,146.0,146.0,-13.609467455621305,115.0,118.0,2.60869565217392,1.4322033898305084,76.27118644067797,21.0,117.0,31.0,18.34319526627219,24.0,16.43835616438356,5.0,2024,1.0,2023,,,
13421,東京都 小笠原村,,city,1879.0,2824.0,2785.0,2929.0,2929.0,2020,55.88078765300693,3.71813031161472,2721.0,2638.0,2563.0,-12.495732331853871,1355.0,1457.0,7.527675276752777,1.7453671928620453,59.50583390528483,416.0,2099.0,413.0,14.100375554796859,534.0,20.834959032383928,-115.0,2024,9.0,2023,,,
14100,神奈川県 横浜市,,city,2773674.0,3426651.0,3688773.0,3777491.0,3777491.0,2020,36.190878956935826,10.238568211352717,3756159.0,3664048.0,3537253.0,-6.359723954339003,1353526.0,1744208.0,28.86401886627963,2.126066386577748,40.08529945969747,441810.0,2316309.0,920583.0,24.370223516085147,1217519.0,34.41990154506902,10805.0,2024,-16774.0,2023,,,
14101,神奈川県 横浜市 鶴見区,,city,231477.0,254103.0,272178.0,297437.0,297437.0,2020,28.49527166845951,17.05371443863315,305166.0,307770.0,304106.0,2.24215548166502,108138.0,145406.0,34.46337087795224,2.0275641995516005,46.38735678032543,36803.0,190307.0,61321.0,20.61646668033903,89713.0,29.50056888058769,1567.0,2024,-1044.0,2023,,,
14102,神奈川県 横浜市 神奈川区,,city,201794.0,210724.0,233429.0,247267.0,247267.0,2020,22.534366730428058,17.341641198914214,253973.0,254558.0,249762.0,1.0090307238733942,94846.0,129048.0,36.06056133099973,1.8933962556568098,51.481619242452425,26954.0,158506.0,52276.0,21.141519086655318,75952.0,30.40975008207814,2471.0,2024,-758.0,2023,,,
14103,神奈川県 横浜市 西区,,city,80539.0,78320.0,94867.0,104935.0,104935.0,2020,30.290914960453954,33.982379979570986,111884.0,114903.0,114296.0,8.920760470767618,36158.0,57015.0,57.682947065656286,1.8236253617469087,53.70165745856353,11437.0,70904.0,19860.0,18.926001810644685,32117.0,28.099846013858752,808.0,2024,-198.0,2023,,,
14104,神奈川県 横浜市 中区,,city,121476.0,124718.0,146033.0,151388.0,151388.0,2020,24.623794000460997,21.384242851873836,153695.0,153219.0,149935.0,-0.9597854519512783,54132.0,79335.0,46.558412768787406,1.8147601941135691,54.03289846851956,14687.0,92756.0,34057.0,22.49649906201284,49765.0,33.191049454763736,974.0,2024,-1170.0,2023,,,
14105,神奈川県 横浜市 南区,,city,192020.0,195242.0,196153.0,198157.0,198157.0,2020,3.1960212477866845,1.4930189201094013,192963.0,184942.0,176497.0,-10.930726646043286,83972.0,103427.0,23.168437098080318,1.890512148665242,50.52259081284384,19082.0,120735.0,52098.0,26.291274090746224,60575.0,34.3206966690652,1059.0,2024,-1558.0,2023,,,
14106,神奈川県 横浜市 保土ケ谷区,,city,179860.0,201642.0,206634.0,207811.0,207811.0,2020,15.540420326920934,3.059382469921945,202759.0,196255.0,188739.0,-9.177570003512802,81138.0,98965.0,21.971209544233282,2.0551103925630274,43.163744758247866,22010.0,125592.0,53928.0,25.950503101375773,66786.0,35.38537345222768,448.0,2024,-1291.0,2023,,,
14107,神奈川県 横浜市 磯子区,,city,156586.0,165015.0,163237.0,166731.0,166731.0,2020,6.478867842591285,1.039905463139723,163670.0,157759.0,150823.0,-9.54111712878829,65973.0,78628.0,19.182089642732624,2.09148140611487,40.83914127282902,18866.0,95645.0,45053.0,27.02136975127601,55120.0,36.54615012299185,-341.0,2024,-1023.0,2023,,,
14108,神奈川県 横浜市 金沢区,,city,154687.0,205439.0,209274.0,198939.0,198939.0,2020,28.607446003865867,-3.1639562108460417,184829.0,168216.0,151903.0,-23.6434283875962,77205.0,89779.0,16.286509941065997,2.1855333652635918,35.97946067565912,21575.0,114166.0,58735.0,29.524125485701646,60396.0,39.759583418365665,-303.0,2024,-1398.0,2023,,,
14109,神奈川県 横浜市 港北区,,city,265506.0,294305.0,329471.0,358530.0,358530.0,2020,35.03649635036496,21.822599004434174,374807.0,381176.0,377644.0,5.331213566507675,128304.0,175177.0,36.53276593091408,2.023627531011491,45.0772647094082,43403.0,233947.0,68932.0,19.22628510863805,110279.0,29.201840887184755,2517.0,2024,-58.0,2023,,,
14110,神奈川県 横浜市 戸塚区,,city,402239.0,251020.0,274324.0,283709.0,283709.0,2020,-29.467555358878673,13.022468329216785,284834.0,279849.0,271988.0,-4.131345850854218,94103.0,121796.0,29.428392293550676,2.2824887516831422,32.7908962527505,36456.0,169787.0,72489.0,25.550476015917717,94688.0,34.8133005867906,337.0,2024,-1085.0,2023,,,
14111,神奈川県 横浜市 港南区,,city,185713.0,222596.0,221411.0,215248.0,215248.0,2020,15.903571640111359,-3.3010476378731,205232.0,190523.0,177351.0,-17.60620307738051,82326.0,95430.0,15.917207200641359,2.2102693073456985,34.3623598449125,23477.0,126300.0,61517.0,28.57959191258455,68043.0,38.36629057631477,-388.0,2024,-1174.0,2023,,,
14112,神奈川県 横浜市 旭区,,city,210887.0,252836.0,251086.0,245174.0,245174.0,2020,16.25847017597102,-3.0304228828173185,234130.0,221389.0,209948.0,-14.367755145325356,93801.0,106792.0,13.849532520975249,2.2360476440182784,34.0989961794891,27724.0,140995.0,72746.0,29.671172310277598,80746.0,38.45999961895327,911.0,2024,-1887.0,2023,,,
14113,神奈川県 横浜市 緑区,,city,289766.0,158159.0,177631.0,183082.0,183082.0,2020,-36.817293954432195,15.758192704809716,183536.0,180610.0,175764.0,-3.9971160463617372,59007.0,79305.0,34.39930855661193,2.2622911544038837,34.224828194943576,23051.0,112148.0,44623.0,24.373231666684873,62694.0,35.66942035911791,423.0,2024,-728.0,2023,,,
14114,神奈川県 横浜市 瀬谷区,,city,101124.0,121711.0,126913.0,122623.0,122623.0,2020,21.2600371820735,0.7493160026620371,115024.0,106047.0,97706.0,-20.32000521924925,44494.0,52260.0,17.454038746797316,2.290489858400306,32.67125908916954,14176.0,71781.0,34579.0,28.1994405617217,40568.0,41.52047980676724,446.0,2024,-827.0,2023,,,
14115,神奈川県 横浜市 栄区,,city,,118315.0,124866.0,120194.0,120194.0,2020,,1.5881333727760572,117530.0,108283.0,100931.0,-16.02659034560794,43331.0,52438.0,21.01728554614479,2.252488653266715,32.112208703611884,13460.0,67310.0,37447.0,31.155465331048138,39714.0,39.34767316285383,207.0,2024,-730.0,2023,,,
14116,神奈川県 横浜市 泉区,,city,,147370.0,155698.0,152378.0,152378.0,2020,,3.3982493044717454,145993.0,137414.0,129194.0,-15.214794786648989,50497.0,62637.0,24.0410321405232,2.3678017785015246,28.03614477066271,17792.0,88790.0,44188.0,28.998936854401553,52564.0,40.686099973682985,727.0,2024,-872.0,2023,,,
14117,神奈川県 横浜市 青葉区,,city,,270044.0,304297.0,310756.0,310756.0,2020,,15.076061678837526,307107.0,300219.0,291334.0,-6.249919551030391,101862.0,132502.0,30.079912037855138,2.3011350772063817,32.00781874990567,39002.0,197248.0,68106.0,21.91623009692492,105091.0,36.072343083883105,-733.0,2024,-833.0,2023,,,
14118,神奈川県 横浜市 都筑区,,city,,155092.0,201271.0,213132.0,213132.0,2020,,37.422948959327364,219027.0,220916.0,219332.0,2.908995364375122,54239.0,84268.0,55.364221316764684,2.4797432002658186,27.62495846584706,31855.0,139392.0,38628.0,18.123979505658465,72708.0,33.149745591158606,-325.0,2024,-140.0,2023,,,
14130,神奈川県 川崎市,,city,1040802.0,1249905.0,1425512.0,1538262.0,1538262.0,2020,47.79583436619068,23.07031334381413,1567243.0,1607068.0,1605531.0,4.373052184868387,539836.0,745988.0,38.18789410117147,2.0301425760199896,45.67298669683695,189490.0,1001271.0,301151.0,19.577354182837514,469545.0,29.245464584614062,6461.0,2024,-2555.0,2023,,,
14131,神奈川県 川崎市 川崎区,,city,199148.0,194091.0,217328.0,232965.0,232965.0,2020,16.980838371462426,20.028749401054146,230563.0,236733.0,237178.0,1.8084261584358163,83606.0,122879.0,46.973901394636755,1.87158098617339,54.08328518298489,24813.0,147628.0,49709.0,21.337539973815808,69626.0,29.356011097150663,1321.0,2024,-1346.0,2023,,,
14132,神奈川県 川崎市 幸区,,city,138585.0,136487.0,154212.0,171119.0,171119.0,2020,23.475845149186412,25.37384512810743,175612.0,182689.0,185125.0,8.184947317363944,57298.0,80003.0,39.62616496212783,2.1080209492144046,41.63593865230054,22919.0,109665.0,36643.0,21.413753002296648,51578.0,27.861174881836597,1666.0,2024,-259.0,2023,,,
14133,神奈川県 川崎市 中原区,,city,185283.0,198300.0,233925.0,263683.0,263683.0,2020,42.31364993010691,32.971759959657085,274606.0,287246.0,288992.0,9.59826761679745,94955.0,134619.0,41.771365383602756,1.9415981399356703,50.03751327821482,34069.0,183026.0,39332.0,14.916395823773243,70465.0,24.38302790388661,569.0,2024,420.0,2023,,,
14134,神奈川県 川崎市 高津区,,city,283996.0,182112.0,217360.0,234328.0,234328.0,2020,-17.488978718010117,28.67246529608154,237485.0,245157.0,246196.0,5.064695640299077,79839.0,113575.0,42.25503826450732,2.0301915034118423,45.753026634382564,29342.0,154646.0,43090.0,18.388754224847222,70223.0,28.523209150432987,809.0,2024,-176.0,2023,,,
14135,神奈川県 川崎市 多摩区,,city,233790.0,196637.0,213894.0,221734.0,221734.0,2020,-5.156764617819409,12.763111723632893,224626.0,225153.0,219860.0,-0.8451568095104944,89103.0,113427.0,27.298744150028618,1.9204157740220582,50.16706780572526,23445.0,147040.0,42661.0,19.239719664102033,64786.0,29.46693350313836,1926.0,2024,-158.0,2023,,,
14136,神奈川県 川崎市 宮前区,,city,,200040.0,218867.0,233728.0,233728.0,2020,,16.840631873625277,239939.0,241306.0,238818.0,2.1777450711938595,78864.0,102189.0,29.576232501521616,2.244390296411551,35.684858448561,31863.0,148225.0,47043.0,20.127241922234393,78584.0,32.90539239085831,-52.0,2024,-352.0,2023,,,
14137,神奈川県 川崎市 麻生区,,city,,142238.0,169926.0,180705.0,180705.0,2020,,27.04410916913904,184412.0,188784.0,189362.0,4.790680944080128,56171.0,79296.0,41.16893058695767,2.2283847861178367,35.63231436642453,23039.0,111041.0,42673.0,23.614731191721315,64283.0,33.94714884718159,222.0,2024,-684.0,2023,,,
14150,神奈川県 相模原市,,city,494255.0,681150.0,717544.0,725493.0,725493.0,2020,46.785161505700486,6.51001981942303,710265.0,682037.0,647739.0,-10.717401821933503,261924.0,332249.0,26.849391426520675,2.143964315919687,39.93390499294204,82532.0,435860.0,185236.0,25.532431050334047,242513.0,37.439925649065444,2268.0,2024,-4048.0,2023,,,
14151,神奈川県 相模原市 緑区,,city,,,176192.0,170207.0,170207.0,2020,,,162182.0,150284.0,137832.0,-19.020956834912784,,74855.0,,2.2277069000066794,35.92812771357959,18760.0,99493.0,47692.0,28.019999177472137,54963.0,39.87680654710082,171.0,2024,-1093.0,2023,,,
14152,神奈川県 相模原市 中央区,,city,,,266988.0,273875.0,273875.0,2020,,,269065.0,259025.0,246611.0,-9.954906435417621,,124658.0,,2.1619711530748127,39.75918111954307,32538.0,166179.0,66752.0,24.373162939297124,92215.0,37.392898127009744,956.0,2024,-1622.0,2023,,,
14153,神奈川県 相模原市 南区,,city,,,274364.0,281411.0,281411.0,2020,,,279018.0,272728.0,263296.0,-6.437203947251524,,132736.0,,2.0798276277724206,42.357009402121506,31234.0,170188.0,70792.0,25.156088425825573,95335.0,36.20829788526981,1141.0,2024,-1333.0,2023,,,
14201,神奈川県 横須賀市,,city,421107.0,428645.0,418325.0,388078.0,388078.0,2020,-7.8433747242387275,-9.464008678510194,350569.0,310150.0,272859.0,-29.689650018810653,155632.0,165101.0,6.084224324046472,2.2519124657028122,32.69695519712176,40747.0,221918.0,124727.0,32.13967295234463,114427.0,41.936311428246825,-611.0,2024,-3902.0,2023,,,
14203,神奈川県 平塚市,,city,214293.0,254633.0,260780.0,258422.0,258422.0,2020,20.59283317700531,1.4880239403376683,249773.0,235346.0,219555.0,-15.04012816246295,92943.0,112002.0,20.506116652141635,2.25508473062981,35.263656006142746,29331.0,151095.0,72510.0,28.058756607409585,86982.0,39.61740793878527,1439.0,2024,-1845.0,2023,,,
14204,神奈川県 鎌倉市,,city,172629.0,167583.0,174314.0,172710.0,172710.0,2020,0.04692143266773474,3.0593795313367034,167601.0,161425.0,156498.0,-9.386833420184127,65261.0,75607.0,15.853266116057064,2.2432049942465646,32.07639504278704,19587.0,98856.0,53378.0,30.90614324590354,60926.0,38.93084895653619,276.0,2024,-1385.0,2023,,,
14205,神奈川県 藤沢市,,city,300248.0,379185.0,409657.0,436905.0,436905.0,2020,45.51470784151768,15.222121128209176,444890.0,441925.0,432600.0,-0.9853400624849851,148322.0,192960.0,30.095333126575973,2.2262385986733,36.2448175787728,56803.0,265260.0,106517.0,24.379899520490724,153249.0,35.4251040221914,1514.0,2024,-1644.0,2023,,,
14206,神奈川県 小田原市,,city,177467.0,200173.0,198327.0,188856.0,188856.0,2020,6.417531146635702,-5.653609627672063,176703.0,162418.0,147647.0,-21.8203287160588,71379.0,81622.0,14.350159010353192,2.260297468819681,34.74430913234177,20684.0,108355.0,56588.0,29.963570127504553,60925.0,41.26396066293253,380.0,2024,-1608.0,2023,,,
14207,神奈川県 茅ヶ崎市,,city,171016.0,220809.0,235081.0,242389.0,242389.0,2020,41.734691490854644,9.773152362449,240143.0,234251.0,227316.0,-6.218516516838635,80822.0,102364.0,26.653633911558728,2.332196866085733,30.322183580164904,31061.0,144452.0,64882.0,26.767716356765366,83465.0,36.71760896725264,734.0,2024,-1170.0,2023,,,
14208,神奈川県 逗子市,,city,58479.0,57281.0,58302.0,57060.0,57060.0,2020,-2.426512081259935,-0.38581728670937787,53972.0,51056.0,49027.0,-14.078163336838411,21936.0,24837.0,13.224835886214436,2.2655312638402383,30.23714619317953,6386.0,31144.0,17948.0,31.454609183315807,19676.0,40.13298794541783,-115.0,2024,-534.0,2023,,,
14210,神奈川県 三浦市,,city,48687.0,52253.0,48352.0,42069.0,42069.0,2020,-13.592950890381417,-19.48979005990087,35987.0,29456.0,23251.0,-44.73127481043049,17219.0,17153.0,-0.3832975201811917,2.334518743077013,29.586661225441613,3472.0,21264.0,17158.0,40.785376405429176,13050.0,56.12661820996946,-47.0,2024,-661.0,2023,,,
14211,神奈川県 秦野市,,city,123133.0,168142.0,170145.0,162439.0,162439.0,2020,31.921580729779997,-3.391775998858104,153436.0,139888.0,126201.0,-22.30868202833064,63335.0,70325.0,11.036551669692907,2.25269818698898,35.068610024884464,17797.0,93225.0,48518.0,29.868442923189626,52687.0,41.74848059841047,517.0,2024,-1296.0,2023,,,
14212,神奈川県 厚木市,,city,145392.0,217369.0,224420.0,223705.0,223705.0,2020,53.86334873995817,2.914859064540032,216520.0,203307.0,189139.0,-15.451599204309252,83363.0,100132.0,20.115638832575613,2.1889006511404947,38.73287260815723,26156.0,136825.0,57522.0,25.713327820120245,70813.0,37.43966077858083,429.0,2024,-1159.0,2023,,,
14213,神奈川県 大和市,,city,167935.0,212761.0,228186.0,239169.0,239169.0,2020,42.41760204841158,12.412049200746367,242798.0,238603.0,230831.0,-3.4862377649277243,84243.0,110397.0,31.045902923685055,2.133182966928449,40.723932715562924,28937.0,146702.0,56696.0,23.705413326977993,78804.0,34.1392620575226,1228.0,2024,-772.0,2023,,,
14214,神奈川県 伊勢原市,,city,70052.0,99544.0,101039.0,101780.0,101780.0,2020,45.29206874892937,2.2462428674756785,98528.0,93211.0,87248.0,-14.277854195323247,37732.0,45286.0,20.020142054489565,2.204831515258579,38.03382943956189,11659.0,61640.0,26579.0,26.11416781292985,32903.0,37.7120392444526,128.0,2024,-633.0,2023,,,
14215,神奈川県 海老名市,,city,77498.0,117519.0,127707.0,136516.0,136516.0,2020,76.15422333479573,16.16504565219241,141416.0,138032.0,132870.0,-2.6707492162090896,42721.0,58225.0,36.29128531635495,2.3038385573207387,32.42765135251181,17660.0,82979.0,33825.0,24.77731547950423,45665.0,34.368179423496656,1410.0,2024,-328.0,2023,,,
14216,神奈川県 座間市,,city,93503.0,125694.0,129436.0,132325.0,132325.0,2020,41.51952343775065,5.2755103664454905,129740.0,124858.0,119047.0,-10.034385036841108,49002.0,60153.0,22.756214032080322,2.1679051751367346,37.71715458913105,14957.0,80388.0,33638.0,25.420744379368976,43878.0,36.857711660100634,487.0,2024,-721.0,2023,,,
14217,神奈川県 南足柄市,,city,39919.0,44156.0,44020.0,40841.0,40841.0,2020,2.3096770961196444,-7.507473503034701,36729.0,32071.0,27551.0,-32.54082906882789,14324.0,16241.0,13.383133203015918,2.461363216550705,25.915891878578908,4492.0,22509.0,13440.0,32.9081070492887,13047.0,47.35581285615767,-44.0,2024,-419.0,2023,,,
14218,神奈川県 綾瀬市,,city,65078.0,81019.0,83167.0,83913.0,83913.0,2020,28.942192445987903,3.5720016292474677,80997.0,76695.0,72966.0,-13.045654427800224,28330.0,34760.0,22.696787857394995,2.3655638665132335,30.77963176064442,10852.0,48874.0,23186.0,27.630998772538224,25588.0,35.06838801633638,25.0,2024,-505.0,2023,,,
14301,神奈川県 葉山町,,city,28359.0,30413.0,32766.0,31665.0,31665.0,2020,11.657674812228924,4.116660638542724,29800.0,28089.0,27051.0,-14.57129322595926,10995.0,12913.0,17.444292860391087,2.4051730813908465,25.25362038256021,3955.0,17156.0,10071.0,31.804831833254383,11298.0,41.76555395364312,-135.0,2024,-306.0,2023,,,
14321,神奈川県 寒川町,,city,36417.0,46369.0,47672.0,48348.0,48348.0,2020,32.762171513304224,4.267937630744689,46981.0,44677.0,42167.0,-12.784396459005542,15933.0,19827.0,24.43984183769534,2.3966308569122914,29.75235789579866,6165.0,28431.0,13250.0,27.405476958715973,15513.0,36.78943249460478,69.0,2024,-264.0,2023,,,
14341,神奈川県 大磯町,,city,29931.0,32259.0,33032.0,31634.0,31634.0,2020,5.689753098793893,-1.9374438141293915,29920.0,27869.0,26091.0,-17.522286147815645,11029.0,12675.0,14.924290506845583,2.4439447731755424,24.015779092702168,3569.0,17192.0,10853.0,34.30802301321363,11306.0,43.33295005940746,31.0,2024,-305.0,2023,,,
14342,神奈川県 二宮町,,city,27221.0,30802.0,29522.0,27564.0,27564.0,2020,1.2600565739686376,-10.51230439581845,24752.0,21489.0,18672.0,-32.25946887244232,10917.0,11530.0,5.615095722268015,2.3438855160450998,27.458803122289677,2828.0,14887.0,9682.0,35.12552604846902,9099.0,48.73071979434447,0.0,2024,-293.0,2023,,,
14361,神奈川県 中井町,,city,8626.0,10222.0,10010.0,9300.0,9300.0,2020,7.813586830512409,-9.019761299158679,8287.0,7128.0,5995.0,-35.537634408602145,3067.0,3425.0,11.672644277795886,2.5845255474452555,22.686131386861312,839.0,4836.0,3303.0,35.516129032258064,3080.0,51.37614678899083,33.0,2024,-116.0,2023,,,
14362,神奈川県 大井町,,city,12832.0,16582.0,17972.0,17129.0,17129.0,2020,33.48659600997506,3.2987576890604275,16272.0,14809.0,13312.0,-22.283846108938054,5468.0,6653.0,21.671543525969273,2.531038629189839,25.988275965729745,2019.0,10031.0,4963.0,28.974254188802618,5744.0,43.14903846153847,78.0,2024,-92.0,2023,,,
14363,神奈川県 松田町,,city,12601.0,12987.0,11676.0,10836.0,10836.0,2020,-14.00682485517023,-16.562716562716563,9765.0,8563.0,7399.0,-31.718346253229978,4452.0,4567.0,2.5831087151841903,2.3492445806875413,32.034158090650315,1030.0,6030.0,3651.0,33.693244739756366,3265.0,44.127584808757945,-319.0,2024,-101.0,2023,,,
14364,神奈川県 山北町,,city,13803.0,13605.0,11764.0,9761.0,9761.0,2020,-29.283489096573213,-28.254318265343624,8033.0,6314.0,4762.0,-51.21401495748387,4009.0,3843.0,-4.140683462210026,2.4798334634400208,26.04735883424408,821.0,5039.0,3873.0,39.67831164839668,2663.0,55.921881562368746,-9.0,2024,-145.0,2023,,,
14366,神奈川県 開成町,,city,10673.0,13396.0,16369.0,18329.0,18329.0,2020,71.73240888222618,36.824425201552714,19146.0,19155.0,18790.0,2.515139942168143,4206.0,6924.0,64.62196861626248,2.5678798382437895,24.191218948584634,2709.0,10804.0,4768.0,26.01342135413825,6697.0,35.64129856306546,-3.0,2024,-50.0,2023,,,
14382,神奈川県 箱根町,,city,19882.0,15829.0,13853.0,11293.0,11293.0,2020,-43.199879287798005,-28.65626381957167,9650.0,7948.0,6644.0,-41.1670946604091,7375.0,6348.0,-13.925423728813557,1.6874606175173283,60.38122243226213,683.0,5940.0,4120.0,36.48277694146817,2678.0,40.307043949428056,-84.0,2024,-139.0,2023,,,
14383,神奈川県 真鶴町,,city,9968.0,9075.0,8212.0,6722.0,6722.0,2020,-32.56420545746388,-25.928374655647378,5576.0,4412.0,3364.0,-49.955370425468615,3188.0,2959.0,-7.1831869510665,2.227779655288949,30.68604258195336,446.0,3344.0,2923.0,43.48408211841714,2098.0,62.36623067776457,-42.0,2024,-127.0,2023,,,
14384,神奈川県 湯河原町,,city,25456.0,27721.0,26848.0,23426.0,23426.0,2020,-7.974544311753617,-15.493669059557735,20566.0,17582.0,14614.0,-37.61632374284982,10465.0,10662.0,1.8824653607262265,2.087882198461827,38.482461076721066,1749.0,11477.0,9961.0,42.52113036796722,8731.0,59.744081018201726,-65.0,2024,-469.0,2023,,,
14401,神奈川県 愛川町,,city,29873.0,42760.0,42089.0,39869.0,39869.0,2020,33.46165433669199,-6.760991580916742,36914.0,32875.0,28573.0,-28.332789886879528,14298.0,17062.0,19.331375017484966,2.3091665689837066,32.428789122025556,4231.0,23225.0,11947.0,29.96563746269031,12672.0,44.34956077415742,155.0,2024,-365.0,2023,,,
14402,神奈川県 清川村,,city,3539.0,3482.0,3459.0,3038.0,3038.0,2020,-14.156541395874545,-12.75129236071223,2676.0,2267.0,1929.0,-36.504279131007245,1080.0,1124.0,4.074074074074074,2.4359430604982206,24.555160142348754,306.0,1600.0,1131.0,37.22843976300197,894.0,46.3452566096423,-30.0,2024,-22.0,2023,,,
15100,新潟県 新潟市,,city,730733.0,808969.0,811901.0,789275.0,789275.0,2020,8.01140772347766,-2.4344566973518167,738295.0,680256.0,616385.0,-21.904912736371983,281424.0,330697.0,17.5084569901643,2.322506705534069,35.11915741600317,91023.0,450987.0,230990.0,29.266098634823095,246555.0,40.00016223626467,-20.0,2024,-6185.0,2023,,,
15101,新潟県 新潟市 北区,,city,,,77621.0,72804.0,72804.0,2020,,,65639.0,57328.0,48757.0,-33.02977858359431,,27344.0,,2.572264482153306,27.618490345231127,8148.0,40231.0,22508.0,30.915883742651502,21326.0,43.73936050208175,-277.0,2024,-667.0,2023,,,
15102,新潟県 新潟市 東区,,city,,,138096.0,134446.0,134446.0,2020,,,123147.0,112476.0,101183.0,-24.740788123112623,,57417.0,,2.2983959454516953,33.86975982722887,15846.0,77848.0,38819.0,28.873302292370173,40807.0,40.32989731476631,150.0,2024,-1068.0,2023,,,
15103,新潟県 新潟市 中央区,,city,,,180537.0,180345.0,180345.0,2020,,,175559.0,168038.0,158408.0,-12.16390806509745,,90748.0,,1.9455194604839776,48.652311896680914,19565.0,107451.0,46509.0,25.788904599517593,56269.0,35.52156456744609,776.0,2024,-1072.0,2023,,,
15104,新潟県 新潟市 江南区,,city,,,69365.0,67972.0,67972.0,2020,,,65088.0,61248.0,56849.0,-16.364091096333787,,24847.0,,2.6389906226103754,23.495794260876565,8711.0,38303.0,20495.0,30.152121461778382,22236.0,39.114144488029694,260.0,2024,-482.0,2023,,,
15105,新潟県 新潟市 秋葉区,,city,,,77329.0,75069.0,75069.0,2020,,,68967.0,63487.0,57670.0,-23.177343510636884,,27945.0,,2.6300948291286455,24.158167829665413,9030.0,41311.0,23887.0,31.820058879164502,23932.0,41.498179295994454,90.0,2024,-697.0,2023,,,
15106,新潟県 新潟市 南区,,city,,,46949.0,43437.0,43437.0,2020,,,39072.0,34251.0,28957.0,-33.335635518106685,,14871.0,,2.8185730616636406,21.511667002891535,4910.0,24371.0,13657.0,31.440937449639705,13785.0,47.60506958593777,-110.0,2024,-429.0,2023,,,
15107,新潟県 新潟市 西区,,city,,,161264.0,160656.0,160656.0,2020,,,153998.0,144011.0,132527.0,-17.50883876107957,,68883.0,,2.2567687237780003,36.78991913824892,19165.0,91892.0,46131.0,28.714146997311023,51539.0,38.88943385121522,-658.0,2024,-1152.0,2023,,,
15108,新潟県 新潟市 西蒲区,,city,,,60740.0,54546.0,54546.0,2020,,,46825.0,39417.0,32034.0,-41.27158728412715,,18642.0,,2.829846582984658,20.695204377212743,5648.0,29580.0,18984.0,34.80365196348036,16661.0,52.010363988262476,-251.0,2024,-618.0,2023,,,
15202,新潟県 長岡市,,city,289234.0,292887.0,282674.0,266936.0,266936.0,2020,-7.709328778774283,-8.860413743184237,245260.0,221942.0,197104.0,-26.16057781640543,93347.0,104168.0,11.59223113758343,2.494115275324476,31.024882881499117,31270.0,149389.0,83371.0,31.232580094104957,81099.0,41.14528370809319,-835.0,2024,-2498.0,2023,,,
15204,新潟県 三条市,,city,109429.0,107662.0,102292.0,94642.0,94642.0,2020,-13.512871359511646,-12.093403429250804,84538.0,73796.0,63029.0,-33.40271760951797,30867.0,33939.0,9.95237632422976,2.7148707976074724,24.432069300804386,10607.0,51991.0,31258.0,33.02761987278375,28567.0,45.32358120864999,-231.0,2024,-999.0,2023,,,
15205,新潟県 柏崎市,,city,95892.0,97896.0,91451.0,81526.0,81526.0,2020,-14.981437450465107,-16.72182724523985,70306.0,60718.0,51217.0,-37.17709687706989,33379.0,33839.0,1.3781119865783786,2.3436567274446642,33.623925056887025,8633.0,44253.0,27398.0,33.606456835856044,23261.0,45.416560907511176,-306.0,2024,-1024.0,2023,,,
15206,新潟県 新発田市,,city,102134.0,106016.0,101202.0,94927.0,94927.0,2020,-7.056416080834982,-10.459741925747057,85041.0,75114.0,65061.0,-31.462070854446043,31860.0,35126.0,10.25109855618329,2.628252576439105,26.720947446336048,11067.0,52607.0,30646.0,32.28375488533294,27942.0,42.947387836030806,-258.0,2024,-1012.0,2023,,,
15208,新潟県 小千谷市,,city,44963.0,41641.0,38600.0,34096.0,34096.0,2020,-24.168760981251246,-18.11916140342451,29546.0,25060.0,20714.0,-39.248005631159074,12240.0,12086.0,-1.2581699346405184,2.7555022339897404,24.036074797286116,3823.0,17981.0,12092.0,35.464570624120135,9803.0,47.32548035145312,-189.0,2024,-366.0,2023,,,
15209,新潟県 加茂市,,city,36705.0,33085.0,29762.0,25441.0,25441.0,2020,-30.68791717749625,-23.104125736738702,20829.0,16734.0,13027.0,-48.79525175897174,9601.0,9389.0,-2.208103322570565,2.674938758121206,24.45414847161572,2407.0,13607.0,9356.0,36.77528399040918,7076.0,54.317955016504186,-143.0,2024,-364.0,2023,,,
15210,新潟県 十日町市,,city,78791.0,65033.0,58911.0,49820.0,49820.0,2020,-36.769427980353086,-23.39273907093322,40416.0,32702.0,26029.0,-47.75391409072661,19324.0,17959.0,-7.06375491616642,2.7028787794420626,24.83991313547525,5255.0,24595.0,19838.0,39.81934965877158,13032.0,50.06723270198624,-375.0,2024,-636.0,2023,,,
15211,新潟県 見附市,,city,41833.0,43526.0,41862.0,39237.0,39237.0,2020,-6.205627136471204,-9.853880439277674,35528.0,31261.0,26906.0,-31.42696944210821,12431.0,14106.0,13.47437856970477,2.717354317311782,22.79171983553098,4495.0,21682.0,12939.0,32.976527257435585,11843.0,44.01620456403776,-80.0,2024,-391.0,2023,,,
15212,新潟県 村上市,,city,80206.0,73902.0,66427.0,57418.0,57418.0,2020,-28.41183951325337,-22.30521501447863,47270.0,38466.0,30615.0,-46.680483472081924,22250.0,21466.0,-3.5235955056179824,2.58939718624802,28.142178328519517,5520.0,29209.0,22619.0,39.39356996063952,16035.0,52.37628613424792,-428.0,2024,-864.0,2023,,,
15213,新潟県 燕市,,city,82984.0,84297.0,81876.0,77201.0,77201.0,2020,-6.968813265207752,-8.417855914208094,70263.0,62342.0,54136.0,-29.87655600316058,24804.0,28477.0,14.808095468472837,2.663342346455034,24.964006039962076,8863.0,43797.0,24060.0,31.165399411924717,23314.0,43.065612531402394,-35.0,2024,-688.0,2023,,,
15216,新潟県 糸魚川市,,city,61488.0,53021.0,47702.0,40765.0,40765.0,2020,-33.70251105906844,-23.115369381943008,33577.0,27605.0,22382.0,-45.09505703422053,17525.0,16402.0,-6.407988587731817,2.4181807096695525,30.11218144128765,4005.0,20213.0,16296.0,39.97546915245922,11083.0,49.517469395049595,-201.0,2024,-669.0,2023,,,
15217,新潟県 妙高市,,city,41980.0,39699.0,35457.0,30383.0,30383.0,2020,-27.6250595521677,-23.46658606010227,25304.0,20574.0,16190.0,-46.713622749563896,12079.0,11266.0,-6.73068962662472,2.616900408308184,26.220486419314753,3139.0,15826.0,11319.0,37.254385676200506,8347.0,51.55651636812847,-42.0,2024,-401.0,2023,,,
15218,新潟県 五泉市,,city,62516.0,58820.0,54550.0,47625.0,47625.0,2020,-23.819502207434894,-19.032641958517516,40036.0,33178.0,26794.0,-43.73963254593176,16452.0,16976.0,3.185023097495754,2.7420475966069744,24.752591894439206,4857.0,25570.0,17143.0,35.99580052493438,13533.0,50.5075763230574,-250.0,2024,-591.0,2023,,,
15222,新潟県 上越市,,city,216320.0,211870.0,203899.0,188047.0,188047.0,2020,-13.069988905325447,-11.24415915419833,166710.0,147248.0,127657.0,-32.11431184757002,67476.0,72655.0,7.675321595826667,2.5066685018236874,30.145206799256762,22044.0,102314.0,61460.0,32.68331853206911,56033.0,43.89340185027065,-665.0,2024,-1754.0,2023,,,
15223,新潟県 阿賀野市,,city,47490.0,48456.0,45560.0,40696.0,40696.0,2020,-14.306169719941042,-16.014528644543503,35509.0,30225.0,24893.0,-38.83182622370749,12624.0,13457.0,6.598542458808621,2.935646875232221,20.769859552649176,4501.0,22065.0,14011.0,34.42844505602516,12103.0,48.62009400232997,-164.0,2024,-497.0,2023,,,
15224,新潟県 佐渡市,,city,84942.0,72173.0,62727.0,51492.0,51492.0,2020,-39.37981210708483,-28.654760090338492,41095.0,32955.0,25968.0,-49.56886506641809,25285.0,21197.0,-16.16768835277833,2.3445770627919047,33.09430579799028,5143.0,24279.0,21927.0,42.58331391284083,13840.0,53.29636475662354,-289.0,2024,-1077.0,2023,,,
15225,新潟県 魚沼市,,city,48482.0,45386.0,40361.0,34483.0,34483.0,2020,-28.87463388474073,-24.022826422244748,28510.0,23306.0,18436.0,-46.53597424818027,13363.0,12655.0,-5.298211479458203,2.6504938759383645,25.90280521532991,3610.0,17816.0,12899.0,37.406838152132934,9456.0,51.2909524842699,-258.0,2024,-398.0,2023,,,
15226,新潟県 南魚沼市,,city,62830.0,65492.0,61624.0,54851.0,54851.0,2020,-12.69934744548783,-16.247785989128438,48366.0,42085.0,35646.0,-35.01303531385025,18626.0,19526.0,4.831955331257376,2.7382976544095055,27.691283416982486,6561.0,29347.0,18391.0,33.529014967821915,16003.0,44.8942377826404,-432.0,2024,-490.0,2023,,,
15227,新潟県 胎内市,,city,35605.0,34278.0,31424.0,28509.0,28509.0,2020,-19.92978514253616,-16.830036758270605,24473.0,20825.0,17257.0,-39.46823810024904,9554.0,10276.0,7.557044169981153,2.64850136239782,26.245620864149476,2968.0,15165.0,10262.0,35.99565049633449,8047.0,46.63035290027236,-143.0,2024,-371.0,2023,,,
15307,新潟県 聖籠町,,city,12232.0,13313.0,13724.0,14259.0,14259.0,2020,16.57128842380642,7.10583640051079,13740.0,13215.0,12480.0,-12.476330738480957,3437.0,4796.0,39.54029677043933,2.8513344453711427,25.813177648040032,2073.0,8390.0,3716.0,26.060733571779227,4256.0,34.1025641025641,-121.0,2024,-44.0,2023,,,
15342,新潟県 弥彦村,,city,7910.0,8535.0,8582.0,7705.0,7705.0,2020,-2.5916561314791364,-9.724663151728175,6861.0,5966.0,5026.0,-34.769630110317976,2422.0,2596.0,7.184145334434344,2.903312788906009,19.375963020030817,925.0,4305.0,2471.0,32.07008436080467,2451.0,48.76641464385197,17.0,2024,-71.0,2023,,,
15361,新潟県 田上町,,city,11396.0,13643.0,12791.0,11227.0,11227.0,2020,-1.4829764829764835,-17.70871509198857,9492.0,7685.0,5950.0,-47.002761200676936,3888.0,3983.0,2.44341563786008,2.748932965101682,21.94325885011298,1019.0,5960.0,4228.0,37.65921439387191,3431.0,57.66386554621848,-78.0,2024,-133.0,2023,,,
15385,新潟県 阿賀町,,city,20280.0,15813.0,13303.0,9965.0,9965.0,2020,-50.86291913214991,-36.982229810915065,7398.0,5382.0,3802.0,-61.846462619167085,5208.0,4048.0,-22.273425499231948,2.370800395256917,31.818181818181817,673.0,4346.0,4944.0,49.61364776718515,2427.0,63.834823776959496,-147.0,2024,-252.0,2023,,,
15405,新潟県 出雲崎町,,city,7048.0,5814.0,4907.0,4113.0,4113.0,2020,-41.64301929625426,-29.25696594427245,3406.0,2759.0,2158.0,-47.5322149282762,1812.0,1528.0,-15.67328918322296,2.5837696335078535,27.225130890052355,372.0,1936.0,1803.0,43.83661560904449,1227.0,56.85820203892493,-7.0,2024,-85.0,2023,,,
15461,新潟県 湯沢町,,city,9514.0,9130.0,8396.0,7767.0,7767.0,2020,-18.362413285684255,-14.928806133625406,7038.0,6233.0,5408.0,-30.372087034891205,3305.0,3579.0,8.290468986384258,2.1318804135233305,43.75523889354568,678.0,4012.0,2958.0,38.08420239474701,2802.0,51.812130177514796,39.0,2024,-128.0,2023,,,
15482,新潟県 津南町,,city,13841.0,12389.0,10881.0,8989.0,8989.0,2020,-35.055270572935484,-27.44370005650174,7300.0,5928.0,4713.0,-47.56925130715318,3647.0,3108.0,-14.779270633397312,2.7715572715572714,22.972972972972975,882.0,4273.0,3767.0,41.906774947157636,2395.0,50.81688945469976,-62.0,2024,-149.0,2023,,,
15504,新潟県 刈羽村,,city,5346.0,5028.0,4800.0,4380.0,4380.0,2020,-18.0695847362514,-12.887828162291171,4060.0,3786.0,3532.0,-19.3607305936073,1430.0,1592.0,11.328671328671325,2.7418341708542715,24.560301507537687,558.0,2379.0,1408.0,32.146118721461185,1259.0,35.645526613816536,-28.0,2024,-26.0,2023,,,
15581,新潟県 関川村,,city,8638.0,7510.0,6438.0,5144.0,5144.0,2020,-40.44917805047464,-31.504660452729695,4024.0,3096.0,2300.0,-55.28771384136859,2033.0,1751.0,-13.871126414166257,2.8463735008566533,22.44431753283838,467.0,2458.0,2219.0,43.13763608087092,1280.0,55.65217391304348,-49.0,2024,-101.0,2023,,,
15586,新潟県 粟島浦村,,city,595.0,449.0,366.0,353.0,353.0,2020,-40.67226890756302,-21.380846325167035,275.0,218.0,189.0,-46.45892351274787,187.0,153.0,-18.181818181818176,2.1176470588235294,46.40522875816993,42.0,165.0,146.0,41.359773371104815,57.0,30.158730158730158,-2.0,2024,-5.0,2023,,,
16201,富山県 富山市,,city,391554.0,420804.0,421953.0,413938.0,413938.0,2020,5.716708295662931,-1.6316384825239338,387415.0,363524.0,338229.0,-18.28993714034469,145197.0,171528.0,18.134672203971157,2.3461942073597313,33.822466302877665,48134.0,235817.0,122767.0,29.658306316404868,129230.0,38.20784143287536,-811.0,2024,-3102.0,2023,,,
16202,富山県 高岡市,,city,186900.0,185682.0,176061.0,166393.0,166393.0,2020,-10.972177635098978,-10.3881905623593,151998.0,135667.0,119270.0,-28.320301935778545,58936.0,65463.0,11.074725125559937,2.4823640835281,29.9543253440875,16902.0,86993.0,54956.0,33.027831699650825,51563.0,43.232162320784774,184.0,2024,-1720.0,2023,,,
16204,富山県 魚津市,,city,49512.0,47136.0,44959.0,40535.0,40535.0,2020,-18.130958151559216,-14.004158180583847,35873.0,31085.0,26450.0,-34.74774885901073,14862.0,15750.0,5.974969721437229,2.470666666666667,30.565079365079367,3923.0,21193.0,13906.0,34.30615517454052,11998.0,45.36105860113421,-167.0,2024,-448.0,2023,,,
16205,富山県 氷見市,,city,62413.0,56680.0,51726.0,43950.0,43950.0,2020,-29.581978113534035,-22.459421312632323,35522.0,28356.0,21973.0,-50.00455062571103,16166.0,15726.0,-2.721761722132876,2.730955106193565,22.561363347322903,4022.0,22499.0,17391.0,39.569965870307165,12120.0,55.1586037409548,-359.0,2024,-662.0,2023,,,
16206,富山県 滑川市,,city,30744.0,33363.0,33676.0,32349.0,32349.0,2020,5.220530835284931,-3.0392950274255925,30412.0,28105.0,25699.0,-20.55704967696065,10422.0,12092.0,16.02379581654194,2.6261991399272246,25.033079722130335,4047.0,18432.0,9744.0,30.12148752666234,9823.0,38.22327717031791,-8.0,2024,-255.0,2023,,,
16207,富山県 黒部市,,city,43096.0,43084.0,41852.0,39638.0,39638.0,2020,-8.023946537961757,-7.9983288459752995,36419.0,32911.0,29373.0,-25.89686664312024,13761.0,15203.0,10.478889615580256,2.5610734723409854,27.61954877326843,4645.0,21761.0,12517.0,31.578283465361523,11798.0,40.166138971163996,-136.0,2024,-343.0,2023,,,
16208,富山県 砺波市,,city,43530.0,48092.0,49410.0,48154.0,48154.0,2020,10.622559154606016,0.1289195708225943,45125.0,41700.0,37730.0,-21.64721518461602,13523.0,17102.0,26.466020853360938,2.745117530113437,26.39457373406619,5911.0,27087.0,14593.0,30.304855256053493,15697.0,41.60349854227405,-178.0,2024,-383.0,2023,,,
16209,富山県 小矢部市,,city,36497.0,34625.0,32067.0,28983.0,28983.0,2020,-20.5879935337151,-16.294584837545123,24662.0,20865.0,17263.0,-40.43749784356346,9306.0,9673.0,3.943692241564589,2.8732554533236843,21.74092835728316,2940.0,15086.0,10817.0,37.32187834247662,8375.0,48.51416323929792,-83.0,2024,-319.0,2023,,,
16210,富山県 南砺市,,city,66844.0,60182.0,54724.0,47937.0,47937.0,2020,-28.28526120519418,-20.34661526702336,39572.0,32339.0,25965.0,-45.83515864572251,16813.0,16410.0,-2.3969547374055766,2.8323583180987204,22.79098110907983,4979.0,24165.0,18753.0,39.12009512485137,13185.0,50.77989601386482,-187.0,2024,-658.0,2023,,,
16211,富山県 射水市,,city,91317.0,93503.0,93588.0,90742.0,90742.0,2020,-0.6296746498461459,-2.952846432734779,84803.0,77777.0,70502.0,-22.304996583720882,28226.0,33752.0,19.577694324381767,2.6283775776250295,25.9480919649206,11269.0,51219.0,27743.0,30.57349408212294,27048.0,38.36486908172817,-150.0,2024,-670.0,2023,,,
16321,富山県 舟橋村,,city,1360.0,2153.0,2967.0,3132.0,3132.0,2020,130.2941176470588,45.47143520668835,3167.0,3170.0,3077.0,-1.7560664112388213,627.0,1049.0,67.30462519936205,2.8970448045757866,15.44327931363203,528.0,1971.0,631.0,20.146871008939975,1113.0,36.17159571010725,29.0,2024,8.0,2023,,,
16322,富山県 上市町,,city,24028.0,23362.0,21965.0,19351.0,19351.0,2020,-19.464791077076747,-17.168906771680504,16598.0,13750.0,11097.0,-42.65412640173635,7062.0,7235.0,2.4497309544038615,2.612577747062889,23.51071181755356,1852.0,10280.0,7199.0,37.20221177200145,5829.0,52.52771019194377,-111.0,2024,-245.0,2023,,,
16323,富山県 立山町,,city,27870.0,27994.0,27466.0,24792.0,24792.0,2020,-11.044133476856832,-11.438165321140248,22127.0,19307.0,16518.0,-33.37366892545982,8274.0,9008.0,8.871162678269284,2.7094804618117228,21.858348134991118,2780.0,13698.0,8273.0,33.369635366247174,7384.0,44.70274851676959,21.0,2024,-220.0,2023,,,
16342,富山県 入善町,,city,29163.0,28276.0,27182.0,23839.0,23839.0,2020,-18.25600932688681,-15.691752723157448,19948.0,16637.0,13550.0,-43.16036746507823,8240.0,8676.0,5.2912621359223255,2.671161825726141,25.48409405255878,2342.0,12621.0,8780.0,36.830403959897644,7057.0,52.08118081180812,-25.0,2024,-401.0,2023,,,
16343,富山県 朝日町,,city,18631.0,15915.0,13651.0,11081.0,11081.0,2020,-40.52385808598572,-30.373861137291858,8763.0,6719.0,5023.0,-54.670156123093584,4946.0,4340.0,-12.252325111200967,2.4852534562211983,26.566820276497694,903.0,5230.0,4938.0,44.56276509340312,2940.0,58.53075851085009,-138.0,2024,-165.0,2023,,,
17201,石川県 金沢市,,city,417684.0,456438.0,462361.0,463254.0,463254.0,2020,10.910161749073467,1.4933024857702426,443868.0,426332.0,404449.0,-12.693900106636969,174888.0,207119.0,18.4295091715841,2.161380655565158,41.1637754141339,56073.0,271778.0,121222.0,26.167502061504056,146645.0,36.257970720659465,-592.0,2024,-2367.0,2023,,,
17202,石川県 七尾市,,city,69945.0,63963.0,57900.0,50300.0,50300.0,2020,-28.086353563514187,-21.360786704813716,42242.0,34562.0,27443.0,-45.44135188866799,20968.0,20253.0,-3.4099580312857647,2.3725374018663903,32.50382659359107,4997.0,25395.0,19370.0,38.508946322067594,13636.0,49.68844514083737,-998.0,2024,-649.0,2023,,,
17203,石川県 小松市,,city,104329.0,108622.0,108433.0,106216.0,106216.0,2020,1.8087013198631263,-2.2150208981605912,100483.0,93529.0,86175.0,-18.868155456805003,33934.0,41217.0,21.46225025048625,2.4991872285707353,29.888152946599707,13834.0,60584.0,30443.0,28.661406944339834,31547.0,36.6080649840441,219.0,2024,-649.0,2023,,,
17204,石川県 輪島市,,city,45115.0,34531.0,29858.0,24608.0,24608.0,2020,-45.45494846503381,-28.736497639801918,18774.0,14360.0,10754.0,-56.298764629388806,12089.0,10172.0,-15.857391016626687,2.241250491545419,33.32677939441604,1807.0,11351.0,11327.0,46.02974642392718,5952.0,55.34684768458248,-1577.0,2024,-484.0,2023,,,
17205,石川県 珠洲市,,city,27351.0,19852.0,16300.0,12929.0,12929.0,2020,-52.72933347958026,-34.87306064880112,9799.0,7153.0,5083.0,-60.68528115090108,6760.0,5490.0,-18.78698224852071,2.296174863387978,30.801457194899818,926.0,5309.0,6673.0,51.61265372418594,3143.0,61.83356285658076,-818.0,2024,-301.0,2023,,,
17206,石川県 加賀市,,city,77335.0,78563.0,71887.0,63220.0,63220.0,2020,-18.25176181547812,-19.529549533495416,53718.0,44809.0,36571.0,-42.152799746915534,26116.0,25184.0,-3.568693521213051,2.418678526048285,32.1156289707751,6715.0,33589.0,22681.0,35.87630496678266,17835.0,48.768149626753434,-230.0,2024,-865.0,2023,,,
17207,石川県 羽咋市,,city,28784.0,25541.0,23032.0,20407.0,20407.0,2020,-29.102973874374648,-20.1010140558318,16932.0,13850.0,11063.0,-45.788209927965895,7943.0,8023.0,1.0071761299257131,2.4888445718559145,26.984918359715813,1928.0,10189.0,8231.0,40.33419904934581,5912.0,53.43939256982735,-24.0,2024,-289.0,2023,,,
17209,石川県 かほく市,,city,34106.0,34670.0,34651.0,34889.0,34889.0,2020,2.2957837330674913,0.6316700317277268,34210.0,32414.0,30439.0,-12.754736449883918,9805.0,12497.0,27.455379908210098,2.7145714971593184,23.03752900696167,4696.0,19657.0,10314.0,29.562326234629825,10832.0,35.58592595026118,335.0,2024,-156.0,2023,,,
17210,石川県 白山市,,city,81286.0,106977.0,110459.0,110408.0,110408.0,2020,35.8265876042615,3.2072314609682406,106741.0,101024.0,94293.0,-14.595862618650823,31986.0,40888.0,27.830926030138194,2.658114850322833,23.040990021522205,15154.0,63630.0,30899.0,27.98619665241649,34394.0,36.47566627427275,346.0,2024,-564.0,2023,,,
17211,石川県 能美市,,city,37253.0,45077.0,48680.0,48523.0,48523.0,2020,30.252597106273328,7.644696852053157,46941.0,44708.0,42084.0,-13.269995672155478,13344.0,18158.0,36.07613908872902,2.627767375261593,26.588831369093512,6811.0,28783.0,12692.0,26.15666797188962,15328.0,36.422393308620855,211.0,2024,-142.0,2023,,,
17212,石川県 野々市市,,city,31817.0,45581.0,51885.0,57238.0,57238.0,2020,79.89753905145048,25.57425242974045,58873.0,57776.0,55360.0,-3.2810370732729965,18492.0,26159.0,41.46117239887519,2.125845789212126,45.001720249245004,8322.0,35979.0,11203.0,19.57266151857158,16863.0,30.460621387283236,367.0,2024,91.0,2023,,,
17324,石川県 川北町,,city,4256.0,4922.0,6147.0,6135.0,6135.0,2020,44.14943609022557,24.64445347419748,5929.0,5697.0,5418.0,-11.687041564792178,1240.0,1913.0,54.274193548387096,3.1604809200209094,13.068478829064297,1057.0,3630.0,1448.0,23.602281988590057,1906.0,35.17903285345146,-37.0,2024,-28.0,2023,,,
17361,石川県 津幡町,,city,23682.0,34304.0,36940.0,36957.0,36957.0,2020,56.055231821636674,7.733791977611948,36057.0,34393.0,32050.0,-13.27759287820981,10070.0,13361.0,32.68123138033763,2.7078063019235086,21.368161065788488,5057.0,22675.0,9040.0,24.460859918283408,12468.0,38.90171606864274,155.0,2024,-136.0,2023,,,
17365,石川県 内灘町,,city,20814.0,26560.0,26927.0,26574.0,26574.0,2020,27.67368117613145,0.05271084337350462,25015.0,22898.0,20566.0,-22.608564762549864,9045.0,10780.0,19.181868435599768,2.4170686456400743,31.96660482374768,3305.0,15554.0,7081.0,26.64634605253255,8170.0,39.72576096469902,-202.0,2024,-167.0,2023,,,
17384,石川県 志賀町,,city,30636.0,25396.0,22216.0,18630.0,18630.0,2020,-39.189189189189186,-26.641990864703104,14927.0,11592.0,8740.0,-53.086419753086425,8130.0,7427.0,-8.646986469864704,2.4363807728557965,28.40985593106234,1656.0,8605.0,8312.0,44.61621041331186,4945.0,56.57894736842105,-431.0,2024,-347.0,2023,,,
17386,石川県 宝達志水町,,city,17115.0,15891.0,14277.0,12121.0,12121.0,2020,-29.179082676015188,-23.724120571392614,10050.0,8058.0,6245.0,-48.47784836234634,4566.0,4411.0,-3.3946561541830955,2.6624348220358196,22.76127862162775,1081.0,6236.0,4795.0,39.55944229024008,3377.0,54.07526020816653,-81.0,2024,-175.0,2023,,,
17407,石川県 中能登町,,city,22475.0,19149.0,18535.0,16540.0,16540.0,2020,-26.407119021134594,-13.624732362003233,14129.0,12011.0,10166.0,-38.536880290205566,5750.0,6093.0,5.965217391304356,2.660101756113573,22.911537830297064,1968.0,8418.0,6147.0,37.16444981862153,4704.0,46.27188668109385,-100.0,2024,-221.0,2023,,,
17461,石川県 穴水町,,city,14044.0,11267.0,9735.0,7890.0,7890.0,2020,-43.819424665337515,-29.972486021123636,6348.0,4965.0,3729.0,-52.737642585551335,3752.0,3267.0,-12.92643923240938,2.189164370982553,35.01683501683502,555.0,3400.0,3872.0,49.07477820025348,2099.0,56.28854920890319,-251.0,2024,-193.0,2023,,,
17463,石川県 能登町,,city,31277.0,23673.0,19565.0,15687.0,15687.0,2020,-49.84493397704384,-33.73463439361297,11961.0,8795.0,6173.0,-60.64894498629438,7740.0,6423.0,-17.015503875968996,2.3182313560641443,30.07940214852872,1154.0,6621.0,7910.0,50.42391789379741,3884.0,62.91916410173336,-468.0,2024,-347.0,2023,,,
18201,福井県 福井市,,city,259638.0,269557.0,266796.0,262328.0,262328.0,2020,1.0360578959936584,-2.681807558327176,246007.0,230489.0,213712.0,-18.53252416821689,89609.0,104190.0,16.271803055496648,2.441654669354065,33.07803052116326,33046.0,148658.0,75805.0,28.897029672776064,82129.0,38.42975593321854,-957.0,2024,-1601.0,2023,,,
18202,福井県 敦賀市,,city,61844.0,68145.0,67760.0,64264.0,64264.0,2020,3.913071599508444,-5.695208746056202,58849.0,53474.0,47585.0,-25.953877754263665,24487.0,27769.0,13.403030179278797,2.2669163455651984,35.51802369548777,8110.0,36222.0,18473.0,28.745487364620935,19269.0,40.49385310497005,-209.0,2024,-496.0,2023,,,
18204,福井県 小浜市,,city,34049.0,33295.0,31340.0,28991.0,28991.0,2020,-14.855061822667338,-12.926865895780148,26500.0,23902.0,21212.0,-26.832465247835536,10899.0,12056.0,10.615652812184596,2.338918380889184,35.724950232249505,3479.0,15326.0,9278.0,32.003035424787,8502.0,40.0810861776353,-94.0,2024,-269.0,2023,,,
18205,福井県 大野市,,city,43379.0,39632.0,35291.0,31286.0,31286.0,2020,-27.877544433942692,-21.058740411788456,26109.0,21398.0,17078.0,-45.413283896950716,11113.0,10689.0,-3.815351390263655,2.814201515576761,23.06109084105155,3346.0,16078.0,11680.0,37.332992392763536,8716.0,51.03642112659562,-288.0,2024,-433.0,2023,,,
18206,福井県 勝山市,,city,30852.0,28143.0,25466.0,22150.0,22150.0,2020,-28.205626863736544,-21.294815762356535,18936.0,15846.0,12892.0,-41.79683972911964,7914.0,7485.0,-5.420773313116001,2.842618570474282,23.406813627254508,2468.0,11304.0,8275.0,37.3589164785553,6100.0,47.31616506360534,-168.0,2024,-251.0,2023,,,
18207,福井県 鯖江市,,city,59579.0,64898.0,67450.0,68302.0,68302.0,2020,14.641064804713078,5.245153933865443,65417.0,62383.0,58749.0,-13.986413282187925,18501.0,23870.0,29.020052970109724,2.787934645999162,23.355676581483035,9599.0,39408.0,18757.0,27.461860560452113,21699.0,36.935096767604556,180.0,2024,-255.0,2023,,,
18208,福井県 あわら市,,city,30975.0,32178.0,29989.0,27524.0,27524.0,2020,-11.141242937853102,-14.463297905401207,24522.0,21289.0,17958.0,-34.755122801918326,9522.0,9907.0,4.043268220961993,2.6885030786312707,27.66730594529121,2984.0,14873.0,9349.0,33.96671995349514,8104.0,45.127519768348364,13.0,2024,-315.0,2023,,,
18209,福井県 越前市,,city,81942.0,87699.0,85614.0,80611.0,80611.0,2020,-1.6243196407214833,-8.082190218816631,73994.0,66826.0,59291.0,-26.448003374229323,26406.0,29578.0,12.012421419374375,2.6724254513489756,27.48326458854554,10151.0,45994.0,23740.0,29.45007505179194,23294.0,39.28758158911133,514.0,2024,-603.0,2023,,,
18210,福井県 坂井市,,city,75983.0,91173.0,91900.0,88481.0,88481.0,2020,16.448416093073458,-2.9526285194081625,82411.0,75231.0,67141.0,-24.118172262971715,26241.0,31008.0,18.16622842117297,2.8016318369453046,23.59391124871001,11535.0,50701.0,25434.0,28.745154326917643,27361.0,40.75155270252156,-246.0,2024,-638.0,2023,,,
18322,福井県 永平寺町,,city,19667.0,21182.0,20647.0,18965.0,18965.0,2020,-3.569431026592773,-10.466433764517047,17185.0,15227.0,13325.0,-29.73899288162405,6584.0,7163.0,8.794046172539494,2.590395085857881,33.65908139047885,2127.0,10848.0,5640.0,29.738992881624043,5220.0,39.17448405253283,-72.0,2024,-133.0,2023,,,
18382,福井県 池田町,,city,4510.0,3759.0,3046.0,2423.0,2423.0,2020,-46.27494456762749,-35.5413673849428,1904.0,1488.0,1138.0,-53.033429632686754,1093.0,945.0,-13.540713632204938,2.5121693121693123,32.804232804232804,195.0,1150.0,1078.0,44.4903012794057,609.0,53.51493848857645,-19.0,2024,-44.0,2023,,,
18404,福井県 南越前町,,city,13820.0,13221.0,11551.0,10002.0,10002.0,2020,-27.626628075253258,-24.347628772407536,8118.0,6673.0,5368.0,-46.330733853229354,3517.0,3257.0,-7.392664202445265,2.973902364138778,20.233343567700338,1163.0,5072.0,3767.0,37.6624675064987,2686.0,50.03725782414307,-45.0,2024,-139.0,2023,,,
18423,福井県 越前町,,city,25992.0,25017.0,23160.0,20118.0,20118.0,2020,-22.59926131117267,-19.582683775032983,17227.0,14501.0,11813.0,-41.28143950690924,6600.0,6566.0,-0.5151515151515129,2.951111787998782,19.52482485531526,2327.0,10595.0,7177.0,35.67452033005269,5780.0,48.92914585626006,-70.0,2024,-257.0,2023,,,
18442,福井県 美浜町,,city,13036.0,11630.0,10563.0,9179.0,9179.0,2020,-29.587296716784294,-21.074806534823733,8085.0,6905.0,5803.0,-36.7796056215274,3710.0,3738.0,0.7547169811320753,2.4087747458533975,33.01230604601391,997.0,4816.0,3294.0,35.88626212005665,2433.0,41.92658969498535,-49.0,2024,-95.0,2023,,,
18481,福井県 高浜町,,city,11818.0,12119.0,11062.0,10326.0,10326.0,2020,-12.624809612455579,-14.794950078389302,9051.0,7925.0,6789.0,-34.253341080766994,4002.0,4491.0,12.218890554722627,2.2598530394121576,38.699621465152525,1201.0,5571.0,3285.0,31.81289947704823,3163.0,46.59007217557814,-48.0,2024,-87.0,2023,,,
18483,福井県 おおい町,,city,9156.0,9983.0,8580.0,7910.0,7910.0,2020,-13.608562691131498,-20.765301011719927,6979.0,6114.0,5252.0,-33.60303413400758,3426.0,3161.0,-7.734967892586109,2.4669408415058527,31.603922809237584,1088.0,4241.0,2548.0,32.21238938053098,2090.0,39.79436405178979,-32.0,2024,-81.0,2023,,,
18501,福井県 若狭町,,city,18114.0,17313.0,16099.0,14003.0,14003.0,2020,-22.69515292039307,-19.118581412811185,11425.0,9511.0,7779.0,-44.44761836749268,4704.0,4819.0,2.444727891156462,2.8034862004565264,21.518987341772153,1728.0,7127.0,5104.0,36.44933228593873,3812.0,49.00372798560226,-100.0,2024,-166.0,2023,,,
19201,山梨県 甲府市,,city,204654.0,201710.0,198992.0,189591.0,189591.0,2020,-7.3602275059368445,-6.008130484358731,180299.0,169270.0,159036.0,-16.116271341994082,80567.0,86821.0,7.762483398910214,2.106322203153615,40.738991718593425,21391.0,108390.0,54487.0,28.73923340242944,59049.0,37.129329208481096,-209.0,2024,-1572.0,2023,,,
19202,山梨県 富士吉田市,,city,53569.0,54090.0,50619.0,46530.0,46530.0,2020,-13.140062349493176,-13.976705490848584,41725.0,36731.0,31644.0,-31.99226305609284,16904.0,18311.0,8.323473734027441,2.4811861722461908,28.474687346403798,5088.0,26184.0,14006.0,30.1010101010101,14046.0,44.387561623056506,-39.0,2024,-368.0,2023,,,
19204,山梨県 都留市,,city,32901.0,35513.0,33588.0,31016.0,31016.0,2020,-5.729309139539829,-12.662968490411963,27332.0,23540.0,19896.0,-35.852463244776885,13119.0,14027.0,6.921259242320299,2.168175661224781,43.337848435160765,3133.0,18015.0,8772.0,28.282176940933713,8152.0,40.97305991154001,-40.0,2024,-322.0,2023,,,
19205,山梨県 山梨市,,city,39142.0,39797.0,36832.0,33435.0,33435.0,2020,-14.58024628276532,-15.98612960775938,29692.0,25787.0,21983.0,-34.2515328248841,12796.0,12968.0,1.3441700531416023,2.4922887106724243,26.13355953115361,3754.0,18013.0,11396.0,34.084043666816214,10280.0,46.763408088068054,-28.0,2024,-417.0,2023,,,
19206,山梨県 大月市,,city,35404.0,33124.0,28120.0,22512.0,22512.0,2020,-36.413964523782624,-32.03719357565511,17746.0,13423.0,9672.0,-57.0362473347548,10702.0,9232.0,-13.735750327041673,2.3944974003466206,27.794627383015598,1657.0,11464.0,9093.0,40.39179104477612,5789.0,59.85318444995864,-132.0,2024,-357.0,2023,,,
19207,山梨県 韮崎市,,city,27343.0,32707.0,32477.0,29067.0,29067.0,2020,6.305087225249606,-11.129116091356595,25892.0,22579.0,19170.0,-34.048921457322734,10666.0,11526.0,8.063003937746105,2.455491931285789,28.30123199722367,3164.0,16909.0,8906.0,30.639556885815526,8556.0,44.63223787167449,-33.0,2024,-244.0,2023,,,
19208,山梨県 南アルプス市,,city,54123.0,70116.0,72635.0,69459.0,69459.0,2020,28.335458123163914,-0.9370186548006143,66055.0,61548.0,56258.0,-19.00545645632675,21537.0,26014.0,20.78748200770766,2.6230106865533944,22.610901822095794,9188.0,40547.0,19302.0,27.78905541398523,22759.0,40.45469088840698,410.0,2024,-384.0,2023,,,
19209,山梨県 北杜市,,city,44320.0,47888.0,46968.0,44053.0,44053.0,2020,-0.6024368231046906,-8.00826929502172,40776.0,36609.0,32364.0,-26.53394774476199,16636.0,18862.0,13.380620341428218,2.2781783480012723,29.927897359770967,4257.0,22112.0,17619.0,39.99500601548135,17104.0,52.8488443950068,433.0,2024,-626.0,2023,,,
19210,山梨県 甲斐市,,city,45337.0,71706.0,73807.0,75313.0,75313.0,2020,66.11818161766327,5.030262460603008,73758.0,70031.0,65709.0,-12.752114508783341,25493.0,30986.0,21.547091358412107,2.3747498870457626,29.484283224682112,9721.0,42576.0,19088.0,25.34489397580763,24721.0,37.62193915597559,58.0,2024,-211.0,2023,,,
19211,山梨県 笛吹市,,city,55950.0,71025.0,70529.0,66947.0,66947.0,2020,19.655049151027693,-5.741640267511439,62369.0,57153.0,51355.0,-23.290065275516458,23491.0,26866.0,14.367204461283034,2.438658527506886,29.14464378768704,7915.0,37628.0,19870.0,29.680194780946124,22333.0,43.48748904683089,-7.0,2024,-518.0,2023,,,
19212,山梨県 上野原市,,city,27878.0,30157.0,27114.0,22669.0,22669.0,2020,-18.684984575651054,-24.830056040057038,18959.0,15213.0,11762.0,-48.11416471833782,9981.0,9494.0,-4.87927061416692,2.3353697071834842,31.6305034758795,1834.0,12395.0,8254.0,36.410957695531344,6412.0,54.514538343819076,-163.0,2024,-277.0,2023,,,
19213,山梨県 甲州市,,city,37269.0,36925.0,33927.0,29237.0,29237.0,2020,-21.55142343502643,-20.820582261340558,24860.0,20735.0,16846.0,-42.3812292642884,11536.0,11135.0,-3.47607489597781,2.560844185002245,23.84373596766951,3032.0,15440.0,10717.0,36.65560762048089,8714.0,51.72741303573548,-114.0,2024,-337.0,2023,,,
19214,山梨県 中央市,,city,16812.0,30769.0,31322.0,31216.0,31216.0,2020,85.67689745419938,1.4527608957067173,30090.0,28210.0,25795.0,-17.36609431060995,10979.0,13544.0,23.36278349576464,2.277392203189604,35.934731246308324,3512.0,17372.0,7548.0,24.179907739620706,10478.0,40.62027524714092,83.0,2024,-162.0,2023,,,
19346,山梨県 市川三郷町,,city,21985.0,18854.0,17111.0,14700.0,14700.0,2020,-33.13622924721401,-22.032459955447116,12730.0,10835.0,9017.0,-38.65986394557823,6004.0,5797.0,-3.4477015323117977,2.4857685009487667,24.961186820769363,1418.0,7372.0,5525.0,37.58503401360544,4430.0,49.129422202506376,-34.0,2024,-237.0,2023,,,
19364,山梨県 早川町,,city,3005.0,1740.0,1246.0,1098.0,1098.0,2020,-63.46089850249583,-36.89655172413793,819.0,649.0,521.0,-52.55009107468124,854.0,504.0,-40.98360655737705,1.7837301587301588,54.36507936507936,72.0,573.0,451.0,41.07468123861566,241.0,46.257197696737045,-4.0,2024,-29.0,2023,,,
19365,山梨県 身延町,,city,23222.0,18021.0,14462.0,10663.0,10663.0,2020,-54.082335716131254,-40.83014261139781,7672.0,5525.0,3778.0,-64.56907061802495,6352.0,4562.0,-28.180100755667503,2.2409031126698817,33.29679964927663,665.0,4898.0,5065.0,47.50070336678233,2487.0,65.8284806776072,-144.0,2024,-276.0,2023,,,
19366,山梨県 南部町,,city,12465.0,10863.0,9011.0,7156.0,7156.0,2020,-42.59125551544324,-34.1250115069502,5554.0,4157.0,2945.0,-58.845723868082736,3248.0,2812.0,-13.423645320197043,2.504267425320057,26.955903271692744,568.0,3464.0,3124.0,43.6556735606484,1806.0,61.324278438030554,-39.0,2024,-137.0,2023,,,
19368,山梨県 富士川町,,city,18815.0,17544.0,16307.0,14219.0,14219.0,2020,-24.427318628753657,-18.952348381212946,12290.0,10426.0,8617.0,-39.397988606793724,5665.0,5626.0,-0.6884377758164195,2.470671880554568,27.46178457163171,1530.0,7635.0,4929.0,34.66488501301076,4335.0,50.30753162353487,-5.0,2024,-170.0,2023,,,
19384,山梨県 昭和町,,city,8751.0,15937.0,17653.0,20909.0,20909.0,2020,138.93269340646782,31.197841500909828,22046.0,22435.0,22047.0,5.442632359271138,6219.0,9109.0,46.470493648496536,2.2636952464595455,38.37962454715117,3283.0,13097.0,3984.0,19.053995886938637,6972.0,31.623350115661996,168.0,2024,10.0,2023,,,
19422,山梨県 道志村,,city,2231.0,2087.0,1919.0,1607.0,1607.0,2020,-27.96952039444195,-22.999520843315768,1357.0,1112.0,875.0,-45.55071561916615,566.0,613.0,8.303886925795045,2.6215334420880914,26.753670473083197,146.0,847.0,614.0,38.20784069695084,473.0,54.05714285714286,-20.0,2024,-14.0,2023,,,
19423,山梨県 西桂町,,city,4002.0,4910.0,4541.0,4041.0,4041.0,2020,0.9745127436281864,-17.69857433808554,3440.0,2826.0,2229.0,-44.84038604305864,1463.0,1483.0,1.36705399863295,2.722184760620364,20.0944032366824,443.0,2367.0,1231.0,30.462756743380353,1150.0,51.592642440556304,-79.0,2024,-32.0,2023,,,
19424,山梨県 忍野村,,city,6077.0,8367.0,8635.0,9237.0,9237.0,2020,51.999341780483796,10.39799211186805,9362.0,9332.0,9010.0,-2.4575078488686786,2441.0,3480.0,42.56452273658338,2.5123563218390803,37.06896551724138,1377.0,6032.0,1809.0,19.584280610587854,2495.0,27.69145394006659,-51.0,2024,19.0,2023,,,
19425,山梨県 山中湖村,,city,4637.0,5274.0,5324.0,5179.0,5179.0,2020,11.688591761915035,-1.8012893439514621,4878.0,4477.0,4051.0,-21.7802664607067,1541.0,1966.0,27.579493835171974,2.5839267548321465,27.87385554425229,606.0,2822.0,1731.0,33.42344081869087,1876.0,46.30955319674154,39.0,2024,-28.0,2023,,,
19429,山梨県 鳴沢村,,city,2249.0,2864.0,2964.0,2824.0,2824.0,2020,25.566918630502443,-1.3966480446927387,2665.0,2453.0,2207.0,-21.848441926345608,855.0,1054.0,23.27485380116958,2.621442125237192,21.25237191650854,329.0,1498.0,957.0,33.888101983002834,1096.0,49.66017217942909,18.0,2024,-32.0,2023,,,
19430,山梨県 富士河口湖町,,city,17812.0,22595.0,25471.0,26082.0,26082.0,2020,46.42937345609701,15.432617835804386,26104.0,25291.0,24150.0,-7.4074074074074066,6986.0,10643.0,52.347552247351835,2.4205581133139153,32.537818284318334,3439.0,15422.0,6860.0,26.301663982823403,8881.0,36.77432712215321,29.0,2024,-133.0,2023,,,
19442,山梨県 小菅村,,city,1284.0,1084.0,816.0,684.0,684.0,2020,-46.728971962616825,-36.90036900369004,506.0,401.0,328.0,-52.046783625730995,398.0,339.0,-14.824120603015079,2.017699115044248,41.88790560471977,68.0,306.0,310.0,45.32163742690059,136.0,41.46341463414634,-14.0,2024,-3.0,2023,,,
19443,山梨県 丹波山村,,city,1197.0,866.0,685.0,530.0,530.0,2020,-55.72263993316625,-38.79907621247113,418.0,363.0,321.0,-39.43396226415095,374.0,283.0,-24.331550802139034,1.872791519434629,44.522968197879855,39.0,255.0,236.0,44.528301886792455,116.0,36.13707165109034,-1.0,2024,-13.0,2023,,,
20201,長野県 長野市,,city,358173.0,387911.0,381511.0,372760.0,372760.0,2020,4.072612955192034,-3.905792823611598,352346.0,329524.0,304037.0,-18.436259255284902,139073.0,156645.0,12.635090923471836,2.321044399757413,33.46739442688882,42777.0,201890.0,108243.0,29.038255177594163,123961.0,40.771682393919164,-461.0,2024,-2670.0,2023,,,
20202,長野県 松本市,,city,223496.0,243465.0,243037.0,241145.0,241145.0,2020,7.896785624798652,-0.9529090423674891,230687.0,219265.0,207208.0,-14.07327541520662,91813.0,104707.0,14.043762865825094,2.2451507540088054,37.922010944826994,30107.0,139128.0,66647.0,27.637728337722116,77333.0,37.32143546581213,-88.0,2024,-1493.0,2023,,,
20203,長野県 上田市,,city,151804.0,166568.0,159597.0,154055.0,154055.0,2020,1.4828331269268302,-7.5122472503722175,144037.0,132996.0,121116.0,-21.381324851514073,59384.0,64116.0,7.968476357267962,2.336780210867802,32.41312620874665,18338.0,86410.0,47130.0,30.5929700431664,48988.0,40.44717460946531,-90.0,2024,-1324.0,2023,,,
20204,長野県 岡谷市,,city,62210.0,56401.0,52841.0,47790.0,47790.0,2020,-23.179553126506992,-15.26745979681211,42053.0,36567.0,31505.0,-34.07616656204227,19536.0,19239.0,-1.5202702702702742,2.422631113883258,29.528561775560057,5452.0,25609.0,16522.0,34.57208621050429,13731.0,43.583558165370576,-148.0,2024,-536.0,2023,,,
20205,長野県 飯田市,,city,109465.0,110589.0,105335.0,98164.0,98164.0,2020,-10.323847805234553,-11.23529464955827,89644.0,81330.0,72714.0,-25.926001385436614,36710.0,38806.0,5.70961590847181,2.4765757872493945,30.54424573519559,12373.0,52701.0,31987.0,32.58526547410456,29764.0,40.93297026707374,-730.0,2024,-813.0,2023,,,
20206,長野県 諏訪市,,city,50558.0,53858.0,51200.0,48729.0,48729.0,2020,-3.6176272795601094,-9.523190612350996,44885.0,40882.0,36871.0,-24.334585154630716,20247.0,20739.0,2.4299896280930433,2.2938907372583057,35.35850330295578,5926.0,27232.0,15034.0,30.85226456524862,14797.0,40.131810908301915,-263.0,2024,-318.0,2023,,,
20207,長野県 須坂市,,city,52543.0,54207.0,52168.0,49559.0,49559.0,2020,-5.679158022952624,-8.574538343756345,45703.0,41262.0,36723.0,-25.900441897536275,17301.0,18792.0,8.617998959597717,2.5445402298850577,25.649212430821628,6025.0,27198.0,16017.0,32.31905405678081,15484.0,42.164311194619174,-22.0,2024,-342.0,2023,,,
20208,長野県 小諸市,,city,42355.0,46158.0,43997.0,40991.0,40991.0,2020,-3.220399008381536,-11.19415919233936,37041.0,32867.0,28582.0,-30.27249884120905,16062.0,16780.0,4.470178060017438,2.3658522050059596,30.143027413587603,4731.0,22257.0,13773.0,33.60005854943768,13211.0,46.2213980827094,-111.0,2024,-384.0,2023,,,
20209,長野県 伊那市,,city,67544.0,71552.0,71093.0,66125.0,66125.0,2020,-2.1008527774487695,-7.584693649373886,60392.0,55393.0,50175.0,-24.12098298676748,23710.0,26173.0,10.388021931674407,2.4829786421121,27.742329881939405,8183.0,36480.0,20663.0,31.248393194706996,20868.0,41.59043348281016,110.0,2024,-570.0,2023,,,
20210,長野県 駒ヶ根市,,city,31179.0,34338.0,33693.0,32202.0,32202.0,2020,3.281054555951113,-6.22051371658221,29907.0,27667.0,25286.0,-21.476926898950378,11422.0,12914.0,13.06251094379267,2.4199318568994888,32.26730679882298,3953.0,17956.0,9921.0,30.808645425749955,10191.0,40.302934430119436,-110.0,2024,-279.0,2023,,,
20211,長野県 中野市,,city,44985.0,47845.0,45638.0,42338.0,42338.0,2020,-5.88418361676114,-11.51008464834361,38452.0,34149.0,29506.0,-30.30846993244839,14178.0,15773.0,11.24982367047538,2.6371013757687187,26.088886071134215,5086.0,23236.0,13670.0,32.28777929991969,13286.0,45.028129871890464,-44.0,2024,-339.0,2023,,,
20212,長野県 大町市,,city,36083.0,33550.0,29801.0,26029.0,26029.0,2020,-27.863536845605964,-22.417287630402384,21851.0,17984.0,14411.0,-44.63483038149756,11235.0,10706.0,-4.708500222518919,2.382028768914627,30.879880440874274,2460.0,13174.0,9891.0,37.9999231626263,7456.0,51.73825549927139,-45.0,2024,-310.0,2023,,,
20213,長野県 飯山市,,city,30073.0,26420.0,23545.0,19539.0,19539.0,2020,-35.0280982941509,-26.0446631339894,16208.0,13176.0,10400.0,-46.77312042581504,7816.0,7227.0,-7.535823950870013,2.6533831465338316,24.878926248789263,2003.0,10049.0,7445.0,38.10328061825068,5375.0,51.682692307692314,-144.0,2024,-276.0,2023,,,
20214,長野県 茅野市,,city,43942.0,54841.0,56391.0,56400.0,56400.0,2020,28.35100814710301,2.842763625754463,53465.0,50157.0,46776.0,-17.06382978723404,19313.0,23796.0,23.212344016983376,2.3253908219868884,34.308287107076815,7050.0,31411.0,17059.0,30.24645390070922,18761.0,40.108175132546606,76.0,2024,-410.0,2023,,,
20215,長野県 塩尻市,,city,57417.0,67747.0,67670.0,67241.0,67241.0,2020,17.109915181914758,-0.746896541544273,64684.0,61370.0,57415.0,-14.613108073942982,23533.0,27957.0,18.799133132197344,2.35465178667239,33.95929463104053,8360.0,39154.0,19155.0,28.487083773293083,21833.0,38.02664808847862,62.0,2024,-393.0,2023,,,
20217,長野県 佐久市,,city,91285.0,100016.0,100552.0,98199.0,98199.0,2020,7.574081174344083,-1.8167093265077594,94660.0,90517.0,85580.0,-12.850436358822392,33770.0,39802.0,17.86200769914126,2.3873925933370184,31.151700919551782,12480.0,54115.0,30170.0,30.72332712145745,33579.0,39.236971254966114,177.0,2024,-801.0,2023,,,
20218,長野県 千曲市,,city,60106.0,64549.0,62068.0,58852.0,58852.0,2020,-2.0863141782850314,-8.825853227780446,54149.0,48482.0,42682.0,-27.47570176034799,20505.0,21958.0,7.086076566691046,2.601785226341197,24.10966390381638,6880.0,32027.0,19628.0,33.351457894379124,18989.0,44.48948034300174,200.0,2024,-515.0,2023,,,
20219,長野県 東御市,,city,26841.0,30944.0,30696.0,30122.0,30122.0,2020,12.223836667784349,-2.656411582213025,28685.0,26836.0,24569.0,-18.435030874443925,9851.0,11241.0,14.110242614962942,2.6537674584111732,21.31482964149097,3652.0,17120.0,9333.0,30.98399840648031,10474.0,42.63095771093654,-60.0,2024,-227.0,2023,,,
20220,長野県 安曇野市,,city,75209.0,92864.0,96479.0,94222.0,94222.0,2020,25.280219122711365,1.4623535492763517,89673.0,84256.0,78135.0,-17.07350724883785,30140.0,36429.0,20.86595885865958,2.5384446457492658,25.53460155370721,11364.0,52221.0,29932.0,31.767527753603193,32958.0,42.1808408523709,420.0,2024,-765.0,2023,,,
20303,長野県 小海町,,city,7004.0,5961.0,5180.0,4353.0,4353.0,2020,-37.84980011422044,-26.975339708102663,3642.0,2984.0,2408.0,-44.68182862393751,1906.0,1776.0,-6.820566631689406,2.3772522522522523,29.617117117117115,404.0,2095.0,1831.0,42.06294509533655,1262.0,52.40863787375415,-5.0,2024,-68.0,2023,,,
20304,長野県 川上村,,city,4632.0,4908.0,4972.0,4344.0,4344.0,2020,-6.217616580310881,-11.49144254278729,3974.0,3449.0,3013.0,-30.63996316758748,1285.0,1257.0,-2.1789883268482524,3.455847255369928,23.707239459029434,449.0,2697.0,1196.0,27.532228360957646,939.0,31.164951875207436,-30.0,2024,-31.0,2023,,,
20305,長野県 南牧村,,city,3435.0,3540.0,3528.0,3242.0,3242.0,2020,-5.618631732168855,-8.418079096045194,2989.0,2756.0,2506.0,-22.70203578038248,988.0,1072.0,8.502024291497978,2.9375,27.798507462686565,338.0,1894.0,996.0,30.721776681061076,939.0,37.47007182761373,-48.0,2024,-38.0,2023,,,
20306,長野県 南相木村,,city,1604.0,1584.0,1121.0,962.0,962.0,2020,-40.02493765586035,-39.26767676767676,820.0,739.0,678.0,-29.521829521829524,503.0,404.0,-19.68190854870775,2.3564356435643563,34.65346534653465,95.0,474.0,392.0,40.74844074844075,265.0,39.08554572271387,7.0,2024,-17.0,2023,,,
20307,長野県 北相木村,,city,1299.0,1025.0,842.0,752.0,752.0,2020,-42.10931485758276,-26.634146341463417,632.0,565.0,513.0,-31.781914893617024,358.0,330.0,-7.8212290502793325,2.1575757575757577,36.666666666666664,104.0,378.0,270.0,35.90425531914894,203.0,39.57115009746588,-9.0,2024,-9.0,2023,,,
20309,長野県 佐久穂町,,city,14228.0,13622.0,12069.0,10218.0,10218.0,2020,-28.18386280573517,-24.98898840111584,8588.0,7113.0,5687.0,-44.34331571736152,4157.0,3912.0,-5.893673322107285,2.552402862985685,24.079754601226995,1055.0,5188.0,3958.0,38.735564689763166,3106.0,54.61579039915597,-5.0,2024,-133.0,2023,,,
20321,長野県 軽井沢町,,city,14195.0,16181.0,19018.0,19188.0,19188.0,2020,35.17435716801691,18.58352388603919,19429.0,18754.0,17958.0,-6.41025641025641,6193.0,8564.0,38.285160665267234,2.1793554413825316,34.04950957496497,2133.0,9991.0,6148.0,32.04085887012717,8408.0,46.82035861454505,188.0,2024,-171.0,2023,,,
20323,長野県 御代田町,,city,9851.0,13412.0,14738.0,15555.0,15555.0,2020,57.90275098974724,15.978228452132415,16144.0,15929.0,15374.0,-1.1636129861780753,4754.0,6698.0,40.89188052166597,2.273215885338907,34.204240071663186,1914.0,9036.0,4323.0,27.791706846673097,6385.0,41.53115649798361,217.0,2024,-118.0,2023,,,
20324,長野県 立科町,,city,8347.0,8609.0,7707.0,6612.0,6612.0,2020,-20.785911105786514,-23.196654663724015,5638.0,4680.0,3745.0,-43.36055656382335,2799.0,2594.0,-7.324044301536259,2.4903623747108714,26.36854279105628,624.0,3529.0,2441.0,36.91772534785239,2007.0,53.591455273698266,18.0,2024,-109.0,2023,,,
20349,長野県 青木村,,city,5245.0,4937.0,4609.0,4121.0,4121.0,2020,-21.429933269780744,-16.52825602592668,3717.0,3313.0,2923.0,-29.070613928658094,1542.0,1549.0,0.45395590142671693,2.5913492575855392,20.464816010329244,478.0,2018.0,1624.0,39.4079107012861,1364.0,46.664385904892235,-15.0,2024,-53.0,2023,,,
20350,長野県 長和町,,city,8185.0,7807.0,6780.0,5600.0,5600.0,2020,-31.582162492364084,-28.26950172921737,4588.0,3670.0,2821.0,-49.625,2633.0,2310.0,-12.267375617166731,2.3917748917748916,27.142857142857142,524.0,2696.0,2380.0,42.5,1569.0,55.61857497341368,-21.0,2024,-92.0,2023,,,
20361,長野県 下諏訪町,,city,26574.0,23930.0,21532.0,19155.0,19155.0,2020,-27.91826597426056,-19.95403259506895,16515.0,13999.0,11842.0,-38.17802140433307,8628.0,7831.0,-9.23736671302735,2.366236751372749,30.941131400842803,2056.0,9581.0,7360.0,38.42338814930827,5523.0,46.639081236277654,-115.0,2024,-255.0,2023,,,
20362,長野県 富士見町,,city,14080.0,15392.0,15338.0,14084.0,14084.0,2020,0.028409090909087276,-8.497920997920993,12837.0,11670.0,10569.0,-24.95739846634479,5070.0,5600.0,10.453648915187387,2.4483928571428573,28.267857142857146,1651.0,7229.0,5115.0,36.31780744106788,5033.0,47.62039928091589,39.0,2024,-129.0,2023,,,
20363,長野県 原村,,city,6125.0,7207.0,7573.0,7680.0,7680.0,2020,25.38775510204081,6.563063688081039,7503.0,7248.0,6904.0,-10.10416666666667,2132.0,2885.0,35.31894934333959,2.574350086655113,21.837088388214905,979.0,4009.0,2667.0,34.7265625,3157.0,45.727114716106605,69.0,2024,-62.0,2023,,,
20382,長野県 辰野町,,city,23894.0,22407.0,20909.0,18555.0,18555.0,2020,-22.344521637231107,-17.191056366314093,16008.0,13672.0,11518.0,-37.92508757747238,7186.0,7244.0,0.8071249652101375,2.5102153506350082,26.256212037548316,2014.0,9499.0,6999.0,37.720291026677444,5336.0,46.32748741100885,-20.0,2024,-222.0,2023,,,
20383,長野県 箕輪町,,city,19729.0,25661.0,26214.0,24989.0,24989.0,2020,26.661260074002733,-2.618759985970931,23433.0,21553.0,19588.0,-21.61350994437553,8397.0,9496.0,13.08800762176967,2.597725358045493,26.390058972198823,3043.0,13137.0,7168.0,28.68462123334267,8202.0,41.8725750459465,65.0,2024,-152.0,2023,,,
20384,長野県 飯島町,,city,10515.0,10895.0,9902.0,9004.0,9004.0,2020,-14.3699476937708,-17.35658558972005,7898.0,6795.0,5734.0,-36.31719235895158,3224.0,3384.0,4.962779156327546,2.6117021276595747,25.44326241134752,1003.0,4671.0,3329.0,36.97245668591737,2791.0,48.67457272410185,19.0,2024,-92.0,2023,,,
20385,長野県 南箕輪村,,city,8877.0,13404.0,14543.0,15797.0,15797.0,2020,77.95426382786978,17.852879737391824,16419.0,16384.0,15882.0,0.5380768500348188,4816.0,6435.0,33.61710963455149,2.4164724164724163,33.05361305361305,2494.0,9492.0,3699.0,23.415838450338672,5116.0,32.21256768668933,-52.0,2024,-3.0,2023,,,
20386,長野県 中川村,,city,5524.0,5475.0,5074.0,4651.0,4651.0,2020,-15.803765387400437,-15.050228310502279,4135.0,3646.0,3188.0,-31.455600946033112,1475.0,1611.0,9.220338983050858,2.872129112352576,20.48417132216015,609.0,2365.0,1677.0,36.056761986669535,1363.0,42.75407779171895,-3.0,2024,-35.0,2023,,,
20388,長野県 宮田村,,city,7582.0,8692.0,8974.0,8569.0,8569.0,2020,13.01767343708784,-1.4150943396226467,7910.0,7299.0,6672.0,-22.13793908274011,2636.0,3257.0,23.558421851289822,2.60392999692969,25.299355234878725,1190.0,4814.0,2543.0,29.676741743493988,2675.0,40.09292565947242,-30.0,2024,-55.0,2023,,,
20402,長野県 松川町,,city,13108.0,14070.0,13676.0,12530.0,12530.0,2020,-4.409520903265185,-10.945273631840791,11302.0,10019.0,8722.0,-30.391061452513966,3998.0,4409.0,10.280140070035015,2.7765933318212745,20.616919936493534,1535.0,6667.0,4324.0,34.509177972865125,3924.0,44.98968126576473,-52.0,2024,-113.0,2023,,,
20403,長野県 高森町,,city,11488.0,12528.0,13216.0,12811.0,12811.0,2020,11.51636490250696,2.258939974457208,11894.0,11030.0,10206.0,-20.33408789321677,3638.0,4441.0,22.072567344694892,2.8176086467011934,21.526683179464083,1785.0,6777.0,4162.0,32.4877058777613,4246.0,41.60297864001568,-55.0,2024,-102.0,2023,,,
20404,長野県 阿南町,,city,7290.0,6232.0,5455.0,4299.0,4299.0,2020,-41.028806584362144,-31.01732991014121,3295.0,2622.0,1993.0,-53.64038148406607,1905.0,1579.0,-17.112860892388447,2.4135528815706144,31.412286257124762,393.0,1926.0,1953.0,45.42916957431961,1205.0,60.461615654791764,-6.0,2024,-132.0,2023,,,
20407,長野県 阿智村,,city,7818.0,7757.0,7036.0,6068.0,6068.0,2020,-22.384241493988235,-21.773881655279105,5177.0,4355.0,3580.0,-41.00197758734344,2295.0,2142.0,-6.666666666666665,2.712418300653595,25.53688141923436,794.0,3017.0,2257.0,37.19512195121951,1705.0,47.625698324022345,-9.0,2024,-86.0,2023,,,
20409,長野県 平谷村,,city,657.0,712.0,563.0,387.0,387.0,2020,-41.0958904109589,-45.64606741573034,273.0,209.0,155.0,-59.9483204134367,273.0,195.0,-28.57142857142857,1.9794871794871796,45.64102564102564,46.0,210.0,131.0,33.850129198966414,70.0,45.16129032258064,6.0,2024,-7.0,2023,,,
20410,長野県 根羽村,,city,1773.0,1380.0,1129.0,852.0,852.0,2020,-51.945854483925544,-38.26086956521739,639.0,496.0,378.0,-55.6338028169014,483.0,381.0,-21.118012422360245,2.1811023622047245,35.43307086614173,57.0,348.0,447.0,52.46478873239436,187.0,49.47089947089947,2.0,2024,-27.0,2023,,,
20411,長野県 下條村,,city,4078.0,4075.0,4200.0,3545.0,3545.0,2020,-13.070132417851887,-13.006134969325156,3078.0,2668.0,2275.0,-35.82510578279267,1078.0,1158.0,7.421150278293132,2.971502590673575,18.393782383419687,467.0,1832.0,1246.0,35.14809590973202,1063.0,46.72527472527472,-2.0,2024,-44.0,2023,,,
20412,長野県 売木村,,city,828.0,741.0,656.0,548.0,548.0,2020,-33.81642512077294,-26.045883940620783,444.0,382.0,343.0,-37.40875912408759,291.0,277.0,-4.810996563573888,1.9422382671480145,44.04332129963899,57.0,219.0,260.0,47.44525547445255,162.0,47.23032069970846,7.0,2024,-8.0,2023,,,
20413,長野県 天龍村,,city,3389.0,2239.0,1657.0,1178.0,1178.0,2020,-65.24048391856006,-47.387226440375166,779.0,538.0,364.0,-69.10016977928693,896.0,558.0,-37.72321428571429,1.9050179211469533,43.54838709677419,72.0,374.0,732.0,62.13921901528013,222.0,60.98901098901099,-20.0,2024,-44.0,2023,,,
20414,長野県 泰阜村,,city,2613.0,2237.0,1910.0,1542.0,1542.0,2020,-40.98737083811711,-31.0683951721055,1258.0,1074.0,913.0,-40.79118028534371,700.0,590.0,-15.714285714285714,2.4661016949152543,30.677966101694913,188.0,704.0,650.0,42.153047989623865,394.0,43.15443592552026,-14.0,2024,-27.0,2023,,,
20415,長野県 喬木村,,city,7224.0,7089.0,6692.0,5973.0,5973.0,2020,-17.317275747508308,-15.742699957680916,5314.0,4697.0,4109.0,-31.20709861041353,1965.0,2024.0,3.0025445292620967,2.8759881422924902,18.675889328063242,803.0,3043.0,2126.0,35.593504101791396,1744.0,42.4434168897542,-22.0,2024,-68.0,2023,,,
20416,長野県 豊丘村,,city,7409.0,7221.0,6819.0,6426.0,6426.0,2020,-13.267647455797004,-11.009555463232235,5891.0,5400.0,4858.0,-24.400871459694983,1938.0,2119.0,9.339525283797734,3.0061349693251533,16.375648890986312,877.0,3432.0,2117.0,32.94428882664177,1969.0,40.53108275010292,-44.0,2024,-46.0,2023,,,
20417,長野県 大鹿村,,city,2322.0,1522.0,1160.0,1023.0,1023.0,2020,-55.94315245478037,-32.78580814717477,773.0,617.0,506.0,-50.53763440860215,620.0,438.0,-29.354838709677423,2.0799086757990866,38.12785388127854,98.0,460.0,465.0,45.45454545454545,261.0,51.581027667984195,0.0,2024,-17.0,2023,,,
20422,長野県 上松町,,city,7654.0,6376.0,5245.0,4131.0,4131.0,2020,-46.02822053828064,-35.210163111668756,3252.0,2603.0,1990.0,-51.82764463810216,2272.0,1773.0,-21.963028169014088,2.2154540327129157,36.37901861252115,375.0,2003.0,1753.0,42.43524570321956,1130.0,56.78391959798995,8.0,2024,-82.0,2023,,,
20423,長野県 南木曽町,,city,6680.0,5687.0,4810.0,3915.0,3915.0,2020,-41.39221556886228,-31.158783189730965,3072.0,2509.0,1998.0,-48.96551724137931,1981.0,1625.0,-17.970721857647654,2.3556923076923075,31.138461538461538,414.0,1806.0,1683.0,42.98850574712644,1025.0,51.30130130130131,-42.0,2024,-54.0,2023,,,
20425,長野県 木祖村,,city,4190.0,3596.0,3134.0,2692.0,2692.0,2020,-35.75178997613365,-25.139043381535043,2229.0,1901.0,1558.0,-42.12481426448736,1127.0,1012.0,-10.204081632653061,2.588932806324111,23.221343873517785,284.0,1240.0,1168.0,43.38781575037147,802.0,51.47625160462132,-23.0,2024,-38.0,2023,,,
20429,長野県 王滝村,,city,1768.0,1205.0,965.0,715.0,715.0,2020,-59.55882352941176,-40.66390041493776,539.0,400.0,292.0,-59.16083916083916,489.0,371.0,-24.130879345603272,1.9272237196765498,44.74393530997305,41.0,365.0,308.0,43.07692307692308,173.0,59.24657534246576,1.0,2024,-22.0,2023,,,
20430,長野県 大桑村,,city,5637.0,4770.0,4145.0,3439.0,3439.0,2020,-38.99237182898705,-27.90356394129979,2791.0,2223.0,1747.0,-49.20034893864496,1620.0,1475.0,-8.950617283950614,2.31864406779661,31.322033898305087,283.0,1673.0,1482.0,43.0939226519337,835.0,47.796222095020035,-54.0,2024,-57.0,2023,,,
20432,長野県 木曽町,,city,17426.0,14866.0,12743.0,10584.0,10584.0,2020,-39.26316997589808,-28.803982241356117,8476.0,6873.0,5377.0,-49.19690098261527,5477.0,4657.0,-14.971699835676466,2.202061412926777,34.74339703671892,916.0,5090.0,4426.0,41.81783824640968,2807.0,52.20383113260182,-43.0,2024,-160.0,2023,,,
20446,長野県 麻績村,,city,4016.0,3347.0,2970.0,2593.0,2593.0,2020,-35.43326693227091,-22.52763668957275,2195.0,1923.0,1651.0,-36.32857693790976,1036.0,968.0,-6.563706563706562,2.5423553719008263,25.10330578512397,241.0,1189.0,1163.0,44.85152333204782,835.0,50.57540884312538,-6.0,2024,-60.0,2023,,,
20448,長野県 生坂村,,city,3142.0,2416.0,1953.0,1639.0,1639.0,2020,-47.83577339274348,-32.16059602649006,1336.0,1095.0,898.0,-45.210494203782794,803.0,664.0,-17.310087173100875,2.4548192771084336,30.42168674698795,169.0,774.0,696.0,42.46491763270287,435.0,48.44097995545657,-12.0,2024,-32.0,2023,,,
20450,長野県 山形村,,city,5578.0,7706.0,8425.0,8400.0,8400.0,2020,50.591609896020074,9.005969374513366,8094.0,7859.0,7449.0,-11.321428571428571,2126.0,3009.0,41.53339604891815,2.7507477567298104,20.704553007643735,1121.0,4830.0,2436.0,28.999999999999996,2970.0,39.87112364075715,-19.0,2024,-63.0,2023,,,
20451,長野県 朝日村,,city,4228.0,4908.0,4741.0,4279.0,4279.0,2020,1.2062440870387992,-12.815810920945392,3894.0,3433.0,2955.0,-30.94180883383968,1316.0,1471.0,11.778115501519748,2.8817131203263084,16.11148878314072,525.0,2379.0,1375.0,32.13367609254499,1318.0,44.602368866328256,3.0,2024,-32.0,2023,,,
20452,長野県 筑北村,,city,7556.0,6049.0,5172.0,4149.0,4149.0,2020,-45.08999470619375,-31.410150438088934,3241.0,2438.0,1781.0,-57.07399373342974,1944.0,1683.0,-13.425925925925931,2.431966726084373,26.50029708853238,314.0,1905.0,1930.0,46.51723306820921,1082.0,60.75238629983155,1.0,2024,-97.0,2023,,,
20481,長野県 池田町,,city,10610.0,10658.0,10329.0,9382.0,9382.0,2020,-11.573986804901038,-11.972227434790772,8142.0,7202.0,6153.0,-34.416968663397995,3234.0,3533.0,9.24551638837352,2.5643928672516276,22.671950183979618,926.0,4730.0,3708.0,39.52248987422725,3166.0,51.45457500406307,8.0,2024,-159.0,2023,,,
20482,長野県 松川村,,city,7496.0,9701.0,10093.0,9599.0,9599.0,2020,28.05496264674494,-1.0514379960828824,8830.0,8048.0,7232.0,-24.658818626940302,2975.0,3565.0,19.83193277310924,2.6137447405329595,23.281907433380084,1069.0,5188.0,3305.0,34.4306698614439,3295.0,45.561393805309734,120.0,2024,-93.0,2023,,,
20485,長野県 白馬村,,city,7131.0,9492.0,9205.0,8575.0,8575.0,2020,20.24961435983732,-9.660766961651913,7805.0,7076.0,6321.0,-26.285714285714292,3333.0,3696.0,10.8910891089109,2.2635281385281387,33.14393939393939,961.0,4726.0,2785.0,32.478134110787174,2646.0,41.86046511627907,-26.0,2024,-56.0,2023,,,
20486,長野県 小谷村,,city,5165.0,4276.0,3221.0,2647.0,2647.0,2020,-48.75121006776379,-38.09635173058934,2060.0,1605.0,1230.0,-53.53230071779373,1504.0,1117.0,-25.731382978723406,2.325872873769024,34.37779767233662,269.0,1364.0,1014.0,38.30751794484322,592.0,48.13008130081301,-42.0,2024,-29.0,2023,,,
20521,長野県 坂城町,,city,16685.0,16830.0,15730.0,14004.0,14004.0,2020,-16.068324842673064,-16.791443850267385,11906.0,10207.0,8529.0,-39.09597257926307,5379.0,5452.0,1.3571295779884807,2.5187087307410123,26.192223037417463,1530.0,7333.0,5018.0,35.83261925164239,4007.0,46.9808887325595,-105.0,2024,-146.0,2023,,,
20541,長野県 小布施町,,city,11205.0,11460.0,11072.0,10660.0,10660.0,2020,-4.8639000446229375,-6.980802792321117,10070.0,9035.0,8066.0,-24.33395872420263,3259.0,3673.0,12.703283215710348,2.86087666757419,17.070514565750067,1396.0,5504.0,3748.0,35.15947467166979,3629.0,44.99132159682618,60.0,2024,-87.0,2023,,,
20543,長野県 高山村,,city,6931.0,7776.0,7563.0,6617.0,6617.0,2020,-4.530370797864669,-14.904835390946502,5736.0,4849.0,3953.0,-40.259936527127095,2182.0,2318.0,6.232813932172321,2.785159620362381,19.75841242450388,718.0,3458.0,2441.0,36.88982922774671,2059.0,52.08702251454591,-5.0,2024,-81.0,2023,,,
20561,長野県 山ノ内町,,city,18964.0,15900.0,13678.0,11352.0,11352.0,2020,-40.13921113689095,-28.603773584905657,9210.0,7273.0,5578.0,-50.86328400281889,4798.0,4415.0,-7.9824927052938754,2.540430351075878,28.176670441676105,976.0,5580.0,4762.0,41.948555320648346,3160.0,56.65112943707422,-68.0,2024,-162.0,2023,,,
20562,長野県 木島平村,,city,6077.0,5513.0,4939.0,4375.0,4375.0,2020,-28.007240414678293,-20.642118628695805,3699.0,3199.0,2660.0,-39.2,1574.0,1563.0,-0.6988564167725531,2.714011516314779,23.160588611644272,470.0,2074.0,1761.0,40.25142857142857,1445.0,54.3233082706767,-37.0,2024,-87.0,2023,,,
20563,長野県 野沢温泉村,,city,4966.0,4610.0,3853.0,3279.0,3279.0,2020,-33.97100281917036,-28.87201735357917,2736.0,2308.0,1894.0,-42.238487343702346,1324.0,1151.0,-13.066465256797589,2.791485664639444,24.413553431798434,375.0,1629.0,1257.0,38.33485818847209,881.0,46.51531151003168,17.0,2024,-59.0,2023,,,
20583,長野県 信濃町,,city,11857.0,10391.0,9238.0,7739.0,7739.0,2020,-34.73053892215569,-25.522086420941203,6330.0,5007.0,3810.0,-50.76883318258173,3218.0,3058.0,-4.972032318210074,2.4934597776324394,24.558534990189667,661.0,3661.0,3416.0,44.14006977645691,2202.0,57.79527559055118,-85.0,2024,-109.0,2023,,,
20588,長野県 小川村,,city,5132.0,3620.0,3041.0,2215.0,2215.0,2020,-56.83943881527669,-38.812154696132595,1700.0,1309.0,991.0,-55.25959367945824,1289.0,963.0,-25.290923196276182,2.292834890965732,32.087227414330215,188.0,1010.0,1017.0,45.91422121896163,568.0,57.31584258324924,-18.0,2024,-46.0,2023,,,
20590,長野県 飯綱町,,city,12000.0,13062.0,11865.0,10296.0,10296.0,2020,-14.200000000000001,-21.17593017914561,8697.0,7090.0,5586.0,-45.74592074592074,3667.0,3756.0,2.4270520861739753,2.6850372736954204,19.408945686900957,1019.0,5094.0,4182.0,40.61771561771562,3075.0,55.048335123523096,26.0,2024,-122.0,2023,,,
20602,長野県 栄村,,city,3502.0,2638.0,2215.0,1660.0,1660.0,2020,-52.59851513420902,-37.07354056103108,1244.0,913.0,634.0,-61.80722891566265,930.0,691.0,-25.698924731182792,2.2735166425470332,30.68017366136035,103.0,654.0,902.0,54.33734939759036,424.0,66.8769716088328,22.0,2024,-35.0,2023,,,
21201,岐阜県 岐阜市,,city,420231.0,415085.0,413136.0,402557.0,402557.0,2020,-4.205782057963359,-3.0181769998915864,380464.0,353322.0,325128.0,-19.23429477067844,150559.0,173032.0,14.926374378150765,2.27450413796292,36.47128854778307,45760.0,219393.0,113093.0,28.093661270329417,126640.0,38.95081321817869,-515.0,2024,-2705.0,2023,,,
21202,岐阜県 大垣市,,city,156215.0,161827.0,161160.0,158286.0,158286.0,2020,1.325736965080182,-2.1881391856735877,150579.0,140908.0,130141.0,-17.781105088257966,53621.0,62189.0,15.978814270528341,2.497821158082619,29.627426072134945,20339.0,92709.0,43465.0,27.459787978722062,47964.0,36.85541066996566,-333.0,2024,-987.0,2023,,,
21203,岐阜県 高山市,,city,95037.0,97023.0,92747.0,84419.0,84419.0,2020,-11.172490714142914,-12.990734155818728,73101.0,63080.0,53862.0,-36.196827728355,31360.0,32634.0,4.062499999999991,2.5224305938591653,29.809401237972665,10547.0,45399.0,28093.0,33.27805351875763,24667.0,45.796665552708774,-183.0,2024,-781.0,2023,,,
21204,岐阜県 多治見市,,city,87812.0,115740.0,112595.0,106732.0,106732.0,2020,21.546030155331852,-7.782961810955591,95606.0,84105.0,72336.0,-32.22651126185212,36966.0,42571.0,15.162581831953691,2.45422940499401,25.836837283596815,12253.0,60458.0,33321.0,31.219315669152643,32566.0,45.020460075204596,-260.0,2024,-901.0,2023,,,
21205,岐阜県 関市,,city,78529.0,92061.0,91418.0,85283.0,85283.0,2020,8.600644347947895,-7.3625096403471595,77711.0,68803.0,59419.0,-30.327263346739674,29115.0,33358.0,14.573244032285771,2.4941843036153246,28.565861262665628,10487.0,47961.0,25999.0,30.48555984193802,25898.0,43.585385146165365,-250.0,2024,-699.0,2023,,,
21206,岐阜県 中津川市,,city,83539.0,85004.0,80910.0,76570.0,76570.0,2020,-8.342211422209989,-9.921886028892757,69514.0,62493.0,55136.0,-27.992686430716994,26220.0,29636.0,13.028222730739891,2.538635443379673,29.55864489134836,9113.0,41736.0,24980.0,32.62374298027949,23256.0,42.17933836331979,-126.0,2024,-810.0,2023,,,
21207,岐阜県 美濃市,,city,26825.0,24662.0,22629.0,19247.0,19247.0,2020,-28.249767008387693,-21.956856702619408,16605.0,13934.0,11343.0,-41.06614017769002,7229.0,7445.0,2.98796514040669,2.5466756212222967,26.662189388851576,2112.0,10121.0,6973.0,36.229022704837114,5196.0,45.80798730494578,-61.0,2024,-232.0,2023,,,
21208,岐阜県 瑞浪市,,city,40066.0,42298.0,40387.0,37150.0,37150.0,2020,-7.277991314331356,-12.170788216936968,33355.0,29193.0,25047.0,-32.578734858681024,12824.0,14456.0,12.72613849033064,2.4591173215273936,30.18123962368567,4187.0,21105.0,11639.0,31.329744279946166,10957.0,43.74575797500699,-80.0,2024,-316.0,2023,,,
21209,岐阜県 羽島市,,city,56975.0,64713.0,67197.0,65649.0,65649.0,2020,15.224221149627027,1.4463863520467246,61964.0,57117.0,51806.0,-21.086383646361707,19324.0,24789.0,28.280894224798182,2.606317318165315,26.32215902214692,8480.0,38380.0,18140.0,27.631799418117563,20315.0,39.21360460178357,-837.0,2024,-405.0,2023,,,
21210,岐阜県 恵那市,,city,59161.0,57274.0,53718.0,47774.0,47774.0,2020,-19.247477223170673,-16.586932988790725,40511.0,34376.0,28611.0,-40.11177627998494,17428.0,18067.0,3.666513656185444,2.5901920628770685,27.25410970277301,5499.0,25118.0,16856.0,35.28278980198434,13644.0,47.687952186222084,-158.0,2024,-636.0,2023,,,
21211,岐阜県 美濃加茂市,,city,39531.0,50063.0,54729.0,56689.0,56689.0,2020,43.4039108547722,13.235323492399576,57093.0,56198.0,53983.0,-4.773412831413504,16405.0,21849.0,33.18500457177689,2.5463865623140647,28.976154515080783,8277.0,32868.0,12916.0,22.783961615128156,17839.0,33.04558842598596,150.0,2024,-176.0,2023,,,
21212,岐阜県 土岐市,,city,65038.0,63283.0,60475.0,55348.0,55348.0,2020,-14.898982133521944,-12.538912504148037,48849.0,42805.0,37104.0,-32.962347329623476,19702.0,21333.0,8.278347375900918,2.550883607556368,25.80040313129893,6553.0,30878.0,17692.0,31.965021319650212,15879.0,42.79592496765847,-241.0,2024,-672.0,2023,,,
21213,岐阜県 各務原市,,city,122317.0,141765.0,145604.0,144521.0,144521.0,2020,18.152832394515883,1.9440623567170912,137858.0,128639.0,119096.0,-17.59259899945337,45866.0,57049.0,24.38189508568438,2.4885274062647897,27.812932742028785,18832.0,83147.0,40954.0,28.33775022315096,43803.0,36.77957278162155,-127.0,2024,-825.0,2023,,,
21214,岐阜県 可児市,,city,57290.0,93463.0,97436.0,99968.0,99968.0,2020,74.49467620876244,6.959973465435509,96470.0,90554.0,83832.0,-16.14116517285531,29714.0,39951.0,34.451773574745914,2.4693749843558357,27.806563039723663,12949.0,57717.0,27764.0,27.772887323943664,32109.0,38.30160320641283,-65.0,2024,-573.0,2023,,,
21215,岐阜県 山県市,,city,29669.0,30951.0,29629.0,25280.0,25280.0,2020,-14.793218510903639,-18.322509773512973,21528.0,17576.0,13877.0,-45.10680379746835,9086.0,9486.0,4.402377283733205,2.585494412818891,24.731182795698924,2616.0,13520.0,9115.0,36.05617088607595,6914.0,49.823448872234636,-231.0,2024,-293.0,2023,,,
21216,岐阜県 瑞穂市,,city,32247.0,46571.0,51950.0,56388.0,56388.0,2020,74.86277793283097,21.079641837194817,57188.0,55895.0,53347.0,-5.3929914166134685,15935.0,22476.0,41.04800753059303,2.4762858159814916,31.35344367325147,8590.0,34645.0,11829.0,20.977867631410938,16789.0,31.471310476690352,-67.0,2024,8.0,2023,,,
21217,岐阜県 飛騨市,,city,36100.0,30421.0,26732.0,22538.0,22538.0,2020,-37.56786703601108,-25.913020610762306,18260.0,14428.0,11268.0,-50.00443695092732,9373.0,8174.0,-12.792062306625418,2.6742109126498654,24.198678737460238,2393.0,11032.0,9102.0,40.385127340491614,5996.0,53.21263755768548,-188.0,2024,-356.0,2023,,,
21218,岐阜県 本巣市,,city,28245.0,33900.0,35047.0,32928.0,32928.0,2020,16.579925650557612,-2.8672566371681363,30270.0,27264.0,24186.0,-26.548833819241977,9886.0,11697.0,18.318834715759657,2.7395058562024452,22.09968367957596,4187.0,18511.0,10038.0,30.484693877551024,10051.0,41.557099148267596,-39.0,2024,-258.0,2023,,,
21219,岐阜県 郡上市,,city,52690.0,49377.0,44491.0,38997.0,38997.0,2020,-25.98785348263427,-21.021933288778172,32273.0,26786.0,21763.0,-44.19314306228684,14683.0,14463.0,-1.4983314036640993,2.616193044319989,26.13565650280025,4575.0,19746.0,14612.0,37.469548939662026,11245.0,51.67026604787943,-233.0,2024,-553.0,2023,,,
21220,岐阜県 下呂市,,city,42581.0,40102.0,36314.0,30428.0,30428.0,2020,-28.54089852281534,-24.12348511296195,24243.0,19316.0,15154.0,-50.19718680163008,12748.0,11656.0,-8.566049576404144,2.5417810569663692,29.692862045298558,3246.0,14670.0,12298.0,40.41672144077823,8213.0,54.19691170648014,-219.0,2024,-485.0,2023,,,
21221,岐阜県 海津市,,city,37671.0,41204.0,37941.0,32735.0,32735.0,2020,-13.102917363489153,-20.55382972526939,27845.0,22670.0,17756.0,-45.75836260882847,11054.0,11572.0,4.686086484530483,2.7694434842723816,21.50017283097131,3270.0,18152.0,11257.0,34.38826943638308,9313.0,52.449876098220315,-242.0,2024,-421.0,2023,,,
21302,岐阜県 岐南町,,city,18309.0,22137.0,23804.0,25881.0,25881.0,2020,41.35670981484516,16.9128608212495,26052.0,25417.0,24133.0,-6.753989413082961,7709.0,10568.0,37.08652224672462,2.4065102195306585,32.49432248296745,3774.0,15941.0,5822.0,22.495266798037168,7561.0,31.33054323954751,98.0,2024,17.0,2023,,,
21303,岐阜県 笠松町,,city,22865.0,22319.0,22809.0,22208.0,22208.0,2020,-2.873387273124861,-0.4973341099511641,21017.0,19536.0,18063.0,-18.664445244956774,7205.0,8578.0,19.0562109646079,2.491606435066449,28.608067148519467,2740.0,13011.0,6210.0,27.962896253602302,6558.0,36.30626141836904,49.0,2024,-155.0,2023,,,
21341,岐阜県 養老町,,city,31372.0,33256.0,31332.0,26882.0,26882.0,2020,-14.31212546219559,-19.166466201587685,22712.0,18431.0,14417.0,-46.36931775909531,9077.0,9380.0,3.338107304175386,2.817590618336887,20.341151385927507,2848.0,14822.0,9162.0,34.08228554423034,7566.0,52.479711451758334,-124.0,2024,-299.0,2023,,,
21361,岐阜県 垂井町,,city,26404.0,28935.0,28505.0,26402.0,26402.0,2020,-0.00757460990759018,-8.754104026265763,23782.0,20999.0,18195.0,-31.08476630558291,8802.0,9556.0,8.566234946603046,2.670782754290498,24.602344077019673,3272.0,14765.0,8280.0,31.36126051056738,7715.0,42.401758724924434,-90.0,2024,-214.0,2023,,,
21362,岐阜県 関ケ原町,,city,10483.0,9110.0,8096.0,6610.0,6610.0,2020,-36.94553085948679,-27.442371020856204,5334.0,4133.0,3105.0,-53.02571860816945,2770.0,2503.0,-9.638989169675094,2.5904914103076306,25.729125049940073,584.0,3338.0,2649.0,40.07564296520423,1711.0,55.104669887278575,-61.0,2024,-104.0,2023,,,
21381,岐阜県 神戸町,,city,19338.0,20750.0,20065.0,18585.0,18585.0,2020,-3.893887682283592,-10.43373493975903,16473.0,14129.0,11943.0,-35.73849878934625,6239.0,6802.0,9.023882032376985,2.6959717730079387,23.272566892090563,2177.0,10309.0,5973.0,32.13882163034705,5261.0,44.05090848195596,-95.0,2024,-159.0,2023,,,
21382,岐阜県 輪之内町,,city,8111.0,9141.0,10028.0,9654.0,9654.0,2020,19.023548267784495,5.612077453232689,9133.0,8280.0,7289.0,-24.49761756784753,2242.0,3420.0,52.542372881355924,2.75906432748538,26.49122807017544,1300.0,5753.0,2571.0,26.63144810441268,2899.0,39.77225956921389,-96.0,2024,-62.0,2023,,,
21383,岐阜県 安八町,,city,13901.0,15078.0,15271.0,14355.0,14355.0,2020,3.265952089777713,-4.795065658575403,13065.0,11625.0,10182.0,-29.070010449320794,4447.0,5008.0,12.615246233415789,2.827076677316294,21.146166134185304,1875.0,8306.0,4111.0,28.63810518982933,4330.0,42.52602632095856,80.0,2024,-113.0,2023,,,
21401,岐阜県 揖斐川町,,city,31171.0,27453.0,23784.0,19529.0,19529.0,2020,-37.348817811427296,-28.863876443375947,15512.0,11993.0,9033.0,-53.74571150596549,7969.0,7046.0,-11.582381729200652,2.7107578768095375,22.97757592960545,1993.0,10003.0,7523.0,38.52219775718162,4977.0,55.097974094985055,-91.0,2024,-294.0,2023,,,
21403,岐阜県 大野町,,city,19127.0,23071.0,23859.0,22041.0,22041.0,2020,15.23500810372771,-4.464479216332196,19778.0,17263.0,14650.0,-33.53296129939658,6372.0,7517.0,17.96924042686754,2.8456831182652653,17.387255554077424,2794.0,12579.0,6608.0,29.980490903316547,6744.0,46.034129692832764,-146.0,2024,-189.0,2023,,,
21404,岐阜県 池田町,,city,20672.0,23820.0,24980.0,23360.0,23360.0,2020,13.003095975232192,-1.9311502938706981,20525.0,18157.0,15679.0,-32.88099315068494,6549.0,8371.0,27.82104138036341,2.7377852108469716,24.262334249193646,2976.0,13427.0,6911.0,29.584760273972606,7187.0,45.83838254990752,-176.0,2024,-206.0,2023,,,
21421,岐阜県 北方町,,city,13165.0,17250.0,18395.0,18139.0,18139.0,2020,37.78199772123054,5.153623188405798,17538.0,16527.0,15217.0,-16.108936545564802,6023.0,7412.0,23.06159721069234,2.424042093901781,30.652995143011335,2501.0,11063.0,4455.0,24.560339599757427,5683.0,37.34638890714332,-123.0,2024,-34.0,2023,,,
21501,岐阜県 坂祝町,,city,6366.0,8853.0,8361.0,8071.0,8071.0,2020,26.78290920515236,-8.833163899243191,7667.0,7070.0,6378.0,-20.97633502663858,3130.0,3195.0,2.076677316293929,2.4704225352112674,30.86071987480438,1046.0,4686.0,2254.0,27.92714657415438,2406.0,37.723424270931325,50.0,2024,-44.0,2023,,,
21502,岐阜県 富加町,,city,5635.0,5835.0,5516.0,5626.0,5626.0,2020,-0.15971606033717833,-3.5818337617823492,5255.0,4843.0,4422.0,-21.400639886242445,1581.0,1954.0,23.592662871600247,2.789150460593654,21.596724667349026,792.0,3016.0,1817.0,32.29648062566655,1736.0,39.258254183627315,78.0,2024,-38.0,2023,,,
21503,岐阜県 川辺町,,city,10255.0,11013.0,10593.0,9860.0,9860.0,2020,-3.851779619697704,-10.469445201125938,8985.0,8045.0,7100.0,-27.99188640973631,3292.0,3697.0,12.30255164034022,2.6407898295915606,23.343251284825534,1239.0,5449.0,3158.0,32.02839756592292,2914.0,41.04225352112676,-46.0,2024,-99.0,2023,,,
21504,岐阜県 七宗町,,city,6435.0,5234.0,4484.0,3402.0,3402.0,2020,-47.132867132867126,-35.00191058463889,2638.0,1986.0,1429.0,-57.99529688418576,1538.0,1310.0,-14.824447334200263,2.57175572519084,25.114503816793892,283.0,1551.0,1568.0,46.09053497942387,835.0,58.43247025892232,-52.0,2024,-75.0,2023,,,
21505,岐阜県 八百津町,,city,15451.0,13632.0,12045.0,10195.0,10195.0,2020,-34.01721571419326,-25.212734741784036,8523.0,6960.0,5514.0,-45.914664051005396,4016.0,3868.0,-3.685258964143423,2.5703205791106516,23.4746639089969,999.0,5089.0,4097.0,40.1863658656204,2857.0,51.81356546971345,-64.0,2024,-127.0,2023,,,
21506,岐阜県 白川町,,city,12922.0,11282.0,9530.0,7412.0,7412.0,2020,-42.64045813341588,-34.30242864740294,5698.0,4305.0,3098.0,-58.202914193200215,3241.0,2856.0,-11.879049676025922,2.5073529411764706,26.47058823529412,586.0,3355.0,3471.0,46.82946573124663,1964.0,63.39573918657199,-109.0,2024,-163.0,2023,,,
21507,岐阜県 東白川村,,city,3578.0,2980.0,2514.0,2016.0,2016.0,2020,-43.65567356064841,-32.3489932885906,1565.0,1214.0,911.0,-54.81150793650793,931.0,776.0,-16.648764769065515,2.573453608247423,25.0,185.0,921.0,910.0,45.13888888888889,529.0,58.068057080131716,-33.0,2024,-24.0,2023,,,
21521,岐阜県 御嵩町,,city,16794.0,19653.0,18824.0,17516.0,17516.0,2020,4.299154459926169,-10.873657965704986,16082.0,14353.0,12578.0,-28.19136789221284,5813.0,6757.0,16.239463271976607,2.5619357703122687,24.611513985496522,2090.0,9755.0,5565.0,31.77095227220827,5132.0,40.80139926856416,29.0,2024,-150.0,2023,,,
21604,岐阜県 白川村,,city,2132.0,2151.0,1733.0,1511.0,1511.0,2020,-29.12757973733584,-29.753602975360295,1260.0,1039.0,861.0,-43.01786896095301,614.0,572.0,-6.84039087947883,2.590909090909091,32.34265734265735,201.0,810.0,500.0,33.090668431502316,299.0,34.72706155632984,-11.0,2024,-12.0,2023,,,
22100,静岡県 静岡市,,city,727260.0,729980.0,716197.0,693389.0,693389.0,2020,-4.657344003520059,-5.012603085016032,649978.0,598680.0,546205.0,-21.226757274776496,260963.0,296944.0,13.787778344056445,2.2835383102537854,34.9998652944663,78274.0,395897.0,209628.0,30.232380380998258,210431.0,38.52601129612508,-399.0,2024,-5693.0,2023,,,
22101,静岡県 静岡市 葵区,,city,,,255375.0,249297.0,249297.0,2020,,,233592.0,215896.0,197935.0,-20.60273489051212,,104937.0,,2.3128734383487237,33.239943966379826,29111.0,139810.0,77416.0,31.053723069270788,76347.0,38.57175335337358,326.0,2024,-2075.0,2023,,,
22102,静岡県 静岡市 駿河区,,city,,,213059.0,213026.0,213026.0,2020,,,206857.0,196938.0,185177.0,-13.073052115704186,,96295.0,,2.170652681863025,39.98234591619503,24659.0,127440.0,56905.0,26.71270173593834,66177.0,35.73715958245354,-401.0,2024,-1312.0,2023,,,
22103,静岡県 静岡市 清水区,,city,,,247763.0,231066.0,231066.0,2020,,,209529.0,185846.0,163093.0,-29.41713622947556,,95712.0,,2.36494901370779,31.91658308258108,24504.0,128647.0,75307.0,32.59112115153246,67907.0,41.63698012790248,-324.0,2024,-2306.0,2023,,,
22130,静岡県 浜松市,,city,698982.0,786306.0,800866.0,790718.0,790718.0,2020,13.124229236232111,0.5611047098712296,752174.0,707669.0,657052.0,-16.904383104975473,268207.0,320221.0,19.393229856044037,2.409557774162219,31.996652311997025,101461.0,457684.0,220925.0,27.939796488760848,248345.0,37.79685626099609,-1033.0,2024,-4986.0,2023,,,
22138,静岡県 浜松市 中央区,,city,,,,,,,,,,,,,,,,,,,,,,,,-954.0,2024,,,,,
22139,静岡県 浜松市 浜名区,,city,,,,,,,,,,,,,,,,,,,,,,,,19.0,2024,,,,,
22140,静岡県 浜松市 天竜区,,city,,,33957.0,26726.0,26726.0,2020,,,,,,,,10587.0,,2.392934731274204,28.4405402852555,2076.0,12336.0,12183.0,45.58482376711816,,,-98.0,2024,-569.0,2023,,,
22203,静岡県 沼津市,,city,208708.0,211559.0,202304.0,189386.0,189386.0,2020,-9.257910573624395,-10.480764231254636,171525.0,151824.0,131634.0,-30.494334322494797,77654.0,83299.0,7.269425914956096,2.21660524135944,36.27294445311468,19162.0,107423.0,60488.0,31.939002883000857,58492.0,44.435328258656575,-711.0,2024,-1992.0,2023,,,
22205,静岡県 熱海市,,city,50082.0,42936.0,39611.0,34208.0,34208.0,2020,-31.696018529611436,-20.32792994223961,29427.0,24640.0,20578.0,-39.84448082319925,19656.0,18380.0,-6.491656491656494,1.8025027203482045,51.055495103373225,1993.0,15252.0,16376.0,47.871842843779234,12389.0,60.20507337933716,-83.0,2024,-762.0,2023,,,
22206,静岡県 三島市,,city,94612.0,110519.0,111838.0,107783.0,107783.0,2020,13.921067095083073,-2.475592432070506,99085.0,90903.0,82914.0,-23.073211916536007,40832.0,46047.0,12.77184561128526,2.2972180598084564,33.28338436814559,13054.0,61582.0,31677.0,29.389606895336,33073.0,39.888318016257806,-439.0,2024,-835.0,2023,,,
22207,静岡県 富士宮市,,city,118214.0,130372.0,132001.0,128105.0,128105.0,2020,8.367029285871386,-1.7388703095756797,117721.0,107470.0,96298.0,-24.828851332890988,41130.0,51315.0,24.762946754194015,2.4483094611711973,29.505992399883073,15768.0,73531.0,37925.0,29.604621209164357,39113.0,40.616627551974084,-545.0,2024,-1093.0,2023,,,
22208,静岡県 伊東市,,city,69638.0,71720.0,71437.0,65491.0,65491.0,2020,-5.955081995462253,-8.685164528722812,58442.0,51213.0,43974.0,-32.85489609259288,28513.0,30756.0,7.866587170764205,2.0702952269475876,37.01391598387306,5503.0,30839.0,27965.0,42.70052373608588,25138.0,57.16559785327694,-89.0,2024,-1083.0,2023,,,
22209,静岡県 島田市,,city,100519.0,102585.0,100276.0,95719.0,95719.0,2020,-4.775216625712552,-6.692986304040549,88304.0,80156.0,71821.0,-24.96682999195562,30716.0,35344.0,15.067066024221898,2.660366681756451,24.598234495246718,12022.0,53013.0,30176.0,31.525611425108913,28703.0,39.96463429916041,-199.0,2024,-835.0,2023,,,
22210,静岡県 富士市,,city,222488.0,251559.0,254027.0,245392.0,245392.0,2020,10.294487792600048,-2.4515123688677365,230273.0,211536.0,190495.0,-22.37114494360044,82667.0,97177.0,17.552348579239595,2.47824073597662,28.944091708943475,30431.0,143917.0,69314.0,28.246234596074853,75674.0,39.72492716344261,-28.0,2024,-1762.0,2023,,,
22211,静岡県 磐田市,,city,140751.0,166002.0,168625.0,166672.0,166672.0,2020,18.416210186783744,0.40360959506511307,158107.0,147363.0,135644.0,-18.616204281462988,53059.0,64969.0,22.44671026593037,2.5176930536101834,29.51715433514445,21544.0,94843.0,47581.0,28.54768647403283,50830.0,37.47309132729792,-270.0,2024,-1068.0,2023,,,
22212,静岡県 焼津市,,city,124071.0,141452.0,143249.0,136845.0,136845.0,2020,10.29571777450009,-3.256935214772505,127326.0,115966.0,103986.0,-24.011838211114767,44235.0,53171.0,20.201198146264264,2.530289067348743,27.8027496191533,16571.0,78621.0,40865.0,29.862252913880667,41655.0,40.058277075760195,-241.0,2024,-1049.0,2023,,,
22213,静岡県 掛川市,,city,94398.0,114328.0,116363.0,114954.0,114954.0,2020,21.775885082311074,0.5475474074592368,109431.0,102728.0,95159.0,-17.21993145084121,34896.0,43682.0,25.177670793214112,2.579735360102559,28.142026463989744,15655.0,66367.0,32043.0,27.874628112114415,35294.0,37.08950283210206,222.0,2024,-691.0,2023,,,
22214,静岡県 藤枝市,,city,114822.0,141643.0,142151.0,141342.0,141342.0,2020,23.096619114803786,-0.2125060892525621,131842.0,122368.0,112629.0,-20.314556182875577,44644.0,53920.0,20.777708090672874,2.5808048961424332,24.944362017804153,18165.0,79594.0,42602.0,30.141076254757966,45651.0,40.53218975574674,-81.0,2024,-993.0,2023,,,
22215,静岡県 御殿場市,,city,69261.0,82533.0,89030.0,86614.0,86614.0,2020,25.05450397770752,4.944688791150198,79217.0,75256.0,70200.0,-18.95074699240308,26882.0,33406.0,24.269027602112935,2.4579716218643357,32.521103993294616,11327.0,52570.0,22176.0,25.603251206502414,25961.0,36.98148148148148,-541.0,2024,-483.0,2023,,,
22216,静岡県 袋井市,,city,57924.0,78732.0,84846.0,87864.0,87864.0,2020,51.68841930805883,11.598841639993896,87277.0,84780.0,80483.0,-8.400482563962486,25326.0,34018.0,34.32046118613283,2.540067023340584,30.457404903286495,12764.0,52796.0,21310.0,24.253391605208048,27696.0,34.412236124398945,-381.0,2024,-338.0,2023,,,
22219,静岡県 下田市,,city,31007.0,27798.0,25013.0,20183.0,20183.0,2020,-34.908246524978225,-27.394057126411976,16611.0,13376.0,10574.0,-47.60937422583362,11105.0,9629.0,-13.291310220621344,2.048083913178939,39.1421746806522,1684.0,9887.0,8535.0,42.28806421245603,5380.0,50.879515793455646,-101.0,2024,-355.0,2023,,,
22220,静岡県 裾野市,,city,41025.0,52682.0,54546.0,50911.0,50911.0,2020,24.097501523461307,-3.361679511028437,45789.0,42093.0,37980.0,-25.399226100449802,18439.0,20694.0,12.229513531102555,2.409442350439741,32.608485551367544,6853.0,30028.0,13667.0,26.844886173911338,14229.0,37.464454976303315,-416.0,2024,-244.0,2023,,,
22221,静岡県 湖西市,,city,54252.0,60827.0,60107.0,57885.0,57885.0,2020,6.696527316965284,-4.836667927071858,53584.0,48485.0,42841.0,-25.989461864040774,20425.0,22984.0,12.52876376988985,2.48746954403063,30.04698920988514,6973.0,34646.0,16070.0,27.761941781117734,17562.0,40.99344086272496,-292.0,2024,-427.0,2023,,,
22222,静岡県 伊豆市,,city,39915.0,38581.0,34202.0,28190.0,28190.0,2020,-29.37492170863084,-26.932946268888834,23035.0,18265.0,14014.0,-50.28733593472863,12533.0,11423.0,-8.85661852708849,2.3684671277247658,29.02915171145934,2328.0,13861.0,11999.0,42.56473926924441,7751.0,55.308976737548164,-80.0,2024,-524.0,2023,,,
22223,静岡県 御前崎市,,city,30774.0,36059.0,34700.0,31103.0,31103.0,2020,1.069084291934752,-13.744141545799938,26937.0,23427.0,19720.0,-36.59775584348777,10885.0,11484.0,5.50298576022048,2.6529083942877048,28.49181469871125,3673.0,17564.0,9537.0,30.66263704465807,9117.0,46.232251521298174,-240.0,2024,-257.0,2023,,,
22224,静岡県 菊川市,,city,38081.0,47036.0,47041.0,47789.0,47789.0,2020,25.493028019222173,1.6009014371970443,46339.0,44050.0,41233.0,-13.718638180334386,13701.0,17732.0,29.421210130647403,2.6527746447101284,28.394992104669527,6711.0,27785.0,12864.0,26.918328485634767,14142.0,34.29777120267747,-141.0,2024,-284.0,2023,,,
22225,静岡県 伊豆の国市,,city,44046.0,50062.0,49269.0,46804.0,46804.0,2020,6.261635562820689,-6.5079301665934235,42372.0,37973.0,33651.0,-28.102298948807793,17398.0,19051.0,9.501092079549366,2.401081308067818,30.654558815810194,5328.0,25354.0,15750.0,33.65097000256389,14805.0,43.99572078095748,-224.0,2024,-539.0,2023,,,
22226,静岡県 牧之原市,,city,48835.0,51672.0,49019.0,43502.0,43502.0,2020,-10.920446401146721,-15.811271094596691,38371.0,33268.0,27948.0,-35.75467794584157,14539.0,15881.0,9.230345966022412,2.693910962785719,26.264089163150935,5064.0,24348.0,13834.0,31.800836743138245,12437.0,44.500500930299125,-403.0,2024,-461.0,2023,,,
22301,静岡県 東伊豆町,,city,17030.0,15807.0,14064.0,11488.0,11488.0,2020,-32.542571931884915,-27.32333776175112,9302.0,7300.0,5575.0,-51.47110027855153,6004.0,5486.0,-8.627581612258496,1.99635435654393,41.90667152752461,774.0,5189.0,5516.0,48.015320334261844,3381.0,60.6457399103139,-43.0,2024,-232.0,2023,,,
22302,静岡県 河津町,,city,9509.0,8705.0,7998.0,6870.0,6870.0,2020,-27.752655379114522,-21.079839172889148,5869.0,5033.0,4244.0,-38.22416302765647,3022.0,2933.0,-2.9450694904037067,2.24855097170133,32.96965564268667,644.0,3266.0,2960.0,43.085880640465795,2136.0,50.32987747408105,-21.0,2024,-140.0,2023,,,
22304,静岡県 南伊豆町,,city,11722.0,10304.0,9516.0,7877.0,7877.0,2020,-32.80156969800375,-23.553959627329192,6580.0,5417.0,4410.0,-44.01421861114637,3666.0,3305.0,-9.847244953627932,2.216036308623298,32.79878971255673,659.0,3339.0,3873.0,49.1684651517075,2487.0,56.394557823129254,0.0,2024,-167.0,2023,,,
22305,静岡県 松崎町,,city,10013.0,8515.0,7653.0,6038.0,6038.0,2020,-39.69839209028263,-29.089841456253673,4841.0,3767.0,2840.0,-52.964557800596225,2979.0,2660.0,-10.708291372943945,2.2206766917293232,31.954887218045116,463.0,2620.0,2948.0,48.82411394501491,1703.0,59.96478873239437,-45.0,2024,-127.0,2023,,,
22306,静岡県 西伊豆町,,city,14376.0,11268.0,9469.0,7090.0,7090.0,2020,-50.68169170840289,-37.078452254171104,5403.0,3998.0,2869.0,-59.5345557122708,4378.0,3397.0,-22.407492005481956,2.0535766853105684,37.88637032675891,435.0,2972.0,3654.0,51.53737658674189,1722.0,60.02091321017776,-22.0,2024,-179.0,2023,,,
22325,静岡県 函南町,,city,28749.0,38611.0,38571.0,36794.0,36794.0,2020,27.98358203763609,-4.705912822770708,34017.0,30665.0,27297.0,-25.81127357721368,12763.0,14757.0,15.623286061270857,2.420004065867046,27.044792301958392,4286.0,20397.0,12069.0,32.801543729955974,11882.0,43.52859288566509,-240.0,2024,-340.0,2023,,,
22341,静岡県 清水町,,city,26408.0,30870.0,32302.0,31710.0,31710.0,2020,20.07724931838837,2.7210884353741527,29714.0,27178.0,24252.0,-23.519394512771996,10875.0,12956.0,19.135632183908037,2.3921735103426984,31.043531954306886,4012.0,19101.0,8285.0,26.127404604225795,9837.0,40.56160316674913,-25.0,2024,-160.0,2023,,,
22342,静岡県 長泉町,,city,31423.0,36169.0,40763.0,43336.0,43336.0,2020,37.91172071412659,19.815311454560526,42810.0,42156.0,40788.0,-5.879638176112234,12876.0,17455.0,35.56228642435539,2.4337439129189344,30.885133199656263,6880.0,26520.0,9556.0,22.050950710725495,12966.0,31.788761400411886,263.0,2024,-102.0,2023,,,
22344,静岡県 小山町,,city,23212.0,22235.0,20629.0,18568.0,18568.0,2020,-20.006892986386347,-16.49201709017315,16448.0,14410.0,12349.0,-33.4931064196467,6460.0,6367.0,-1.4396284829721329,2.5990262289932464,28.349301083712895,2165.0,10794.0,5569.0,29.992460146488582,5059.0,40.966879909304396,-139.0,2024,-189.0,2023,,,
22424,静岡県 吉田町,,city,21474.0,27492.0,29815.0,28919.0,28919.0,2020,34.66983328676538,5.190600902080611,27852.0,26286.0,24141.0,-16.522009751374533,8269.0,11259.0,36.159148627403546,2.5375255351274535,31.352695621280752,3689.0,17590.0,7468.0,25.823852830319165,8890.0,36.82531792386396,-167.0,2024,-213.0,2023,,,
22429,静岡県 川根本町,,city,12776.0,9785.0,8074.0,6206.0,6206.0,2020,-51.42454602379461,-36.576392437404195,4595.0,3369.0,2392.0,-61.45665485014502,3182.0,2632.0,-17.28472658705217,2.302431610942249,32.40881458966565,403.0,2727.0,3076.0,49.564937157589426,1420.0,59.36454849498328,-51.0,2024,-132.0,2023,,,
22461,静岡県 森町,,city,20447.0,20689.0,19435.0,17457.0,17457.0,2020,-14.62317210348706,-15.621828024554107,14908.0,12709.0,10633.0,-39.0903362547975,5789.0,6235.0,7.704266712731034,2.76214915797915,23.67281475541299,2005.0,9341.0,6001.0,34.375895056424355,4955.0,46.60020690303771,-66.0,2024,-222.0,2023,,,
23100,愛知県 名古屋市,,city,2087902.0,2171557.0,2263894.0,2332176.0,2332176.0,2020,11.699495474404454,7.396490168114389,2291900.0,2221982.0,2122366.0,-8.996319317238488,877508.0,1119847.0,27.616728280539892,2.0411645519432566,45.126075258495135,275484.0,1388348.0,566154.0,24.27578364583119,715644.0,33.71916059718258,4515.0,2024,-10008.0,2023,,,
23101,愛知県 名古屋市 千種区,,city,166837.0,148537.0,160015.0,165245.0,165245.0,2020,-0.954224782272517,11.248375825551893,165805.0,162596.0,157000.0,-4.9895609549456825,68322.0,86205.0,26.174585053130773,1.894078069717534,50.84623861724958,19283.0,101329.0,39379.0,23.83067566340888,50091.0,31.905095541401273,964.0,2024,-639.0,2023,,,
23102,愛知県 名古屋市 東区,,city,70046.0,65791.0,73272.0,84392.0,84392.0,2020,20.480826885189728,28.272864069553584,88276.0,88860.0,87114.0,3.225424210825678,29680.0,45719.0,54.03975741239893,1.8200091865526367,53.651654673111835,9642.0,53876.0,17986.0,21.312446677410183,26834.0,30.80331519617972,916.0,2024,-43.0,2023,,,
23103,愛知県 名古屋市 北区,,city,179266.0,167640.0,165785.0,162956.0,162956.0,2020,-9.09821159617552,-2.7940825578620876,155536.0,147271.0,139073.0,-14.656103488058125,67958.0,79067.0,16.346861296683237,2.024232612847332,44.17645794073381,17222.0,98464.0,47154.0,28.936645474852106,49713.0,35.74597513536057,390.0,2024,-1261.0,2023,,,
23104,愛知県 名古屋市 西区,,city,151348.0,140364.0,144995.0,151082.0,151082.0,2020,-0.1757538916933199,7.6358610469920984,149665.0,145892.0,140245.0,-7.172925960736554,56332.0,74170.0,31.66583824469218,2.005837939867871,46.9515976810031,16979.0,93632.0,35800.0,23.69574138547279,44334.0,31.611822168348247,1053.0,2024,-622.0,2023,,,
23105,愛知県 名古屋市 中村区,,city,163978.0,134955.0,136164.0,138599.0,138599.0,2020,-15.477076193147866,2.7001593123633816,136431.0,132042.0,126110.0,-9.010887524441014,59970.0,74572.0,24.34884108721027,1.8117121707879633,55.896314970766504,12848.0,83337.0,35868.0,25.878974595776306,39437.0,31.27190547934343,731.0,2024,-829.0,2023,,,
23106,愛知県 名古屋市 中区,,city,66562.0,64669.0,78353.0,93100.0,93100.0,2020,39.86959526456537,43.963877592045655,97090.0,95900.0,92444.0,-0.7046186895810935,29525.0,63022.0,113.45300592718037,1.4547618292025006,72.15416838564312,5716.0,48598.0,15440.0,16.584317937701396,25999.0,28.12405348102635,2084.0,2024,-158.0,2023,,,
23107,愛知県 名古屋市 昭和区,,city,112912.0,105289.0,105536.0,107599.0,107599.0,2020,-4.705434320532809,2.1939613824806026,107118.0,104182.0,99364.0,-7.653416853316486,49065.0,54971.0,12.03709365127892,1.918193229157192,50.83589529024395,13014.0,66597.0,25086.0,23.314343070102883,29843.0,30.034016343947506,-158.0,2024,-249.0,2023,,,
23108,愛知県 名古屋市 瑞穂区,,city,120679.0,104410.0,105061.0,108332.0,108332.0,2020,-10.231274703966719,3.756345177664966,107268.0,104157.0,99531.0,-8.12409998892294,43379.0,51581.0,18.90776643076142,2.070161493573215,42.88982377231926,12066.0,57233.0,26996.0,24.919691319277774,33767.0,33.92611347218455,722.0,2024,-495.0,2023,,,
23109,愛知県 名古屋市 熱田区,,city,65553.0,62625.0,64719.0,66957.0,66957.0,2020,2.141778408310824,6.917365269461073,66556.0,64737.0,61796.0,-7.707931956330183,25880.0,33741.0,30.374806800618238,1.9456744020627723,49.51839008920898,6774.0,40539.0,17269.0,25.791179413653538,21089.0,34.12680432390446,630.0,2024,-423.0,2023,,,
23110,愛知県 名古屋市 中川区,,city,191450.0,209982.0,221521.0,220728.0,220728.0,2020,15.292765735178904,5.117581506986313,210649.0,201298.0,190378.0,-13.749954695371681,76773.0,101018.0,31.580112800072936,2.1455483181215227,41.00556336494486,25896.0,135275.0,54337.0,24.61717589068899,65773.0,34.54863482125036,-207.0,2024,-1011.0,2023,,,
23111,愛知県 名古屋市 港区,,city,132148.0,151614.0,149215.0,143715.0,143715.0,2020,8.75306474558828,-5.209941034469113,133911.0,121018.0,107549.0,-25.165083672546363,55706.0,63790.0,14.51190177000683,2.2026649945132464,37.81156921147515,16363.0,81593.0,39032.0,27.1593083533382,44829.0,41.68239593115696,-272.0,2024,-1144.0,2023,,,
23112,愛知県 名古屋市 南区,,city,163768.0,147912.0,141310.0,134510.0,134510.0,2020,-17.865517072932448,-9.060792903888803,125581.0,116267.0,107390.0,-20.162069734592226,59154.0,62270.0,5.2676065861987365,2.1086397944435524,41.71832343022322,14261.0,79069.0,40043.0,29.76953386365326,39171.0,36.47546326473601,-1976.0,2024,-1043.0,2023,,,
23113,愛知県 名古屋市 守山区,,city,133953.0,154460.0,168551.0,176587.0,176587.0,2020,31.827581315834653,14.3253916871682,177201.0,173604.0,167223.0,-5.302768606975594,56475.0,74701.0,32.27268702965913,2.276636189609242,35.844232339593844,24936.0,99649.0,42753.0,24.210728989110184,59916.0,35.829999461796525,122.0,2024,-662.0,2023,,,
23114,愛知県 名古屋市 緑区,,city,145872.0,206864.0,229592.0,248802.0,248802.0,2020,70.56186245475486,20.273222987083294,249274.0,250143.0,245558.0,-1.3038480398067542,72850.0,101206.0,38.923816060398075,2.4194415350868526,29.339169614449734,37454.0,151029.0,56715.0,22.79523476499385,82473.0,33.585955252934134,-424.0,2024,-437.0,2023,,,
23115,愛知県 名古屋市 名東区,,city,124087.0,153103.0,161012.0,164755.0,164755.0,2020,32.77377968683262,7.6105628237199685,162756.0,158638.0,152101.0,-7.680495280871602,63205.0,75864.0,20.028478759591795,2.1300221448908574,40.90477696931351,22683.0,97071.0,35530.0,21.565354617462294,49812.0,32.74929158914143,-180.0,2024,-450.0,2023,,,
23116,愛知県 名古屋市 天白区,,city,99443.0,153342.0,158793.0,164817.0,164817.0,2020,65.74017276228594,7.483272684587394,158783.0,155377.0,149490.0,-9.29940479440834,63234.0,77950.0,23.27229022361388,2.062193713919179,43.97049390635022,20347.0,101057.0,36766.0,22.307164916240435,52563.0,35.161549267509535,120.0,2024,-542.0,2023,,,
23201,愛知県 豊橋市,,city,304273.0,364856.0,376665.0,371920.0,371920.0,2020,22.23233740752548,1.9361062994715628,348435.0,327949.0,304309.0,-18.178909442890944,124052.0,151163.0,21.854544868281046,2.4129449666915845,32.79440074621435,48558.0,221467.0,95757.0,25.746665949666596,113586.0,37.32587600103842,-2209.0,2024,-1992.0,2023,,,
23202,愛知県 岡崎市,,city,271243.0,345997.0,372357.0,384654.0,384654.0,2020,41.81158592111134,11.172640225204255,382749.0,372264.0,355210.0,-7.654671470984309,116656.0,156422.0,34.08825949801124,2.4256882024267687,32.02362838986843,54174.0,234846.0,89678.0,23.31393928049624,119619.0,33.675572196728695,-1454.0,2024,-1039.0,2023,,,
23203,愛知県 一宮市,,city,335465.0,362726.0,378566.0,380073.0,380073.0,2020,13.297363361304448,4.782397732723864,361238.0,342345.0,321749.0,-15.345473106482178,117888.0,151843.0,28.802761943539636,2.460613923592131,29.440935703325145,48805.0,221207.0,102543.0,26.979817035148514,122411.0,38.04549509089383,-394.0,2024,-2273.0,2023,,,
23204,愛知県 瀬戸市,,city,120774.0,131650.0,132224.0,127792.0,127792.0,2020,5.810853329358978,-2.930497531333076,120231.0,110977.0,102422.0,-19.85257293101289,46240.0,52184.0,12.854671280276818,2.402077265062088,28.698451632684346,15806.0,72686.0,38195.0,29.888412420182796,40127.0,39.178106266231865,-487.0,2024,-911.0,2023,,,
23205,愛知県 半田市,,city,89328.0,110837.0,118828.0,117884.0,117884.0,2020,31.967580154039045,6.3579851493634765,112798.0,107728.0,101584.0,-13.827152115639107,38081.0,48938.0,28.510280717418148,2.36891577097552,32.6821692754097,15247.0,72492.0,28591.0,24.253503444063657,35678.0,35.121672704362894,-521.0,2024,-616.0,2023,,,
23206,愛知県 春日井市,,city,244119.0,287623.0,305569.0,308681.0,308681.0,2020,26.44693776395939,7.321389457727645,301375.0,288021.0,273342.0,-11.448388465762394,103263.0,130809.0,26.675575956538154,2.316759550183856,32.628488865445036,40928.0,182975.0,79532.0,25.765110259458794,94959.0,34.739996048905766,-558.0,2024,-1216.0,2023,,,
23207,愛知県 豊川市,,city,157084.0,176698.0,181928.0,184661.0,184661.0,2020,17.55557536095338,4.5065592140261845,179234.0,170632.0,160223.0,-13.23398010408262,56879.0,72002.0,26.588020183195905,2.5063748229215856,29.010305269298076,25338.0,109442.0,48237.0,26.12192070875821,56754.0,35.42188075369953,175.0,2024,-914.0,2023,,,
23208,愛知県 津島市,,city,59049.0,65422.0,65258.0,60942.0,60942.0,2020,3.2058121221358427,-6.8478493473143605,55106.0,48679.0,42290.0,-30.6061501099406,21356.0,24212.0,13.373290878441658,2.4509747232777137,28.704774491987443,6588.0,35520.0,18299.0,30.026910833251286,19556.0,46.24261054622843,-51.0,2024,-519.0,2023,,,
23209,愛知県 碧南市,,city,62021.0,67814.0,72018.0,72458.0,72458.0,2020,16.828171103335965,6.848143451204769,70544.0,67699.0,64060.0,-11.590162576941122,20879.0,28258.0,35.34173092581063,2.5361313610305047,31.37164696723052,9872.0,44522.0,17247.0,23.80275469927406,21577.0,33.68248517015298,-95.0,2024,-398.0,2023,,,
23210,愛知県 刈谷市,,city,105643.0,132054.0,145781.0,153834.0,153834.0,2020,45.616841626989,16.493252760234455,154984.0,151845.0,145393.0,-5.48708347959489,48884.0,67646.0,38.380656247442936,2.2440055583478697,39.635750820447626,20887.0,96421.0,31028.0,20.16979341367968,45485.0,31.284174616384558,-41.0,2024,13.0,2023,,,
23211,愛知県 豊田市,,city,315871.0,395224.0,421487.0,422330.0,422330.0,2020,33.703315594024154,6.858389166649803,413257.0,394259.0,370200.0,-12.343428124926003,139040.0,176644.0,27.04545454545455,2.3603688775163607,36.178415343855434,56365.0,261645.0,97411.0,23.065138635664052,123630.0,33.39546191247974,-914.0,2024,-1307.0,2023,,,
23212,愛知県 安城市,,city,123843.0,158824.0,178691.0,187990.0,187990.0,2020,51.79703334060059,18.36372336674559,183753.0,182135.0,176290.0,-6.223735305069422,53046.0,75253.0,41.863665497869775,2.4759810240123317,31.88045659309263,27665.0,119010.0,39497.0,21.01016011489973,56707.0,32.16688411140734,-1673.0,2024,-347.0,2023,,,
23213,愛知県 西尾市,,city,146010.0,159788.0,165298.0,169046.0,169046.0,2020,15.777001575234584,5.793926953213013,166615.0,161483.0,154392.0,-8.668646403937386,46786.0,61910.0,32.325909460094906,2.6924890970764013,26.77434986270393,23576.0,100848.0,43373.0,25.65751333956438,52159.0,33.78348619099435,-256.0,2024,-903.0,2023,,,
23214,愛知県 蒲郡市,,city,85294.0,82108.0,82249.0,79538.0,79538.0,2020,-6.748423101273238,-3.130023870999177,74777.0,69119.0,63506.0,-20.156403228645424,25748.0,30879.0,19.927761379524632,2.509504841478027,29.23022118591923,9583.0,45717.0,23404.0,29.424928964771556,24193.0,38.09561301294366,-9.0,2024,-646.0,2023,,,
23215,愛知県 犬山市,,city,64614.0,72583.0,75198.0,73090.0,73090.0,2020,13.117900145479311,0.6985106705426958,68766.0,63288.0,58275.0,-20.26953071555616,24146.0,29394.0,21.734448769982606,2.4289650949173303,29.56725862420902,8825.0,42172.0,21416.0,29.300861951019293,22285.0,38.24109824109824,-257.0,2024,-494.0,2023,,,
23216,愛知県 常滑市,,city,54345.0,50183.0,54858.0,58710.0,58710.0,2020,8.032017664918566,16.9918099754897,58488.0,59287.0,59092.0,0.6506557656276613,15836.0,24537.0,54.94443041172013,2.3653665892325875,35.38329869177161,8495.0,34460.0,14737.0,25.10134559700222,18131.0,30.682664320043322,-145.0,2024,-356.0,2023,,,
23217,愛知県 江南市,,city,92141.0,97923.0,99730.0,98255.0,98255.0,2020,6.635482575617813,0.3390419002685885,93343.0,86856.0,80266.0,-18.308483028853495,32196.0,38655.0,20.06149832277302,2.5054973483378604,26.335532272668477,11679.0,54529.0,26630.0,27.102946414940714,31229.0,38.90688460867615,-115.0,2024,-706.0,2023,,,
23219,愛知県 小牧市,,city,103233.0,143122.0,147132.0,148831.0,148831.0,2020,44.169984404211824,3.988904570925511,144068.0,134622.0,124365.0,-16.43877955533457,49877.0,62568.0,25.444593700503248,2.3372011251758087,33.678557729190636,19321.0,91387.0,37160.0,24.96791663027192,44155.0,35.50436215977164,-38.0,2024,-733.0,2023,,,
23220,愛知県 稲沢市,,city,126023.0,136938.0,136442.0,134751.0,134751.0,2020,6.925719908270711,-1.597073127984927,125107.0,116248.0,107170.0,-20.468122685545932,43875.0,51909.0,18.3111111111111,2.5535070989616444,26.561867884181932,17241.0,79173.0,37287.0,27.671037691742544,40199.0,37.509564243724924,71.0,2024,-807.0,2023,,,
23221,愛知県 新城市,,city,54239.0,53603.0,49864.0,44355.0,44355.0,2020,-18.22304983498958,-17.25276570341212,37412.0,31351.0,25647.0,-42.177882989516405,15663.0,16593.0,5.937559854434027,2.610618935695775,25.757849695654794,4732.0,23319.0,16032.0,36.14474129184985,13030.0,50.80516239716146,-323.0,2024,-544.0,2023,,,
23222,愛知県 東海市,,city,96048.0,99921.0,107690.0,113787.0,113787.0,2020,18.468890554722627,13.87696280061248,113702.0,110891.0,106739.0,-6.194029194899242,36800.0,49045.0,33.274456521739125,2.2976857987562442,36.98236313589561,16453.0,69809.0,25005.0,21.975269582641253,32160.0,30.12956838643795,272.0,2024,-177.0,2023,,,
23223,愛知県 大府市,,city,62277.0,75273.0,85249.0,93123.0,93123.0,2020,49.53032419673396,23.71368219680363,95895.0,95911.0,94007.0,0.9492821322337086,26877.0,38274.0,42.40428619265544,2.39852118931912,32.701050321366985,14194.0,57143.0,19927.0,21.398580372195912,28243.0,30.043507398385227,-348.0,2024,-5.0,2023,,,
23224,愛知県 知多市,,city,64831.0,80536.0,84768.0,84364.0,84364.0,2020,30.12910490351839,4.753153869077176,79129.0,74203.0,69197.0,-17.97804750841592,27078.0,33994.0,25.5410296181402,2.4487556627640172,28.331470259457554,10966.0,49179.0,23461.0,27.80925513252098,25744.0,37.2039250256514,-419.0,2024,-438.0,2023,,,
23225,愛知県 知立市,,city,49432.0,62587.0,68398.0,72193.0,72193.0,2020,46.04507201812591,15.348235256522912,72273.0,70680.0,67603.0,-6.357957142659265,23066.0,31671.0,37.305991502644574,2.25992232641849,38.514729563322916,9755.0,46716.0,14360.0,19.89112517834139,21187.0,31.34032513349999,294.0,2024,-55.0,2023,,,
23226,愛知県 尾張旭市,,city,53151.0,75066.0,81140.0,83144.0,83144.0,2020,56.42979435946642,10.761196813470807,81834.0,78735.0,75084.0,-9.694024824401037,26645.0,33925.0,27.32219928692061,2.4165659543109803,28.15033161385409,11404.0,49283.0,21475.0,25.828682767247184,27613.0,36.7761440519951,-93.0,2024,-324.0,2023,,,
23227,愛知県 高浜市,,city,31548.0,38127.0,44027.0,46106.0,46106.0,2020,46.145555978191965,20.92742675794057,46975.0,46926.0,45784.0,-0.6983906649893679,12545.0,18225.0,45.277002789956164,2.5007956104252402,31.8957475994513,6997.0,29738.0,8896.0,19.294668806662905,13757.0,30.04761488729687,-88.0,2024,-145.0,2023,,,
23228,愛知県 岩倉市,,city,42800.0,46906.0,47340.0,47983.0,47983.0,2020,12.109813084112142,2.2960815247516253,46026.0,43380.0,40633.0,-15.317925098472374,17346.0,21478.0,23.821053845266917,2.2104479001769253,36.86097401992737,5890.0,28702.0,11995.0,24.998436946418522,13842.0,34.06590702138656,-36.0,2024,-165.0,2023,,,
23229,愛知県 豊明市,,city,54667.0,66495.0,69745.0,69295.0,69295.0,2020,26.758373424552296,4.210842920520341,66786.0,63403.0,59878.0,-13.589725088390214,23436.0,29069.0,24.03567161631677,2.329595101310675,33.14871512607933,8577.0,41574.0,18123.0,26.153402121365176,20743.0,34.642105614749994,-20.0,2024,-291.0,2023,,,
23230,愛知県 日進市,,city,41024.0,70188.0,84237.0,91520.0,91520.0,2020,123.08892355694229,30.392659713911208,94548.0,94354.0,92055.0,0.5845716783216881,26058.0,36416.0,39.74978893238161,2.4727866871704745,27.693870826010546,13492.0,51836.0,18044.0,19.715909090909093,29458.0,32.000434522839605,-41.0,2024,98.0,2023,,,
23231,愛知県 田原市,,city,60581.0,65534.0,64119.0,59360.0,59360.0,2020,-2.015483402386886,-9.421063875240332,53674.0,47462.0,41015.0,-30.904649595687328,19350.0,21272.0,9.932816537467692,2.747414441519368,29.66340729597593,7422.0,33453.0,16698.0,28.130053908355794,17288.0,42.15043276849933,167.0,2024,-516.0,2023,,,
23232,愛知県 愛西市,,city,61337.0,65597.0,64978.0,60829.0,60829.0,2020,-0.8282113569297533,-7.26862508956202,54858.0,48445.0,42323.0,-30.422989034835357,19089.0,21690.0,13.625648279113634,2.764638082065468,19.815583218072845,6865.0,34544.0,19192.0,31.550740600700323,18025.0,42.589135930817754,-33.0,2024,-637.0,2023,,,
23233,愛知県 清須市,,city,61138.0,63009.0,65757.0,67352.0,67352.0,2020,10.163891524093028,6.892666127061209,67451.0,66114.0,63645.0,-5.503919705428196,22039.0,28907.0,31.16293842733335,2.294046424741412,36.35451620714706,8696.0,36320.0,15188.0,22.55018410737617,20132.0,31.631707125461546,-132.0,2024,-112.0,2023,,,
23234,愛知県 北名古屋市,,city,69078.0,75728.0,81571.0,86385.0,86385.0,2020,25.05428645878571,14.072733995351783,86677.0,84720.0,81974.0,-5.10621056896452,27099.0,36085.0,33.15989519908484,2.3660523763336565,32.67839822640987,12192.0,52510.0,20797.0,24.074781501418073,25720.0,31.37580208358748,-318.0,2024,-213.0,2023,,,
23235,愛知県 弥富市,,city,36457.0,42179.0,43272.0,43025.0,43025.0,2020,18.01574457580164,2.0057374522866933,41159.0,38529.0,35632.0,-17.183033120278914,13202.0,17038.0,29.05620360551431,2.4869116093438195,30.437844817466843,5294.0,25765.0,11260.0,26.170830912260314,12934.0,36.29883251010328,-25.0,2024,-268.0,2023,,,
23236,愛知県 みよし市,,city,28552.0,47684.0,60098.0,61952.0,61952.0,2020,116.97954609134213,29.92198641053603,61282.0,59309.0,56436.0,-8.903667355371903,15336.0,24094.0,57.107459572248295,2.481198638665228,30.7918983979414,8981.0,40028.0,11234.0,18.133393595041323,18677.0,33.09412431781132,-63.0,2024,22.0,2023,,,
23237,愛知県 あま市,,city,70190.0,82321.0,86714.0,86126.0,86126.0,2020,22.704088901552932,4.622149876702175,82343.0,77378.0,72696.0,-15.59343287741216,27032.0,34012.0,25.821248890204206,2.49941197224509,26.8228860402211,11511.0,51573.0,23031.0,26.74105380489051,25304.0,34.807967425993176,-97.0,2024,-447.0,2023,,,
23238,愛知県 長久手市,,city,18610.0,43306.0,52022.0,60162.0,60162.0,2020,223.27780763030626,38.92301297741652,64419.0,65503.0,64569.0,7.325221900867662,18328.0,26278.0,43.37625491051942,2.2579343937894816,38.89565415937286,10084.0,36234.0,9840.0,16.355839234068018,18923.0,29.306633214081064,285.0,2024,140.0,2023,,,
23302,愛知県 東郷町,,city,22125.0,36878.0,41851.0,43903.0,43903.0,2020,98.43163841807909,19.049297684256207,43811.0,42633.0,41114.0,-6.352641049586594,12224.0,16795.0,37.393651832460726,2.5440905031259304,26.75796367966657,6537.0,26144.0,10206.0,23.246702958795527,13800.0,33.56520893126429,67.0,2024,-142.0,2023,,,
23342,愛知県 豊山町,,city,13693.0,13001.0,14405.0,15613.0,15613.0,2020,14.021762944570227,20.090762249057768,16018.0,15829.0,15363.0,-1.601229744443733,4674.0,6584.0,40.86435601198117,2.3525212636695016,35.388821385176186,2285.0,8756.0,3444.0,22.058540959456863,4608.0,29.994141769185706,47.0,2024,-34.0,2023,,,
23361,愛知県 大口町,,city,16195.0,20633.0,22446.0,24305.0,24305.0,2020,50.07718431614696,17.796733388261533,24625.0,24229.0,23366.0,-3.8634025920592507,6490.0,9137.0,40.785824345146374,2.5897997154427053,27.68961365875014,3456.0,13797.0,5769.0,23.73585681958445,7756.0,33.19352905931696,-133.0,2024,-39.0,2023,,,
23362,愛知県 扶桑町,,city,27254.0,31728.0,33558.0,34133.0,34133.0,2020,25.240331694430186,7.580055471507818,33355.0,32057.0,30522.0,-10.57920487504761,10400.0,13494.0,29.75000000000001,2.503334815473544,27.449236697791612,4616.0,20033.0,8992.0,26.344007265695957,10607.0,34.75198217679051,87.0,2024,-148.0,2023,,,
23424,愛知県 大治町,,city,19939.0,27073.0,29891.0,32399.0,32399.0,2020,62.49059631877225,19.67273667491596,32886.0,32306.0,31143.0,-3.876662859964819,9274.0,13440.0,44.92128531378046,2.3910714285714287,33.779761904761905,4890.0,19868.0,6667.0,20.577795610975645,10406.0,33.41360819445782,112.0,2024,-58.0,2023,,,
23425,愛知県 蟹江町,,city,30966.0,36240.0,36688.0,37338.0,37338.0,2020,20.577407479170695,3.0298013245033006,35942.0,33998.0,31731.0,-15.016872890888644,12443.0,16080.0,29.22928554207185,2.2905472636815922,34.56467661691542,4552.0,22565.0,9473.0,25.370935775885155,11075.0,34.902776464656014,-88.0,2024,-149.0,2023,,,
23427,愛知県 飛島村,,city,4709.0,4525.0,4525.0,4575.0,4575.0,2020,-2.8456147802081166,1.104972375690605,4589.0,4502.0,4335.0,-5.245901639344264,1198.0,1503.0,25.459098497495837,2.9208250166333998,26.546906187624753,647.0,2504.0,1419.0,31.016393442622952,1519.0,35.04036908881199,79.0,2024,-51.0,2023,,,
23441,愛知県 阿久比町,,city,20880.0,24028.0,25466.0,28383.0,28383.0,2020,35.933908045977006,18.124687864158485,28580.0,27950.0,27324.0,-3.731106648345839,7135.0,10118.0,41.80798878766643,2.7497529155959675,20.606839296303615,4817.0,15837.0,7513.0,26.47007011239122,9168.0,33.552920509442245,-54.0,2024,-122.0,2023,,,
23442,愛知県 東浦町,,city,36035.0,45168.0,49800.0,49596.0,49596.0,2020,37.63285694463716,9.803400637619553,48313.0,46627.0,44396.0,-10.48471650939592,14245.0,19373.0,35.998595998596,2.5073555979972126,26.851804057193,6701.0,29566.0,12836.0,25.88111944511654,15667.0,35.289215244616635,43.0,2024,-233.0,2023,,,
23445,愛知県 南知多町,,city,27017.0,23250.0,20549.0,16617.0,16617.0,2020,-38.494281378391385,-28.52903225806451,13445.0,10444.0,7839.0,-52.82541975085755,7113.0,6519.0,-8.350906790383805,2.487037889246817,29.651787083908577,1471.0,8614.0,6451.0,38.82168863212373,4314.0,55.03252965939534,-1267.0,2024,-280.0,2023,,,
23446,愛知県 美浜町,,city,20820.0,26083.0,25178.0,22496.0,22496.0,2020,8.049951969260327,-13.752252424951116,19919.0,16952.0,14086.0,-37.3844238975818,9353.0,9488.0,1.4433871485084904,2.331892917369309,36.962478920741994,2216.0,12971.0,6820.0,30.316500711237556,6811.0,48.352974584694024,-686.0,2024,-230.0,2023,,,
23447,愛知県 武豊町,,city,33924.0,39993.0,42408.0,43535.0,43535.0,2020,28.330975120858383,8.856549896231837,42733.0,40951.0,38882.0,-10.687952222349828,14145.0,18109.0,28.02403676210674,2.377270970235794,32.92285603843393,5869.0,26033.0,10795.0,24.79614103594809,13004.0,33.44478164703462,168.0,2024,-180.0,2023,,,
23501,愛知県 幸田町,,city,26163.0,33408.0,37930.0,42449.0,42449.0,2020,62.24821312540612,27.062380268199227,41666.0,41824.0,41088.0,-3.2062003816344276,10190.0,15786.0,54.91658488714426,2.636640060813379,27.682756873178764,6979.0,26024.0,9198.0,21.668354967137034,13099.0,31.880354361370717,-158.0,2024,-41.0,2023,,,
23561,愛知県 設楽町,,city,9321.0,6959.0,5769.0,4437.0,4437.0,2020,-52.39781139362729,-36.24083920103464,3407.0,2595.0,1934.0,-56.41199008338968,2414.0,1837.0,-23.90223695111847,2.276537833424061,31.682090364725095,328.0,1828.0,2263.0,51.00292990759522,1140.0,58.94519131334023,-26.0,2024,-101.0,2023,,,
23562,愛知県 東栄町,,city,6236.0,4717.0,3757.0,2942.0,2942.0,2020,-52.82232200128287,-37.629849480602076,2265.0,1730.0,1301.0,-55.778382053025155,1686.0,1289.0,-23.546856465005927,2.1590380139643135,36.61753297129558,256.0,1176.0,1490.0,50.64581917063222,727.0,55.880092236740964,-6.0,2024,-63.0,2023,,,
23563,愛知県 豊根村,,city,2126.0,1629.0,1336.0,1017.0,1017.0,2020,-52.16368767638758,-37.569060773480665,789.0,622.0,486.0,-52.212389380530965,615.0,435.0,-29.268292682926834,2.179310344827586,33.5632183908046,80.0,404.0,533.0,52.409046214355946,249.0,51.23456790123457,-3.0,2024,-35.0,2023,,,
24201,三重県 津市,,city,265443.0,286521.0,285746.0,274537.0,274537.0,2020,3.425970924077859,-4.182590455847912,257719.0,238368.0,217792.0,-20.669345115594616,102598.0,117385.0,14.41256164837521,2.2632363589896496,34.943135835072624,33180.0,156532.0,80745.0,29.41133617690876,83217.0,38.20939244784014,-942.0,2024,-2085.0,2023,,,
24202,三重県 四日市市,,city,266756.0,302102.0,307766.0,305424.0,305424.0,2020,14.495643959273652,1.099628602260161,293839.0,277664.0,258968.0,-15.210330556865214,106739.0,133143.0,24.73697523866627,2.2604718235280865,36.25650616254703,37575.0,184945.0,78647.0,25.750104772382,90496.0,34.94485805196009,-1353.0,2024,-1654.0,2023,,,
24203,三重県 伊勢市,,city,137296.0,136173.0,130271.0,122765.0,122765.0,2020,-10.58370236569165,-9.846298458578428,110846.0,97992.0,85241.0,-30.56571498391235,46808.0,51470.0,9.959835925482817,2.323120264231591,32.131338643870215,14205.0,68102.0,39098.0,31.84783936789802,36423.0,42.7294377118992,-431.0,2024,-1195.0,2023,,,
24204,三重県 松阪市,,city,153185.0,164504.0,168017.0,159145.0,159145.0,2020,3.8907203707934768,-3.257671545980645,144752.0,131675.0,117839.0,-25.954946746677553,56035.0,65361.0,16.64316944766664,2.3718272364253914,31.0919355579015,19629.0,90248.0,47785.0,30.02607684815734,48495.0,41.15360788872954,-408.0,2024,-1367.0,2023,,,
24205,三重県 桑名市,,city,110310.0,134856.0,140290.0,138613.0,138613.0,2020,25.657691959024564,2.7859346265646234,132741.0,124878.0,115878.0,-16.401780496778805,44744.0,56285.0,25.79340246736992,2.4239140090610287,30.098605312250154,17826.0,81466.0,37083.0,26.752901964462204,42950.0,37.06484406013221,-588.0,2024,-832.0,2023,,,
24207,三重県 鈴鹿市,,city,156250.0,186151.0,199293.0,195670.0,195670.0,2020,25.228800000000007,5.113590579690674,183491.0,171688.0,157095.0,-19.71431491797414,62914.0,82048.0,30.412944654607887,2.342872464898596,33.90698127925117,22929.0,108792.0,47973.0,24.51729953493126,63177.0,40.21579299150196,-442.0,2024,-930.0,2023,,,
24208,三重県 名張市,,city,44488.0,83291.0,80284.0,76387.0,76387.0,2020,71.70248156806329,-8.28901081749529,68073.0,59203.0,50394.0,-34.028041420660585,26683.0,31398.0,17.670426863546073,2.3795464679278937,27.42212879801261,9146.0,41820.0,24835.0,32.51207666225929,23004.0,45.64829146326944,-345.0,2024,-611.0,2023,,,
24209,三重県 尾鷲市,,city,31348.0,23683.0,20033.0,16252.0,16252.0,2020,-48.15618221258134,-31.376937043448883,12645.0,9584.0,7125.0,-56.15924193945361,10157.0,8133.0,-19.927143841685535,1.937046600270503,40.5139554899791,1396.0,7323.0,7122.0,43.822298793994584,4037.0,56.65964912280702,-39.0,2024,-319.0,2023,,,
24210,三重県 亀山市,,city,40578.0,46606.0,51023.0,49835.0,49835.0,2020,22.81285425600079,6.928292494528598,48497.0,46156.0,43131.0,-13.45239289655864,15440.0,20582.0,33.30310880829015,2.38441356525119,34.03459333398115,6292.0,26400.0,12773.0,25.630580917026187,15675.0,36.342769701606734,20.0,2024,-353.0,2023,,,
24211,三重県 鳥羽市,,city,28812.0,24945.0,21435.0,17525.0,17525.0,2020,-39.174649451617384,-29.745439967929443,13869.0,10816.0,8107.0,-53.74037089871613,8400.0,7360.0,-12.380952380952381,2.278396739130435,34.74184782608696,1596.0,8890.0,6885.0,39.2867332382311,4289.0,52.90489700259036,-172.0,2024,-293.0,2023,,,
24212,三重県 熊野市,,city,28720.0,22640.0,19662.0,15965.0,15965.0,2020,-44.41155988857939,-29.48321554770318,13191.0,10577.0,8360.0,-47.6354525524585,9712.0,7733.0,-20.376853377265235,1.969998706840812,40.47588258114574,1525.0,7265.0,7113.0,44.55371124334482,4448.0,53.20574162679426,-56.0,2024,-343.0,2023,,,
24214,三重県 いなべ市,,city,41591.0,45630.0,45684.0,44973.0,44973.0,2020,8.13156692553678,-1.4398422090729834,42741.0,39686.0,36239.0,-19.42054121361706,13736.0,18043.0,31.355562026790906,2.440835781189381,35.099484564651114,5479.0,26529.0,12301.0,27.35196673559691,13360.0,36.86635944700461,-227.0,2024,-269.0,2023,,,
24215,三重県 志摩市,,city,63065.0,61628.0,54694.0,46057.0,46057.0,2020,-26.969000237849837,-25.266112805867458,37300.0,29533.0,22561.0,-51.01504657272511,20929.0,19523.0,-6.717951168235459,2.287609486246991,30.661271321005994,3968.0,22746.0,18818.0,40.858067177627724,13381.0,59.31031425911972,-355.0,2024,-822.0,2023,,,
24216,三重県 伊賀市,,city,95582.0,101527.0,97207.0,88766.0,88766.0,2020,-7.1310497792471335,-12.569070296571361,79441.0,70033.0,60581.0,-31.75202217065093,32730.0,36538.0,11.634586006721669,2.360720345941212,35.166128414253656,9603.0,47834.0,28933.0,32.594687154991774,25544.0,42.1650352420726,-675.0,2024,-1036.0,2023,,,
24303,三重県 木曽岬町,,city,4986.0,7172.0,6855.0,6023.0,6023.0,2020,20.798235058162852,-16.020635805911876,5251.0,4367.0,3561.0,-40.87663954839781,2034.0,2204.0,8.35791543756146,2.665154264972777,25.045372050816695,540.0,3118.0,2010.0,33.37207371741657,1674.0,47.00926705981466,-44.0,2024,-74.0,2023,,,
24324,三重県 東員町,,city,15538.0,26305.0,25661.0,25784.0,25784.0,2020,65.9415626206719,-1.9806120509408887,24816.0,22726.0,20646.0,-19.927086565311825,7678.0,9522.0,24.01667100807503,2.62822936357908,20.804452846040746,3520.0,14229.0,8011.0,31.069655600372325,7340.0,35.551680712971034,6.0,2024,-105.0,2023,,,
24341,三重県 菰野町,,city,29373.0,37972.0,39978.0,40559.0,40559.0,2020,38.08259285738605,6.8129147793110745,39254.0,38059.0,36237.0,-10.656081264330975,11640.0,15351.0,31.88144329896907,2.5829587649013095,26.369617614487655,5598.0,23816.0,10630.0,26.208732956926944,13234.0,36.52068327952093,-48.0,2024,-255.0,2023,,,
24343,三重県 朝日町,,city,6851.0,6716.0,9626.0,11021.0,11021.0,2020,60.867026711428984,64.10065515187611,11188.0,11044.0,10826.0,-1.7693494238272378,2298.0,4109.0,78.8076588337685,2.647116086639085,25.821367729374543,2069.0,6797.0,2104.0,19.090826603756465,3389.0,31.30426750415666,67.0,2024,-26.0,2023,,,
24344,三重県 川越町,,city,10645.0,11782.0,14003.0,15123.0,15123.0,2020,42.06669798027243,28.35681548124258,15515.0,15420.0,14891.0,-1.5340871520201027,4123.0,6595.0,59.956342469075906,2.2667172100075814,38.923426838514025,2173.0,10045.0,2848.0,18.832242279970906,4528.0,30.407628769055133,85.0,2024,18.0,2023,,,
24441,三重県 多気町,,city,16054.0,16149.0,15438.0,14021.0,14021.0,2020,-12.663510651551013,-13.177286519289122,12407.0,10854.0,9352.0,-33.30004992511233,5052.0,5108.0,1.1084718923198844,2.6515270164447924,24.823805794831635,1752.0,7320.0,4848.0,34.5767063690179,4280.0,45.76561163387511,-7.0,2024,-164.0,2023,,,
24442,三重県 明和町,,city,19504.0,22300.0,22833.0,22445.0,22445.0,2020,15.078958162428213,0.6502242152466309,21216.0,19677.0,17883.0,-20.32523947427044,6329.0,8041.0,27.050086901564228,2.6970526053973387,21.02972267130954,2906.0,12450.0,7009.0,31.227444865226104,7143.0,39.94296259016944,-25.0,2024,-153.0,2023,,,
24443,三重県 大台町,,city,13172.0,11399.0,10416.0,8668.0,8668.0,2020,-34.19374430610386,-23.958241951048343,6989.0,5533.0,4284.0,-50.57683433317951,3898.0,3628.0,-6.926629040533605,2.277563395810364,31.44983461962514,807.0,4093.0,3755.0,43.32025842178127,2334.0,54.48179271708683,-55.0,2024,-142.0,2023,,,
24461,三重県 玉城町,,city,11643.0,14284.0,15297.0,15041.0,15041.0,2020,29.18491797646654,5.299635956314752,14355.0,13480.0,12389.0,-17.631806395851335,4178.0,5391.0,29.03303015797032,2.7072899276572064,21.59154145798553,2096.0,8548.0,4258.0,28.309287946280165,4899.0,39.54314311082412,53.0,2024,-86.0,2023,,,
24470,三重県 度会町,,city,8730.0,9218.0,8692.0,7847.0,7847.0,2020,-10.114547537227947,-14.873074419613797,6784.0,5671.0,4573.0,-41.72295144641264,2408.0,2683.0,11.420265780730897,2.8196049198658217,17.517704062616474,878.0,4120.0,2834.0,36.11571301134192,2401.0,52.503826809534225,-45.0,2024,-103.0,2023,,,
24471,三重県 大紀町,,city,14144.0,11334.0,9846.0,7815.0,7815.0,2020,-44.74688914027149,-31.04817363684489,5947.0,4370.0,3083.0,-60.55022392834293,4127.0,3391.0,-17.833777562393994,2.1660277204364493,31.554113830728397,565.0,3312.0,3934.0,50.339091490722964,2072.0,67.20726565034057,-10.0,2024,-181.0,2023,,,
24472,三重県 南伊勢町,,city,23883.0,18235.0,14791.0,10989.0,10989.0,2020,-53.988192438135904,-39.73676994790238,7715.0,5233.0,3427.0,-68.81426881426881,6501.0,4963.0,-23.657898784802335,2.1380213580495666,33.95123916985694,648.0,4442.0,5867.0,53.389753389753395,2389.0,69.71111759556463,-127.0,2024,-263.0,2023,,,
24543,三重県 紀北町,,city,26268.0,21362.0,18611.0,14604.0,14604.0,2020,-44.40383736866149,-31.635614642823707,11275.0,8571.0,6336.0,-56.61462612982744,8346.0,6779.0,-18.77546129882578,2.032895707331465,36.347543885528836,1165.0,6692.0,6686.0,45.78197754039989,3962.0,62.53156565656566,-80.0,2024,-279.0,2023,,,
24561,三重県 御浜町,,city,10544.0,10030.0,9376.0,8079.0,8079.0,2020,-23.37822458270106,-19.45164506480558,6858.0,5771.0,4690.0,-41.94826092338161,4084.0,3700.0,-9.402546523016653,2.1027027027027025,34.18918918918919,859.0,3916.0,3301.0,40.85901720509964,2625.0,55.970149253731336,7.0,2024,-144.0,2023,,,
24562,三重県 紀宝町,,city,12177.0,12824.0,11896.0,10321.0,10321.0,2020,-15.241849388190854,-19.51809107922645,8719.0,7191.0,5713.0,-44.64683654684624,5061.0,4716.0,-6.816834617664491,2.1410093299406276,33.79983036471586,1165.0,5262.0,3867.0,37.46729968026354,2933.0,51.33905128653947,-90.0,2024,-154.0,2023,,,
25201,滋賀県 大津市,,city,228982.0,309793.0,337634.0,345070.0,345070.0,2020,50.697434732861105,11.387281184532894,345055.0,335925.0,320021.0,-7.259106847885932,107330.0,145891.0,35.92751327680983,2.323159070813141,32.73951100479125,45482.0,200166.0,90578.0,26.249166835714494,121461.0,37.954071764040485,1065.0,2024,-1241.0,2023,,,
25202,滋賀県 彦根市,,city,89701.0,107860.0,112156.0,113647.0,113647.0,2020,26.695354566838713,5.365288336732799,108998.0,104574.0,98671.0,-13.177646572280832,37915.0,48137.0,26.960305947514172,2.32189376155556,35.7188856804537,14888.0,67948.0,28299.0,24.90078928612282,35745.0,36.22644951404161,-55.0,2024,-499.0,2023,,,
25203,滋賀県 長浜市,,city,119988.0,123862.0,124131.0,113636.0,113636.0,2020,-5.293862719605292,-8.255962280602603,103885.0,93313.0,82316.0,-27.561688197402233,37947.0,42513.0,12.032571744801967,2.6334768188554087,28.193728977018793,14546.0,63648.0,32349.0,28.467211095075506,33012.0,40.10398950386316,-865.0,2024,-761.0,2023,,,
25204,滋賀県 近江八幡市,,city,70772.0,80669.0,81738.0,81122.0,81122.0,2020,14.624427739784096,0.5615540046362222,78094.0,73653.0,68995.0,-14.949089026404671,25458.0,31367.0,23.21077853719853,2.5529059202346414,26.719163452035577,11335.0,46578.0,22493.0,27.727373585463873,24442.0,35.42575548952823,334.0,2024,-387.0,2023,,,
25206,滋賀県 草津市,,city,77012.0,115455.0,130874.0,143913.0,143913.0,2020,86.87087726588065,24.648564375730796,149691.0,148792.0,144542.0,0.43706961845002557,45123.0,66870.0,48.19493384748355,2.1283834305368625,45.63630925676686,19712.0,86272.0,30057.0,20.885535010735655,46560.0,32.21209060342323,516.0,2024,-134.0,2023,,,
25207,滋賀県 守山市,,city,46763.0,65542.0,76560.0,83236.0,83236.0,2020,77.99542373243804,26.996429770223674,86433.0,86738.0,85059.0,2.190158104666251,20586.0,31762.0,54.28932284076558,2.595995214407153,26.67653170455261,13642.0,50266.0,18098.0,21.74299581911673,27786.0,32.666737205939405,12.0,2024,20.0,2023,,,
25208,滋賀県 栗東市,,city,37033.0,54856.0,63655.0,68820.0,68820.0,2020,85.8342559338968,25.455738661222107,70241.0,69751.0,67595.0,-1.780005812263874,18229.0,26671.0,46.310823413242645,2.5639833527051854,25.784560008998536,11355.0,43973.0,13138.0,19.09038070328393,20494.0,30.31881056291146,-301.0,2024,228.0,2023,,,
25209,滋賀県 甲賀市,,city,75203.0,92484.0,92704.0,88358.0,88358.0,2020,17.49265321862159,-4.461312226979796,81807.0,74111.0,65677.0,-25.6694357047466,27423.0,33553.0,22.35349888779492,2.573510565374184,28.17035734509582,11240.0,50912.0,24909.0,28.190995721949342,26053.0,39.66837705741736,-221.0,2024,-556.0,2023,,,
25210,滋賀県 野洲市,,city,38144.0,48326.0,49955.0,50513.0,50513.0,2020,32.42711828859059,4.5255142159499995,49299.0,47043.0,44340.0,-12.220616474966839,15139.0,19643.0,29.750974304775735,2.5454869419131496,28.1168864226442,7139.0,29647.0,13189.0,26.110110268643716,15508.0,34.97519170049617,318.0,2024,-180.0,2023,,,
25211,滋賀県 湖南市,,city,32729.0,53740.0,54614.0,54460.0,54460.0,2020,66.39677350362064,1.3397841458876014,52067.0,48254.0,43633.0,-19.880646345941976,17826.0,22455.0,25.96768764725681,2.3816967267869074,33.60498775328435,7187.0,33062.0,13387.0,24.581344105765698,15975.0,36.61219719020008,-234.0,2024,-191.0,2023,,,
25212,滋賀県 高島市,,city,50926.0,55451.0,52486.0,46377.0,46377.0,2020,-8.932568825354437,-16.363997042433866,40374.0,34240.0,28228.0,-39.133622269659526,16478.0,17983.0,9.133389974511473,2.4837902463437693,26.575098704331868,4959.0,24449.0,16648.0,35.897104168014316,14114.0,50.0,-128.0,2024,-574.0,2023,,,
25213,滋賀県 東近江市,,city,98664.0,114395.0,115479.0,112819.0,112819.0,2020,14.346671531663024,-1.3776825910223334,106771.0,99191.0,90099.0,-20.138451856513527,34879.0,42817.0,22.758680008027742,2.586706214821216,29.932036340705793,15176.0,65768.0,30209.0,26.776518139675055,34745.0,38.56313610583913,-235.0,2024,-589.0,2023,,,
25214,滋賀県 米原市,,city,39335.0,41251.0,40060.0,37225.0,37225.0,2020,-5.364179483920173,-9.759763399675158,33907.0,30313.0,26594.0,-28.558764271323035,11851.0,13369.0,12.809045650156104,2.747026703567956,22.238013314384023,4759.0,20960.0,11058.0,29.70584284754869,10901.0,40.99044897345266,-160.0,2024,-312.0,2023,,,
25383,滋賀県 日野町,,city,21680.0,23022.0,22870.0,20964.0,20964.0,2020,-3.3025830258302635,-8.939275475632002,19331.0,17479.0,15444.0,-26.33085289066972,6680.0,7918.0,18.532934131736532,2.597120484970952,28.883556453649913,2575.0,11656.0,6424.0,30.643007059721427,6271.0,40.6047656047656,-119.0,2024,-200.0,2023,,,
25384,滋賀県 竜王町,,city,10396.0,13370.0,12916.0,11789.0,11789.0,2020,13.399384378607149,-11.82498130142109,10729.0,9309.0,7872.0,-33.22588854016456,4028.0,4425.0,9.856007944389278,2.6397740112994352,32.18079096045198,1506.0,6897.0,3315.0,28.119433370090764,3270.0,41.53963414634146,-142.0,2024,-70.0,2023,,,
25425,滋賀県 愛荘町,,city,17034.0,18992.0,20118.0,20893.0,20893.0,2020,22.654690618762487,10.00947767481044,20718.0,20174.0,19262.0,-7.8064423491121415,5773.0,7834.0,35.700675558635034,2.642073015062548,30.086801123308653,3150.0,11474.0,4595.0,21.99301201359307,6425.0,33.35583013186585,-69.0,2024,-79.0,2023,,,
25441,滋賀県 豊郷町,,city,7194.0,7132.0,7566.0,7132.0,7132.0,2020,-0.8618293021962709,0.0,6763.0,6306.0,5822.0,-18.367919237240603,2117.0,2610.0,23.28767123287672,2.621072796934866,27.8544061302682,1035.0,4069.0,1983.0,27.804262478968035,2217.0,38.07969769838543,-32.0,2024,-41.0,2023,,,
25442,滋賀県 甲良町,,city,9058.0,8169.0,7500.0,6362.0,6362.0,2020,-29.763744756016784,-22.120210552087162,5275.0,4216.0,3274.0,-48.538195535994966,2191.0,2209.0,0.8215426745778132,2.875509280217293,20.778632865550023,714.0,3477.0,2118.0,33.29141779314681,1676.0,51.191203420891874,-12.0,2024,-68.0,2023,,,
25443,滋賀県 多賀町,,city,9284.0,8463.0,7761.0,7274.0,7274.0,2020,-21.650150797070232,-14.049391468746308,6693.0,6001.0,5347.0,-26.491613967555683,2397.0,2502.0,4.380475594493127,2.8401278976818545,19.024780175859313,969.0,3559.0,2464.0,33.874072037393454,2161.0,40.415186085655506,8.0,2024,-72.0,2023,,,
26100,京都府 京都市,,city,1480377.0,1474471.0,1474015.0,1463723.0,1463723.0,2020,-1.124983703475535,-0.7289393958918144,1411864.0,1331683.0,1240645.0,-15.240451916107078,612805.0,728744.0,18.919395239921343,1.9688903099030661,48.13418703961885,153005.0,847046.0,394406.0,26.94539882204488,463892.0,37.39119570868379,-1455.0,2024,-9164.0,2023,,,
26101,京都府 京都市 北区,,city,136181.0,126125.0,122037.0,117165.0,117165.0,2020,-13.96376880768977,-7.104063429137764,111030.0,102652.0,94363.0,-19.461443263773315,54832.0,57119.0,4.170922089290929,2.01232514574835,45.3386788984401,11696.0,65757.0,32695.0,27.905091110826614,37618.0,39.865201403092314,-309.0,2024,-860.0,2023,,,
26102,京都府 京都市 上京区,,city,99262.0,84187.0,83264.0,83832.0,83832.0,2020,-15.544720033849813,-0.42168030693574554,82201.0,78533.0,74955.0,-10.589035213283715,39440.0,47960.0,21.602434077079113,1.7224353628023352,60.95287739783153,7021.0,51097.0,22094.0,26.355091134650255,26966.0,35.97625241811754,-62.0,2024,-683.0,2023,,,
26103,京都府 京都市 左京区,,city,185645.0,171556.0,168802.0,166039.0,166039.0,2020,-10.561016994801909,-3.2158595444053306,161276.0,153019.0,143486.0,-13.582953402513864,75734.0,85624.0,13.058863918451413,1.8900775483509296,52.79010557787536,17068.0,94764.0,44736.0,26.943067592553554,50214.0,34.99574871416027,-227.0,2024,-1105.0,2023,,,
26104,京都府 京都市 中京区,,city,105921.0,95038.0,105306.0,110488.0,110488.0,2020,4.311704005815664,16.25665523264379,111673.0,110225.0,106528.0,-3.5840996307291317,43162.0,60593.0,40.38506093322831,1.8031785849850643,56.371197993167534,11312.0,66427.0,25905.0,23.44598508435305,35685.0,33.49823520576749,546.0,2024,-543.0,2023,,,
26105,京都府 京都市 東山区,,city,62077.0,44813.0,40528.0,36602.0,36602.0,2020,-41.03774344765372,-18.322808113717002,34032.0,31226.0,28970.0,-20.851319600021856,21136.0,20523.0,-2.900264950794851,1.7365394922769575,57.95936266627686,2716.0,20201.0,11489.0,31.388995136877767,10385.0,35.84742837418018,-61.0,2024,-402.0,2023,,,
26106,京都府 京都市 下京区,,city,86821.0,71212.0,79287.0,82784.0,82784.0,2020,-4.649796708169685,16.25007021288547,83959.0,83218.0,80362.0,-2.9256861229222997,33760.0,48283.0,43.01836492890996,1.6944266097798397,61.67388107615517,7767.0,50506.0,17827.0,21.534354464630848,24025.0,29.895970732435728,64.0,2024,-428.0,2023,,,
26107,京都府 京都市 南区,,city,101713.0,97820.0,98744.0,101970.0,101970.0,2020,0.25267173321010805,4.242486199141271,101079.0,97768.0,92674.0,-9.116406786309694,39686.0,50453.0,27.130474222647784,1.9987116722494203,46.4372782589737,11471.0,61989.0,25594.0,25.099539080121602,31199.0,33.6653214493817,494.0,2024,-349.0,2023,,,
26108,京都府 京都市 右京区,,city,199958.0,202259.0,202943.0,202047.0,202047.0,2020,1.0447193910721353,-0.10481610212648151,195752.0,185938.0,174995.0,-13.38896395393151,79876.0,97755.0,22.383444338725035,2.033379366784308,44.85704056058514,21865.0,114420.0,54886.0,27.164966567184862,65587.0,37.479356553044376,-248.0,2024,-1192.0,2023,,,
26109,京都府 京都市 伏見区,,city,257156.0,287909.0,284085.0,277858.0,277858.0,2020,8.05036631461058,-3.491033625207962,263396.0,242813.0,220074.0,-20.796234047607054,114969.0,131128.0,14.055093112056284,2.0645247391861385,43.417119150753464,30129.0,160493.0,78621.0,28.29538829186131,89901.0,40.85035033670493,-1175.0,2024,-1922.0,2023,,,
26110,京都府 京都市 山科区,,city,136318.0,137624.0,136045.0,135101.0,135101.0,2020,-0.8927654455024303,-1.833255827471958,128470.0,118686.0,108599.0,-19.61643511150917,53433.0,64280.0,20.30018902176558,2.033618543870566,44.32482887367766,13713.0,75339.0,40258.0,29.798447087734363,45633.0,42.01972393852614,-227.0,2024,-988.0,2023,,,
26111,京都府 京都市 西京区,,city,109325.0,155928.0,152974.0,149837.0,149837.0,2020,37.056482963640526,-3.906290082602226,138996.0,127605.0,115639.0,-22.823468168743368,56777.0,65026.0,14.528770452824213,2.270907021806662,33.69575246824347,18247.0,86053.0,40301.0,26.89656092954344,46679.0,40.366139451223205,-250.0,2024,-692.0,2023,,,
26201,京都府 福知山市,,city,81398.0,83120.0,79652.0,77306.0,77306.0,2020,-5.0271505442394115,-6.994706448508181,72613.0,67598.0,62061.0,-19.720332186376222,29496.0,33528.0,13.66965012205046,2.2132844189930805,36.95418754473872,10041.0,42693.0,22974.0,29.718262489328122,22898.0,36.895957203396655,-348.0,2024,-535.0,2023,,,
26202,京都府 舞鶴市,,city,97578.0,94050.0,88669.0,80336.0,80336.0,2020,-17.6699665908299,-14.58160552897395,71362.0,62426.0,53813.0,-33.01508663612827,33941.0,35098.0,3.408856545181349,2.182232605846487,37.58903641233119,9756.0,43185.0,25438.0,31.664509061939857,22025.0,40.92877185810121,-813.0,2024,-734.0,2023,,,
26203,京都府 綾部市,,city,42552.0,38881.0,35836.0,31846.0,31846.0,2020,-25.15980447452528,-18.09367043028729,27868.0,24158.0,20624.0,-35.23833448470766,13865.0,13699.0,-1.1972592859718745,2.2518432002335937,33.37469888313016,3462.0,15767.0,12313.0,38.66419644539346,9374.0,45.45190069821567,-33.0,2024,-445.0,2023,,,
26204,京都府 宇治市,,city,152692.0,189112.0,189609.0,179630.0,179630.0,2020,17.642050664081932,-5.013959981386695,165299.0,147779.0,130285.0,-27.470355731225293,66130.0,73443.0,11.058521094813244,2.396239260378797,28.023092738586385,21985.0,103635.0,53800.0,29.950453710404723,53894.0,41.36623556050198,-388.0,2024,-1128.0,2023,,,
26205,京都府 宮津市,,city,28881.0,23276.0,19948.0,16758.0,16758.0,2020,-41.9756933624182,-28.00309331500258,13629.0,10882.0,8512.0,-49.20634920634921,8624.0,7270.0,-15.700371057513918,2.2048143053645117,33.356258596973866,1595.0,7873.0,7245.0,43.233082706766915,4572.0,53.712406015037594,-103.0,2024,-303.0,2023,,,
26206,京都府 亀岡市,,city,69410.0,94555.0,92399.0,86174.0,86174.0,2020,24.152139461172737,-8.863624345618948,78412.0,68670.0,58768.0,-31.803096061457047,30496.0,34370.0,12.70330535152151,2.466045970322956,26.942100669188246,10707.0,48207.0,25959.0,30.123935293708083,25339.0,43.117002450313095,-112.0,2024,-561.0,2023,,,
26207,京都府 城陽市,,city,74350.0,84346.0,80037.0,74607.0,74607.0,2020,0.34566240753193256,-11.546487088895741,67413.0,58329.0,50011.0,-32.967415926119536,28270.0,30438.0,7.668906968517852,2.3991720875221763,26.489913923385245,8530.0,40018.0,25105.0,33.649657538836834,21670.0,43.330467297194616,-173.0,2024,-528.0,2023,,,
26208,京都府 向日市,,city,50604.0,53425.0,54328.0,56859.0,56859.0,2020,12.360682949964419,6.427702386523171,54918.0,52473.0,49646.0,-12.685766545313848,19438.0,23510.0,20.94865726926638,2.394555508294343,28.16248404934071,7849.0,32857.0,15164.0,26.66948064510456,17966.0,36.188212544817304,-89.0,2024,-191.0,2023,,,
26209,京都府 長岡京市,,city,71445.0,77846.0,79844.0,80608.0,80608.0,2020,12.825250192455728,3.548030727333451,77941.0,73898.0,69744.0,-13.477570464470023,29093.0,33687.0,15.79074004055958,2.3463056965595035,30.525128387805385,11065.0,46950.0,22021.0,27.31862842397777,24161.0,34.64240651525579,85.0,2024,-216.0,2023,,,
26210,京都府 八幡市,,city,64882.0,73682.0,74227.0,70433.0,70433.0,2020,8.555531580407516,-4.40948942753997,64299.0,56770.0,48950.0,-30.50132750273309,26092.0,30528.0,17.001379733251575,2.280562106918239,31.839622641509436,8188.0,39701.0,22054.0,31.31202703278293,21504.0,43.93054136874361,-172.0,2024,-468.0,2023,,,
26211,京都府 京田辺市,,city,39198.0,59577.0,67910.0,73753.0,73753.0,2020,88.15500790856676,23.79441730869296,75083.0,72900.0,69713.0,-5.477743278239533,22392.0,31665.0,41.412111468381575,2.287415127111953,37.331438496762985,10641.0,43138.0,17311.0,23.471587596436756,23884.0,34.26046791846571,225.0,2024,-149.0,2023,,,
26212,京都府 京丹後市,,city,72966.0,65578.0,59038.0,50860.0,50860.0,2020,-30.29630238741332,-22.44350239409558,42996.0,35568.0,28614.0,-43.73967754620527,20456.0,20093.0,-1.7745404771216222,2.4639924351764297,27.14875827402578,5662.0,25593.0,19292.0,37.9315768777035,14616.0,51.079890962465925,-367.0,2024,-663.0,2023,,,
26213,京都府 南丹市,,city,38215.0,37617.0,35214.0,31629.0,31629.0,2020,-17.234070391207645,-15.918334795438238,28420.0,25011.0,21578.0,-31.777798855480732,12292.0,13134.0,6.849983729254805,2.2710522308512258,37.37627531597381,3252.0,16680.0,11139.0,35.21767997723608,9511.0,44.077300954676055,-185.0,2024,-377.0,2023,,,
26214,京都府 木津川市,,city,34431.0,58809.0,69761.0,77907.0,77907.0,2020,126.26993116668119,32.474621231444154,81640.0,81605.0,79398.0,1.913820324232729,18439.0,29762.0,61.40788546016596,2.589073314965392,22.81096700490558,12926.0,44873.0,19188.0,24.62936578227887,27462.0,34.58777299176302,-203.0,2024,-241.0,2023,,,
26303,京都府 大山崎町,,city,16283.0,15736.0,15121.0,15953.0,15953.0,2020,-2.0266535650678597,1.379003558718872,16037.0,15548.0,14902.0,-6.58810255124428,5736.0,6540.0,14.016736401673647,2.4174311926605503,26.024464831804284,2327.0,9183.0,4351.0,27.27386698426628,4621.0,31.009260501946045,-14.0,2024,-6.0,2023,,,
26322,京都府 久御山町,,city,16345.0,17080.0,15914.0,15250.0,15250.0,2020,-6.699296420923828,-10.71428571428571,13590.0,11754.0,9996.0,-34.45245901639345,5649.0,6311.0,11.718888298813956,2.378545396926002,32.08683251465695,1772.0,8361.0,4875.0,31.967213114754102,4292.0,42.93717486994798,-124.0,2024,-112.0,2023,,,
26343,京都府 井手町,,city,9258.0,9102.0,8447.0,7406.0,7406.0,2020,-20.00432058759991,-18.633267413755217,6281.0,5133.0,4062.0,-45.152578990008095,3081.0,3160.0,2.564102564102555,2.313607594936709,33.22784810126582,677.0,4124.0,2562.0,34.593572778827976,2073.0,51.03397341211225,42.0,2024,-91.0,2023,,,
26344,京都府 宇治田原町,,city,7180.0,9840.0,9711.0,8911.0,8911.0,2020,24.108635097493035,-9.4410569105691,7969.0,6865.0,5690.0,-36.1463359892268,2679.0,3416.0,27.510265024262793,2.5851873536299768,26.170960187353632,1017.0,5187.0,2683.0,30.108854225115028,2595.0,45.60632688927944,-65.0,2024,-85.0,2023,,,
26364,京都府 笠置町,,city,2506.0,2056.0,1626.0,1144.0,1144.0,2020,-54.34956105347166,-44.3579766536965,825.0,564.0,367.0,-67.91958041958041,672.0,522.0,-22.32142857142857,2.1915708812260535,30.65134099616858,48.0,470.0,582.0,50.87412587412587,280.0,76.29427792915531,-17.0,2024,-33.0,2023,,,
26365,京都府 和束町,,city,6290.0,5457.0,4482.0,3478.0,3478.0,2020,-44.705882352941174,-36.26534726039948,2674.0,1925.0,1306.0,-62.44968372627947,1571.0,1377.0,-12.34882240611076,2.4887436456063905,25.12708787218591,237.0,1584.0,1655.0,47.584818861414604,864.0,66.15620214395099,-59.0,2024,-63.0,2023,,,
26366,京都府 精華町,,city,15334.0,26357.0,35630.0,36198.0,36198.0,2020,136.06364940654757,37.33732974162463,33726.0,31348.0,28670.0,-20.796729101055313,8291.0,13516.0,63.02014232300084,2.6445693992305417,19.73956791950281,5089.0,21907.0,9035.0,24.95994253826178,12056.0,42.050924311126614,-152.0,2024,-155.0,2023,,,
26367,京都府 南山城村,,city,3396.0,3784.0,3078.0,2391.0,2391.0,2020,-29.593639575971732,-36.81289640591966,1862.0,1351.0,933.0,-60.978670012547056,1166.0,1023.0,-12.264150943396224,2.337243401759531,26.001955034213097,154.0,1077.0,1158.0,48.431618569636136,613.0,65.70203644158627,-11.0,2024,-45.0,2023,,,
26407,京都府 京丹波町,,city,19677.0,17929.0,15732.0,12907.0,12907.0,2020,-34.405651267977845,-28.0104858051202,10220.0,7940.0,5928.0,-54.07143410552413,5728.0,5205.0,-9.13058659217877,2.405763688760807,26.993275696445725,1083.0,6045.0,5705.0,44.20082125978151,3558.0,60.02024291497976,-101.0,2024,-252.0,2023,,,
26463,京都府 伊根町,,city,4021.0,3112.0,2410.0,1928.0,1928.0,2020,-52.05172842576473,-38.04627249357326,1579.0,1254.0,998.0,-48.23651452282157,1055.0,847.0,-19.715639810426545,2.227863046044864,33.53010625737898,178.0,814.0,934.0,48.44398340248963,484.0,48.49699398797595,-8.0,2024,-37.0,2023,,,
26465,京都府 与謝野町,,city,28061.0,25593.0,23454.0,20092.0,20092.0,2020,-28.39884537258116,-21.49415855898097,16672.0,13589.0,10761.0,-46.44136969938284,8011.0,8017.0,0.07489701660217118,2.4491705126605963,26.917799675689157,2219.0,10248.0,7544.0,37.54728250049771,5672.0,52.70885605427005,-121.0,2024,-271.0,2023,,,
27100,大阪府 大阪市,,city,2648180.0,2598774.0,2665314.0,2752412.0,2752412.0,2020,3.9359862245013533,5.911941553978917,2705793.0,2585355.0,2430185.0,-11.707077283488088,1149047.0,1464615.0,27.463454497509666,1.8428911352130082,53.58302352495365,290649.0,1686757.0,676821.0,24.59010496975017,805182.0,33.1325392922761,16090.0,2024,-15427.0,2023,,,
27102,大阪府 大阪市 都島区,,city,83584.0,97253.0,102632.0,107904.0,107904.0,2020,29.096477794793252,10.951847243786816,108831.0,106685.0,102198.0,-5.288033807829184,43062.0,56899.0,32.13273884167016,1.855287439146558,53.2030439902283,11855.0,65956.0,25393.0,23.53295521945433,33536.0,32.81473218653985,805.0,2024,-465.0,2023,,,
27103,大阪府 大阪市 福島区,,city,60101.0,55733.0,67290.0,79328.0,79328.0,2020,31.99114823380642,42.335779520212434,84393.0,86843.0,86178.0,8.635034288019373,25101.0,42612.0,69.76216087008487,1.8449497794048624,53.79470571669952,9680.0,52725.0,14675.0,18.499142799515933,22440.0,26.03912831581146,795.0,2024,-6.0,2023,,,
27104,大阪府 大阪市 此花区,,city,73386.0,65037.0,65569.0,65251.0,65251.0,2020,-11.085220614286106,0.3290434675646159,61472.0,59243.0,56831.0,-12.904016796677443,27102.0,32292.0,19.149878237768437,1.9901523597175772,46.110491762665674,7368.0,38420.0,17779.0,27.24709199859006,19429.0,34.187327338952336,-340.0,2024,-504.0,2023,,,
27106,大阪府 大阪市 西区,,city,53695.0,63402.0,83058.0,105862.0,105862.0,2020,97.15429742061646,66.96949623040283,115589.0,119220.0,117219.0,10.728117738187448,30097.0,63849.0,112.14406751503473,1.645898917759088,63.84281664552303,12132.0,72783.0,15481.0,14.623755455215282,24714.0,21.08361272489955,1327.0,2024,244.0,2023,,,
27107,大阪府 大阪市 港区,,city,96416.0,87262.0,84947.0,80948.0,80948.0,2020,-16.04298041818786,-7.235681052462695,77539.0,72980.0,68567.0,-15.295004200227302,37863.0,42554.0,12.389403903546992,1.8684964985665273,53.08784133101471,8285.0,47811.0,21531.0,26.598557098384145,23651.0,34.493269356979305,796.0,2024,-595.0,2023,,,
27108,大阪府 大阪市 大正区,,city,84041.0,75042.0,69510.0,62083.0,62083.0,2020,-26.127723373115508,-17.26899602889049,54011.0,46185.0,38958.0,-37.24852213971619,30902.0,29821.0,-3.498155459193575,2.0420173703095132,43.553200764561886,6297.0,35413.0,19826.0,31.934668105600565,16698.0,42.86154320036963,524.0,2024,-686.0,2023,,,
27109,大阪府 大阪市 天王寺区,,city,55277.0,58812.0,69775.0,82148.0,82148.0,2020,48.611538252799534,39.67897707950758,88844.0,89586.0,87094.0,6.020840434338015,26054.0,42127.0,61.69110309357488,1.9243478054454388,50.11987561421416,10986.0,51695.0,15324.0,18.65413643667527,25570.0,29.35908328931959,1382.0,2024,1.0,2023,,,
27111,大阪府 大阪市 浪速区,,city,50104.0,50188.0,61745.0,75504.0,75504.0,2020,50.69455532492415,50.442336813580944,80221.0,79432.0,75480.0,-0.031786395422761515,28502.0,53274.0,86.91319907374921,1.3985246086270977,75.18489319367796,5215.0,54418.0,13222.0,17.511655011655012,18242.0,24.167991520932695,1130.0,2024,-266.0,2023,,,
27113,大阪府 大阪市 西淀川区,,city,90691.0,92465.0,97504.0,95864.0,95864.0,2020,5.703983857273598,3.675985508030055,91871.0,86538.0,80932.0,-15.576232996745388,38466.0,46221.0,20.16066136328185,2.0373206983838514,45.18292551004954,10842.0,59239.0,24429.0,25.48297588250021,27765.0,34.306578362081744,183.0,2024,-695.0,2023,,,
27114,大阪府 大阪市 東淀川区,,city,165370.0,183888.0,176585.0,177120.0,177120.0,2020,7.105279071173731,-3.680501174628037,170277.0,161033.0,150596.0,-14.975158084914186,88228.0,99606.0,12.896132746973743,1.7456277734273036,58.33483926671084,16710.0,110322.0,42318.0,23.892276422764226,51840.0,34.423225052458235,415.0,2024,-1004.0,2023,,,
27115,大阪府 大阪市 東成区,,city,89138.0,78580.0,80231.0,84906.0,84906.0,2020,-4.747694585922946,8.050394502417912,83815.0,81522.0,77833.0,-8.33038890066662,34041.0,45439.0,33.48315266884052,1.8319725346068356,54.611677193600215,8546.0,52177.0,20671.0,24.345747061456198,25793.0,33.138899952462324,693.0,2024,-495.0,2023,,,
27116,大阪府 大阪市 生野区,,city,173783.0,142743.0,134009.0,127309.0,127309.0,2020,-26.742546739324325,-10.812439138871955,116953.0,105734.0,95212.0,-25.211886041049723,59349.0,67455.0,13.658191376434313,1.8218664294714995,55.28574605292417,11098.0,69989.0,37208.0,29.226527582496132,37258.0,39.13162206444566,-179.0,2024,-1058.0,2023,,,
27117,大阪府 大阪市 旭区,,city,114182.0,99231.0,92455.0,89670.0,89670.0,2020,-21.46748173967876,-9.635093871874712,86065.0,80781.0,75471.0,-15.834727333556376,44360.0,45238.0,1.9792605951307385,1.9419735620496044,48.33768071090676,9290.0,52468.0,26621.0,29.68774395003903,28133.0,37.27656980827073,916.0,2024,-678.0,2023,,,
27118,大阪府 大阪市 城東区,,city,157145.0,157936.0,165832.0,169043.0,169043.0,2020,7.571351299755014,7.03259548171411,168600.0,164277.0,157480.0,-6.840271410232901,68170.0,82645.0,21.2336805046208,2.0216468025893883,44.56409946155242,20361.0,104015.0,42613.0,25.20837893317085,53082.0,33.70713741427483,1071.0,2024,-764.0,2023,,,
27119,大阪府 大阪市 阿倍野区,,city,117527.0,103973.0,106350.0,110995.0,110995.0,2020,-5.5578718081802485,6.753676435228373,109861.0,106537.0,101564.0,-8.496779134195231,45202.0,53578.0,18.530153533029512,2.037795363768711,44.86542984060622,14056.0,65950.0,27619.0,24.883102842470382,32909.0,32.402229136308144,448.0,2024,-529.0,2023,,,
27120,大阪府 大阪市 住吉区,,city,166798.0,161047.0,155572.0,153056.0,153056.0,2020,-8.238707898176234,-4.961905530683586,144203.0,133756.0,123193.0,-19.511159314237926,72199.0,78022.0,8.065208659399726,1.9196252339083848,49.412986080848995,16463.0,88910.0,41844.0,27.33901317164959,48158.0,39.091506822627906,711.0,2024,-1053.0,2023,,,
27121,大阪府 大阪市 東住吉区,,city,156999.0,139593.0,130724.0,127849.0,127849.0,2020,-18.566997242020655,-8.413029306627118,122385.0,113232.0,104546.0,-18.226970879709658,59868.0,61907.0,3.405826150865243,2.0031983459059557,46.027105173889865,14088.0,73906.0,36491.0,28.54226470289169,38413.0,36.742677864289405,1042.0,2024,-1093.0,2023,,,
27122,大阪府 大阪市 西成区,,city,150820.0,136813.0,121972.0,106111.0,106111.0,2020,-29.643946426203417,-22.440849919232818,92141.0,78869.0,67565.0,-36.32611133624224,61599.0,62769.0,1.8993814834656453,1.5709187656327168,67.2529433318995,6903.0,53196.0,38771.0,36.53815344309261,28994.0,42.91275068452601,539.0,2024,-2412.0,2023,,,
27123,大阪府 大阪市 淀川区,,city,154269.0,163370.0,172078.0,183444.0,183444.0,2020,18.911770997413612,12.287445675460607,185820.0,180449.0,172288.0,-6.081419942870847,80187.0,104126.0,29.853966353648342,1.7423506136795806,57.98935904577147,17948.0,119665.0,40271.0,21.95274852270993,51433.0,29.85292069093611,1160.0,2024,-590.0,2023,,,
27124,大阪府 大阪市 鶴見区,,city,88687.0,101971.0,111182.0,112691.0,112691.0,2020,27.065973592522006,10.512792852869923,110774.0,106854.0,101797.0,-9.66714289517353,39024.0,48836.0,25.143501435014358,2.2723400769923825,34.824719469243995,16544.0,69064.0,25397.0,22.536848550460995,33808.0,33.211194828924235,-25.0,2024,-232.0,2023,,,
27125,大阪府 大阪市 住之江区,,city,115227.0,135437.0,127210.0,120072.0,120072.0,2020,4.204743679866696,-11.34475807940223,109979.0,97639.0,85058.0,-29.160836831234594,54068.0,59842.0,10.679144780646599,1.9657264128872698,45.81397680558805,12539.0,68120.0,36509.0,30.405923112798988,36932.0,43.41978414728773,484.0,2024,-1134.0,2023,,,
27126,大阪府 大阪市 平野区,,city,198880.0,201722.0,200005.0,192152.0,192152.0,2020,-3.3829444891391836,-4.744152844013049,173573.0,156063.0,139143.0,-27.58701444689621,80789.0,92747.0,14.801520008912107,2.027170690157094,44.420843800877655,21032.0,111618.0,53440.0,27.811316041467173,59780.0,42.96299490452268,-444.0,2024,-1749.0,2023,,,
27127,大阪府 大阪市 北区,,city,87969.0,91952.0,110392.0,139376.0,139376.0,2020,58.437631438347594,51.57473464416218,152286.0,155097.0,151919.0,8.999397313741241,46640.0,85672.0,83.68782161234991,1.6065925856756,63.720935661593046,12854.0,93449.0,23734.0,17.02875674434623,40308.0,26.53256011427142,1478.0,2024,86.0,2023,,,
27128,大阪府 大阪市 中央区,,city,64091.0,55324.0,78687.0,103726.0,103726.0,2020,61.84175625282802,87.48825103029428,116290.0,116800.0,113063.0,9.00160037020612,28174.0,67084.0,138.1060552282246,1.5390853258601156,67.82839425198259,9557.0,75448.0,15654.0,15.091683859398799,26296.0,23.257829705562386,1179.0,2024,250.0,2023,,,
27140,大阪府 堺市,,city,839421.0,829636.0,841966.0,826161.0,826161.0,2020,-1.5796602658260883,-0.41885839090878285,769085.0,710676.0,653087.0,-20.94918544932525,307756.0,365535.0,18.774288722234502,2.208343934233384,36.95213864609408,102091.0,471667.0,233131.0,28.21859177569505,246342.0,37.7196300033533,-700.0,2024,-5012.0,2023,,,
27141,大阪府 堺市 堺区,,city,,,148748.0,148682.0,148682.0,2020,,,142897.0,135129.0,126830.0,-14.697138860117565,,73687.0,,1.9529903510795663,48.67344307679781,15567.0,87217.0,40015.0,26.913143487442998,43576.0,34.3578017819128,32.0,2024,-904.0,2023,,,
27142,大阪府 堺市 中区,,city,,,123532.0,121236.0,121236.0,2020,,,111619.0,103531.0,95044.0,-21.604143983635225,,50101.0,,2.344424262988763,32.530288816590485,16169.0,69471.0,33015.0,27.23201029397209,36810.0,38.729430579521065,-287.0,2024,-769.0,2023,,,
27143,大阪府 堺市 東区,,city,,,85444.0,85043.0,85043.0,2020,,,81092.0,75642.0,70440.0,-17.171313335606698,,36839.0,,2.2708814028610984,33.54325578870219,10637.0,47086.0,25672.0,30.18708182919229,25700.0,36.48495173197047,366.0,2024,-487.0,2023,,,
27144,大阪府 堺市 西区,,city,,,133622.0,135375.0,135375.0,2020,,,127593.0,120282.0,112661.0,-16.778578024007384,,58032.0,,2.2918045216432312,34.675696167631656,18049.0,78818.0,35596.0,26.294367497691596,41388.0,36.736758949414615,81.0,2024,-837.0,2023,,,
27145,大阪府 堺市 南区,,city,,,154779.0,138464.0,138464.0,2020,,,117612.0,97671.0,80615.0,-41.779090593945,,59639.0,,2.2765472258086152,30.706416941933966,15817.0,72947.0,48005.0,34.66966142824128,40379.0,50.08869317124605,-839.0,2024,-1252.0,2023,,,
27146,大阪府 堺市 北区,,city,,,156561.0,159757.0,159757.0,2020,,,154057.0,148177.0,141019.0,-11.729063515213733,,72419.0,,2.168105055303166,38.78816332730361,21130.0,95504.0,39094.0,24.470915202463743,47253.0,33.50825066125841,-8.0,2024,-457.0,2023,,,
27147,大阪府 堺市 美原区,,city,,,39280.0,37604.0,37604.0,2020,,,34215.0,30244.0,26478.0,-29.587277949154345,,14818.0,,2.4578890538534215,27.169658523417468,4722.0,20624.0,11734.0,31.204127220508454,11236.0,42.43522924692197,-45.0,2024,-306.0,2023,,,
27202,大阪府 岸和田市,,city,180317.0,200104.0,199234.0,190658.0,190658.0,2020,5.734900203530446,-4.720545316435453,173996.0,155994.0,137512.0,-27.87504327119764,68073.0,78951.0,15.97990392666695,2.3572342338919077,32.910286126838166,23665.0,110325.0,53497.0,28.059142548437517,57242.0,41.62691256035837,-183.0,2024,-1343.0,2023,,,
27203,大阪府 豊中市,,city,403174.0,391726.0,389341.0,401558.0,401558.0,2020,-0.4008194972890067,2.5099176465182227,395261.0,382718.0,367696.0,-8.432654809516926,158691.0,176759.0,11.385648839568718,2.2297308765041666,34.78691325477062,54916.0,240797.0,105379.0,26.242535324909475,122838.0,33.4074887950916,-153.0,2024,-1647.0,2023,,,
27204,大阪府 池田市,,city,101121.0,101516.0,104229.0,104993.0,104993.0,2020,3.8290760573965743,3.4250758501122913,102749.0,98794.0,94005.0,-10.465459602068705,41741.0,48542.0,16.29333269447306,2.1272918297556753,40.404186065675084,12844.0,61529.0,27786.0,26.464621450953874,32553.0,34.62900909526089,98.0,2024,-502.0,2023,,,
27205,大阪府 吹田市,,city,332418.0,347929.0,355798.0,385567.0,385567.0,2020,15.98860470852963,10.81772430582102,387123.0,379290.0,366647.0,-4.9070589547342,141340.0,179962.0,27.32559784915807,2.110867849879419,41.76214978717729,51990.0,231248.0,88508.0,22.95528403623754,118837.0,32.41182936175668,2024.0,2024,-604.0,2023,,,
27206,大阪府 泉大津市,,city,67474.0,75091.0,77548.0,74412.0,74412.0,2020,10.28247917716454,-0.9042361934186505,68783.0,61969.0,54837.0,-26.306240928882442,27544.0,32469.0,17.88048213767064,2.2502386892112476,36.06208999353229,8927.0,45189.0,18939.0,25.451540074181583,22087.0,40.27754982949469,-171.0,2024,-238.0,2023,,,
27207,大阪府 高槻市,,city,340720.0,357438.0,357359.0,352698.0,352698.0,2020,3.5154965954449446,-1.3261041075655067,338827.0,319294.0,300685.0,-14.74717747194484,132305.0,152637.0,15.367522013529356,2.270353846053054,32.900934897829494,43042.0,200510.0,102233.0,28.985988012407216,111051.0,36.932670402580776,515.0,2024,-1809.0,2023,,,
27208,大阪府 貝塚市,,city,81162.0,88523.0,90519.0,84443.0,84443.0,2020,4.042532219511585,-4.608971679676466,76635.0,68149.0,59365.0,-29.698139573440073,29585.0,33194.0,12.198749366232885,2.4568897993613303,29.041393022835454,10856.0,49800.0,23013.0,27.25270300676196,24295.0,40.92478733260339,-871.0,2024,-670.0,2023,,,
27209,大阪府 守口市,,city,165630.0,152298.0,146697.0,143096.0,143096.0,2020,-13.605023244581293,-6.042101669096112,134716.0,124948.0,116069.0,-18.88732040029072,61828.0,67753.0,9.583036811800483,2.068779242247576,42.20624916977846,15437.0,83146.0,40885.0,28.57172807066585,42032.0,36.212942301562,657.0,2024,-985.0,2023,,,
27210,大阪府 枚方市,,city,353358.0,402563.0,407978.0,397289.0,397289.0,2020,12.432433962157363,-1.3101054990150574,374496.0,342385.0,307802.0,-22.524409183239403,146795.0,172035.0,17.194046118737006,2.2610108408172755,32.71078559595431,45276.0,212620.0,110284.0,27.759137554777503,134898.0,43.826225950448666,188.0,2024,-2284.0,2023,,,
27211,大阪府 茨木市,,city,234062.0,260648.0,274822.0,287730.0,287730.0,2020,22.928967538515433,10.390258125901596,287043.0,278382.0,266518.0,-7.372189205157609,99448.0,124953.0,25.646569061217917,2.252991124662873,35.903099565436605,39221.0,171964.0,68701.0,23.87689848121503,90296.0,33.879888037580955,730.0,2024,-604.0,2023,,,
27212,大阪府 八尾市,,city,272706.0,274777.0,271460.0,264642.0,264642.0,2020,-2.9570306483905795,-3.688445539473828,248128.0,227881.0,207696.0,-21.51812637449838,101154.0,114115.0,12.813136405876179,2.2800595890110853,33.41629058405994,31874.0,153071.0,74907.0,28.30503094746866,77467.0,37.29826284569756,2.0,2024,-1778.0,2023,,,
27213,大阪府 泉佐野市,,city,90684.0,96064.0,100801.0,100131.0,100131.0,2020,10.417493714436944,4.23363590939374,95380.0,88519.0,80921.0,-19.184867823151674,33610.0,43783.0,30.267777447188337,2.228467670100267,38.231733777950346,11488.0,60883.0,26232.0,26.197681037840432,31490.0,38.91449685495731,-785.0,2024,-596.0,2023,,,
27214,大阪府 富田林市,,city,97495.0,126558.0,119576.0,108699.0,108699.0,2020,11.491871378019392,-14.111316550514385,95944.0,81768.0,67795.0,-37.63052097995382,43595.0,45593.0,4.583094391558662,2.323733906520738,30.789814225868007,12109.0,62665.0,32782.0,30.15851111785757,30953.0,45.65675934803451,-1029.0,2024,-843.0,2023,,,
27215,大阪府 寝屋川市,,city,255859.0,250806.0,238204.0,229733.0,229733.0,2020,-10.211092828471935,-8.402111592226657,213164.0,193100.0,172808.0,-24.7787649140524,94839.0,101408.0,6.92647539514335,2.2253766961186496,33.40170400757337,25895.0,129383.0,68059.0,29.625260628642813,70684.0,40.903198925975644,304.0,2024,-1659.0,2023,,,
27216,大阪府 河内長野市,,city,78572.0,121008.0,112490.0,101692.0,101692.0,2020,29.425240543705144,-15.96258098638107,87868.0,72683.0,58342.0,-42.62872202336467,39864.0,42308.0,6.130844872566721,2.3484447385837193,26.975985629195424,10330.0,54254.0,36016.0,35.41674861346025,30845.0,52.8692879914984,-281.0,2024,-997.0,2023,,,
27217,大阪府 松原市,,city,135849.0,132562.0,124594.0,117641.0,117641.0,2020,-13.403116695743067,-11.255865180066682,105784.0,92584.0,80074.0,-31.93359458012087,48633.0,51830.0,6.573725659531604,2.233571290758248,35.1842562222651,12546.0,66990.0,35266.0,29.977643848658207,34406.0,42.967754826785225,452.0,2024,-897.0,2023,,,
27218,大阪府 大東市,,city,116635.0,128917.0,127534.0,119367.0,119367.0,2020,2.342350066446608,-7.407867077266772,110279.0,98930.0,87420.0,-26.763678403578883,48039.0,52642.0,9.581798122358908,2.235477375479655,36.01306941225637,13870.0,70833.0,31451.0,26.348153174663015,34002.0,38.894989704873026,21.0,2024,-627.0,2023,,,
27219,大阪府 和泉市,,city,124322.0,172974.0,184988.0,184495.0,184495.0,2020,48.40092662601953,6.6605385780522,177530.0,165938.0,151940.0,-17.645464646738397,57580.0,73587.0,27.79958318860716,2.442591762131898,28.52134208487912,24884.0,109891.0,46995.0,25.472235019919236,58795.0,38.69619586678952,361.0,2024,-918.0,2023,,,
27220,大阪府 箕面市,,city,104112.0,124898.0,129895.0,136868.0,136868.0,2020,31.46227140003073,9.58382039744432,136882.0,133321.0,128501.0,-6.1131893503229335,48710.0,58008.0,19.088482857729417,2.308543649151841,33.731554268376776,20385.0,80023.0,35261.0,25.762778735716164,44182.0,34.38261180846842,663.0,2024,-539.0,2023,,,
27221,大阪府 柏原市,,city,69836.0,79227.0,74773.0,68775.0,68775.0,2020,-1.5192737270175893,-13.192472263243593,61547.0,52748.0,44402.0,-35.43874954561977,28335.0,29958.0,5.727898358920069,2.2496828893784633,34.45490353161092,7611.0,40004.0,19964.0,29.027989821882947,19187.0,43.21201747669024,-19.0,2024,-391.0,2023,,,
27222,大阪府 羽曳野市,,city,103181.0,119246.0,117681.0,108736.0,108736.0,2020,5.383743131002805,-8.813712828941856,97889.0,85620.0,73479.0,-32.42440406121248,41800.0,44917.0,7.456937799043062,2.3516931228710733,30.053209252621503,12338.0,61958.0,33318.0,30.641185991759855,33027.0,44.94753603070265,64.0,2024,-791.0,2023,,,
27223,大阪府 門真市,,city,138902.0,135648.0,130282.0,119764.0,119764.0,2020,-13.778059351197246,-11.709719273413544,106809.0,92474.0,79332.0,-33.759727464012556,54121.0,57320.0,5.9108294377413495,2.0563154221912074,42.991974877878576,11764.0,70541.0,35573.0,29.702581744096722,33490.0,42.21499521000353,-122.0,2024,-1011.0,2023,,,
27224,大阪府 摂津市,,city,80684.0,85065.0,83720.0,87456.0,87456.0,2020,8.393237816667497,2.810791747487218,85411.0,81547.0,77289.0,-11.625274423710207,32355.0,40206.0,24.265183124710244,2.143660150226334,40.19798040093519,10852.0,52197.0,22099.0,25.268706549579218,26152.0,33.83663910776436,114.0,2024,-272.0,2023,,,
27225,大阪府 高石市,,city,66815.0,62260.0,59572.0,55635.0,55635.0,2020,-16.73276958766744,-10.640860905878569,50954.0,45588.0,40293.0,-27.57616608250202,22287.0,23099.0,3.643379548615777,2.351054158188666,30.34330490497424,7006.0,32402.0,15666.0,28.158533297384743,15667.0,38.88268433722979,-195.0,2024,-295.0,2023,,,
27226,大阪府 藤井寺市,,city,63726.0,66806.0,66165.0,63688.0,63688.0,2020,-0.05963029218842841,-4.667245456994884,58779.0,53388.0,47772.0,-24.99057907298078,24648.0,27773.0,12.678513469652719,2.255103877866993,34.41831995103158,7725.0,36982.0,18074.0,28.378972490893105,19118.0,40.01925814284518,-69.0,2024,-422.0,2023,,,
27227,大阪府 東大阪市,,city,521558.0,515094.0,509533.0,493940.0,493940.0,2020,-5.295288347604677,-4.10682322061604,459365.0,418377.0,377297.0,-23.61481151556869,202436.0,231950.0,14.579422632338112,2.088657038154775,42.6389308040526,52269.0,283589.0,135791.0,27.491395716078877,150785.0,39.964537221340215,1384.0,2024,-3344.0,2023,,,
27228,大阪府 泉南市,,city,53324.0,64152.0,64403.0,60102.0,60102.0,2020,12.710974420523602,-6.313131313131315,53205.0,46602.0,40136.0,-33.22019233968919,20558.0,23053.0,12.136394590913513,2.52526786101592,27.232898104368196,7512.0,34209.0,17776.0,29.57638680909121,17749.0,44.222144707992825,-1006.0,2024,-393.0,2023,,,
27229,大阪府 四條畷市,,city,50582.0,55136.0,57554.0,55177.0,55177.0,2020,9.084259222648372,0.07436157864191273,50863.0,45923.0,41138.0,-25.443572503035682,19906.0,22380.0,12.428413543655182,2.405987488829312,29.31188561215371,6925.0,32625.0,15149.0,27.455280279826738,16099.0,39.13413389080655,-331.0,2024,-274.0,2023,,,
27230,大阪府 交野市,,city,61425.0,76919.0,77686.0,75033.0,75033.0,2020,22.153846153846146,-2.4519299522874682,69255.0,62243.0,55115.0,-26.545653245905132,25208.0,29517.0,17.093779752459536,2.4899549412203137,23.14598367042721,9641.0,43621.0,21581.0,28.762011381658738,22633.0,41.06504581329947,236.0,2024,-373.0,2023,,,
27231,大阪府 大阪狭山市,,city,46508.0,56996.0,58227.0,58435.0,58435.0,2020,25.64505031392448,2.5247385781458354,55996.0,52134.0,47801.0,-18.197997775305897,20079.0,24187.0,20.459186214452906,2.3494439161533056,30.925703890519703,7924.0,33101.0,16429.0,28.11499957217421,18143.0,37.95527290224054,95.0,2024,-225.0,2023,,,
27232,大阪府 阪南市,,city,42612.0,58193.0,56646.0,51254.0,51254.0,2020,20.280672111142394,-11.92411458422834,43726.0,36473.0,29574.0,-42.299137628282665,18861.0,20732.0,9.91994061820689,2.4250434111518424,25.03376422921088,5615.0,28470.0,17072.0,33.308619815038824,15461.0,52.27902887671604,-251.0,2024,-474.0,2023,,,
27301,大阪府 島本町,,city,24663.0,30125.0,28935.0,30927.0,30927.0,2020,25.398370027977137,2.662240663900417,30576.0,29523.0,28158.0,-8.953341740226984,10588.0,12732.0,20.2493388741972,2.402214891611687,25.840402136349354,4589.0,17749.0,8491.0,27.45497461764801,10048.0,35.68435258185951,666.0,2024,-110.0,2023,,,
27321,大阪府 豊能町,,city,12471.0,25722.0,21989.0,18279.0,18279.0,2020,46.572047149386584,-28.936319104268716,14816.0,10835.0,7516.0,-58.88177690245637,7877.0,7575.0,-3.833946934111976,2.373993399339934,18.204620462046208,1201.0,8387.0,8666.0,47.4095957109251,5136.0,68.33422032996275,-161.0,2024,-252.0,2023,,,
27322,大阪府 能勢町,,city,10024.0,14186.0,11650.0,9079.0,9079.0,2020,-9.427374301675972,-36.00028196813761,7276.0,5477.0,3838.0,-57.726621874655805,3983.0,3620.0,-9.11373336680894,2.407734806629834,24.668508287292816,606.0,4579.0,3767.0,41.491353673312034,2637.0,68.70766023970818,-54.0,2024,-134.0,2023,,,
27341,大阪府 忠岡町,,city,18053.0,17509.0,18149.0,16567.0,16567.0,2020,-8.231318894366591,-5.380090239305502,15092.0,13423.0,11699.0,-29.383714613388058,5895.0,6733.0,14.215436810856662,2.395514629437101,30.432199613842272,1968.0,9791.0,4778.0,28.840465986599867,4894.0,41.832635267971625,-121.0,2024,-160.0,2023,,,
27361,大阪府 熊取町,,city,25432.0,42914.0,45069.0,43763.0,43763.0,2020,72.07848379993709,1.9783753553618943,40989.0,37261.0,33329.0,-23.842058359801655,13660.0,17219.0,26.05417276720352,2.4677391253847496,27.260584238341366,5665.0,24799.0,12444.0,28.434979320430497,12809.0,38.431996159500734,-67.0,2024,-205.0,2023,,,
27362,大阪府 田尻町,,city,7519.0,6785.0,8085.0,8434.0,8434.0,2020,12.169171432371328,24.3036109064112,8291.0,7972.0,7638.0,-9.437989091771403,2452.0,3729.0,52.07993474714519,2.223116116921427,41.5124698310539,1165.0,5202.0,1996.0,23.666113350723265,2504.0,32.7834511652265,24.0,2024,-51.0,2023,,,
27366,大阪府 岬町,,city,22864.0,19789.0,17504.0,14741.0,14741.0,2020,-35.527466759972,-25.509121228965594,12107.0,9561.0,7296.0,-50.505393121226504,6828.0,6256.0,-8.377270064440534,2.2559143222506393,30.658567774936063,1173.0,7404.0,5966.0,40.47215249983041,4313.0,59.114583333333336,-1139.0,2024,-210.0,2023,,,
27381,大阪府 太子町,,city,8741.0,14190.0,14220.0,13009.0,13009.0,2020,48.827365290012594,-8.322762508809022,11526.0,9865.0,8141.0,-37.420247520947036,4593.0,5036.0,9.645112127150002,2.5244241461477364,23.90786338363781,1553.0,7476.0,3844.0,29.548773925743717,3838.0,47.14408549318266,-38.0,2024,-85.0,2023,,,
27382,大阪府 河南町,,city,13967.0,17341.0,17040.0,15697.0,15697.0,2020,12.38633922818071,-9.480422120984944,13812.0,11868.0,9989.0,-36.36363636363637,6087.0,6384.0,4.8792508624938336,2.406484962406015,30.701754385964914,1685.0,8615.0,4901.0,31.222526597439,4663.0,46.68134948443288,-77.0,2024,-146.0,2023,,,
27383,大阪府 千早赤阪村,,city,7288.0,6968.0,6015.0,4909.0,4909.0,2020,-32.64270032930845,-29.549368541905853,3875.0,2860.0,2045.0,-58.34182114483602,2106.0,1940.0,-7.882241215574548,2.4855670103092784,20.309278350515463,417.0,2258.0,2232.0,45.467508657567734,1223.0,59.80440097799511,-17.0,2024,-75.0,2023,,,
28100,兵庫県 神戸市,,city,1367390.0,1493398.0,1544200.0,1525152.0,1525152.0,2020,11.537454566729322,2.1262918525403185,1440480.0,1343629.0,1233396.0,-19.12963429218858,604290.0,734091.0,21.479918582137714,2.0366725651179487,43.3695550006743,171315.0,843645.0,419161.0,27.483227901219028,490837.0,39.79557254928668,-2013.0,2024,-9751.0,2023,,,
28101,兵庫県 神戸市 東灘区,,city,183284.0,191309.0,210408.0,213562.0,213562.0,2020,16.519718033216215,11.631967131708398,203985.0,197831.0,188542.0,-11.715567376218615,81502.0,102396.0,25.63618070722191,2.058283526700262,42.55244345482245,26649.0,123659.0,50482.0,23.63810041112183,69593.0,36.911139162626895,320.0,2024,-752.0,2023,,,
28102,兵庫県 神戸市 灘区,,city,142313.0,120518.0,133451.0,136747.0,136747.0,2020,-3.9110973698818774,13.466038268142523,136457.0,132938.0,127379.0,-6.850607325937686,56483.0,69950.0,23.84257210134022,1.9187562544674768,50.05575411007863,16059.0,78114.0,33112.0,24.214059540611494,44294.0,34.77339278845022,414.0,2024,-692.0,2023,,,
28105,兵庫県 神戸市 兵庫区,,city,142418.0,106897.0,108304.0,109144.0,109144.0,2020,-23.363619767164266,2.1020234431274876,106344.0,102553.0,97533.0,-10.63823939016345,50878.0,61091.0,20.073509178819915,1.7547265554664353,56.568070583228305,9815.0,60038.0,29278.0,26.82511177893425,34287.0,35.15425548275968,510.0,2024,-893.0,2023,,,
28106,兵庫県 神戸市 長田区,,city,163949.0,105464.0,101624.0,94791.0,94791.0,2020,-42.18262996419618,-10.1200409618448,86929.0,78505.0,70236.0,-25.904358008671714,45747.0,49539.0,8.289068135615452,1.8735945416742366,49.83750176628515,8261.0,48679.0,30875.0,32.57165764682301,30181.0,42.9708411640754,-483.0,2024,-1036.0,2023,,,
28107,兵庫県 神戸市 須磨区,,city,155683.0,174056.0,167475.0,158719.0,158719.0,2020,1.9501165830565936,-8.81153192076114,145975.0,130387.0,114946.0,-27.578928798694548,66902.0,74269.0,11.011628949807184,2.100674574856266,37.96065653233516,17077.0,84297.0,50399.0,31.753602278240162,49687.0,43.226384563186194,-359.0,2024,-1268.0,2023,,,
28108,兵庫県 神戸市 垂水区,,city,299700.0,226230.0,220411.0,215302.0,215302.0,2020,-28.160827494160824,-4.830482252574808,196359.0,179249.0,163753.0,-23.94264800141197,89303.0,97579.0,9.267325845716279,2.1672593488353025,36.69129628301172,27359.0,114792.0,63128.0,29.320675144680497,66977.0,40.901235397214094,-481.0,2024,-1649.0,2023,,,
28109,兵庫県 神戸市 北区,,city,164714.0,225184.0,226836.0,210492.0,210492.0,2020,27.79241594521413,-6.524442233906491,191727.0,170094.0,148119.0,-29.632005016817743,78192.0,88319.0,12.951452834049526,2.3150058311348634,30.166781779685003,24766.0,114238.0,65667.0,31.196910096345704,65772.0,44.404836651611205,-707.0,2024,-1630.0,2023,,,
28110,兵庫県 神戸市 中央区,,city,115329.0,107982.0,126393.0,147518.0,147518.0,2020,27.91058623589904,36.61350965901724,154581.0,155765.0,151302.0,2.565110698355455,55165.0,90807.0,64.60980694280794,1.6044798308500445,64.36618322376029,12699.0,84360.0,31090.0,21.075394189183694,51444.0,34.00087242733077,-280.0,2024,-469.0,2023,,,
28111,兵庫県 神戸市 西区,,city,,235758.0,249298.0,238877.0,238877.0,2020,,1.3229667710109583,218123.0,196307.0,171586.0,-28.16972751667176,80118.0,100141.0,24.991886966724074,2.321336914949921,31.406716529693135,28630.0,135468.0,65130.0,27.265077843408953,78602.0,45.80909864441155,-947.0,2024,-1362.0,2023,,,
28201,兵庫県 姫路市,,city,494825.0,534969.0,536270.0,530495.0,530495.0,2020,7.208609104228758,-0.8363101413352947,506147.0,473452.0,436360.0,-17.744747829857022,186426.0,223793.0,20.043877999849812,2.327119257528162,33.71285071472298,69356.0,310280.0,142411.0,26.844927850403867,162367.0,37.20941424511871,-641.0,2024,-2720.0,2023,,,
28202,兵庫県 尼崎市,,city,523650.0,466187.0,453748.0,459593.0,459593.0,2020,-12.232789076673356,-1.4144538564996423,442958.0,419377.0,393903.0,-14.293081052148315,190437.0,221148.0,16.12659304651931,2.0441423842856365,43.26107403187006,47978.0,246316.0,120113.0,26.134645218704378,149659.0,37.99387158767514,1600.0,2024,-2501.0,2023,,,
28203,兵庫県 明石市,,city,254869.0,293117.0,290959.0,303601.0,303601.0,2020,19.12041087774503,3.576728746541491,300637.0,287248.0,269828.0,-11.124139907312557,107429.0,133488.0,24.256951102588697,2.2327774781253744,35.4443845139638,41155.0,177638.0,79617.0,26.224221922852692,95017.0,35.213914048949704,1372.0,2024,-539.0,2023,,,
28204,兵庫県 西宮市,,city,410329.0,438105.0,482640.0,485587.0,485587.0,2020,18.340892308367195,10.838041108866591,478834.0,462768.0,441358.0,-9.108357513689613,177074.0,215454.0,21.674554141206492,2.2197220752457603,36.249965189785286,64958.0,293519.0,115944.0,23.87708072909695,155046.0,35.129305461779325,-512.0,2024,-1249.0,2023,,,
28205,兵庫県 洲本市,,city,54826.0,52248.0,47254.0,41236.0,41236.0,2020,-24.787509575748736,-21.076404838462715,35308.0,29437.0,23759.0,-42.38286933747211,18821.0,17736.0,-5.76483714999203,2.255469102390618,34.105773567884526,4339.0,21327.0,15169.0,36.78581821709186,12034.0,50.650279893934936,-290.0,2024,-501.0,2023,,,
28206,兵庫県 芦屋市,,city,81745.0,83834.0,93238.0,93922.0,93922.0,2020,14.896323934185585,12.033303910108062,91013.0,86875.0,82479.0,-12.183513979685268,34075.0,42475.0,24.651504035216433,2.181236021188935,34.615656268393174,11455.0,52989.0,27654.0,29.443580843678795,34721.0,42.09677614908037,-359.0,2024,-553.0,2023,,,
28207,兵庫県 伊丹市,,city,178228.0,192159.0,196127.0,198138.0,198138.0,2020,11.171084229189576,3.11148580082119,192611.0,184789.0,175060.0,-11.647437644470015,70809.0,82384.0,16.34679207445382,2.3546562439308603,30.243736647892796,27159.0,119497.0,51476.0,25.97987261403668,63027.0,36.00308465668913,-304.0,2024,-718.0,2023,,,
28208,兵庫県 相生市,,city,41498.0,34320.0,31158.0,28355.0,28355.0,2020,-31.671405850884383,-17.38053613053613,24047.0,20487.0,17420.0,-38.56462704990301,11945.0,11779.0,-1.3897028045207205,2.317853807623737,31.225061550216488,3238.0,14479.0,10414.0,36.727208605184266,7878.0,45.223880597014926,-115.0,2024,-342.0,2023,,,
28209,兵庫県 豊岡市,,city,96448.0,92752.0,85592.0,77489.0,77489.0,2020,-19.657224618447245,-16.45570984992237,66909.0,57818.0,49032.0,-36.72392210507298,29086.0,30115.0,3.5377845011345554,2.508351319940229,28.28822845757928,9482.0,41006.0,26522.0,34.226793480364954,22604.0,46.10050579213575,-489.0,2024,-827.0,2023,,,
28210,兵庫県 加古川市,,city,212233.0,266170.0,266937.0,260878.0,260878.0,2020,22.920563720062393,-1.9882030281399121,245287.0,224196.0,201317.0,-22.830978465029627,89328.0,107075.0,19.867230879455498,2.3869904272706046,28.937660518328272,32871.0,151933.0,72332.0,27.72637018069749,77888.0,38.68923141115753,-148.0,2024,-1454.0,2023,,,
28212,兵庫県 赤穂市,,city,51046.0,52077.0,50523.0,45892.0,45892.0,2020,-10.096775457430551,-11.876644199934717,39897.0,34287.0,28856.0,-37.121938464220335,17488.0,18876.0,7.936870997255263,2.3667090485272304,30.069930069930066,5217.0,25047.0,15093.0,32.88808506929312,13313.0,46.13598558358747,-212.0,2024,-490.0,2023,,,
28213,兵庫県 西脇市,,city,46380.0,45718.0,42802.0,38673.0,38673.0,2020,-16.61707632600259,-15.409685463056121,33200.0,28441.0,23993.0,-37.95929976986528,14630.0,15146.0,3.5269993164730007,2.501452528720454,29.004357586161362,4568.0,20732.0,12974.0,33.54795335246813,11193.0,46.651106572750386,-152.0,2024,-400.0,2023,,,
28214,兵庫県 宝塚市,,city,183628.0,213037.0,225700.0,226432.0,226432.0,2020,23.310170562223618,6.287640175180842,217093.0,207729.0,197105.0,-12.951791266252123,78835.0,95366.0,20.969112703748326,2.334364448545603,28.791183440639223,29195.0,129846.0,63689.0,28.127208168456757,79250.0,40.20699627102306,-27.0,2024,-1369.0,2023,,,
28215,兵庫県 三木市,,city,78297.0,86117.0,81009.0,75294.0,75294.0,2020,-3.83539599218361,-12.567785686914313,67214.0,57780.0,48639.0,-35.40122718941748,26517.0,30318.0,14.334200701436806,2.419783626888317,28.065835477274227,8230.0,40261.0,26408.0,35.07317980184344,22364.0,45.97956372458316,-315.0,2024,-634.0,2023,,,
28216,兵庫県 高砂市,,city,85463.0,96020.0,93901.0,87722.0,87722.0,2020,2.643249125352498,-8.64194959383462,80306.0,71174.0,61902.0,-29.43389343608217,32565.0,36676.0,12.623982803623512,2.3646798996619043,30.000545315737813,11169.0,50316.0,25596.0,29.17854130092793,24679.0,39.86785564279022,-482.0,2024,-639.0,2023,,,
28217,兵庫県 川西市,,city,129834.0,153762.0,156423.0,152321.0,152321.0,2020,17.319808370688715,-0.9371626279574885,141496.0,129950.0,119770.0,-21.370001509969082,54701.0,63272.0,15.668817754702836,2.3646004551776456,27.207927677329625,18392.0,84625.0,49188.0,32.29233001358972,49291.0,41.15471320030058,-239.0,2024,-1047.0,2023,,,
28218,兵庫県 小野市,,city,43574.0,49432.0,49680.0,47562.0,47562.0,2020,9.152246752650672,-3.782974591357824,44275.0,40365.0,35911.0,-24.49644674319835,14850.0,17784.0,19.75757575757575,2.61240440845704,25.944669365721996,6325.0,27104.0,13844.0,29.107270510071064,14415.0,40.140903901311574,-45.0,2024,-319.0,2023,,,
28219,兵庫県 三田市,,city,36529.0,111737.0,114216.0,109238.0,109238.0,2020,199.04459470557637,-2.2365017854426017,98629.0,88285.0,76492.0,-29.97674801808894,34271.0,42368.0,23.626389658895274,2.4976161253776437,24.147941842900302,13945.0,65910.0,28853.0,26.4129698456581,33601.0,43.92746953929822,-327.0,2024,-521.0,2023,,,
28220,兵庫県 加西市,,city,51051.0,51104.0,47993.0,42700.0,42700.0,2020,-16.358151652269303,-16.4448966812774,37701.0,32308.0,26829.0,-37.168618266978925,14615.0,16222.0,10.995552514539852,2.562939218345457,28.32573048945876,4596.0,23521.0,14366.0,33.6440281030445,12236.0,45.60736516456074,-48.0,2024,-430.0,2023,,,
28221,兵庫県 丹波篠山市,,city,41685.0,46325.0,43263.0,39611.0,39611.0,2020,-4.975410819239534,-14.493254182406911,35392.0,30939.0,26326.0,-33.538663502562414,14498.0,15567.0,7.373430818043869,2.4794758142223934,27.404124108691462,4470.0,20427.0,13862.0,34.99532958016712,12453.0,47.30304641798982,-208.0,2024,-368.0,2023,,,
28222,兵庫県 養父市,,city,33979.0,30110.0,26501.0,22129.0,22129.0,2020,-34.87448129727184,-26.50614413816008,18187.0,14762.0,11694.0,-47.15531655293959,9275.0,8369.0,-9.76819407008086,2.556577846815629,25.582506870593857,2447.0,10876.0,8750.0,39.54087396628858,6052.0,51.753035744826406,-167.0,2024,-304.0,2023,,,
28223,兵庫県 丹波市,,city,72982.0,72862.0,67757.0,61471.0,61471.0,2020,-15.772382231235094,-15.633663638110395,54512.0,47426.0,40338.0,-34.37881277350295,21711.0,22959.0,5.748238220257007,2.5986323446143125,26.29905483688314,7433.0,32235.0,21535.0,35.032779684729384,18268.0,45.287322128018246,-222.0,2024,-683.0,2023,,,
28224,兵庫県 南あわじ市,,city,57744.0,54979.0,49834.0,44137.0,44137.0,2020,-23.56435300637295,-19.720256825333305,38235.0,32480.0,26986.0,-38.85855404762444,17109.0,17011.0,-0.5727979426033092,2.5126682734701076,27.852565986714477,5190.0,22362.0,15956.0,36.15107506173958,13080.0,48.46957681760913,-253.0,2024,-578.0,2023,,,
28225,兵庫県 朝来市,,city,36850.0,36069.0,32814.0,28989.0,28989.0,2020,-21.332428765264588,-19.629044331697575,24733.0,20990.0,17415.0,-39.92548897857808,11666.0,11362.0,-2.6058631921824116,2.468843513465939,27.80320366132723,3394.0,14817.0,10351.0,35.706647348994444,8589.0,49.31955211024979,-177.0,2024,-348.0,2023,,,
28226,兵庫県 淡路市,,city,57650.0,51884.0,46459.0,41967.0,41967.0,2020,-27.203816131830006,-19.11379230591319,37356.0,32506.0,27809.0,-33.73603069078085,17632.0,17459.0,-0.9811705989110742,2.319777765049545,32.57918552036199,4495.0,20946.0,16265.0,38.75664212357328,13205.0,47.484627278938476,-237.0,2024,-610.0,2023,,,
28227,兵庫県 宍粟市,,city,49084.0,45460.0,40938.0,34819.0,34819.0,2020,-29.062423600358567,-23.407391113066435,28763.0,23317.0,18235.0,-47.629167982997785,12970.0,12856.0,-0.8789514263685461,2.649813316739266,23.125388923459862,4000.0,18121.0,12648.0,36.32499497400845,9617.0,52.7392377296408,-328.0,2024,-493.0,2023,,,
28228,兵庫県 加東市,,city,34275.0,40688.0,40181.0,40645.0,40645.0,2020,18.58497447118892,-0.10568226504128475,39158.0,36960.0,34121.0,-16.051174806249236,12728.0,17032.0,33.815210559396604,2.3236848285580085,37.96383278534523,5119.0,23844.0,10757.0,26.465739943412476,12355.0,36.20937252718267,-423.0,2024,-211.0,2023,,,
28229,兵庫県 たつの市,,city,81167.0,83207.0,80518.0,74316.0,74316.0,2020,-8.440622420441802,-10.685399064982516,66902.0,58871.0,50721.0,-31.749555950266426,24548.0,27655.0,12.656835587420566,2.60459229795697,24.41149882480564,8995.0,40382.0,22963.0,30.899133430216914,22413.0,44.18879753948069,-322.0,2024,-615.0,2023,,,
28301,兵庫県 猪名川町,,city,11526.0,29094.0,31739.0,29680.0,29680.0,2020,157.50477182023252,2.014160995394243,27465.0,24928.0,22046.0,-25.721024258760107,8687.0,10977.0,26.361229423276168,2.6365127083902706,16.680331602441466,3839.0,16422.0,9411.0,31.70822102425876,10452.0,47.409960990655904,-206.0,2024,-244.0,2023,,,
28365,兵庫県 多可町,,city,26095.0,25331.0,23104.0,19261.0,19261.0,2020,-26.188925081433222,-23.962733409656156,15357.0,12115.0,9228.0,-52.0897149680702,6604.0,6544.0,-0.9085402786190189,2.82289119804401,19.880806845965772,1951.0,9809.0,7306.0,37.93157156949275,5470.0,59.27611616818379,-138.0,2024,-326.0,2023,,,
28381,兵庫県 稲美町,,city,27609.0,32054.0,31026.0,30268.0,30268.0,2020,9.630917454453257,-5.571847507331373,27936.0,24700.0,21446.0,-29.14629311484076,9434.0,11370.0,20.521517913928335,2.609410729991205,21.750219876868954,3820.0,16615.0,9716.0,32.09990749306198,9179.0,42.80052224190991,83.0,2024,-215.0,2023,,,
28382,兵庫県 播磨町,,city,26527.0,33766.0,33183.0,33604.0,33604.0,2020,26.678478531307714,-0.47977255227151794,32353.0,29952.0,27485.0,-18.209141768837046,11376.0,13781.0,21.14099859353025,2.4238444234816052,28.22726942892388,4785.0,19308.0,9160.0,27.25865968337103,9765.0,35.52847007458614,-74.0,2024,-133.0,2023,,,
28442,兵庫県 市川町,,city,15230.0,14812.0,13288.0,11231.0,11231.0,2020,-26.257386736703868,-24.176343505265997,9333.0,7449.0,5719.0,-49.07844359362479,4213.0,4320.0,2.5397578922383035,2.5761574074074076,23.77314814814815,1124.0,5894.0,4184.0,37.254029026800815,3061.0,53.52334324182549,-84.0,2024,-144.0,2023,,,
28443,兵庫県 福崎町,,city,18089.0,19582.0,19830.0,19377.0,19377.0,2020,7.120349383603286,-1.0468797875600067,18262.0,16683.0,14977.0,-22.70733343654848,5688.0,7784.0,36.849507735583686,2.4233042137718397,35.49588900308325,2442.0,10516.0,5454.0,28.14677194612169,5929.0,39.58736729652133,-68.0,2024,-124.0,2023,,,
28446,兵庫県 神河町,,city,14401.0,13500.0,12289.0,10616.0,10616.0,2020,-26.282897021040206,-21.36296296296296,8760.0,7162.0,5657.0,-46.71250941974379,3775.0,3768.0,-0.18543046357616388,2.7433651804670913,21.20488322717622,1151.0,5399.0,4055.0,38.19706103993971,3031.0,53.57963584939014,-162.0,2024,-131.0,2023,,,
28464,兵庫県 太子町,,city,26686.0,31960.0,33438.0,33477.0,33477.0,2020,25.44780034475005,4.746558197747186,31699.0,29332.0,26806.0,-19.927114138064937,10234.0,12745.0,24.535860855970306,2.5880737544134953,24.197724597881525,4844.0,19172.0,9045.0,27.01855004928757,10430.0,38.90919943296277,-1.0,2024,-149.0,2023,,,
28481,兵庫県 上郡町,,city,18388.0,18419.0,16636.0,13879.0,13879.0,2020,-24.52142701762019,-24.648460828492315,11319.0,8846.0,6622.0,-52.28762879169969,5813.0,5524.0,-4.971615344916569,2.448225923244026,25.597393193338156,1239.0,6882.0,5454.0,39.29677930686649,3833.0,57.88281485955905,-171.0,2024,-175.0,2023,,,
28501,兵庫県 佐用町,,city,24874.0,22337.0,19265.0,15863.0,15863.0,2020,-36.22658197314465,-28.983301249048665,12491.0,9746.0,7284.0,-54.08182563197377,6594.0,5902.0,-10.494388838337887,2.5199932226363946,26.567265333785155,1462.0,7533.0,6853.0,43.20115993191704,4415.0,60.612300933553,-192.0,2024,-234.0,2023,,,
28585,兵庫県 香美町,,city,26694.0,23271.0,19696.0,16064.0,16064.0,2020,-39.821682775155466,-30.96987667053415,12375.0,9495.0,7050.0,-56.11304780876494,6791.0,5888.0,-13.297010749521421,2.656419836956522,24.320652173913043,1661.0,7870.0,6530.0,40.64990039840637,4156.0,58.95035460992908,-106.0,2024,-255.0,2023,,,
28586,兵庫県 新温泉町,,city,21514.0,18601.0,16004.0,13318.0,13318.0,2020,-38.096123454494744,-28.40169883339605,10646.0,8319.0,6202.0,-53.43144616308755,5559.0,4919.0,-11.512862025544157,2.6405773531205528,25.614962390729822,1401.0,6442.0,5464.0,41.027181258447214,3679.0,59.319574330861016,-85.0,2024,-212.0,2023,,,
29201,奈良県 奈良市,,city,305614.0,374944.0,366591.0,354630.0,354630.0,2020,16.038532266191986,-5.417875736109923,332031.0,302351.0,271142.0,-23.542283506753513,135401.0,155069.0,14.525742055080837,2.2319290122461615,33.84299892306006,39706.0,197673.0,110212.0,31.07802498378592,118446.0,43.68412123536744,216.0,2024,-2676.0,2023,,,
29202,奈良県 大和高田市,,city,61711.0,73668.0,68451.0,61744.0,61744.0,2020,0.05347506927451118,-16.186132377694516,54520.0,45855.0,37168.0,-39.803057786991445,25179.0,26064.0,3.5148337900631432,2.3278468385512583,30.079803560466544,5978.0,35924.0,19318.0,31.287250583052607,18525.0,49.84126130004305,-77.0,2024,-451.0,2023,,,
29203,奈良県 大和郡山市,,city,81266.0,94188.0,89023.0,83285.0,83285.0,2020,2.484433834567956,-11.575784601010742,74510.0,64208.0,54141.0,-34.99309599567749,32047.0,34153.0,6.571597965488185,2.379293180686909,28.50115656018505,9044.0,45680.0,27301.0,32.78021252326349,25173.0,46.495262370477086,60.0,2024,-703.0,2023,,,
29204,奈良県 天理市,,city,64894.0,72741.0,69178.0,63889.0,63889.0,2020,-1.548679384842977,-12.169203062921873,55881.0,49072.0,42057.0,-34.17176665779712,24550.0,25377.0,3.368635437881884,2.3705323718327618,35.488828466721834,7701.0,38373.0,16877.0,26.416127971951354,17087.0,40.62819506859738,-303.0,2024,-404.0,2023,,,
29205,奈良県 橿原市,,city,107316.0,125005.0,125605.0,120922.0,120922.0,2020,12.678444966267843,-3.2662693492260364,113278.0,102663.0,91164.0,-24.609252245249003,43078.0,51271.0,19.01898881099402,2.3217608394609037,32.5115562403698,14419.0,69671.0,34502.0,28.53244240088652,37574.0,41.21583081040762,-351.0,2024,-638.0,2023,,,
29206,奈良県 桜井市,,city,56439.0,63248.0,60146.0,54857.0,54857.0,2020,-2.8030262761565616,-13.26682266632937,49047.0,42409.0,35731.0,-34.86519496144521,20315.0,21979.0,8.190991877922716,2.454251785795532,27.07129532735793,6330.0,30665.0,17491.0,31.88471844978763,16441.0,46.01326579160953,-72.0,2024,-479.0,2023,,,
29207,奈良県 五條市,,city,40089.0,39928.0,34460.0,27927.0,27927.0,2020,-30.33749906458131,-30.0566018833901,21851.0,16537.0,11845.0,-57.58584882013822,12429.0,10873.0,-12.519108536487245,2.4719948496275177,27.13142646923572,2049.0,13295.0,10360.0,37.096716439288144,7402.0,62.49050232165471,-172.0,2024,-413.0,2023,,,
29208,奈良県 御所市,,city,37387.0,34676.0,30287.0,24096.0,24096.0,2020,-35.54979003396903,-30.511016264851776,19314.0,14731.0,10788.0,-55.22908366533865,10937.0,9970.0,-8.841547042150498,2.329287863590772,30.481444332998997,1843.0,12075.0,10102.0,41.92397078353254,6275.0,58.166481275491286,-214.0,2024,-363.0,2023,,,
29209,奈良県 生駒市,,city,70461.0,112830.0,118113.0,116675.0,116675.0,2020,65.58805580391991,3.407781618363903,111660.0,103988.0,96062.0,-17.667023784015424,38001.0,47617.0,25.304597247440853,2.4245962576390783,26.429636474368394,16057.0,66351.0,33430.0,28.65223912577673,37350.0,38.88113926422519,-247.0,2024,-603.0,2023,,,
29210,奈良県 香芝市,,city,36314.0,63487.0,75227.0,78113.0,78113.0,2020,115.10436746158507,23.03778726353427,77324.0,74359.0,70053.0,-10.31838490392124,20007.0,29573.0,47.813265357125005,2.600919757887262,22.689615527677272,11918.0,46856.0,18430.0,23.594024042092865,25514.0,36.420995531954375,-107.0,2024,-142.0,2023,,,
29211,奈良県 葛城市,,city,29546.0,34950.0,35859.0,36832.0,36832.0,2020,24.659852433493533,5.384835479256078,36176.0,34280.0,32141.0,-12.736207645525631,10382.0,13270.0,27.817376228087063,2.7141672946495854,20.580256217030897,5610.0,20796.0,10338.0,28.06798436142485,11421.0,35.53405307862232,19.0,2024,-123.0,2023,,,
29212,奈良県 宇陀市,,city,41101.0,39762.0,34227.0,28121.0,28121.0,2020,-31.580740127977425,-29.276696343242293,22273.0,16804.0,12070.0,-57.07834003058212,11667.0,10812.0,-7.328362046798665,2.5235849056603774,24.121346651868294,2481.0,13770.0,11793.0,41.93663098751823,7235.0,59.94200497100248,-328.0,2024,-442.0,2023,,,
29322,奈良県 山添村,,city,5822.0,4967.0,4107.0,3226.0,3226.0,2020,-44.58948814840261,-35.051338836319715,2516.0,1868.0,1291.0,-59.98140111593304,1236.0,1101.0,-10.922330097087373,2.8401453224341506,22.070844686648503,255.0,1401.0,1557.0,48.26410415375078,816.0,63.206816421378775,-2.0,2024,-63.0,2023,,,
29342,奈良県 平群町,,city,16854.0,20497.0,19727.0,18009.0,18009.0,2020,6.85297258810964,-12.138361711469969,15845.0,13292.0,11017.0,-38.8250319284802,6537.0,7164.0,9.591555759522707,2.477247347850363,20.21217197096594,1815.0,9177.0,6968.0,38.69176522849686,5400.0,49.015158391576655,-3.0,2024,-194.0,2023,,,
29343,奈良県 三郷町,,city,17949.0,23977.0,23440.0,23219.0,23219.0,2020,29.36096718480139,-3.16136297284898,22276.0,20801.0,19159.0,-17.485679831172753,8384.0,9463.0,12.869751908396942,2.322624960371975,30.085596533868753,2785.0,12779.0,7530.0,32.43033722382532,7803.0,40.72759538598048,33.0,2024,-166.0,2023,,,
29344,奈良県 斑鳩町,,city,25754.0,28566.0,27734.0,27587.0,27587.0,2020,7.117340995573507,-3.427151158720154,26462.0,24396.0,22469.0,-18.55221662377207,9344.0,10891.0,16.55607876712328,2.504728675052796,22.743549719952256,3831.0,15222.0,8393.0,30.42375031717838,8416.0,37.45605055854733,53.0,2024,-102.0,2023,,,
29345,奈良県 安堵町,,city,6459.0,8539.0,7929.0,7225.0,7225.0,2020,11.859420962997369,-15.388218760979033,6465.0,5510.0,4494.0,-37.79930795847751,2732.0,3064.0,12.152269399707173,2.283942558746736,30.87467362924282,650.0,3966.0,2544.0,35.21107266435986,2272.0,50.556297285269245,-8.0,2024,-56.0,2023,,,
29361,奈良県 川西町,,city,9446.0,9422.0,8653.0,8167.0,8167.0,2020,-13.540122803302989,-13.319889620038206,7244.0,6197.0,5234.0,-35.91281988490266,2975.0,3204.0,7.697478991596629,2.5327715355805243,23.533083645443195,978.0,4360.0,2809.0,34.39451450961185,2327.0,44.459304547191444,-31.0,2024,-94.0,2023,,,
29362,奈良県 三宅町,,city,8560.0,8042.0,7440.0,6439.0,6439.0,2020,-24.778037383177566,-19.9328525242477,5440.0,4396.0,3479.0,-45.96987109799658,2627.0,2639.0,0.4567948229920127,2.4289503599848428,24.175824175824175,632.0,3475.0,2330.0,36.18574312781488,1630.0,46.85254383443518,-9.0,2024,-58.0,2023,,,
29363,奈良県 田原本町,,city,28172.0,32934.0,32121.0,31177.0,31177.0,2020,10.666619338350136,-5.33491224873991,28906.0,25562.0,22130.0,-29.01818648362575,10044.0,11879.0,18.26961369972122,2.571765300109437,22.95647781799815,3677.0,17273.0,9959.0,31.94341982871989,9601.0,43.38454586534117,-1.0,2024,-173.0,2023,,,
29385,奈良県 曽爾村,,city,3083.0,2472.0,1895.0,1295.0,1295.0,2020,-57.995458968537136,-47.61326860841424,913.0,610.0,378.0,-70.8108108108108,746.0,592.0,-20.643431635388744,2.143581081081081,33.9527027027027,85.0,542.0,668.0,51.58301158301158,250.0,66.13756613756614,1.0,2024,-24.0,2023,,,
29386,奈良県 御杖村,,city,3430.0,2623.0,2102.0,1479.0,1479.0,2020,-56.880466472303205,-43.61418223408311,1020.0,682.0,422.0,-71.46720757268425,890.0,700.0,-21.34831460674157,1.987142857142857,37.57142857142857,50.0,534.0,891.0,60.24340770791075,305.0,72.27488151658767,-10.0,2024,-47.0,2023,,,
29401,奈良県 高取町,,city,8909.0,8153.0,7657.0,6729.0,6729.0,2020,-24.469637445280057,-17.46596344903717,5693.0,4626.0,3624.0,-46.1435577351761,2307.0,2303.0,-0.1733853489380155,2.635258358662614,20.58184976118107,610.0,3304.0,2782.0,41.34343884678258,2058.0,56.788079470198674,-92.0,2024,-108.0,2023,,,
29402,奈良県 明日香村,,city,6987.0,6846.0,5856.0,5179.0,5179.0,2020,-25.876628023472158,-24.349985392930172,4524.0,3767.0,3016.0,-41.76481946321684,1834.0,1776.0,-3.1624863685932425,2.787725225225225,18.58108108108108,526.0,2517.0,2131.0,41.14693956362232,1540.0,51.06100795755968,-35.0,2024,-84.0,2023,,,
29424,奈良県 上牧町,,city,16452.0,24005.0,23728.0,21714.0,21714.0,2020,31.98395331874544,-9.543845032284937,19279.0,16484.0,13481.0,-37.91563046882196,7701.0,8534.0,10.816777041942615,2.406843215373799,24.4082493555191,2105.0,11826.0,7783.0,35.843234779404995,7627.0,56.57592166753208,4.0,2024,-250.0,2023,,,
29425,奈良県 王寺町,,city,17213.0,23782.0,22182.0,24043.0,24043.0,2020,39.67931214779527,1.0974686737869055,23506.0,22467.0,21298.0,-11.417044462005578,8383.0,10025.0,19.587259930812362,2.382543640897756,28.319201995012467,3507.0,13527.0,6735.0,28.012311275631163,7129.0,33.47262653770307,-63.0,2024,-110.0,2023,,,
29426,奈良県 広陵町,,city,18427.0,31444.0,33070.0,33810.0,33810.0,2020,83.4807619254355,7.52448797862868,32994.0,30960.0,28413.0,-15.962732919254663,9141.0,11913.0,30.324909747292427,2.8067657181230588,15.86502140518761,4980.0,19828.0,8849.0,26.17272996154984,10913.0,38.40847499384085,-22.0,2024,-174.0,2023,,,
29427,奈良県 河合町,,city,15793.0,20126.0,18531.0,17018.0,17018.0,2020,7.756601025770915,-15.442710921196468,14731.0,12126.0,9854.0,-42.096603596192274,6461.0,6771.0,4.798018882525934,2.431989366415596,23.512036626790724,1714.0,8648.0,6574.0,38.62968621459631,5099.0,51.745484067383806,4.0,2024,-187.0,2023,,,
29441,奈良県 吉野町,,city,15182.0,11318.0,8642.0,6229.0,6229.0,2020,-58.97115004610723,-44.96377451846616,4507.0,3078.0,1952.0,-68.66270669449351,3624.0,2656.0,-26.710816777041945,2.278237951807229,30.57228915662651,373.0,2620.0,3236.0,51.95055386097287,1408.0,72.1311475409836,-63.0,2024,-167.0,2023,,,
29442,奈良県 大淀町,,city,16510.0,20376.0,19176.0,16728.0,16728.0,2020,1.3204118715929747,-17.903415783274447,13941.0,11380.0,8888.0,-46.86752749880439,6316.0,6498.0,2.881570614312867,2.478454909202832,25.40781779008926,1641.0,9261.0,5784.0,34.576757532281206,5129.0,57.70702070207021,-139.0,2024,-248.0,2023,,,
29443,奈良県 下市町,,city,11460.0,8670.0,7020.0,5037.0,5037.0,2020,-56.04712041884816,-41.90311418685121,3678.0,2593.0,1737.0,-65.51518761167361,2771.0,2137.0,-22.8798267773367,2.316331305568554,32.19466541881142,325.0,2353.0,2359.0,46.83343259876911,1116.0,64.24870466321244,-86.0,2024,-87.0,2023,,,
29444,奈良県 黒滝村,,city,1788.0,1194.0,840.0,623.0,623.0,2020,-65.15659955257271,-47.82244556113903,430.0,288.0,183.0,-70.62600321027288,441.0,307.0,-30.38548752834467,2.029315960912052,39.08794788273616,43.0,236.0,344.0,55.21669341894061,121.0,66.12021857923497,-9.0,2024,-3.0,2023,,,
29446,奈良県 天川村,,city,3207.0,2104.0,1572.0,1176.0,1176.0,2020,-63.330215154349865,-44.106463878327,894.0,690.0,523.0,-55.52721088435374,848.0,561.0,-33.844339622641506,2.0962566844919786,35.650623885918,96.0,482.0,598.0,50.85034013605442,249.0,47.60994263862332,-6.0,2024,-26.0,2023,,,
29447,奈良県 野迫川村,,city,1121.0,783.0,524.0,357.0,357.0,2020,-68.15343443354148,-54.40613026819923,224.0,149.0,98.0,-72.54901960784314,384.0,203.0,-47.135416666666664,1.7438423645320198,54.679802955665025,12.0,164.0,180.0,50.42016806722689,53.0,54.08163265306123,-3.0,2024,-6.0,2023,,,
29449,奈良県 十津川村,,city,6627.0,4854.0,4107.0,3061.0,3061.0,2020,-53.81017051456164,-36.93860733415739,2412.0,1886.0,1490.0,-51.323097027115324,1907.0,1403.0,-26.42894598846356,1.9636493228795437,42.33784746970777,230.0,1526.0,1305.0,42.63312642927148,655.0,43.95973154362416,-34.0,2024,-79.0,2023,,,
29450,奈良県 下北山村,,city,1800.0,1292.0,1039.0,753.0,753.0,2020,-58.166666666666664,-41.71826625386997,589.0,451.0,337.0,-55.24568393094289,646.0,446.0,-30.959752321981426,1.6591928251121075,52.01793721973094,53.0,334.0,366.0,48.60557768924303,210.0,62.31454005934718,1.0,2024,-18.0,2023,,,
29451,奈良県 上北山村,,city,1155.0,915.0,683.0,444.0,444.0,2020,-61.55844155844156,-51.47540983606558,310.0,217.0,160.0,-63.96396396396396,412.0,265.0,-35.679611650485434,1.6754716981132076,53.20754716981132,15.0,199.0,230.0,51.80180180180181,81.0,50.625,-12.0,2024,-9.0,2023,,,
29452,奈良県 川上村,,city,4151.0,2558.0,1643.0,1156.0,1156.0,2020,-72.15128884606119,-54.80844409695074,821.0,587.0,435.0,-62.370242214532865,1186.0,625.0,-47.301854974704895,1.8496,46.239999999999995,69.0,444.0,642.0,55.536332179930795,225.0,51.724137931034484,-10.0,2024,-22.0,2023,,,
29453,奈良県 東吉野村,,city,4916.0,2909.0,2143.0,1502.0,1502.0,2020,-69.446704637917,-48.36713647301478,1040.0,685.0,441.0,-70.63914780292943,1084.0,760.0,-29.889298892988926,1.9355263157894738,41.05263157894737,78.0,548.0,875.0,58.25565912117177,288.0,65.3061224489796,-3.0,2024,-37.0,2023,,,
30201,和歌山県 和歌山市,,city,400802.0,386551.0,370364.0,356729.0,356729.0,2020,-10.99620261375941,-7.714894024333141,333854.0,307046.0,280227.0,-21.445410942199818,143381.0,157310.0,9.714676282073631,2.2081240861992244,34.953912656538044,42340.0,201722.0,109950.0,30.82171620473805,108419.0,38.68970513191092,-703.0,2024,-3003.0,2023,,,
30202,和歌山県 海南市,,city,69942.0,60373.0,54783.0,48369.0,48369.0,2020,-30.8441279917646,-19.883060308416013,41022.0,34160.0,28027.0,-42.05586222580578,20625.0,20039.0,-2.841212121212122,2.3583512151304955,29.203054044613,4867.0,25370.0,17720.0,36.63503483636214,13623.0,48.60670068148571,-42.0,2024,-605.0,2023,,,
30203,和歌山県 橋本市,,city,52616.0,70469.0,66361.0,60818.0,60818.0,2020,15.58841417059449,-13.695383785778148,53387.0,45468.0,37636.0,-38.11700483409517,22111.0,23975.0,8.430193116548335,2.4649843587069866,25.338894681960376,6957.0,33405.0,20116.0,33.07573415765069,18025.0,47.89297481135083,-128.0,2024,-630.0,2023,,,
30204,和歌山県 有田市,,city,35683.0,33661.0,30592.0,26538.0,26538.0,2020,-25.628450522657854,-21.16098749294436,22437.0,18356.0,14597.0,-44.995855000376814,10544.0,10250.0,-2.788315629742033,2.5334634146341464,25.609756097560975,2769.0,14289.0,9270.0,34.93104227899615,7363.0,50.44187161745565,-162.0,2024,-282.0,2023,,,
30205,和歌山県 御坊市,,city,30398.0,28034.0,26111.0,23481.0,23481.0,2020,-22.75478649911178,-16.240993079831632,20516.0,17707.0,14966.0,-36.26336186704143,9807.0,10076.0,2.742938717242782,2.236899563318777,36.0559745930925,2496.0,13155.0,7333.0,31.229504705932452,6938.0,46.358412401443275,-227.0,2024,-236.0,2023,,,
30206,和歌山県 田辺市,,city,88130.0,85646.0,79119.0,69870.0,69870.0,2020,-20.71939180755702,-18.42000793965859,59951.0,50906.0,42309.0,-39.4461142121082,32379.0,31114.0,-3.9068532073257334,2.1816224207752137,35.43099569325705,7944.0,37608.0,23429.0,33.532274223558034,20644.0,48.793400931243944,-330.0,2024,-850.0,2023,,,
30207,和歌山県 新宮市,,city,42428.0,35176.0,31498.0,27171.0,27171.0,2020,-35.9597435655699,-22.756993404594038,23065.0,19074.0,15423.0,-43.23727503588385,14598.0,13075.0,-10.432936018632688,2.001223709369025,40.40535372848949,2869.0,13339.0,10111.0,37.21246917669574,7729.0,50.11346690008429,-111.0,2024,-378.0,2023,,,
30208,和歌山県 紀の川市,,city,62218.0,70067.0,65840.0,58816.0,58816.0,2020,-5.467871034105887,-16.057487833074056,51839.0,44216.0,36636.0,-37.71082698585418,21890.0,23316.0,6.514390132480585,2.4773117172756907,25.677646251501113,6553.0,32440.0,19449.0,33.067532644178456,17402.0,47.499727044437165,-69.0,2024,-593.0,2023,,,
30209,和歌山県 岩出市,,city,24125.0,48156.0,52882.0,53967.0,53967.0,2020,123.69740932642488,12.067032145527046,52603.0,49648.0,45396.0,-15.881927844794042,16178.0,21965.0,35.770799851650395,2.399317095379012,28.317778283633054,7295.0,32952.0,12849.0,23.80899438545778,18410.0,40.55423385320292,34.0,2024,-224.0,2023,,,
30304,和歌山県 紀美野町,,city,15625.0,12387.0,10391.0,8256.0,8256.0,2020,-47.16160000000001,-33.34947929280697,6355.0,4723.0,3368.0,-59.20542635658914,4213.0,3465.0,-17.75456919060052,2.2551226551226553,29.956709956709958,585.0,3662.0,4009.0,48.55862403100775,2132.0,63.30166270783848,-58.0,2024,-182.0,2023,,,
30341,和歌山県 かつらぎ町,,city,24496.0,20945.0,18230.0,15967.0,15967.0,2020,-34.817929457870676,-23.767008832656956,13331.0,10776.0,8534.0,-46.55226404459197,6622.0,6210.0,-6.221685291452738,2.4806763285024154,27.326892109500804,1643.0,7867.0,6425.0,40.23924343959416,4257.0,49.88282165455824,-64.0,2024,-239.0,2023,,,
30343,和歌山県 九度山町,,city,7693.0,6073.0,4963.0,3856.0,3856.0,2020,-49.87651111399975,-36.50584554585872,2922.0,2128.0,1487.0,-61.43672199170125,1893.0,1524.0,-19.492868462757528,2.4376640419947506,27.165354330708663,286.0,1773.0,1792.0,46.47302904564315,913.0,61.398789509078675,-30.0,2024,-84.0,2023,,,
30344,和歌山県 高野町,,city,7236.0,5355.0,3975.0,2970.0,2970.0,2020,-58.95522388059702,-44.53781512605042,2362.0,1844.0,1453.0,-51.07744107744108,2177.0,1402.0,-35.59944878272853,2.0042796005706136,47.43223965763195,227.0,1502.0,1220.0,41.07744107744108,645.0,44.39091534755678,-34.0,2024,-43.0,2023,,,
30361,和歌山県 湯浅町,,city,17037.0,15410.0,13210.0,11122.0,11122.0,2020,-34.718553735986376,-27.826086956521735,8973.0,6972.0,5242.0,-52.86818917460888,5138.0,4591.0,-10.646165823277542,2.3561315617512526,30.908298845567415,1185.0,5766.0,4089.0,36.76497032907751,3085.0,58.851583365127816,-50.0,2024,-156.0,2023,,,
30362,和歌山県 広川町,,city,9178.0,8361.0,7714.0,6781.0,6781.0,2020,-26.11680104597952,-18.89726109317067,5839.0,4876.0,3941.0,-41.88172835864916,2499.0,2476.0,-0.9203681472588987,2.653069466882068,24.474959612277868,818.0,3521.0,2413.0,35.58472201740157,1978.0,50.19030702867292,-38.0,2024,-94.0,2023,,,
30366,和歌山県 有田川町,,city,30944.0,29563.0,27162.0,25258.0,25258.0,2020,-18.37512926577043,-14.562121570882525,22715.0,20174.0,17649.0,-30.1251088763956,9059.0,9480.0,4.647312065349385,2.586181434599156,23.9873417721519,3273.0,13621.0,8325.0,32.95985430358698,7448.0,42.200691257295034,-156.0,2024,-230.0,2023,,,
30381,和歌山県 美浜町,,city,8832.0,8802.0,8077.0,6867.0,6867.0,2020,-22.248641304347828,-21.983640081799592,5956.0,4994.0,4051.0,-41.00771807193826,3117.0,2852.0,-8.501764517163934,2.238078541374474,31.977559607293127,690.0,3590.0,2566.0,37.367118101063056,2069.0,51.07380893606517,-46.0,2024,-121.0,2023,,,
30382,和歌山県 日高町,,city,6973.0,7148.0,7432.0,7673.0,7673.0,2020,10.038720780152023,7.344711807498605,7515.0,7260.0,6881.0,-10.321907989052526,2317.0,2892.0,24.816573154941747,2.5964730290456433,22.268326417704014,1197.0,4135.0,2317.0,30.196793952821583,2584.0,37.55268129632321,32.0,2024,-47.0,2023,,,
30383,和歌山県 由良町,,city,9468.0,7625.0,6508.0,5364.0,5364.0,2020,-43.34600760456274,-29.65245901639344,4323.0,3399.0,2567.0,-52.143922445935864,2555.0,2248.0,-12.01565557729941,2.2597864768683276,33.80782918149466,500.0,2724.0,2088.0,38.92617449664429,1416.0,55.161667315932995,-66.0,2024,-74.0,2023,,,
30390,和歌山県 印南町,,city,10767.0,9769.0,8606.0,7720.0,7720.0,2020,-28.29943345407263,-20.974511208926195,6699.0,5714.0,4793.0,-37.91450777202072,2973.0,2990.0,0.5718129835183383,2.551839464882943,25.217391304347824,942.0,3910.0,2855.0,36.98186528497409,2221.0,46.33841018151471,-34.0,2024,-99.0,2023,,,
30391,和歌山県 みなべ町,,city,15390.0,14734.0,13470.0,11818.0,11818.0,2020,-23.209876543209873,-19.79095968508212,10161.0,8571.0,7009.0,-40.69216449483838,4273.0,4268.0,-0.11701380762929592,2.7209465791940017,24.273664479850048,1427.0,6413.0,3929.0,33.24589609070909,3431.0,48.951348266514486,-77.0,2024,-151.0,2023,,,
30392,和歌山県 日高川町,,city,12274.0,11607.0,10509.0,9219.0,9219.0,2020,-24.890011406224545,-20.573791677436027,7824.0,6591.0,5413.0,-41.284304154463605,3807.0,3585.0,-5.831363278171786,2.442956764295676,27.921896792189678,1093.0,4737.0,3388.0,36.75018982536067,2659.0,49.12248291150933,-74.0,2024,-122.0,2023,,,
30401,和歌山県 白浜町,,city,26002.0,24563.0,22696.0,20262.0,20262.0,2020,-22.07522498269364,-17.510076130765782,17827.0,15319.0,12807.0,-36.793011548711874,9823.0,9346.0,-4.855950320675961,2.056387759469292,39.535630216135246,1940.0,10121.0,8017.0,39.56667653736058,6685.0,52.19801670961193,-176.0,2024,-323.0,2023,,,
30404,和歌山県 上富田町,,city,11835.0,14501.0,14807.0,15236.0,15236.0,2020,28.736797634136035,5.068615957520173,14869.0,13862.0,12595.0,-17.333945917563664,4977.0,6349.0,27.566807313642762,2.327610647346039,29.68971491573476,2148.0,8838.0,4112.0,26.98871094775532,5193.0,41.230647082175466,65.0,2024,-125.0,2023,,,
30406,和歌山県 すさみ町,,city,7299.0,5952.0,4730.0,3685.0,3685.0,2020,-49.513632004384164,-38.0880376344086,2863.0,2183.0,1620.0,-56.03799185888738,2335.0,1786.0,-23.511777301927197,1.9848824188129899,40.985442329227325,301.0,1568.0,1795.0,48.71099050203528,936.0,57.77777777777777,-59.0,2024,-64.0,2023,,,
30421,和歌山県 那智勝浦町,,city,23006.0,19417.0,17080.0,14137.0,14137.0,2020,-38.55081283143528,-27.192666220322405,11409.0,8964.0,6910.0,-51.121171394213775,8162.0,6775.0,-16.993383974516053,2.0335055350553506,37.830258302583026,1351.0,6556.0,6200.0,43.856546650633085,3861.0,55.87554269175109,-86.0,2024,-206.0,2023,,,
30422,和歌山県 太地町,,city,4539.0,3777.0,3250.0,2791.0,2791.0,2020,-38.51068517294558,-26.10537463595446,2417.0,2012.0,1601.0,-42.63704765317091,1495.0,1310.0,-12.374581939799334,2.0053435114503815,38.16793893129771,202.0,1335.0,1251.0,44.82264421354353,957.0,59.775140537164276,43.0,2024,-74.0,2023,,,
30424,和歌山県 古座川町,,city,5030.0,3726.0,3103.0,2480.0,2480.0,2020,-50.69582504970178,-33.44068706387547,1926.0,1475.0,1112.0,-55.16129032258065,1647.0,1244.0,-24.46873102610807,1.8842443729903537,41.47909967845659,184.0,926.0,1370.0,55.24193548387096,700.0,62.94964028776978,-13.0,2024,-73.0,2023,,,
30427,和歌山県 北山村,,city,790.0,635.0,486.0,404.0,404.0,2020,-48.86075949367089,-36.377952755905504,300.0,226.0,181.0,-55.1980198019802,315.0,222.0,-29.52380952380952,1.7612612612612613,50.0,40.0,182.0,182.0,45.04950495049505,82.0,45.30386740331492,-2.0,2024,-8.0,2023,,,
30428,和歌山県 串本町,,city,26256.0,21429.0,18249.0,14959.0,14959.0,2020,-43.02635588056063,-30.192729478743765,11954.0,9382.0,7188.0,-51.94865966976402,8843.0,7354.0,-16.838177089223116,1.9571661680717976,40.80772368778896,1238.0,6677.0,6930.0,46.326626111371084,3934.0,54.73010573177518,-136.0,2024,-318.0,2023,,,
31201,鳥取県 鳥取市,,city,184601.0,200744.0,197449.0,188465.0,188465.0,2020,2.0931630922909505,-6.116745705973781,173354.0,158567.0,142787.0,-24.236860955615104,67382.0,76800.0,13.977026505594958,2.378059895833333,35.13411458333333,23684.0,106218.0,54990.0,29.177831427586025,55991.0,39.21295356019805,-769.0,2024,-1417.0,2023,,,
31202,鳥取県 米子市,,city,136053.0,147837.0,148271.0,147317.0,147317.0,2020,8.279126516872104,-0.35173873928718846,139896.0,132430.0,123921.0,-15.881398616588715,52253.0,61991.0,18.636250550207635,2.3053023826039265,35.98264264167379,19171.0,82094.0,42337.0,28.738706327172014,46484.0,37.51099490804626,-419.0,2024,-850.0,2023,,,
31203,鳥取県 倉吉市,,city,57252.0,54027.0,50720.0,46485.0,46485.0,2020,-18.806329909872144,-13.959686823255035,41075.0,36573.0,32042.0,-31.0702377110896,17750.0,18214.0,2.614084507042258,2.414735917426156,32.39815526518063,5723.0,24287.0,16034.0,34.492847154996234,13920.0,43.44298108732289,-149.0,2024,-502.0,2023,,,
31204,鳥取県 境港市,,city,37278.0,36843.0,35259.0,32740.0,32740.0,2020,-12.173399860507539,-11.136443829221287,29642.0,26308.0,22961.0,-29.86866218692731,12463.0,13084.0,4.9827489368530875,2.409049220421889,29.723326199938853,3912.0,17948.0,10736.0,32.791692119731216,9781.0,42.59831888855015,45.0,2024,-339.0,2023,,,
31302,鳥取県 岩美町,,city,15969.0,14015.0,12362.0,10799.0,10799.0,2020,-32.37522700231699,-22.94684266856939,9224.0,7672.0,6168.0,-42.8836003333642,3988.0,3912.0,-1.905717151454367,2.6830265848670756,23.67075664621677,1143.0,5598.0,4053.0,37.53125289378646,3053.0,49.49740596627756,-10.0,2024,-124.0,2023,,,
31325,鳥取県 若桜町,,city,6633.0,4998.0,3873.0,2864.0,2864.0,2020,-56.821950851801596,-42.69707883153261,2151.0,1563.0,1092.0,-61.87150837988826,1543.0,1180.0,-23.52559948152949,2.3627118644067795,31.271186440677965,191.0,1279.0,1393.0,48.63826815642458,691.0,63.27838827838828,-25.0,2024,-57.0,2023,,,
31328,鳥取県 智頭町,,city,11504.0,9383.0,7718.0,6427.0,6427.0,2020,-44.132475660639784,-31.503783438132793,5087.0,3966.0,2977.0,-53.67978839271822,2730.0,2395.0,-12.271062271062272,2.612526096033403,27.640918580375782,621.0,3005.0,2801.0,43.58176443130543,1599.0,53.7117903930131,-38.0,2024,-135.0,2023,,,
31329,鳥取県 八頭町,,city,21303.0,20245.0,18427.0,15937.0,15937.0,2020,-25.18894052480871,-21.279328229192394,13581.0,11299.0,9086.0,-42.98801531028425,5349.0,5315.0,-0.6356328285660906,2.930950141110066,18.739416745061146,1853.0,8289.0,5792.0,36.343100960030114,4470.0,49.19656614571869,-70.0,2024,-225.0,2023,,,
31364,鳥取県 三朝町,,city,8771.0,7921.0,7015.0,6060.0,6060.0,2020,-30.90867631968989,-23.494508269157933,5044.0,4207.0,3450.0,-43.069306930693074,2545.0,2222.0,-12.691552062868372,2.6557155715571557,27.04770477047705,676.0,2962.0,2408.0,39.73597359735974,1675.0,48.55072463768116,-35.0,2024,-116.0,2023,,,
31370,鳥取県 湯梨浜町,,city,17488.0,17381.0,17029.0,16055.0,16055.0,2020,-8.194190301921322,-7.62902019446522,14870.0,13625.0,12290.0,-23.45063843039552,5055.0,5659.0,11.948565776458953,2.7543735642339637,22.954585615833185,2264.0,8602.0,5139.0,32.00872002491435,5029.0,40.91944670463792,21.0,2024,-164.0,2023,,,
31371,鳥取県 琴浦町,,city,22150.0,20442.0,18531.0,16365.0,16365.0,2020,-26.117381489841986,-19.944232462577048,13931.0,11866.0,10000.0,-38.89398105713413,6024.0,5751.0,-4.531872509960156,2.7725612936880544,23.89149713093375,1979.0,8356.0,6028.0,36.83470821875955,4610.0,46.1,-209.0,2024,-242.0,2023,,,
31372,鳥取県 北栄町,,city,15772.0,16915.0,15442.0,14228.0,14228.0,2020,-9.789500380421002,-15.885308897428319,12603.0,10876.0,9189.0,-35.41608096710711,4749.0,4975.0,4.758896609812591,2.8036180904522614,21.42713567839196,1793.0,7352.0,5060.0,35.5636772561147,4245.0,46.196539340515834,-33.0,2024,-124.0,2023,,,
31384,鳥取県 日吉津村,,city,2552.0,2971.0,3339.0,3501.0,3501.0,2020,37.18652037617556,17.83911141029957,3541.0,3508.0,3368.0,-3.798914595829761,836.0,1240.0,48.325358851674636,2.768548387096774,24.193548387096776,507.0,1979.0,986.0,28.163381890888317,1137.0,33.75890736342043,8.0,2024,-17.0,2023,,,
31386,鳥取県 大山町,,city,22356.0,19561.0,17491.0,15370.0,15370.0,2020,-31.248881731973523,-21.425285005879047,12869.0,10699.0,8767.0,-42.96031229668185,5456.0,5225.0,-4.233870967741938,2.837129186602871,21.971291866028707,1684.0,7491.0,6195.0,40.30579050097593,4452.0,50.78133911258127,-32.0,2024,-247.0,2023,,,
31389,鳥取県 南部町,,city,12472.0,12210.0,11536.0,10323.0,10323.0,2020,-17.230596536241183,-15.454545454545453,8945.0,7612.0,6378.0,-38.21563498982854,3373.0,3531.0,4.6842573376815855,2.83743981874823,21.94845652789578,1179.0,5261.0,3879.0,37.57628596338274,2972.0,46.597679523361556,-13.0,2024,-112.0,2023,,,
31390,鳥取県 伯耆町,,city,12071.0,12663.0,11621.0,10696.0,10696.0,2020,-11.390936956341646,-15.533443891652842,9314.0,8066.0,6883.0,-35.64884068810771,3557.0,3637.0,2.2490863086870982,2.8083585372559803,20.813857574924388,1282.0,5148.0,4243.0,39.669035153328345,3128.0,45.44530001452855,-23.0,2024,-110.0,2023,,,
31401,鳥取県 日南町,,city,8889.0,6696.0,5460.0,4196.0,4196.0,2020,-52.79559005512431,-37.335722819593784,3177.0,2396.0,1765.0,-57.93612964728312,2253.0,1785.0,-20.772303595206388,2.279551820728291,35.07002801120448,296.0,1708.0,2190.0,52.19256434699714,1011.0,57.28045325779036,-36.0,2024,-96.0,2023,,,
31402,鳥取県 日野町,,city,6092.0,4516.0,3745.0,2907.0,2907.0,2020,-52.28168089297439,-35.62887511071745,2240.0,1692.0,1227.0,-57.791537667698655,1551.0,1204.0,-22.37266279819471,2.2799003322259135,35.04983388704319,183.0,1253.0,1471.0,50.60199518403853,710.0,57.86471067644662,-43.0,2024,-79.0,2023,,,
31403,鳥取県 江府町,,city,5015.0,3921.0,3379.0,2672.0,2672.0,2020,-46.719840478564315,-31.854118847232847,2047.0,1572.0,1177.0,-55.95059880239521,1131.0,949.0,-16.09195402298851,2.6807165437302425,25.395152792413068,189.0,1172.0,1311.0,49.06437125748503,711.0,60.40781648258283,0.0,2024,-71.0,2023,,,
32201,島根県 松江市,,city,194173.0,211564.0,208613.0,203616.0,203616.0,2020,4.863189011860558,-3.7567828174925766,193667.0,181933.0,168911.0,-17.044338362407675,75614.0,85329.0,12.8481498135266,2.296745537859344,36.82452624547341,25931.0,113547.0,59498.0,29.220689926135467,61903.0,36.6482940720261,-452.0,2024,-1384.0,2023,,,
32202,島根県 浜田市,,city,72130.0,65463.0,61713.0,54592.0,54592.0,2020,-24.314432275058916,-16.606327238287278,47244.0,41563.0,36252.0,-33.594665885111375,24610.0,23821.0,-3.2060138155221463,2.143612778640695,39.29725872129634,5940.0,28524.0,19445.0,35.61877198124267,14705.0,40.563279267350765,-468.0,2024,-662.0,2023,,,
32203,島根県 出雲市,,city,166280.0,173776.0,171485.0,172775.0,172775.0,2020,3.906062063988447,-0.5760289107817007,166781.0,159477.0,150468.0,-12.911011431051945,52548.0,64211.0,22.194945573570823,2.61751101836134,29.29404619146252,23315.0,95332.0,51944.0,30.06453479959485,53912.0,35.82954515245766,378.0,2024,-1156.0,2023,,,
32204,島根県 益田市,,city,59040.0,54622.0,50015.0,45003.0,45003.0,2020,-23.775406504065046,-17.610120464281785,39285.0,33848.0,28780.0,-36.048707863920185,19374.0,18805.0,-2.936925776814292,2.297686785429407,32.62430204732784,5284.0,21988.0,17017.0,37.81303468657645,12847.0,44.638637943015986,-179.0,2024,-549.0,2023,,,
32205,島根県 大田市,,city,49570.0,42573.0,37996.0,32846.0,32846.0,2020,-33.7381480734315,-22.8478143424236,27977.0,23565.0,19642.0,-40.199719905011264,14945.0,13296.0,-11.033790565406488,2.3831979542719615,30.49037304452467,3655.0,15778.0,13264.0,40.38239054983864,9187.0,46.77222278790347,-264.0,2024,-481.0,2023,,,
32206,島根県 安来市,,city,49321.0,45255.0,41836.0,37062.0,37062.0,2020,-24.85553820887655,-18.104076897580377,31364.0,26592.0,22209.0,-40.076088716205284,12761.0,12798.0,0.289945929002422,2.8035630567276137,23.72245663384904,4277.0,18817.0,13835.0,37.329340024823274,10536.0,47.440226935026345,-246.0,2024,-408.0,2023,,,
32207,島根県 江津市,,city,32785.0,29377.0,25697.0,22959.0,22959.0,2020,-29.971023333841696,-21.847023181400417,19369.0,16399.0,13714.0,-40.26743325057711,10947.0,9894.0,-9.619073718827076,2.1969880735799476,35.38508186779867,2403.0,11467.0,9008.0,39.23515832571105,6581.0,47.98745807204317,-213.0,2024,-339.0,2023,,,
32209,島根県 雲南市,,city,51477.0,46323.0,41917.0,36007.0,36007.0,2020,-30.052256347495,-22.26971482848693,29707.0,24573.0,20016.0,-44.41080900935928,12903.0,12391.0,-3.968069441215216,2.8263255588733758,22.677749979824068,4041.0,17487.0,14422.0,40.05332296497903,10106.0,50.48960831334932,-203.0,2024,-576.0,2023,,,
32343,島根県 奥出雲町,,city,19057.0,16689.0,14456.0,11849.0,11849.0,2020,-37.823371989295275,-29.001138474444243,9443.0,7445.0,5735.0,-51.59929107941599,4859.0,4341.0,-10.660629759209716,2.630960608154803,28.6109191430546,1160.0,5341.0,5130.0,43.29479280951979,3068.0,53.49607672188318,-62.0,2024,-226.0,2023,,,
32386,島根県 飯南町,,city,7771.0,6541.0,5534.0,4577.0,4577.0,2020,-41.101531334448595,-30.025989909799723,3791.0,3149.0,2576.0,-43.71859296482412,2037.0,1754.0,-13.89297987236131,2.4401368301026225,30.159635119726342,463.0,1998.0,2114.0,46.187459034301945,1218.0,47.28260869565217,-44.0,2024,-72.0,2023,,,
32441,島根県 川本町,,city,6303.0,4784.0,3900.0,3248.0,3248.0,2020,-48.468983023956845,-32.10702341137124,2667.0,2242.0,1927.0,-40.67118226600985,1918.0,1396.0,-27.21584984358707,2.121060171919771,38.46704871060172,320.0,1477.0,1433.0,44.11945812807882,763.0,39.59522573949143,-15.0,2024,-54.0,2023,,,
32448,島根県 美郷町,,city,8838.0,6624.0,5351.0,4355.0,4355.0,2020,-50.72414573432904,-34.2542270531401,3430.0,2780.0,2253.0,-48.266360505166475,2528.0,1835.0,-27.4129746835443,2.2632152588555856,34.49591280653951,498.0,1772.0,2084.0,47.853042479908154,1119.0,49.66711051930759,-14.0,2024,-89.0,2023,,,
32449,島根県 邑南町,,city,15734.0,13866.0,11959.0,10163.0,10163.0,2020,-35.40739799161052,-26.70561084667532,8479.0,7185.0,6043.0,-40.53921086293417,4731.0,3958.0,-16.339040372014367,2.3380495199595757,31.480545730166753,1084.0,4478.0,4582.0,45.08511266358359,2953.0,48.86645705775277,-50.0,2024,-203.0,2023,,,
32501,島根県 津和野町,,city,13423.0,10628.0,8427.0,6875.0,6875.0,2020,-48.78194144379051,-35.312382386149785,5396.0,4188.0,3217.0,-53.20727272727272,3799.0,3084.0,-18.82074230060542,2.1679636835278857,36.54345006485084,593.0,2944.0,3337.0,48.53818181818182,1619.0,50.32639104755984,-66.0,2024,-157.0,2023,,,
32505,島根県 吉賀町,,city,9415.0,8179.0,6810.0,6077.0,6077.0,2020,-35.454062665958574,-25.699963320699347,5280.0,4545.0,3891.0,-35.971696560803025,2909.0,2822.0,-2.990718459951869,2.0177179305457122,41.35364989369242,573.0,2745.0,2720.0,44.75892710218858,1734.0,44.56437933693138,-39.0,2024,-102.0,2023,,,
32525,島根県 海士町,,city,3537.0,2672.0,2374.0,2267.0,2267.0,2020,-35.906135142776364,-15.15718562874252,1972.0,1766.0,1605.0,-29.201588001764446,1088.0,1060.0,-2.573529411764708,1.9990566037735849,42.924528301886795,244.0,1118.0,905.0,39.920599911777686,556.0,34.64174454828661,16.0,2024,-21.0,2023,,,
32526,島根県 西ノ島町,,city,4830.0,3804.0,3136.0,2788.0,2788.0,2020,-42.27743271221532,-26.708727655099896,2371.0,2025.0,1740.0,-37.5896700143472,1632.0,1409.0,-13.664215686274506,1.8963804116394607,44.78353442157559,253.0,1246.0,1289.0,46.233859397417504,721.0,41.4367816091954,-3.0,2024,-47.0,2023,,,
32527,島根県 知夫村,,city,1068.0,718.0,657.0,634.0,634.0,2020,-40.63670411985019,-11.6991643454039,547.0,492.0,462.0,-27.129337539432175,370.0,340.0,-8.108108108108103,1.7882352941176471,52.94117647058824,69.0,281.0,284.0,44.79495268138801,186.0,40.25974025974026,-7.0,2024,0.0,2023,,,
32528,島根県 隠岐の島町,,city,20043.0,18045.0,15521.0,13433.0,13433.0,2020,-32.979094945866386,-25.55832640620671,11303.0,9318.0,7553.0,-43.77279833246482,6935.0,5918.0,-14.664744051910594,2.1544440689422104,36.49881716796215,1538.0,6316.0,5570.0,41.46504876051515,3655.0,48.39136766847611,-79.0,2024,-176.0,2023,,,
33100,岡山県 岡山市,,city,590424.0,674375.0,709584.0,724691.0,724691.0,2020,22.740776120211926,7.461130676552363,708576.0,680702.0,643367.0,-11.22188629360652,258878.0,326986.0,26.308917714135617,2.1611659214767607,41.082492828439136,92756.0,424785.0,185732.0,25.62913020859925,222918.0,34.64865310157344,-2021.0,2024,-3174.0,2023,,,
33101,岡山県 岡山市 北区,,city,,,302685.0,314523.0,314523.0,2020,,,312946.0,303389.0,288681.0,-8.21625127574136,,154998.0,,1.9726835184970128,49.82644937354031,38193.0,187763.0,74229.0,23.60049980446581,94443.0,32.71535016159706,-1035.0,2024,-1093.0,2023,,,
33102,岡山県 岡山市 中区,,city,,,142237.0,149232.0,149232.0,2020,,,148406.0,144256.0,137611.0,-7.787203816875731,,65426.0,,2.2332100388224863,37.04032036193562,21064.0,87075.0,38220.0,25.611128980379544,47764.0,34.709434565550715,-246.0,2024,-579.0,2023,,,
33103,岡山県 岡山市 東区,,city,,,96948.0,93108.0,93108.0,2020,,,87274.0,80368.0,73106.0,-21.482579370193754,,37392.0,,2.4182178005990584,29.348523748395376,10893.0,52132.0,28622.0,30.740645272157064,29231.0,39.98440620468908,-328.0,2024,-785.0,2023,,,
33104,岡山県 岡山市 南区,,city,,,167714.0,167828.0,167828.0,2020,,,159950.0,152689.0,143969.0,-14.216340539123385,,69170.0,,2.3764204134740496,31.655341911233194,22606.0,97815.0,44661.0,26.611173344138045,51480.0,35.757697837728955,-412.0,2024,-717.0,2023,,,
33202,岡山県 倉敷市,,city,432171.0,460869.0,475513.0,474592.0,474592.0,2020,9.81579050884951,2.9776357272891074,459581.0,436212.0,409836.0,-13.644562065942957,161016.0,198749.0,23.434317086500723,2.3322784014007616,34.467594805508455,58486.0,249921.0,125532.0,26.450509068842287,147963.0,36.10297777647644,-679.0,2024,-2394.0,2023,,,
33203,岡山県 津山市,,city,106684.0,111499.0,106788.0,99937.0,99937.0,2020,-6.324284803719394,-10.369599727351819,89772.0,80366.0,70662.0,-29.293454876572245,38872.0,41075.0,5.667318378267128,2.3327084601339014,34.524650030432134,12449.0,55234.0,30544.0,30.56325485055585,29668.0,41.98579151453398,-425.0,2024,-812.0,2023,,,
33204,岡山県 玉野市,,city,77803.0,69567.0,64588.0,56531.0,56531.0,2020,-27.340848039278686,-18.738769819023382,47362.0,39215.0,32112.0,-43.195768693283334,24644.0,24020.0,-2.532056484336953,2.286219816819317,31.353039134054956,5608.0,28734.0,21774.0,38.51691992004387,15028.0,46.79870453413054,-184.0,2024,-731.0,2023,,,
33205,岡山県 笠岡市,,city,61917.0,59300.0,54225.0,46088.0,46088.0,2020,-25.564869098955057,-22.27993254637437,38729.0,31762.0,25357.0,-44.981340045131056,19786.0,18406.0,-6.974628525219851,2.3886232750190155,29.9521895034228,4419.0,23004.0,17064.0,37.02482207950008,12988.0,51.22057025673384,-129.0,2024,-610.0,2023,,,
33207,岡山県 井原市,,city,51669.0,46489.0,43927.0,38384.0,38384.0,2020,-25.71174205035902,-17.434231753748197,33205.0,28246.0,23584.0,-38.557732388495204,14632.0,14694.0,0.4237288135593209,2.544371852456785,26.800054443990746,3880.0,20028.0,14355.0,37.39839516465194,11156.0,47.303256445047495,-217.0,2024,-542.0,2023,,,
33208,岡山県 総社市,,city,56865.0,66201.0,66201.0,69030.0,69030.0,2020,21.39277235557899,4.273349345176047,67729.0,65056.0,61585.0,-10.785165869911628,21626.0,27066.0,25.15490613150837,2.5066134633857975,30.25567132195374,9589.0,39165.0,19408.0,28.11531218310879,21334.0,34.64155232605342,75.0,2024,-376.0,2023,,,
33209,岡山県 高梁市,,city,47013.0,41077.0,34963.0,29072.0,29072.0,2020,-38.16178503818093,-29.22560070112228,22377.0,17937.0,14031.0,-51.73706659328563,15333.0,12838.0,-16.272092871584164,2.1554759308303475,41.61084281040661,2546.0,14264.0,11904.0,40.946615299944966,7267.0,51.79245955384506,-333.0,2024,-472.0,2023,,,
33210,岡山県 新見市,,city,44882.0,38492.0,33870.0,28079.0,28079.0,2020,-37.43817120449178,-27.05237451938065,22850.0,18488.0,14693.0,-47.67263791445564,12645.0,11287.0,-10.739422696718071,2.3946132719057323,33.00256932754496,2676.0,13644.0,11606.0,41.33338081840521,7222.0,49.15265772816988,-277.0,2024,-463.0,2023,,,
33211,岡山県 備前市,,city,49306.0,42534.0,37839.0,32320.0,32320.0,2020,-34.450168336510764,-24.01373019231674,26316.0,21085.0,16553.0,-48.78403465346535,14455.0,13444.0,-6.994119681771016,2.3330853912526033,31.374590895566794,2961.0,16406.0,12732.0,39.39356435643565,8843.0,53.42234036126382,-223.0,2024,-495.0,2023,,,
33212,岡山県 瀬戸内市,,city,37939.0,39403.0,37852.0,36048.0,36048.0,2020,-4.984316929808374,-8.5145801081136,33200.0,29991.0,26719.0,-25.87938304482912,12482.0,14030.0,12.401858676494149,2.495153243050606,26.165359942979332,4071.0,19264.0,12422.0,34.45960940967599,11536.0,43.175268535499086,-126.0,2024,-356.0,2023,,,
33213,岡山県 赤磐市,,city,37007.0,43813.0,43458.0,42661.0,42661.0,2020,15.278190612586817,-2.629356583662379,40250.0,37265.0,34386.0,-19.39710742833033,13854.0,16406.0,18.42067272989749,2.543337803242716,23.192734365476046,5745.0,22267.0,14377.0,33.70056960690091,13578.0,39.48700052346885,-93.0,2024,-410.0,2023,,,
33214,岡山県 真庭市,,city,60586.0,54747.0,48964.0,42725.0,42725.0,2020,-29.480408015052983,-21.95919411109285,35658.0,29821.0,24564.0,-42.506729081334115,16865.0,15781.0,-6.427512600059293,2.6104175907737153,26.728344211393445,4863.0,20687.0,17061.0,39.932124049151554,12071.0,49.14101937795147,-256.0,2024,-646.0,2023,,,
33215,岡山県 美作市,,city,38430.0,34577.0,30498.0,25939.0,25939.0,2020,-32.50325266718709,-24.98192440061312,21839.0,18234.0,14927.0,-42.45344847526889,11743.0,10761.0,-8.36242868091629,2.3344484713316604,33.240405166806056,2612.0,12356.0,10800.0,41.636146343344,7325.0,49.07215113552623,-189.0,2024,-470.0,2023,,,
33216,岡山県 浅口市,,city,39360.0,37724.0,36114.0,32772.0,32772.0,2020,-16.737804878048777,-13.126921853461992,29199.0,25404.0,21953.0,-33.0129378737947,11792.0,12591.0,6.775780189959302,2.5590501151616234,24.09657692002224,3589.0,17005.0,12047.0,36.76003905773221,9737.0,44.35384685464401,-59.0,2024,-388.0,2023,,,
33346,岡山県 和気町,,city,19088.0,16815.0,15362.0,13623.0,13623.0,2020,-28.63055322715843,-18.983050847457626,11794.0,9991.0,8338.0,-38.79468545841591,5437.0,5270.0,-3.0715468089019704,2.4311195445920304,28.29222011385199,1266.0,6727.0,5598.0,41.092270425016515,4087.0,49.01655073159031,-50.0,2024,-225.0,2023,,,
33423,岡山県 早島町,,city,10816.0,11915.0,12214.0,12368.0,12368.0,2020,14.349112426035493,3.8019303399076776,12095.0,11644.0,11133.0,-9.985446313065982,3749.0,4514.0,20.40544145105361,2.6659282233052726,21.57731501993797,2027.0,6881.0,3433.0,27.75711513583441,3531.0,31.716518458636482,17.0,2024,-28.0,2023,,,
33445,岡山県 里庄町,,city,9038.0,10782.0,10916.0,10950.0,10950.0,2020,21.155122814782025,1.5581524763494725,10442.0,9803.0,9121.0,-16.70319634703197,3446.0,4128.0,19.791062100986643,2.597141472868217,24.12790697674419,1525.0,5965.0,3454.0,31.54337899543379,3274.0,35.89518693125754,-33.0,2024,-74.0,2023,,,
33461,岡山県 矢掛町,,city,18400.0,16230.0,15092.0,13414.0,13414.0,2020,-27.097826086956523,-17.35058533579791,11804.0,10304.0,8919.0,-33.509765916206945,4864.0,4986.0,2.508223684210531,2.616325711993582,25.63176895306859,1423.0,6726.0,5207.0,38.817653198151184,3899.0,43.71566319094069,16.0,2024,-204.0,2023,,,
33586,岡山県 新庄村,,city,1357.0,1051.0,957.0,813.0,813.0,2020,-40.088430361090644,-22.64509990485252,693.0,604.0,540.0,-33.579335793357934,354.0,331.0,-6.4971751412429395,2.4561933534743203,31.419939577039273,99.0,368.0,346.0,42.55842558425584,217.0,40.18518518518518,-17.0,2024,-8.0,2023,,,
33606,岡山県 鏡野町,,city,17493.0,15091.0,13580.0,12062.0,12062.0,2020,-31.046704396044134,-20.071565833940763,10774.0,9569.0,8416.0,-30.227159675012437,4700.0,4618.0,-1.744680851063829,2.527067994802945,27.50108271979212,1485.0,5873.0,4674.0,38.749792737522796,3505.0,41.64686311787072,-70.0,2024,-138.0,2023,,,
33622,岡山県 勝央町,,city,10382.0,11428.0,11195.0,10888.0,10888.0,2020,4.873820073203627,-4.725236261813093,10243.0,9577.0,8871.0,-18.52498163115356,3719.0,4079.0,9.68002151115892,2.581760235351802,26.158372150036772,1580.0,5821.0,3465.0,31.82402645113887,3343.0,37.68459023785368,-32.0,2024,-83.0,2023,,,
33623,岡山県 奈義町,,city,7818.0,6690.0,6085.0,5578.0,5578.0,2020,-28.651829112304938,-16.621823617339317,4930.0,4285.0,3687.0,-33.90103979921118,1987.0,1934.0,-2.667337695017613,2.6918304033092038,23.11271975180972,736.0,2864.0,1977.0,35.44281104338472,1468.0,39.815568212639,-169.0,2024,-54.0,2023,,,
33643,岡山県 西粟倉村,,city,1923.0,1831.0,1520.0,1398.0,1398.0,2020,-27.301092043681752,-23.64827962861824,1238.0,1132.0,1040.0,-25.60801144492132,573.0,575.0,0.3490401396160525,2.431304347826087,35.47826086956521,178.0,725.0,495.0,35.407725321888414,371.0,35.67307692307693,9.0,2024,-16.0,2023,,,
33663,岡山県 久米南町,,city,7257.0,6115.0,5296.0,4530.0,4530.0,2020,-37.57751136833403,-25.919869174161903,3758.0,3111.0,2559.0,-43.509933774834444,2046.0,1788.0,-12.609970674486803,2.3859060402684564,29.082774049217004,398.0,2098.0,2034.0,44.900662251655625,1282.0,50.097694411879644,-26.0,2024,-72.0,2023,,,
33666,岡山県 美咲町,,city,20029.0,17562.0,15642.0,13053.0,13053.0,2020,-34.829497229017925,-25.67475230611548,10834.0,8936.0,7281.0,-44.21971960468858,5708.0,5014.0,-12.158374211632793,2.4954128440366974,27.28360590347028,1423.0,6205.0,5421.0,41.53068260170076,3599.0,49.430023348441146,-77.0,2024,-253.0,2023,,,
33681,岡山県 吉備中央町,,city,15366.0,14651.0,13033.0,10886.0,10886.0,2020,-29.15527788624235,-25.69790457989216,9160.0,7620.0,6226.0,-42.80727539959581,4527.0,4240.0,-6.339739341727412,2.3242924528301887,33.655660377358494,962.0,5377.0,4529.0,41.60389491089473,3175.0,50.995823964021845,-15.0,2024,-212.0,2023,,,
34100,広島県 広島市,,city,992736.0,1134134.0,1173843.0,1200754.0,1200754.0,2020,20.954009928117845,5.8740854255317165,1163450.0,1111468.0,1047223.0,-12.78621599428359,461444.0,554462.0,20.158025675921664,2.122625175395248,40.51422820680227,158290.0,706497.0,300882.0,25.05775537703809,369876.0,35.31969790579466,-2505.0,2024,-4771.0,2023,,,
34101,広島県 広島市 中区,,city,138486.0,124719.0,130482.0,142699.0,142699.0,2020,3.0421847695796034,14.41640808537592,145490.0,143342.0,137880.0,-3.3770383814883065,63733.0,81526.0,27.918033044105872,1.718445649240733,58.38628167701101,14942.0,87271.0,33012.0,23.134009348348624,46028.0,33.382651581085,982.0,2024,-600.0,2023,,,
34102,広島県 広島市 東区,,city,117286.0,123258.0,120751.0,119353.0,119353.0,2020,1.7623586787851808,-3.1681513573155518,112313.0,105687.0,99044.0,-17.015910785652643,48329.0,52982.0,9.627759730182706,2.192461590728927,36.24061001849685,16030.0,70462.0,31823.0,26.662924266671133,36207.0,36.55647994830581,-338.0,2024,-562.0,2023,,,
34103,広島県 広島市 南区,,city,151534.0,135467.0,138190.0,145805.0,145805.0,2020,-3.780669684691229,7.631378859796123,142652.0,138698.0,132438.0,-9.167724014951473,60621.0,72145.0,19.009914056185153,1.9878439254279576,47.36849400512856,18617.0,88001.0,34668.0,23.776962381262646,44574.0,33.65650342046845,-318.0,2024,-536.0,2023,,,
34104,広島県 広島市 西区,,city,155352.0,179519.0,186985.0,190232.0,190232.0,2020,22.452237499356297,5.96761345595731,179200.0,172356.0,163564.0,-14.018671937423777,79645.0,93763.0,17.726159834264553,1.9973230378720817,45.92003242217079,23239.0,109724.0,43040.0,22.62500525673914,57887.0,35.39103959306449,-455.0,2024,-596.0,2023,,,
34105,広島県 広島市 安佐南区,,city,157728.0,204636.0,233733.0,247020.0,247020.0,2020,56.61138161898964,20.71189819973025,246936.0,241186.0,231867.0,-6.134321107602625,79222.0,106180.0,34.02842644719901,2.29062912036165,35.22508947071012,39022.0,150821.0,51954.0,21.032305076512024,74079.0,31.948918992353377,-1419.0,2024,-137.0,2023,,,
34106,広島県 広島市 安佐北区,,city,113238.0,156387.0,149633.0,138979.0,138979.0,2020,22.73176848761016,-11.131360023531368,125360.0,109781.0,94702.0,-31.858770030004536,53550.0,57681.0,7.714285714285718,2.3456770860421976,27.698895650214105,16011.0,74314.0,47892.0,34.45988242828053,42997.0,45.40242022343773,-267.0,2024,-1330.0,2023,,,
34107,広島県 広島市 安芸区,,city,65775.0,75435.0,78789.0,77103.0,77103.0,2020,17.22234891676169,2.2111751839331895,73651.0,69071.0,64139.0,-16.81387235256735,27170.0,31409.0,15.60176665439823,2.3811009583240472,28.743353815785284,10565.0,45694.0,20678.0,26.81867112823107,22808.0,35.560267543928035,-734.0,2024,-438.0,2023,,,
34108,広島県 広島市 佐伯区,,city,,134713.0,135280.0,139563.0,139563.0,2020,,3.6002464498600784,137848.0,131347.0,123589.0,-11.445727019338936,49174.0,58776.0,19.526579086509123,2.3250986797332245,30.961616986525115,19864.0,80210.0,37815.0,27.09529029900475,45296.0,36.65051096780458,44.0,2024,-572.0,2023,,,
34202,広島県 呉市,,city,302766.0,259224.0,239973.0,214592.0,214592.0,2020,-29.122820924410277,-17.21754158565565,180931.0,153064.0,129151.0,-39.81555696391291,100535.0,94223.0,-6.278410503804643,2.157466860532991,35.28437854876198,23037.0,114245.0,75706.0,35.27904115717268,57359.0,44.41235453074308,-1722.0,2024,-2603.0,2023,,,
34203,広島県 竹原市,,city,36895.0,31935.0,28644.0,23993.0,23993.0,2020,-34.96950806342323,-24.869265695944886,19265.0,15160.0,11636.0,-51.5025215687909,11922.0,10651.0,-10.660962925683615,2.1525678340061964,34.22213876631302,2126.0,11643.0,10082.0,42.02058933855708,6528.0,56.101753179786876,-96.0,2024,-396.0,2023,,,
34204,広島県 三原市,,city,109236.0,106229.0,100509.0,90573.0,90573.0,2020,-17.085026914204104,-14.737971740296906,77379.0,66488.0,56356.0,-37.778366621399314,38434.0,38997.0,1.4648488317635433,2.2418904018257813,33.828243198194734,10438.0,47477.0,32182.0,35.53156017797798,25647.0,45.508907658456955,-334.0,2024,-1071.0,2023,,,
34205,広島県 尾道市,,city,180901.0,155200.0,145202.0,131170.0,131170.0,2020,-27.49072697221132,-15.483247422680414,116375.0,101456.0,87875.0,-33.00678508805367,57006.0,57379.0,0.6543170894291794,2.225204343052336,34.68864915735722,14313.0,68334.0,47641.0,36.32004269268887,36598.0,41.64779516358464,-718.0,2024,-1710.0,2023,,,
34207,広島県 福山市,,city,425675.0,456908.0,461357.0,460930.0,460930.0,2020,8.282140130381155,0.8802647360081295,433829.0,409939.0,383669.0,-16.76198121189768,159292.0,192976.0,21.146071365793627,2.338586145427411,33.61868833430064,60655.0,260383.0,132167.0,28.673985203827044,140196.0,36.54087247080165,-2935.0,2024,-2630.0,2023,,,
34208,広島県 府中市,,city,56209.0,47697.0,42563.0,37655.0,37655.0,2020,-33.00894874486292,-21.053735035746477,31162.0,25722.0,20800.0,-44.761651839065195,15546.0,14988.0,-3.58934774218449,2.4372164398185214,28.69629036562583,3922.0,19284.0,14371.0,38.164918337538175,10663.0,51.26442307692308,-564.0,2024,-526.0,2023,,,
34209,広島県 三次市,,city,63582.0,61635.0,56605.0,50681.0,50681.0,2020,-20.290333742254095,-17.772369595197535,44370.0,39170.0,33901.0,-33.10905467532211,21847.0,21292.0,-2.5403945621824464,2.2734360323126057,34.806500093931994,5947.0,25685.0,18437.0,36.37852449635958,15311.0,45.16385947317188,-169.0,2024,-642.0,2023,,,
34210,広島県 庄原市,,city,53506.0,45678.0,40244.0,33633.0,33633.0,2020,-37.14162897618959,-26.369368185997633,27078.0,22175.0,17950.0,-46.62979811494663,15860.0,13731.0,-13.423707440100884,2.3299104216735853,34.35292404049232,3438.0,15411.0,14579.0,43.34730770374335,8627.0,48.061281337047355,-222.0,2024,-620.0,2023,,,
34211,広島県 大竹市,,city,36075.0,31405.0,28836.0,26319.0,26319.0,2020,-27.04365904365904,-16.194873427798118,23319.0,20195.0,17250.0,-34.457996124472814,11485.0,11568.0,0.7226817588158463,2.1831777316735823,35.096818810511756,2859.0,13975.0,9406.0,35.73843991033094,7154.0,41.472463768115944,-86.0,2024,-316.0,2023,,,
34212,広島県 東広島市,,city,120871.0,175346.0,190135.0,196608.0,196608.0,2020,62.65936411546193,12.125739965553816,196148.0,189501.0,179511.0,-8.69598388671875,67338.0,89988.0,33.63628263387686,2.1221385073565364,43.00573409787972,26734.0,118251.0,45736.0,23.262532552083336,58753.0,32.72947061739949,-372.0,2024,-669.0,2023,,,
34213,広島県 廿日市市,,city,76592.0,114981.0,114038.0,114173.0,114173.0,2020,49.06648213912681,-0.7027247980101015,109241.0,101907.0,93945.0,-17.716973364981214,40373.0,47722.0,18.202759269809032,2.337789698671472,28.82318427559616,14927.0,63443.0,34962.0,30.621950899074214,36772.0,39.142051200170314,126.0,2024,-698.0,2023,,,
34214,広島県 安芸高田市,,city,36984.0,34439.0,31487.0,26448.0,26448.0,2020,-28.487994808565865,-23.203345044861933,22197.0,18398.0,14775.0,-44.135662431941924,11917.0,11008.0,-7.627758664093309,2.262718023255814,33.321220930232556,2621.0,12684.0,11112.0,42.01451905626135,7725.0,52.28426395939086,-109.0,2024,-434.0,2023,,,
34215,広島県 江田島市,,city,41892.0,32278.0,27031.0,21930.0,21930.0,2020,-47.65110283586365,-32.05898754569676,17560.0,13543.0,10232.0,-53.34245326037392,12523.0,10072.0,-19.571987542921022,2.004864972200159,39.197776012708495,1657.0,10656.0,9572.0,43.647970816233475,5201.0,50.830727130570764,-36.0,2024,-382.0,2023,,,
34302,広島県 府中町,,city,47817.0,50673.0,50442.0,51155.0,51155.0,2020,6.980780893824368,0.951196889862449,49967.0,47274.0,44514.0,-12.982113185416866,19125.0,21595.0,12.91503267973857,2.333919888863163,30.382032877981015,7520.0,30651.0,12570.0,24.57237806666015,14844.0,33.346812238846205,-552.0,2024,-112.0,2023,,,
34304,広島県 海田町,,city,29934.0,30042.0,28475.0,29636.0,29636.0,2020,-0.995523485000338,-1.3514413154916416,28766.0,27183.0,25365.0,-14.411526521797812,11539.0,12883.0,11.647456452032245,2.2776527206396024,33.28417294108515,4391.0,18016.0,7061.0,23.825752463220407,7832.0,30.87719298245614,-50.0,2024,5.0,2023,,,
34307,広島県 熊野町,,city,24252.0,25392.0,24533.0,22834.0,22834.0,2020,-5.84694045851889,-10.074039067422813,20225.0,17280.0,14879.0,-34.83839887886485,8972.0,9413.0,4.9152920196165795,2.3987039201104854,25.082332943801127,2886.0,11778.0,8136.0,35.63107646492073,6426.0,43.1883863162847,131.0,2024,-174.0,2023,,,
34309,広島県 坂町,,city,13350.0,12276.0,13262.0,12582.0,12582.0,2020,-5.752808988764047,2.4926686217008776,11725.0,10769.0,9840.0,-21.793037672866,4376.0,5227.0,19.446983546617915,2.378037114979912,29.672852496652,1826.0,7021.0,3716.0,29.53425528532825,3675.0,37.34756097560975,-178.0,2024,-87.0,2023,,,
34368,広島県 安芸太田町,,city,12784.0,9181.0,7255.0,5740.0,5740.0,2020,-55.10012515644556,-37.47957738808408,4443.0,3422.0,2590.0,-54.87804878048781,3543.0,2577.0,-27.265029635901783,2.096235933255724,36.94218083042297,466.0,2283.0,2991.0,52.10801393728223,1401.0,54.09266409266409,-53.0,2024,-137.0,2023,,,
34369,広島県 北広島町,,city,23743.0,21929.0,19969.0,17763.0,17763.0,2020,-25.186370719791096,-18.997674312554146,15534.0,13521.0,11575.0,-34.83645780555087,7819.0,7640.0,-2.28929530630515,2.195287958115183,37.43455497382199,1805.0,8732.0,6917.0,38.94049428587513,5307.0,45.8488120950324,-27.0,2024,-275.0,2023,,,
34431,広島県 大崎上島町,,city,15146.0,10131.0,8448.0,7158.0,7158.0,2020,-52.739997359038696,-29.345572993781467,5742.0,4656.0,3905.0,-45.445655210952786,4358.0,3421.0,-21.50068838916934,1.8813212510961708,45.513007892429115,553.0,3228.0,3305.0,46.17211511595418,1599.0,40.947503201024325,36.0,2024,-154.0,2023,,,
34462,広島県 世羅町,,city,22483.0,19690.0,17549.0,15125.0,15125.0,2020,-32.726949250544855,-23.184357541899438,12738.0,10664.0,8767.0,-42.03636363636364,6484.0,6071.0,-6.369524984577424,2.4152528413770384,28.562016142315926,1560.0,6893.0,6342.0,41.93057851239669,4294.0,48.97912626896316,-205.0,2024,-292.0,2023,,,
34545,広島県 神石高原町,,city,15732.0,12512.0,10350.0,8250.0,8250.0,2020,-47.55911517925247,-34.063299232736576,6434.0,5020.0,3818.0,-53.721212121212126,4167.0,3320.0,-20.32637389008879,2.361144578313253,31.265060240963855,707.0,3484.0,4058.0,49.18787878787879,2114.0,55.36930330015715,-71.0,2024,-187.0,2023,,,
35201,山口県 下関市,,city,325478.0,301097.0,280947.0,255051.0,255051.0,2020,-21.638021617436507,-15.292746191426687,222393.0,192227.0,164753.0,-35.40389961223441,117519.0,115525.0,-1.6967469090104603,2.1288292577364207,37.45163384548799,28155.0,133298.0,90326.0,35.414877808751974,72543.0,44.03136816932013,-1265.0,2024,-2959.0,2023,,,
35202,山口県 宇部市,,city,176620.0,182031.0,173772.0,162570.0,162570.0,2020,-7.9549314913373355,-10.691036142195564,147755.0,131533.0,115395.0,-29.01826905333087,69831.0,72415.0,3.70036230327504,2.158585928329766,37.14147621349168,18676.0,87786.0,54008.0,33.22138155871317,47601.0,41.25048745612895,-667.0,2024,-1508.0,2023,,,
35203,山口県 山口市,,city,173590.0,197115.0,196628.0,193966.0,193966.0,2020,11.738003341206294,-1.5975445805747945,183824.0,171592.0,158010.0,-18.537269418351666,76084.0,86858.0,14.160664528678835,2.149139975592346,39.5127679661056,24166.0,109862.0,56173.0,28.960230143427196,60488.0,38.28112144800962,-216.0,2024,-1345.0,2023,,,
35204,山口県 萩市,,city,74846.0,61745.0,53747.0,44626.0,44626.0,2020,-40.376239211180284,-27.72532188841201,35436.0,27765.0,21167.0,-52.56800968045534,23498.0,20327.0,-13.494765511958462,2.0913563241009494,36.89181876322133,3910.0,20919.0,19613.0,43.949715412539774,12169.0,57.49043322152407,-313.0,2024,-830.0,2023,,,
35206,山口県 防府市,,city,111468.0,117724.0,116611.0,113979.0,113979.0,2020,2.2526644418128905,-3.1811695151371056,108424.0,101419.0,93933.0,-17.58745031979575,43277.0,48726.0,12.590983663377786,2.254320075524361,34.08447235562123,14658.0,63274.0,35036.0,30.738995779924373,34772.0,37.01787444242173,305.0,2024,-855.0,2023,,,
35207,山口県 下松市,,city,54803.0,53101.0,55012.0,55887.0,55887.0,2020,1.9779939054431317,5.246605525319681,54350.0,51616.0,48535.0,-13.155116574516434,20090.0,24684.0,22.867098058735678,2.229176794684816,34.155728407065304,7779.0,31231.0,16521.0,29.561436470019864,16593.0,34.187699598228086,40.0,2024,-244.0,2023,,,
35208,山口県 岩国市,,city,163692.0,153985.0,143857.0,129125.0,129125.0,2020,-21.117097964469856,-16.144429652238856,113227.0,97684.0,83047.0,-35.68480154888674,58938.0,57762.0,-1.9953171128982983,2.1525397320037394,35.78823447941553,14495.0,67305.0,46114.0,35.712681510164565,36944.0,44.48565270268643,-807.0,2024,-1513.0,2023,,,
35210,山口県 光市,,city,57905.0,54680.0,53004.0,49798.0,49798.0,2020,-14.000518089974957,-8.928310168251642,44927.0,39501.0,34459.0,-30.802441865135144,19974.0,21401.0,7.144287573845998,2.2553151721882156,31.353675061912995,5702.0,25763.0,17834.0,35.812683240290774,14899.0,43.236890217359765,-200.0,2024,-483.0,2023,,,
35211,山口県 長門市,,city,50892.0,43473.0,38349.0,32519.0,32519.0,2020,-36.10194136603002,-25.19724886711292,26345.0,20928.0,16197.0,-50.19219533195978,15604.0,14095.0,-9.670597282748016,2.200141894288755,34.59382759843916,3039.0,15077.0,14318.0,44.02964420800148,8885.0,54.85583750077174,-107.0,2024,-591.0,2023,,,
35212,山口県 柳井市,,city,42912.0,37251.0,34730.0,30799.0,30799.0,2020,-28.227535421327367,-17.320340393546484,26548.0,22729.0,19224.0,-37.58238903860514,14485.0,13902.0,-4.024853296513631,2.1227880880448855,36.82923320385556,3241.0,15268.0,12004.0,38.975291405565116,9234.0,48.03370786516854,1.0,2024,-433.0,2023,,,
35213,山口県 美祢市,,city,36907.0,31546.0,28630.0,23247.0,23247.0,2020,-37.01194895277319,-26.30761427756292,18045.0,14262.0,10902.0,-53.103626274357985,10821.0,9363.0,-13.473800942611591,2.3106910178361635,30.214674783723165,1963.0,11302.0,9898.0,42.577536886479976,6159.0,56.494221243808475,-133.0,2024,-412.0,2023,,,
35215,山口県 周南市,,city,166318.0,157383.0,149487.0,137540.0,137540.0,2020,-17.302997871547277,-12.608096173030125,121048.0,105936.0,91413.0,-33.537152828268134,60600.0,63198.0,4.287128712871291,2.123912149118643,38.53761194974524,15493.0,72235.0,44734.0,32.52435655082158,40030.0,43.79027053044972,-353.0,2024,-1292.0,2023,,,
35216,山口県 山陽小野田市,,city,68312.0,67429.0,64550.0,60326.0,60326.0,2020,-11.690478978803142,-10.534043215827015,52987.0,46441.0,40201.0,-33.360408447435596,24643.0,26049.0,5.7054741711642265,2.2560558946600637,33.67115820185036,7337.0,32095.0,20451.0,33.90080562278288,16924.0,42.098455262306906,-53.0,2024,-655.0,2023,,,
35305,山口県 周防大島町,,city,32021.0,23013.0,19084.0,14798.0,14798.0,2020,-53.78657755847725,-35.69721461782471,11383.0,8565.0,6363.0,-57.000946073793756,10186.0,7155.0,-29.756528568623597,1.9076170510132775,41.355695317959466,934.0,5778.0,8071.0,54.54115421002839,3991.0,62.72198648436272,49.0,2024,-420.0,2023,,,
35321,山口県 和木町,,city,7516.0,6732.0,6378.0,6034.0,6034.0,2020,-19.717935071846725,-10.368389780154486,5536.0,5037.0,4541.0,-24.74312230692741,2438.0,2474.0,1.4766201804758072,2.4126919967663705,29.223928860145516,1010.0,3349.0,1646.0,27.278753728869738,1501.0,33.054393305439326,-425.0,2024,-54.0,2023,,,
35341,山口県 上関町,,city,6773.0,4307.0,3332.0,2342.0,2342.0,2020,-65.42152664993355,-45.623403761318784,1757.0,1293.0,956.0,-59.1801878736123,1981.0,1250.0,-36.900555275113575,1.8496,45.68,147.0,874.0,1321.0,56.40478223740393,552.0,57.74058577405857,-21.0,2024,-84.0,2023,,,
35343,山口県 田布施町,,city,16636.0,16217.0,15986.0,14483.0,14483.0,2020,-12.941812935801877,-10.692483196645497,12354.0,10598.0,8918.0,-38.42435959400676,5739.0,5928.0,3.2932566649241934,2.363697705802969,28.424426450742242,1558.0,7651.0,5230.0,36.11130290685631,4441.0,49.79816102265082,-138.0,2024,-173.0,2023,,,
35344,山口県 平生町,,city,14118.0,14580.0,13491.0,11914.0,11914.0,2020,-15.611276384757044,-18.28532235939644,10078.0,8362.0,6667.0,-44.040624475407085,5056.0,4837.0,-4.3314873417721556,2.252842671077114,29.873888774033492,1083.0,5654.0,5138.0,43.12573443008226,3541.0,53.11234438278086,-43.0,2024,-161.0,2023,,,
35502,山口県 阿武町,,city,6272.0,4555.0,3743.0,3055.0,3055.0,2020,-51.29145408163265,-32.93084522502744,2453.0,1936.0,1502.0,-50.83469721767594,1673.0,1360.0,-18.708906156604897,2.1566176470588236,34.705882352941174,262.0,1271.0,1521.0,49.787234042553195,878.0,58.45539280958722,-11.0,2024,-52.0,2023,,,
36201,徳島県 徳島市,,city,249343.0,268218.0,264548.0,252391.0,252391.0,2020,1.2224125000501296,-5.900797112796308,235582.0,215077.0,192475.0,-23.739356791644706,104613.0,119228.0,13.970539034345641,2.0429429328681183,44.806589056261956,26272.0,130393.0,70811.0,28.056071729974523,79112.0,41.10248084166775,-474.0,2024,-1652.0,2023,,,
36202,徳島県 鳴門市,,city,63423.0,64620.0,61513.0,54622.0,54622.0,2020,-13.876669347082293,-15.471990095945532,47902.0,40760.0,33701.0,-38.30141701146058,21743.0,22406.0,3.0492572322126765,2.343345532446666,31.20146389359993,5592.0,29282.0,19121.0,35.00604152173117,16140.0,47.89175395388861,-298.0,2024,-662.0,2023,,,
36203,徳島県 小松島市,,city,43636.0,43078.0,40614.0,36149.0,36149.0,2020,-17.15785131542763,-16.08477645201727,30765.0,25683.0,20786.0,-42.499100943317934,14708.0,15104.0,2.6924122926298644,2.3229608050847457,31.72669491525424,3683.0,19522.0,12528.0,34.65656034745083,10450.0,50.27422303473492,-400.0,2024,-363.0,2023,,,
36204,徳島県 阿南市,,city,82715.0,78971.0,76063.0,69470.0,69470.0,2020,-16.012815087952603,-12.030998721049501,60577.0,52127.0,44094.0,-36.52799769684756,25021.0,27368.0,9.380120698613158,2.450672318035662,29.32987430575855,8291.0,37365.0,23131.0,33.29638692960991,20090.0,45.5617544337098,-354.0,2024,-754.0,2023,,,
36205,徳島県 吉野川市,,city,48677.0,46794.0,44020.0,38772.0,38772.0,2020,-20.348419171271857,-17.14322349019105,32929.0,27720.0,22633.0,-41.62539977303209,15025.0,15444.0,2.788685524126455,2.4156306656306654,28.54182854182854,3896.0,19597.0,14666.0,37.82626637779841,11557.0,51.06260769672601,-209.0,2024,-572.0,2023,,,
36206,徳島県 阿波市,,city,43823.0,42388.0,39247.0,34713.0,34713.0,2020,-20.788170595349477,-18.106539586675474,28897.0,23903.0,19115.0,-44.934174516751646,12629.0,12989.0,2.850581993823731,2.598044499191624,24.53614596966664,3531.0,17908.0,13202.0,38.03186126235128,9997.0,52.299241433429245,-342.0,2024,-493.0,2023,,,
36207,徳島県 美馬市,,city,41642.0,36632.0,32484.0,28055.0,28055.0,2020,-32.628115844579995,-23.413955012011357,23027.0,18819.0,14908.0,-46.86152201033684,11781.0,11197.0,-4.957134368899075,2.3751897829775834,30.767169777619007,2767.0,14275.0,10953.0,39.04116913206202,7947.0,53.30694928897236,-130.0,2024,-464.0,2023,,,
36208,徳島県 三好市,,city,47057.0,37305.0,29951.0,23605.0,23605.0,2020,-49.837431200459015,-36.72429969173033,17580.0,12949.0,9148.0,-61.24549883499258,13569.0,10276.0,-24.2685533200678,2.164558193849747,35.169326586220315,1961.0,10739.0,10868.0,46.04109298877356,5700.0,62.30870135548754,-175.0,2024,-526.0,2023,,,
36301,徳島県 勝浦町,,city,7811.0,6736.0,5765.0,4837.0,4837.0,2020,-38.07451030597875,-28.191805225653212,3881.0,3021.0,2291.0,-52.63593136241471,1919.0,1840.0,-4.116727462219904,2.5168478260869565,27.22826086956522,433.0,2275.0,2128.0,43.99421128798842,1169.0,51.025752946311655,-27.0,2024,-85.0,2023,,,
36302,徳島県 上勝町,,city,2918.0,2124.0,1783.0,1380.0,1380.0,2020,-52.707333790267306,-35.02824858757062,1068.0,829.0,664.0,-51.8840579710145,791.0,635.0,-19.721871049304674,1.9858267716535434,41.88976377952756,97.0,511.0,772.0,55.94202898550724,342.0,51.50602409638554,-19.0,2024,-30.0,2023,,,
36321,徳島県 佐那河内村,,city,3828.0,3016.0,2588.0,2058.0,2058.0,2020,-46.23824451410658,-31.763925729442967,1620.0,1212.0,877.0,-57.38581146744413,825.0,769.0,-6.787878787878787,2.609882964889467,21.326397919375815,163.0,909.0,986.0,47.910592808551996,557.0,63.511972633979475,0.0,2024,-37.0,2023,,,
36341,徳島県 石井町,,city,24434.0,26023.0,25954.0,24833.0,24833.0,2020,1.6329704510108956,-4.572877838834877,23035.0,20818.0,18434.0,-25.768131115853908,8049.0,9584.0,19.07069201142999,2.5276502504173624,25.61560934891486,3045.0,13480.0,8199.0,33.0165505577256,7839.0,42.524682651622,-30.0,2024,-223.0,2023,,,
36342,徳島県 神山町,,city,11156.0,7798.0,6038.0,4647.0,4647.0,2020,-58.345285048404435,-40.40779687099256,3477.0,2560.0,1838.0,-60.447600602539275,2648.0,2013.0,-23.980362537764353,2.191256830601093,34.32687531048187,277.0,1845.0,2525.0,54.336130837099205,1079.0,58.70511425462459,28.0,2024,-136.0,2023,,,
36368,徳島県 那賀町,,city,14360.0,11893.0,9318.0,7367.0,7367.0,2020,-48.69777158774373,-38.055999327335414,5364.0,3798.0,2575.0,-65.04683046016018,4236.0,3176.0,-25.023607176581685,2.2008816120906802,32.52518891687657,559.0,2981.0,3808.0,51.68996877969323,1667.0,64.73786407766991,-69.0,2024,-173.0,2023,,,
36383,徳島県 牟岐町,,city,7697.0,5755.0,4826.0,3743.0,3743.0,2020,-51.37066389502404,-34.960903562119896,2792.0,2011.0,1382.0,-63.077745124231896,2284.0,1712.0,-25.04378283712785,2.037967289719626,35.280373831775705,232.0,1495.0,2016.0,53.86053967405824,914.0,66.13603473227207,-48.0,2024,-74.0,2023,,,
36387,徳島県 美波町,,city,11866.0,9307.0,7765.0,6222.0,6222.0,2020,-47.56446991404012,-33.1470935854733,4807.0,3587.0,2633.0,-57.682417229186754,3405.0,2665.0,-21.732745961820854,2.1542213883677297,34.071294559099435,482.0,2668.0,3071.0,49.357119897139185,1527.0,57.99468287124952,-58.0,2024,-139.0,2023,,,
36388,徳島県 海陽町,,city,14397.0,12104.0,10446.0,8358.0,8358.0,2020,-41.94623879974995,-30.948446794448113,6600.0,5043.0,3720.0,-55.491744436468046,4717.0,4010.0,-14.988340046639815,2.0206982543640897,38.403990024937656,623.0,3813.0,3873.0,46.33883704235463,2246.0,60.376344086021504,-39.0,2024,-186.0,2023,,,
36401,徳島県 松茂町,,city,10196.0,14267.0,15070.0,14583.0,14583.0,2020,43.026677128285606,2.214901520992507,13690.0,12484.0,10982.0,-24.693135843104987,4823.0,5825.0,20.775450964130204,2.3395708154506436,31.914163090128756,1879.0,8772.0,3916.0,26.853185215662073,4612.0,41.995993443817156,-90.0,2024,-50.0,2023,,,
36402,徳島県 北島町,,city,16466.0,19823.0,21658.0,22745.0,22745.0,2020,38.13312279849386,14.740453009130805,22640.0,21864.0,20594.0,-9.457023521653108,6875.0,9346.0,35.941818181818185,2.4059490691204792,29.830943719238178,3410.0,13241.0,5799.0,25.495713343591998,7214.0,35.0296202777508,15.0,2024,-15.0,2023,,,
36403,徳島県 藍住町,,city,19713.0,30368.0,33338.0,35246.0,35246.0,2020,78.79571856135546,16.06296101159115,34806.0,33189.0,30749.0,-12.758894626340577,9912.0,13945.0,40.688054882970135,2.47465041233417,27.916816063105053,5186.0,20635.0,8993.0,25.514952051296603,11456.0,37.256496146216136,-26.0,2024,-78.0,2023,,,
36404,徳島県 板野町,,city,13562.0,14637.0,14241.0,13042.0,13042.0,2020,-3.8342427370594345,-10.897041743526682,11718.0,10397.0,8928.0,-31.544241680723818,4519.0,5032.0,11.35206904182342,2.4936406995230525,28.100158982511925,1400.0,7226.0,4375.0,33.54546848642846,4189.0,46.91980286738352,19.0,2024,-145.0,2023,,,
36405,徳島県 上板町,,city,12074.0,12952.0,12727.0,11384.0,11384.0,2020,-5.714758986251445,-12.106238418777027,9937.0,8433.0,6884.0,-39.529163738580465,3869.0,4232.0,9.382269320237778,2.582703213610586,23.81852551984877,1202.0,6141.0,4040.0,35.488404778636685,3418.0,49.651365485183035,-22.0,2024,-132.0,2023,,,
36468,徳島県 つるぎ町,,city,18857.0,13100.0,10490.0,7715.0,7715.0,2020,-59.08681126372169,-41.10687022900763,5851.0,4319.0,3074.0,-60.15554115359689,4793.0,3400.0,-29.063217191737955,2.2029411764705884,33.85294117647059,583.0,3531.0,3596.0,46.61049902786779,1841.0,59.88939492517892,-45.0,2024,-186.0,2023,,,
36489,徳島県 東みよし町,,city,15610.0,16199.0,15044.0,13622.0,13622.0,2020,-12.73542600896861,-15.908389406753498,11619.0,9926.0,8184.0,-39.92071648803406,5143.0,5162.0,0.369434182383821,2.48237117396358,27.29562185199535,1565.0,7053.0,4969.0,36.477756570254,4173.0,50.989736070381234,-31.0,2024,-185.0,2023,,,
37201,香川県 高松市,,city,386547.0,416680.0,419429.0,417496.0,417496.0,2020,8.006529607007696,0.19583373332052734,395778.0,374809.0,351256.0,-15.866020273248127,158006.0,187144.0,18.4410718580307,2.168169965374257,38.03969136066345,52018.0,233651.0,115270.0,27.609845363787915,132536.0,37.73202450634295,-624.0,2024,-2592.0,2023,,,
37202,香川県 丸亀市,,city,94849.0,108356.0,110473.0,109513.0,109513.0,2020,15.460363314320658,1.0677765882830759,105335.0,99533.0,92784.0,-15.275812004054313,38063.0,45617.0,19.846044715340348,2.3327049126422166,32.45281364403622,14667.0,61951.0,31435.0,28.704354734141152,34148.0,36.80375926883946,101.0,2024,-730.0,2023,,,
37203,香川県 坂出市,,city,66290.0,59228.0,55621.0,50624.0,50624.0,2020,-23.63252375923971,-14.526912946579317,45369.0,40124.0,35075.0,-30.71468078381795,20751.0,21207.0,2.197484458580301,2.2849530815296837,33.130570094780026,5584.0,26502.0,18171.0,35.894042351453855,14818.0,42.24661439771917,-328.0,2024,-636.0,2023,,,
37204,香川県 善通寺市,,city,38080.0,36413.0,33817.0,31631.0,31631.0,2020,-16.935399159663866,-13.132672397220768,27914.0,24863.0,21981.0,-30.50804590433436,13098.0,13089.0,-0.06871278057718477,2.2614409045763617,36.35877454350982,3866.0,17733.0,9666.0,30.558629192880403,8015.0,36.46330922160047,-148.0,2024,-265.0,2023,,,
37205,香川県 観音寺市,,city,68435.0,66555.0,62690.0,57438.0,57438.0,2020,-16.069262804120697,-13.698444895199458,51470.0,45380.0,39329.0,-31.527908353354917,21364.0,22902.0,7.1990263995506565,2.4397432538642914,29.56946991529124,6689.0,30577.0,19433.0,33.83300254187124,16498.0,41.94868926237636,-223.0,2024,-592.0,2023,,,
37206,香川県 さぬき市,,city,55576.0,57772.0,53000.0,47003.0,47003.0,2020,-15.425723333813156,-18.640517897943642,40458.0,33931.0,27741.0,-40.980362955556025,19679.0,19390.0,-1.4685705574470242,2.3372356884992262,30.639504899432694,4566.0,24407.0,17369.0,36.95296044933302,13762.0,49.608882159979814,-231.0,2024,-601.0,2023,,,
37207,香川県 東かがわ市,,city,43110.0,37760.0,33625.0,28279.0,28279.0,2020,-34.40269079099977,-25.108580508474574,22601.0,17667.0,13546.0,-52.098730506736445,12943.0,11887.0,-8.158850343815194,2.306132750063094,28.82140153108438,2467.0,13640.0,11990.0,42.398953286891334,7496.0,55.33736896500812,-62.0,2024,-437.0,2023,,,
37208,香川県 三豊市,,city,77939.0,73494.0,68512.0,61857.0,61857.0,2020,-20.634085631070455,-15.833945628214552,54472.0,47246.0,40383.0,-34.71555361559726,22087.0,23030.0,4.269479784488617,2.58797221016066,25.01519756838906,6963.0,32067.0,22573.0,36.49223208367687,17983.0,44.53111457791645,-300.0,2024,-796.0,2023,,,
37322,香川県 土庄町,,city,21398.0,17711.0,15123.0,12846.0,12846.0,2020,-39.966351995513605,-27.46880469764553,10524.0,8412.0,6626.0,-48.41974155379106,6691.0,5737.0,-14.257958451651476,2.1683806867700888,33.31009238277846,1222.0,6072.0,5528.0,43.03285069282266,3575.0,53.95412013281015,-124.0,2024,-231.0,2023,,,
37324,香川県 小豆島町,,city,22170.0,18303.0,16152.0,13870.0,13870.0,2020,-37.437979251240414,-24.220073212041736,11427.0,9344.0,7598.0,-45.21989906272531,6819.0,6137.0,-10.001466490687783,2.140133615773179,34.609744174678184,1238.0,6500.0,6117.0,44.10237923576064,3944.0,51.908396946564885,-66.0,2024,-248.0,2023,,,
37341,香川県 三木町,,city,24989.0,28769.0,28464.0,26878.0,26878.0,2020,7.559326103485531,-6.573047377385377,25045.0,22941.0,20723.0,-22.899769328075003,9887.0,10866.0,9.901891372509365,2.42738818332413,28.032394625437146,3441.0,14700.0,8445.0,31.419748493191456,8150.0,39.32828258456787,7.0,2024,-224.0,2023,,,
37364,香川県 直島町,,city,5302.0,3705.0,3325.0,3103.0,3103.0,2020,-41.47491512636741,-16.248313090418353,2775.0,2477.0,2268.0,-26.90944247502417,1512.0,1556.0,2.910052910052907,1.9524421593830334,47.81491002570694,312.0,1691.0,1027.0,33.09700290041895,676.0,29.80599647266314,-30.0,2024,-28.0,2023,,,
37386,香川県 宇多津町,,city,11341.0,15978.0,18434.0,18699.0,18699.0,2020,64.87964024336479,17.029665790461877,18429.0,17663.0,16569.0,-11.390983475052142,6353.0,8722.0,37.28946954194869,2.104104563173584,42.44439348773217,2655.0,11637.0,3964.0,21.198994598641637,5552.0,33.50835898364416,-160.0,2024,-22.0,2023,,,
37387,香川県 綾川町,,city,24017.0,26205.0,24625.0,22693.0,22693.0,2020,-5.512761793729437,-13.402022514787259,20393.0,17885.0,15455.0,-31.8952981095492,7983.0,8837.0,10.697732681949134,2.506393572479348,24.318207536494285,2618.0,11814.0,8188.0,36.081611069492794,6693.0,43.30637334196053,-52.0,2024,-262.0,2023,,,
37403,香川県 琴平町,,city,13807.0,11335.0,9967.0,8468.0,8468.0,2020,-38.66879119287317,-25.29333921482135,7053.0,5769.0,4597.0,-45.713273500236184,4137.0,3667.0,-11.36088953347837,2.2170711753476957,35.751295336787564,772.0,4201.0,3471.0,40.98960793575815,2329.0,50.66347618011747,-46.0,2024,-128.0,2023,,,
37404,香川県 多度津町,,city,22965.0,23657.0,23498.0,22445.0,22445.0,2020,-2.264315262355754,-5.123219343111973,20824.0,18962.0,16952.0,-24.47315660503453,8414.0,9753.0,15.913952935583552,2.2446426740490106,36.04019276120168,2568.0,12310.0,7244.0,32.274448652261086,6607.0,38.974752241623406,-307.0,2024,-234.0,2023,,,
37406,香川県 まんのう町,,city,23049.0,20969.0,19087.0,17401.0,17401.0,2020,-24.504316890103695,-17.015594448948445,14922.0,13030.0,11237.0,-35.42325153726797,6168.0,6521.0,5.723086900129704,2.5923938046311914,25.118846802637634,2111.0,8603.0,6642.0,38.17022010229297,4942.0,43.97970988698051,7.0,2024,-262.0,2023,,,
38201,愛媛県 松山市,,city,442147.0,508266.0,517231.0,511192.0,511192.0,2020,15.615847218232858,0.5756828117560397,486567.0,457221.0,422197.0,-17.40931000485141,204500.0,240734.0,17.71833740831297,2.068664999543064,42.58476160409415,61680.0,286198.0,139574.0,27.303635424654534,167775.0,39.738558066495024,-640.0,2024,-3388.0,2023,,,
38202,愛媛県 今治市,,city,197818.0,180627.0,166532.0,151672.0,151672.0,2020,-23.327503058366784,-16.030272329164518,133982.0,116003.0,99196.0,-34.598343794503926,68545.0,68178.0,-0.5354146910788504,2.1636451641291914,36.084954090762416,16907.0,79655.0,53977.0,35.587979323804,43550.0,43.90297995886931,-785.0,2024,-1782.0,2023,,,
38203,愛媛県 宇和島市,,city,110920.0,95641.0,84210.0,70809.0,70809.0,2020,-36.16209880995312,-25.963760312000083,57880.0,46396.0,36266.0,-48.78334674970696,34910.0,31356.0,-10.180464050415349,2.180571501467024,35.92294935578518,7204.0,34997.0,28193.0,39.81556016890509,19187.0,52.90630342469531,-506.0,2024,-1085.0,2023,,,
38204,愛媛県 八幡浜市,,city,55757.0,44206.0,38370.0,31987.0,31987.0,2020,-42.631418476603834,-27.641044202144506,25985.0,20492.0,15800.0,-50.60493325413449,16718.0,14370.0,-14.044742194042348,2.134098816979819,35.74808629088378,3055.0,15625.0,13094.0,40.93537999812424,8446.0,53.45569620253164,-205.0,2024,-477.0,2023,,,
38205,愛媛県 新居浜市,,city,132736.0,125814.0,121735.0,115938.0,115938.0,2020,-12.655195274831243,-7.84968286518194,104245.0,94334.0,84485.0,-27.12915523814452,48149.0,51171.0,6.2763504953373905,2.1938793457231633,35.332512555939886,14205.0,62529.0,37325.0,32.193931239110555,34205.0,40.48647688938865,-454.0,2024,-1065.0,2023,,,
38206,愛媛県 西条市,,city,112961.0,114548.0,112091.0,104791.0,104791.0,2020,-7.232584697373435,-8.517826587980581,95899.0,86525.0,76692.0,-26.814325657737783,41160.0,45097.0,9.565111758989309,2.259684679690445,32.61636029004147,12925.0,56521.0,34403.0,32.83010945596473,32347.0,42.17780211756115,-363.0,2024,-1045.0,2023,,,
38207,愛媛県 大洲市,,city,57014.0,52762.0,47157.0,40575.0,40575.0,2020,-28.833269021643805,-23.09806299988628,33316.0,27018.0,21366.0,-47.34195933456562,18740.0,17322.0,-7.5667022411952995,2.248181503290613,33.0273640457222,4560.0,20500.0,14954.0,36.855206407886634,11207.0,52.45249461761677,-322.0,2024,-544.0,2023,,,
38210,愛媛県 伊予市,,city,42842.0,40505.0,38017.0,35133.0,35133.0,2020,-17.99402455534289,-13.262560177755834,31502.0,27521.0,23641.0,-32.70998776079469,13291.0,14131.0,6.320066210217434,2.429198216686717,26.94076852310523,4295.0,18720.0,11996.0,34.14453647567814,10589.0,44.790829491138275,18.0,2024,-359.0,2023,,,
38213,愛媛県 四国中央市,,city,95168.0,94326.0,90187.0,82754.0,82754.0,2020,-13.044300605245462,-12.268091512414392,71463.0,61447.0,51455.0,-37.82173671363318,32921.0,35676.0,8.368518574769901,2.2611559591882497,33.78461710954143,8843.0,42207.0,26658.0,32.21354858979627,24503.0,47.62025070449908,-684.0,2024,-865.0,2023,,,
38214,愛媛県 西予市,,city,56175.0,47217.0,42080.0,35388.0,35388.0,2020,-37.004005340453936,-25.052417561471508,28848.0,23128.0,18200.0,-48.57013676952639,17395.0,15409.0,-11.417073871802241,2.1946265169706014,32.74060613926926,3571.0,16127.0,15578.0,44.02057194529219,9835.0,54.03846153846153,-193.0,2024,-603.0,2023,,,
38215,愛媛県 東温市,,city,29276.0,34701.0,35253.0,33903.0,33903.0,2020,15.804754747916384,-2.299645543356099,31810.0,29156.0,26330.0,-22.337256290003836,11880.0,14282.0,20.218855218855225,2.2596975213555526,34.792045931942305,4147.0,19105.0,10216.0,30.13302657581925,10381.0,39.426509684770224,-513.0,2024,-249.0,2023,,,
38356,愛媛県 上島町,,city,12669.0,8605.0,7648.0,6509.0,6509.0,2020,-48.622622148551585,-24.357931435212087,5298.0,4159.0,3283.0,-49.562144722691656,3639.0,3199.0,-12.091233855454798,1.8668333854329477,44.732728977805564,455.0,3088.0,2953.0,45.36795206636965,1446.0,44.045080718854706,-21.0,2024,-118.0,2023,,,
38386,愛媛県 久万高原町,,city,16225.0,11887.0,9644.0,7404.0,7404.0,2020,-54.36671802773498,-37.71346849499453,5537.0,4164.0,3065.0,-58.60345759049162,5137.0,3621.0,-29.511387969632086,1.9431096382214859,40.62413697873515,551.0,3110.0,3655.0,49.36520799567801,1846.0,60.2283849918434,-62.0,2024,-181.0,2023,,,
38401,愛媛県 松前町,,city,27568.0,30277.0,30359.0,29630.0,29630.0,2020,7.47968659315148,-2.136935627704195,27546.0,25089.0,22798.0,-23.057711778602762,10494.0,11882.0,13.226605679435878,2.44815687594681,26.58643326039387,3933.0,16323.0,9267.0,31.275734053324335,9119.0,39.99912273006404,53.0,2024,-240.0,2023,,,
38402,愛媛県 砥部町,,city,17958.0,22075.0,21981.0,20480.0,20480.0,2020,14.043880164829048,-7.225368063420157,18365.0,16008.0,13592.0,-33.6328125,7697.0,8458.0,9.886968948941144,2.349728068101206,29.46323007803263,2425.0,10864.0,6987.0,34.1162109375,6434.0,47.33666862860506,-19.0,2024,-165.0,2023,,,
38422,愛媛県 内子町,,city,25336.0,20782.0,18045.0,15322.0,15322.0,2020,-39.52478686454057,-26.27273602155712,12552.0,10097.0,7971.0,-47.97676543532175,7039.0,6237.0,-11.393663872709192,2.376302709636043,27.336860670194003,1610.0,7437.0,6267.0,40.90197102205978,4146.0,52.013549115543846,-109.0,2024,-234.0,2023,,,
38442,愛媛県 伊方町,,city,18753.0,13536.0,10882.0,8397.0,8397.0,2020,-55.22316429371301,-37.965425531914896,6425.0,4843.0,3502.0,-58.29462903417888,5518.0,4065.0,-26.33200434940196,1.9995079950799508,38.84378843788438,636.0,3780.0,3979.0,47.385971180183404,2105.0,60.10850942318675,-93.0,2024,-227.0,2023,,,
38484,愛媛県 松野町,,city,5912.0,4906.0,4377.0,3674.0,3674.0,2020,-37.8552097428958,-25.11210762331838,3034.0,2439.0,1868.0,-49.15623298856831,1773.0,1583.0,-10.716300056401584,2.1174984207201515,35.69172457359444,303.0,1635.0,1733.0,47.169297768100165,1128.0,60.38543897216274,-197.0,2024,-80.0,2023,,,
38488,愛媛県 鬼北町,,city,15602.0,13080.0,11633.0,9682.0,9682.0,2020,-37.94385335213434,-25.978593272171256,7862.0,6268.0,4779.0,-50.64036356124768,4894.0,4316.0,-11.81038005721291,2.1137627432808155,34.75440222428175,874.0,4280.0,4528.0,46.76719686015286,2852.0,59.6777568528981,5.0,2024,-215.0,2023,,,
38506,愛媛県 愛南町,,city,33800.0,29331.0,24061.0,19601.0,19601.0,2020,-42.00887573964497,-33.17309331424091,15365.0,11519.0,8148.0,-58.43069231161675,10559.0,8854.0,-16.147362439624967,2.133047210300429,33.52157217077028,1585.0,9037.0,8942.0,45.62012142237641,5245.0,64.37162493863525,-104.0,2024,-393.0,2023,,,
39201,高知県 高知市,,city,318266.0,348979.0,343393.0,326545.0,326545.0,2020,2.6012832033581956,-6.428467042429487,298280.0,270644.0,241483.0,-26.049089711984564,144975.0,153809.0,6.09346439041214,2.0541710823163792,42.39543849839736,38125.0,182962.0,95909.0,29.370837097490394,102371.0,42.39263219357056,-1710.0,2024,-2503.0,2023,,,
39202,高知県 室戸市,,city,26086.0,19472.0,15210.0,11742.0,11742.0,2020,-54.98734953614965,-39.69802793755136,8481.0,5769.0,3777.0,-67.83341849770056,7897.0,5923.0,-24.99683424085095,1.9035961505993584,42.30964038494006,801.0,4850.0,6040.0,51.4392778061659,2483.0,65.74000529520784,-155.0,2024,-300.0,2023,,,
39203,高知県 安芸市,,city,25022.0,21321.0,19547.0,16243.0,16243.0,2020,-35.085125089920865,-23.816894141925804,13384.0,10794.0,8409.0,-48.230006772148,8266.0,7295.0,-11.746915073796272,2.1522960932145305,36.83344756682659,1490.0,7941.0,6638.0,40.866834944283696,4566.0,54.298965394220474,-81.0,2024,-259.0,2023,,,
39204,高知県 南国市,,city,44866.0,49965.0,49472.0,46664.0,46664.0,2020,4.007488967146622,-6.606624637246073,42718.0,38120.0,33108.0,-29.05023144179667,18212.0,19705.0,8.197891500109812,2.248972342045166,34.99619385942655,5633.0,25521.0,14850.0,31.823247042688152,14109.0,42.61507792678507,210.0,2024,-368.0,2023,,,
39205,高知県 土佐市,,city,31677.0,30338.0,28686.0,25732.0,25732.0,2020,-18.76756005934905,-15.182279649284725,22609.0,19352.0,16391.0,-36.30110368412871,10344.0,10151.0,-1.865815931941217,2.428627721406758,29.14983745443799,2842.0,13332.0,9463.0,36.775221514068086,7042.0,42.96260142761271,-165.0,2024,-298.0,2023,,,
39206,高知県 須崎市,,city,31852.0,27569.0,24698.0,20590.0,20590.0,2020,-35.35727740801205,-25.31466502230767,16940.0,13481.0,10434.0,-49.324915007285085,9675.0,8679.0,-10.294573643410853,2.208318930752391,35.441871183316046,1940.0,10177.0,8356.0,40.58280718795532,5431.0,52.05098715737013,-273.0,2024,-296.0,2023,,,
39208,高知県 宿毛市,,city,26080.0,25970.0,22610.0,19033.0,19033.0,2020,-27.020705521472387,-26.711590296495956,15717.0,12587.0,9651.0,-49.293332632795675,9354.0,8473.0,-9.418430617917473,2.1423344742122037,35.737047090758885,1980.0,9209.0,7367.0,38.70645720590553,5509.0,57.08216765102062,-204.0,2024,-283.0,2023,,,
39209,高知県 土佐清水市,,city,24252.0,18512.0,16029.0,12388.0,12388.0,2020,-48.91967672769256,-33.081244598098536,9598.0,7138.0,5124.0,-58.6373910235712,7908.0,6160.0,-22.104198280222565,1.922564935064935,41.25,895.0,5220.0,6259.0,50.5247013238618,3224.0,62.91959406713505,-83.0,2024,-257.0,2023,,,
39210,高知県 四万十市,,city,40315.0,38784.0,35933.0,32694.0,32694.0,2020,-18.903633883170034,-15.702351485148514,28596.0,24476.0,20436.0,-37.49311800330336,14946.0,14771.0,-1.1708818412953348,2.108049556563537,38.277706316430844,3644.0,16570.0,12018.0,36.75903835566159,10054.0,49.197494617341945,-127.0,2024,-393.0,2023,,,
39211,高知県 香南市,,city,28493.0,32659.0,33830.0,32207.0,32207.0,2020,13.034780472396722,-1.3839982853118604,30026.0,27483.0,24703.0,-23.299282764616393,11689.0,13106.0,12.122508341175454,2.357088356477949,30.718754768808182,3949.0,17585.0,10452.0,32.45257242214426,10165.0,41.148848318018054,-47.0,2024,-298.0,2023,,,
39212,高知県 香美市,,city,33878.0,31175.0,28766.0,26513.0,26513.0,2020,-21.73977212350198,-14.954290296712113,23207.0,20015.0,17253.0,-34.92626258816429,12069.0,11967.0,-0.8451404424558828,2.075875323807136,41.51416395086488,2632.0,13352.0,10123.0,38.18126956587334,7338.0,42.53173361154582,19.0,2024,-438.0,2023,,,
39301,高知県 東洋町,,city,4943.0,3744.0,2947.0,2194.0,2194.0,2020,-55.61399959538742,-41.39957264957265,1671.0,1230.0,870.0,-60.346399270738374,1639.0,1228.0,-25.076266015863336,1.76628664495114,49.755700325732896,133.0,945.0,1116.0,50.86599817684594,587.0,67.4712643678161,9.0,2024,-56.0,2023,,,
39302,高知県 奈半利町,,city,4874.0,4027.0,3542.0,3034.0,3034.0,2020,-37.75133360689372,-24.658554755401042,2595.0,2169.0,1723.0,-43.21028345418589,1593.0,1406.0,-11.738857501569367,2.008534850640114,39.189189189189186,254.0,1353.0,1418.0,46.736980883322346,946.0,54.904236796285545,-3.0,2024,-72.0,2023,,,
39303,高知県 田野町,,city,4149.0,3315.0,2932.0,2498.0,2498.0,2020,-39.79272113762352,-24.64555052790347,2030.0,1618.0,1257.0,-49.679743795036025,1309.0,1163.0,-11.15355233002292,2.0885640584694753,37.57523645743766,235.0,1182.0,1060.0,42.43394715772618,651.0,51.78997613365155,-14.0,2024,-40.0,2023,,,
39304,高知県 安田町,,city,4428.0,3535.0,2970.0,2370.0,2370.0,2020,-46.4769647696477,-32.95615275813296,1847.0,1407.0,1043.0,-55.991561181434605,1316.0,1062.0,-19.30091185410334,2.214689265536723,33.61581920903955,210.0,1069.0,1081.0,45.61181434599156,596.0,57.14285714285714,-21.0,2024,-53.0,2023,,,
39305,高知県 北川村,,city,1907.0,1591.0,1367.0,1146.0,1146.0,2020,-39.90561090718406,-27.96983029541169,913.0,734.0,583.0,-49.12739965095986,635.0,549.0,-13.543307086614176,2.087431693989071,37.340619307832426,102.0,539.0,505.0,44.06631762652705,320.0,54.8885077186964,-12.0,2024,-22.0,2023,,,
39306,高知県 馬路村,,city,1740.0,1195.0,1013.0,745.0,745.0,2020,-57.18390804597702,-37.65690376569037,568.0,444.0,343.0,-53.959731543624166,516.0,376.0,-27.13178294573644,1.9813829787234043,42.02127659574468,82.0,358.0,305.0,40.939597315436245,146.0,42.565597667638485,-18.0,2024,-11.0,2023,,,
39307,高知県 芸西村,,city,4653.0,4366.0,4048.0,3694.0,3694.0,2020,-20.61035890823125,-15.391662849289967,3319.0,2947.0,2536.0,-31.348132106118033,1474.0,1505.0,2.103120759837185,2.2524916943521593,35.01661129568106,399.0,1806.0,1489.0,40.30860855441256,1185.0,46.72712933753943,40.0,2024,-69.0,2023,,,
39341,高知県 本山町,,city,6011.0,4657.0,4103.0,3261.0,3261.0,2020,-45.74945932457162,-29.976379643547347,2593.0,2058.0,1599.0,-50.96596136154554,1903.0,1494.0,-21.492380451918024,1.9812583668005355,42.50334672021419,280.0,1419.0,1560.0,47.83808647654094,878.0,54.90931832395247,-6.0,2024,-88.0,2023,,,
39344,高知県 大豊町,,city,9411.0,6378.0,4719.0,3252.0,3252.0,2020,-65.44469238125598,-49.012229539040455,2297.0,1558.0,1016.0,-68.75768757687577,2782.0,1787.0,-35.76563623292596,1.791829882484611,46.334639059876885,183.0,1160.0,1907.0,58.64083640836408,672.0,66.14173228346458,-55.0,2024,-96.0,2023,,,
39363,高知県 土佐町,,city,6663.0,5035.0,4358.0,3753.0,3753.0,2020,-43.67402071139127,-25.461767626613707,3121.0,2617.0,2161.0,-42.419397815081275,1909.0,1610.0,-15.662650602409634,2.1459627329192545,37.63975155279503,363.0,1588.0,1801.0,47.988276045830006,1099.0,50.85608514576585,32.0,2024,-69.0,2023,,,
39364,高知県 大川村,,city,906.0,569.0,411.0,366.0,366.0,2020,-59.602649006622514,-35.67662565905096,270.0,213.0,174.0,-52.459016393442624,259.0,199.0,-23.166023166023166,1.7738693467336684,52.26130653266332,45.0,171.0,150.0,40.98360655737705,69.0,39.6551724137931,6.0,2024,-7.0,2023,,,
39386,高知県 いの町,,city,29036.0,28729.0,25062.0,21374.0,21374.0,2020,-26.387932222069153,-25.6013087820669,17836.0,14274.0,10940.0,-48.81631889211191,10257.0,9088.0,-11.39709466705664,2.2833406690140845,29.346390845070424,2042.0,10725.0,8404.0,39.318798540282586,5977.0,54.634369287020114,-53.0,2024,-335.0,2023,,,
39387,高知県 仁淀川町,,city,11672.0,8189.0,6500.0,4827.0,4827.0,2020,-58.64461960246745,-41.05507387959458,3548.0,2559.0,1821.0,-62.2747047855811,3640.0,2445.0,-32.829670329670336,1.8678936605316974,44.989775051124745,347.0,1790.0,2685.0,55.624611559975136,1113.0,61.12026359143328,-74.0,2024,-124.0,2023,,,
39401,高知県 中土佐町,,city,10753.0,8722.0,7584.0,6002.0,6002.0,2020,-44.18301869245792,-31.185507911029575,4636.0,3469.0,2494.0,-58.44718427190936,3258.0,2692.0,-17.372621240024554,2.1155274888558693,35.62407132243685,502.0,2602.0,2895.0,48.23392202599134,1597.0,64.0336808340016,-25.0,2024,-145.0,2023,,,
39402,高知県 佐川町,,city,16114.0,14777.0,13951.0,12323.0,12323.0,2020,-23.52612634975797,-16.6068890843879,10623.0,8940.0,7336.0,-40.469041629473345,5246.0,5118.0,-2.439954250857801,2.270418132082845,31.555295037123877,1327.0,5916.0,5058.0,41.045200032459626,3842.0,52.37186477644493,-4.0,2024,-170.0,2023,,,
39403,高知県 越知町,,city,9052.0,7411.0,6374.0,5187.0,5187.0,2020,-42.69774635439681,-30.009445418971804,4150.0,3287.0,2521.0,-51.397725081935604,2871.0,2326.0,-18.982932776036222,2.1061908856405847,36.45743766122098,421.0,2323.0,2441.0,47.05995758627338,1446.0,57.35819119397064,-2.0,2024,-106.0,2023,,,
39405,高知県 檮原町,,city,5750.0,4860.0,3984.0,3307.0,3307.0,2020,-42.48695652173913,-31.954732510288064,2548.0,1918.0,1400.0,-57.66555790746901,1797.0,1502.0,-16.416249304396214,2.0213049267643144,38.68175765645805,320.0,1456.0,1531.0,46.295736316903536,780.0,55.714285714285715,-20.0,2024,-56.0,2023,,,
39410,高知県 日高村,,city,6100.0,5968.0,5447.0,4812.0,4812.0,2020,-21.114754098360656,-19.36997319034852,4115.0,3364.0,2654.0,-44.846217788861175,2075.0,1975.0,-4.81927710843374,2.3068354430379747,30.531645569620252,432.0,2307.0,2073.0,43.079800498753116,1496.0,56.36774679728711,-10.0,2024,-86.0,2023,,,
39411,高知県 津野町,,city,8712.0,7258.0,6407.0,5291.0,5291.0,2020,-39.26767676767676,-27.101129787820334,4269.0,3396.0,2646.0,-49.990549990549994,2445.0,2198.0,-10.102249488752557,2.316651501364877,30.436760691537764,552.0,2351.0,2388.0,45.13324513324513,1501.0,56.727135298563866,-51.0,2024,-114.0,2023,,,
39412,高知県 四万十町,,city,26438.0,21844.0,18733.0,15607.0,15607.0,2020,-40.96754671306453,-28.55246291887933,12424.0,9872.0,7595.0,-51.33593900172999,8318.0,7130.0,-14.282279394085117,2.1273492286115006,36.64796633941094,1479.0,7061.0,6979.0,44.71711411546101,4110.0,54.11454904542462,-125.0,2024,-293.0,2023,,,
39424,高知県 大月町,,city,8865.0,6956.0,5783.0,4434.0,4434.0,2020,-49.98307952622674,-36.25646923519263,3406.0,2537.0,1807.0,-59.2467298150654,2851.0,2192.0,-23.114696597685025,1.9913321167883211,38.503649635036496,312.0,1946.0,2176.0,49.07532701849346,1132.0,62.64526840066409,-27.0,2024,-102.0,2023,,,
39427,高知県 三原村,,city,2195.0,1871.0,1681.0,1437.0,1437.0,2020,-34.53302961275626,-23.196151790486375,1161.0,930.0,721.0,-49.82602644398052,749.0,656.0,-12.416555407209618,2.0884146341463414,36.890243902439025,104.0,657.0,676.0,47.04244954766875,423.0,58.66851595006934,-20.0,2024,-32.0,2023,,,
39428,高知県 黒潮町,,city,16116.0,14208.0,12366.0,10262.0,10262.0,2020,-36.32414991312981,-27.773085585585587,8360.0,6567.0,4971.0,-51.5591502631066,5121.0,4590.0,-10.36906854130053,2.1549019607843136,33.94335511982571,891.0,4757.0,4614.0,44.96199571233678,2791.0,56.14564473948903,-52.0,2024,-219.0,2023,,,
40100,福岡県 北九州市,,city,1065078.0,1011471.0,976846.0,939029.0,939029.0,2020,-11.834720086228423,-7.162044191084071,873315.0,801253.0,728898.0,-22.377477159917312,406414.0,435364.0,7.12327823352541,2.089368895912386,40.87568103931423,109590.0,503800.0,286177.0,30.475842599110358,281862.0,38.66960809331347,-1808.0,2024,-7586.0,2023,,,
40101,福岡県 北九州市 門司区,,city,142222.0,114750.0,104469.0,93842.0,93842.0,2020,-34.01724065193852,-18.22047930283225,80657.0,67955.0,56667.0,-39.614458344877555,45575.0,43172.0,-5.2726275370268745,2.0958954878161773,38.36282775873251,9328.0,44413.0,34408.0,36.665885211312634,27719.0,48.91559461414933,-479.0,2024,-1287.0,2023,,,
40103,福岡県 北九州市 若松区,,city,87166.0,89560.0,85167.0,80533.0,80533.0,2020,-7.609618429204046,-10.079276462706567,73676.0,66033.0,58706.0,-27.103175095923415,32120.0,34042.0,5.983810709838111,2.288555314023853,32.662593267140586,10206.0,43336.0,26158.0,32.48109470651783,22896.0,39.001124246244,-85.0,2024,-724.0,2023,,,
40105,福岡県 北九州市 戸畑区,,city,80797.0,65045.0,61583.0,57494.0,57494.0,2020,-28.84141737935815,-11.60888615573834,51742.0,46707.0,41964.0,-27.011514244964697,27929.0,28500.0,2.0444699058326465,1.969859649122807,46.1859649122807,6286.0,32015.0,17824.0,31.00149580825825,15496.0,36.926889714993806,-318.0,2024,-490.0,2023,,,
40106,福岡県 北九州市 小倉北区,,city,217204.0,187684.0,181936.0,183407.0,183407.0,2020,-15.560026518848636,-2.2788303744591953,177919.0,169539.0,159049.0,-13.280845333057078,85011.0,96007.0,12.934796673371673,1.849052673242576,51.68998093888987,19473.0,99389.0,51082.0,27.85171776431652,57642.0,36.24166137479644,-6.0,2024,-1228.0,2023,,,
40107,福岡県 北九州市 小倉南区,,city,181740.0,213372.0,214793.0,209028.0,209028.0,2020,15.014856388246955,-2.0358809965693725,197177.0,183192.0,168463.0,-19.40649099642153,80163.0,90877.0,13.365268265908202,2.2254695907655404,35.42590534458664,26857.0,116317.0,59717.0,28.568899860305798,63913.0,37.93889459406516,-315.0,2024,-1246.0,2023,,,
40108,福岡県 北九州市 八幡東区,,city,107880.0,80608.0,71801.0,64792.0,64792.0,2020,-39.94067482387839,-19.62088130210401,57515.0,50604.0,44746.0,-30.93900481540931,33890.0,30317.0,-10.542933018589551,2.0527426856219284,41.41900583830854,6988.0,33385.0,23284.0,35.93653537473762,17701.0,39.55884324855853,-314.0,2024,-800.0,2023,,,
40109,福岡県 北九州市 八幡西区,,city,248069.0,260452.0,257097.0,249933.0,249933.0,2020,0.7514038432855363,-4.0387480226682815,234629.0,217223.0,199303.0,-20.257428990969583,101726.0,112449.0,10.54106128226806,2.1619134007416694,38.00567368318082,30452.0,134945.0,73704.0,29.489503186854076,76495.0,38.38125868652253,-291.0,2024,-1811.0,2023,,,
40130,福岡県 福岡市,,city,1088588.0,1341470.0,1463743.0,1612392.0,1612392.0,2020,48.11774518918084,20.195904492832483,1659766.0,1664570.0,1622565.0,0.6309259782980803,594861.0,830051.0,39.536967459625025,1.9025481566795293,51.95234991584854,204973.0,990298.0,338930.0,21.020322601451756,494977.0,30.505834897215212,8507.0,2024,-3012.0,2023,,,
40131,福岡県 福岡市 東区,,city,197197.0,269307.0,292199.0,322503.0,322503.0,2020,63.543563035948814,19.75292138711582,337419.0,342329.0,336456.0,4.326471381661556,114366.0,156161.0,36.54495217109981,2.0210359820954014,46.61791356356581,44624.0,198366.0,69637.0,21.592667355032354,103974.0,30.902703473856906,3059.0,2024,-533.0,2023,,,
40132,福岡県 福岡市 博多区,,city,162367.0,180722.0,212527.0,252034.0,252034.0,2020,55.22489175756158,39.459501333539905,264024.0,268105.0,261251.0,3.657046271534803,90776.0,154437.0,70.12976998325549,1.5989885843418352,66.06577439344198,24119.0,163022.0,41730.0,16.55728988945936,67399.0,25.798561536606556,480.0,2024,-51.0,2023,,,
40133,福岡県 福岡市 中央区,,city,123614.0,151602.0,178429.0,205501.0,205501.0,2020,66.24411474428462,35.55296104273032,216298.0,219891.0,215117.0,4.6792959644965215,82522.0,127259.0,54.21221007731272,1.600146158621394,65.29047061504491,20432.0,132168.0,34976.0,17.01986851645491,54134.0,25.164910258138594,1519.0,2024,-70.0,2023,,,
40134,福岡県 福岡市 南区,,city,211485.0,243039.0,247096.0,265583.0,265583.0,2020,25.58006478000805,9.275877534058319,269267.0,268060.0,260729.0,-1.8276772233162486,104999.0,128868.0,22.73259745330909,2.0188720240866624,46.25353074463792,36103.0,163020.0,60079.0,22.621553337374756,84142.0,32.271822467005975,1241.0,2024,-604.0,2023,,,
40135,福岡県 福岡市 西区,,city,393925.0,166676.0,193280.0,212579.0,212579.0,2020,-46.03566668782128,27.540257745566254,219753.0,220863.0,216215.0,1.7104229486449851,61579.0,95554.0,55.17302976664122,2.1579525713209287,40.957992339410175,30334.0,123786.0,49317.0,23.19937529106826,73565.0,34.024003885021855,384.0,2024,-602.0,2023,,,
40136,福岡県 福岡市 城南区,,city,,126468.0,128659.0,132864.0,132864.0,2020,,5.057405825979688,132957.0,130052.0,124969.0,-5.942166425818884,59194.0,67276.0,13.653410818664046,1.935578809679529,50.75807122896724,16709.0,78051.0,31170.0,23.460079479768787,42010.0,33.61633685153918,1098.0,2024,-480.0,2023,,,
40137,福岡県 福岡市 早良区,,city,,203656.0,211553.0,221328.0,221328.0,2020,,8.677377538594499,220048.0,215270.0,207828.0,-6.099544567338977,81425.0,100496.0,23.42155357691127,2.1537374621875496,40.22349148224805,32652.0,131885.0,52021.0,23.504030217595602,69753.0,33.562850049079046,726.0,2024,-672.0,2023,,,
40202,福岡県 大牟田市,,city,163000.0,138629.0,123638.0,111281.0,111281.0,2020,-31.72944785276074,-19.72747404944132,97436.0,84390.0,72520.0,-34.83164241874175,50781.0,49068.0,-3.3733089147515827,2.167909839406538,37.56419662509171,12194.0,56397.0,41290.0,37.104267574878016,31527.0,43.473524544953115,-637.0,2024,-1457.0,2023,,,
40203,福岡県 久留米市,,city,280291.0,304884.0,302402.0,303316.0,303316.0,2020,8.214676889375694,-0.514293960981882,293384.0,278386.0,260912.0,-13.980139524456348,106969.0,128397.0,20.03197187970347,2.2882076684034676,36.09663777191056,37877.0,160800.0,80051.0,26.39194767173509,97466.0,37.35589010854235,-401.0,2024,-1597.0,2023,,,
40204,福岡県 直方市,,city,62595.0,59182.0,57686.0,56212.0,56212.0,2020,-10.197300103842155,-5.018417762157412,52830.0,49018.0,45263.0,-19.47804739201594,21199.0,23601.0,11.330723147318267,2.2821490614804456,33.892631668149654,7336.0,29633.0,19005.0,33.80950686686116,16885.0,37.304199898371735,128.0,2024,-565.0,2023,,,
40205,福岡県 飯塚市,,city,135852.0,136701.0,131492.0,126364.0,126364.0,2020,-6.984070900686046,-7.561758875209401,118832.0,110039.0,101373.0,-19.776993447500868,51227.0,55562.0,8.462334315888098,2.1862243979698355,38.72250818905007,16215.0,68782.0,39727.0,31.43854262289893,36553.0,36.05792469395204,118.0,2024,-1061.0,2023,,,
40206,福岡県 田川市,,city,60077.0,54027.0,50605.0,46203.0,46203.0,2020,-23.093696422923916,-14.481648064856456,42135.0,38130.0,34421.0,-25.500508624981066,20928.0,20502.0,-2.035550458715596,2.1264266900790165,40.31314018144571,5711.0,23890.0,15939.0,34.497759885721706,12795.0,37.172075186659306,-72.0,2024,-476.0,2023,,,
40207,福岡県 柳川市,,city,82185.0,77612.0,71375.0,64475.0,64475.0,2020,-21.548944454584174,-16.926506210379845,56545.0,48763.0,41396.0,-35.79526948429624,22531.0,24050.0,6.741822378056894,2.5992099792099794,27.53846153846154,7632.0,34830.0,21580.0,33.470337340054286,18162.0,43.873804232292976,-175.0,2024,-696.0,2023,,,
40210,福岡県 八女市,,city,85078.0,76689.0,69057.0,60608.0,60608.0,2020,-28.76184207433179,-20.969108998682994,52813.0,44693.0,37097.0,-38.791908658922914,22055.0,22203.0,0.6710496486057593,2.604152591992073,25.838850605773995,7024.0,30942.0,22037.0,36.35988648363252,17038.0,45.92824217591719,-743.0,2024,-757.0,2023,,,
40211,福岡県 筑後市,,city,41698.0,47348.0,48512.0,48827.0,48827.0,2020,17.096743249076685,3.1236799864830633,47852.0,45989.0,43534.0,-10.840313760829046,14390.0,18700.0,29.951355107713695,2.54096256684492,27.74331550802139,7103.0,28176.0,13329.0,27.29842095561882,15375.0,35.31722331970414,-53.0,2024,-238.0,2023,,,
40212,福岡県 大川市,,city,49537.0,41338.0,37448.0,32988.0,32988.0,2020,-33.407352080263244,-20.19933233344623,28559.0,24480.0,20830.0,-36.85582636110101,12027.0,12897.0,7.233724120728358,2.484298674110258,30.317128014266885,3451.0,17544.0,11791.0,35.74330059415545,8709.0,41.80988958233317,-223.0,2024,-440.0,2023,,,
40213,福岡県 行橋市,,city,61838.0,69737.0,70468.0,71426.0,71426.0,2020,15.505029270028148,2.4219567804752096,69244.0,65631.0,61430.0,-13.994903816537397,24652.0,30405.0,23.33684893720591,2.27913172175629,32.75119223811873,9417.0,39439.0,21649.0,30.309691148881356,22781.0,37.08448640729286,87.0,2024,-441.0,2023,,,
40214,福岡県 豊前市,,city,31701.0,29133.0,27031.0,24391.0,24391.0,2020,-23.05920948865966,-16.277074108399415,20876.0,18019.0,15453.0,-36.644664015415515,10015.0,9857.0,-1.5776335496754834,2.329106218930709,30.780156234148322,2818.0,12298.0,9127.0,37.41953999426018,7025.0,45.46042839578075,-176.0,2024,-307.0,2023,,,
40215,福岡県 中間市,,city,48647.0,48032.0,44210.0,40362.0,40362.0,2020,-17.03085493452834,-15.968520986009327,35486.0,30492.0,26055.0,-35.446707298944546,17560.0,17331.0,-1.304100227790428,2.2618429403958227,32.62362241070914,4405.0,20583.0,15106.0,37.42629205688519,11042.0,42.37958165419305,-131.0,2024,-492.0,2023,,,
40216,福岡県 小郡市,,city,41057.0,54583.0,58499.0,59360.0,59360.0,2020,44.57948705458266,8.75180917135372,57867.0,55570.0,52689.0,-11.238207547169809,17232.0,22661.0,31.505338904363978,2.517717664710295,26.56105202771281,8115.0,33967.0,16834.0,28.35916442048518,19867.0,37.7061625766289,-322.0,2024,-322.0,2023,,,
40217,福岡県 筑紫野市,,city,57966.0,93049.0,100172.0,103311.0,103311.0,2020,78.22689162612566,11.028597835549014,104250.0,101548.0,97302.0,-5.816418387199818,32419.0,41798.0,28.930565409173624,2.3946600315804583,29.211924015503133,14813.0,60682.0,26417.0,25.5703652079643,34293.0,35.24387987913917,121.0,2024,-201.0,2023,,,
40218,福岡県 春日市,,city,65838.0,105219.0,106780.0,111023.0,111023.0,2020,68.63057808560407,5.516114009827122,108737.0,104862.0,99936.0,-9.986219071723879,38740.0,46365.0,19.682498709344355,2.353068047018225,32.02199935296021,16905.0,67730.0,24377.0,21.956711672356178,32874.0,32.895052833813644,-291.0,2024,-276.0,2023,,,
40219,福岡県 大野城市,,city,64109.0,89414.0,95087.0,102085.0,102085.0,2020,59.23661264409053,14.171158878922775,103506.0,102192.0,99002.0,-3.0200323260028417,33233.0,42738.0,28.601089278728974,2.332982357620853,32.84898685010997,15654.0,61537.0,22374.0,21.917029926042023,32777.0,33.10741197147532,1.0,2024,36.0,2023,,,
40220,福岡県 宗像市,,city,66985.0,92056.0,95501.0,97095.0,97095.0,2020,44.950362021348056,5.473842009211793,95170.0,91040.0,86259.0,-11.160203923991963,32278.0,40947.0,26.857302187248287,2.3094243778542993,32.986543580726305,13338.0,53601.0,28276.0,29.121993923477007,30299.0,35.125610081266885,211.0,2024,-516.0,2023,,,
40221,福岡県 太宰府市,,city,50273.0,66099.0,70482.0,73164.0,73164.0,2020,45.53338770314086,10.688512685517182,72643.0,71379.0,69619.0,-4.845279099010447,24007.0,30875.0,28.60832257258299,2.3019595141700404,33.20161943319838,10355.0,41044.0,20332.0,27.789623312011376,24968.0,35.86377282063805,355.0,2024,-350.0,2023,,,
40223,福岡県 古賀市,,city,35562.0,55476.0,57920.0,58786.0,58786.0,2020,65.30566334851808,5.966544091138504,57467.0,55831.0,53950.0,-8.22644847412649,18472.0,23564.0,27.566045907319193,2.426922424036666,28.22525886946189,8364.0,34049.0,16247.0,27.63753274589188,18827.0,34.89712696941613,107.0,2024,-277.0,2023,,,
40224,福岡県 福津市,,city,42131.0,55778.0,55431.0,67033.0,67033.0,2020,59.10612138330444,20.17820646132884,70965.0,72515.0,72626.0,8.343651634269689,18589.0,26469.0,42.390661143687126,2.4554762174619365,26.691601496089767,10984.0,36478.0,18887.0,28.175674667700985,24008.0,33.05703191694435,545.0,2024,-188.0,2023,,,
40225,福岡県 うきは市,,city,36762.0,34045.0,31640.0,27981.0,27981.0,2020,-23.886078015341926,-17.811719782640623,24376.0,20715.0,17235.0,-38.404631714377615,9639.0,10099.0,4.772279282083214,2.682047727497772,25.25002475492623,3377.0,13999.0,9876.0,35.29537900718345,8282.0,48.05337975050769,-97.0,2024,-316.0,2023,,,
40226,福岡県 宮若市,,city,33670.0,31225.0,30081.0,26298.0,26298.0,2020,-21.894861894861894,-15.779023218574862,23465.0,20802.0,18246.0,-30.61829796942733,10646.0,10491.0,-1.455945895171895,2.3572586026117626,31.922600324087313,3141.0,13393.0,9644.0,36.671990265419424,7315.0,40.09097884467829,-103.0,2024,-323.0,2023,,,
40227,福岡県 嘉麻市,,city,54703.0,48378.0,42589.0,35473.0,35473.0,2020,-35.15346507504159,-26.675348298813507,29008.0,23249.0,18118.0,-48.92453415273589,17238.0,14936.0,-13.354217426615623,2.2396223888591322,34.75495447241564,3893.0,17155.0,14340.0,40.42511205705748,9228.0,50.93277403686941,-245.0,2024,-473.0,2023,,,
40228,福岡県 朝倉市,,city,64623.0,61707.0,56355.0,50273.0,50273.0,2020,-22.205716231063242,-18.52950232550602,44400.0,38485.0,32828.0,-34.70053507847155,18498.0,19415.0,4.957292680289771,2.525727530260108,29.75534380633531,6071.0,26115.0,17523.0,34.85568794382671,14537.0,44.282319970756674,17.0,2024,-550.0,2023,,,
40229,福岡県 みやま市,,city,51413.0,45708.0,40732.0,35861.0,35861.0,2020,-30.24915877307296,-21.543274700271287,30888.0,25971.0,21323.0,-40.539862245893865,13010.0,13017.0,0.05380476556495761,2.6563724360451717,23.20043020665284,3992.0,18024.0,13749.0,38.33970051030367,9845.0,46.17080148196783,-140.0,2024,-503.0,2023,,,
40230,福岡県 糸島市,,city,66220.0,95040.0,98435.0,98877.0,98877.0,2020,49.315916641498035,4.037247474747474,98395.0,93243.0,87977.0,-11.023797243039335,28310.0,37721.0,33.24267043447544,2.559741258185096,24.975477850534187,13669.0,55280.0,29578.0,29.913933472900673,34539.0,39.259124543914886,754.0,2024,-598.0,2023,,,
40231,福岡県 那珂川市,,city,24840.0,45548.0,49780.0,50112.0,50112.0,2020,101.7391304347826,10.020198471941688,48809.0,47808.0,46437.0,-7.333572796934861,15097.0,19059.0,26.243624561171085,2.5978277978907602,22.834356472007975,8136.0,29916.0,11704.0,23.355683269476373,16323.0,35.150849538083854,-210.0,2024,-89.0,2023,,,
40341,福岡県 宇美町,,city,23966.0,38126.0,38592.0,37671.0,37671.0,2020,57.185179003588416,-1.193411320358806,35838.0,33280.0,31031.0,-17.626290780706643,11454.0,14049.0,22.65584075432163,2.5403231546729304,24.656559185707167,5331.0,21789.0,10408.0,27.628679886384756,10989.0,35.41297412265154,-61.0,2024,-227.0,2023,,,
40342,福岡県 篠栗町,,city,19662.0,29389.0,31318.0,31209.0,31209.0,2020,58.72749465974978,6.192793221953785,30253.0,29388.0,28299.0,-9.324233394213211,9740.0,12214.0,25.40041067761807,2.47330931717701,27.116423775994758,4654.0,18481.0,7985.0,25.58556826556442,10021.0,35.41114527015089,149.0,2024,-65.0,2023,,,
40343,福岡県 志免町,,city,32241.0,37794.0,43564.0,46377.0,46377.0,2020,43.84479389597098,22.709953960946173,47772.0,48156.0,47659.0,2.7643012700260927,13073.0,18985.0,45.22297865830338,2.396681590729523,30.718988675269948,7487.0,27314.0,11034.0,23.791965845138755,15273.0,32.04641305944313,-116.0,2024,-95.0,2023,,,
40344,福岡県 須恵町,,city,18546.0,25086.0,26044.0,28628.0,28628.0,2020,54.362126604119474,14.119429163676944,29480.0,29360.0,28983.0,1.2400447114712776,7874.0,10919.0,38.671577343154695,2.5432731935158897,26.980492719113474,4777.0,15750.0,7847.0,27.410227749056865,9546.0,32.9365490114895,114.0,2024,-53.0,2023,,,
40345,福岡県 新宮町,,city,13863.0,22431.0,24679.0,32927.0,32927.0,2020,137.51713193392482,46.79238553787171,34045.0,34126.0,33806.0,2.669541713487411,7705.0,12453.0,61.62232316677483,2.5953585481410104,25.59222677266522,6820.0,19912.0,6024.0,18.2950162480639,10099.0,29.873395255280126,-125.0,2024,-54.0,2023,,,
40348,福岡県 久山町,,city,7657.0,7640.0,8373.0,9068.0,9068.0,2020,18.42758260415307,18.69109947643979,9423.0,9639.0,9712.0,7.101896779885308,2312.0,3271.0,41.479238754325266,2.6976459798226844,24.94649954142464,1511.0,5048.0,2471.0,27.24966916629907,3046.0,31.36326194398682,82.0,2024,-46.0,2023,,,
40349,福岡県 粕屋町,,city,26810.0,34811.0,41997.0,48190.0,48190.0,2020,79.74636329727713,38.433253856539594,50747.0,52525.0,52690.0,9.338036937123896,12620.0,19886.0,57.57527733755943,2.4018907774313587,31.972241778135373,8617.0,30431.0,8514.0,17.66756588503839,14121.0,26.800151831467073,-138.0,2024,143.0,2023,,,
40381,福岡県 芦屋町,,city,18934.0,15827.0,15369.0,13545.0,13545.0,2020,-28.462025985000526,-14.418398938522781,11651.0,9919.0,8281.0,-38.86304909560724,5679.0,5566.0,-1.9897869343194263,2.260330578512397,33.54293927416457,1645.0,7531.0,4363.0,32.211148025101515,3531.0,42.63977780461297,-49.0,2024,-126.0,2023,,,
40382,福岡県 水巻町,,city,27196.0,31623.0,30021.0,28114.0,28114.0,2020,3.3754963965288987,-11.096353919615465,25679.0,22887.0,20139.0,-28.36665006758199,11487.0,12292.0,7.007921998781241,2.2312072892938497,33.98145135047185,3500.0,15191.0,9305.0,33.09738920110977,7974.0,39.59481602860122,80.0,2024,-202.0,2023,,,
40383,福岡県 岡垣町,,city,25327.0,30417.0,32119.0,31007.0,31007.0,2020,22.426659296403038,1.9397047703586745,29308.0,27264.0,25375.0,-18.16364046828136,10099.0,12077.0,19.586097633429045,2.456321934255196,25.320857828931025,4075.0,16217.0,10309.0,33.24733124778276,9920.0,39.0935960591133,160.0,2024,-253.0,2023,,,
40384,福岡県 遠賀町,,city,14188.0,19309.0,19160.0,18723.0,18723.0,2020,31.963631237665634,-3.0348542130612666,17363.0,15721.0,14203.0,-24.14143032633659,6267.0,7542.0,20.34466251795117,2.409307875894988,26.107133386369664,2387.0,9789.0,6497.0,34.700635581904606,5590.0,39.35788213757657,47.0,2024,-171.0,2023,,,
40401,福岡県 小竹町,,city,11228.0,9730.0,8602.0,7151.0,7151.0,2020,-36.31100819380121,-26.505652620760532,5960.0,4819.0,3742.0,-47.67165431408195,3596.0,3191.0,-11.262513904338157,2.1266060795988717,37.29238483234096,605.0,3523.0,3021.0,42.24583974269333,1999.0,53.4206306787814,7.0,2024,-124.0,2023,,,
40402,福岡県 鞍手町,,city,19079.0,19266.0,17088.0,15080.0,15080.0,2020,-20.96021804077782,-21.727395411605944,12972.0,10746.0,8719.0,-42.181697612732094,6669.0,6235.0,-6.507722297195984,2.334402566158781,31.018444266238976,1653.0,7501.0,5915.0,39.224137931034484,4191.0,48.06743892648239,-51.0,2024,-196.0,2023,,,
40421,福岡県 桂川町,,city,12780.0,14760.0,13863.0,12878.0,12878.0,2020,0.7668231611893672,-12.750677506775066,11440.0,10051.0,8715.0,-32.32644820624321,4993.0,5111.0,2.363308632084915,2.4247701036979064,28.46801017413422,1618.0,6690.0,4523.0,35.12191334058083,3606.0,41.37693631669535,-16.0,2024,-124.0,2023,,,
40447,福岡県 筑前町,,city,22273.0,28926.0,29155.0,29591.0,29591.0,2020,32.85592421317289,2.2989697849685298,29043.0,27686.0,26064.0,-11.91916461086141,8156.0,10597.0,29.928886709171152,2.6673586864206853,22.86496178163631,4128.0,16156.0,9238.0,31.218951708289683,10004.0,38.38244321669736,402.0,2024,-202.0,2023,,,
40448,福岡県 東峰村,,city,3594.0,2948.0,2432.0,1899.0,1899.0,2020,-47.16193656093489,-35.58344640434192,1472.0,1126.0,820.0,-56.81937862032649,853.0,694.0,-18.640093786635404,2.5951008645533142,27.089337175792505,184.0,846.0,869.0,45.76092680358083,483.0,58.90243902439024,-39.0,2024,-46.0,2023,,,
40503,福岡県 大刀洗町,,city,13203.0,15227.0,15284.0,15521.0,15521.0,2020,17.556615920624097,1.9307808498062684,15429.0,14634.0,13781.0,-11.210617872559759,4091.0,5593.0,36.714739672451714,2.661183622385124,24.04791703915609,2339.0,8798.0,4351.0,28.032987565234198,4809.0,34.89587112691387,34.0,2024,-82.0,2023,,,
40522,福岡県 大木町,,city,12721.0,13862.0,14350.0,13820.0,13820.0,2020,8.639257919974842,-0.3029865820227906,12553.0,11361.0,10259.0,-25.767004341534005,3837.0,4762.0,24.107375553818077,2.8366232675346494,20.453590928181438,2097.0,7666.0,4036.0,29.204052098408106,4246.0,41.38804951749683,18.0,2024,-99.0,2023,,,
40544,福岡県 広川町,,city,17154.0,19779.0,20253.0,19969.0,19969.0,2020,16.410166724962117,0.9606147934678289,18917.0,17651.0,16184.0,-18.954379287896238,5906.0,7455.0,26.227565187944467,2.540040241448692,30.7981220657277,2671.0,10991.0,6002.0,30.056587710951977,6571.0,40.60182896688087,-20.0,2024,-140.0,2023,,,
40601,福岡県 香春町,,city,14716.0,13104.0,11685.0,10191.0,10191.0,2020,-30.748844794781192,-22.229853479853478,8680.0,7169.0,5798.0,-43.10666274163477,4680.0,4318.0,-7.73504273504273,2.244789254284391,33.41824918943955,1135.0,4795.0,4238.0,41.58571288391718,2871.0,49.51707485339772,-41.0,2024,-187.0,2023,,,
40602,福岡県 添田町,,city,16196.0,12750.0,10909.0,8801.0,8801.0,2020,-45.65942207952581,-30.972549019607843,7102.0,5550.0,4205.0,-52.22133848426316,4486.0,3700.0,-17.521176995095857,2.245135135135135,33.108108108108105,856.0,4018.0,3926.0,44.608567208271786,2361.0,56.1474435196195,-38.0,2024,-185.0,2023,,,
40604,福岡県 糸田町,,city,10872.0,10469.0,9617.0,8407.0,8407.0,2020,-22.672921265636493,-19.696246059795584,7387.0,6330.0,5333.0,-36.56476745569168,3927.0,3640.0,-7.3083778966131945,2.1857142857142855,38.24175824175824,1135.0,4055.0,3215.0,38.24194123944332,2331.0,43.70898181136321,-44.0,2024,-137.0,2023,,,
40605,福岡県 川崎町,,city,22872.0,20190.0,18264.0,15176.0,15176.0,2020,-33.648128716334384,-24.834076275383854,12414.0,9795.0,7469.0,-50.784132841328415,7749.0,6883.0,-11.175635565879471,2.1076565451111433,40.418422199622256,1787.0,7456.0,5932.0,39.08803373748023,3989.0,53.4074173249431,-151.0,2024,-276.0,2023,,,
40608,福岡県 大任町,,city,6653.0,5943.0,5503.0,5008.0,5008.0,2020,-24.725687659702388,-15.732794884738343,4533.0,4044.0,3500.0,-30.11182108626198,2134.0,2025.0,-5.107778819119025,2.281975308641975,33.827160493827165,731.0,2327.0,1948.0,38.897763578274756,1414.0,40.400000000000006,48.0,2024,-72.0,2023,,,
40609,福岡県 赤村,,city,3853.0,3636.0,3251.0,2774.0,2774.0,2020,-28.004152608357124,-23.707370737073706,2398.0,2037.0,1692.0,-39.005046863734684,1163.0,1065.0,-8.426483233018056,2.4704225352112674,27.042253521126757,352.0,1301.0,1119.0,40.33886085075703,812.0,47.99054373522459,2.0,2024,-52.0,2023,,,
40610,福岡県 福智町,,city,26104.0,26375.0,24714.0,21398.0,21398.0,2020,-18.027888446215133,-18.870142180094785,18231.0,15396.0,12586.0,-41.18141882418917,8842.0,8453.0,-4.39945713639448,2.3280492132970543,33.266295989589494,2691.0,10637.0,8066.0,37.69511169268156,6207.0,49.31670109645638,5.0,2024,-312.0,2023,,,
40621,福岡県 苅田町,,city,31155.0,35604.0,36005.0,37684.0,37684.0,2020,20.95650778366234,5.842040220199984,37442.0,36299.0,34551.0,-8.313873261861794,13858.0,17684.0,27.60860152980229,2.0807509613209683,44.90499886903416,5185.0,21919.0,8879.0,23.561723808512898,10976.0,31.767532054065008,-231.0,2024,-83.0,2023,,,
40625,福岡県 みやこ町,,city,26073.0,23767.0,21572.0,18825.0,18825.0,2020,-27.798872396732254,-20.79353725754197,15564.0,12743.0,10206.0,-45.78486055776892,7763.0,7310.0,-5.8353729228391105,2.4214774281805744,26.388508891928865,1907.0,8998.0,7915.0,42.04515272244356,5406.0,52.968841857730744,-56.0,2024,-259.0,2023,,,
40642,福岡県 吉富町,,city,7749.0,7188.0,6792.0,6536.0,6536.0,2020,-15.653632726803457,-9.070673344462998,5962.0,5397.0,4875.0,-25.413096695226432,2532.0,2658.0,4.976303317535535,2.387509405568096,28.480060195635815,853.0,3540.0,2115.0,32.35924112607099,1939.0,39.774358974358975,-43.0,2024,-66.0,2023,,,
40646,福岡県 上毛町,,city,8780.0,8296.0,7852.0,7251.0,7251.0,2020,-17.414578587699314,-12.596432015429126,6532.0,5807.0,5185.0,-28.492621707350708,2720.0,2788.0,2.499999999999991,2.509325681492109,24.748923959827835,984.0,3651.0,2615.0,36.06399117363122,2208.0,42.58437801350048,-2.0,2024,-79.0,2023,,,
40647,福岡県 築上町,,city,25699.0,21848.0,19544.0,17189.0,17189.0,2020,-33.11412895443403,-21.324606371292564,14522.0,12060.0,9865.0,-42.608645063703534,7580.0,6920.0,-8.70712401055409,2.305057803468208,31.184971098265894,1911.0,8650.0,6566.0,38.19884810052941,4535.0,45.9706031424227,-891.0,2024,-270.0,2023,,,
41201,佐賀県 佐賀市,,city,236029.0,243076.0,237506.0,233301.0,233301.0,2020,-1.1557901783255442,-4.02137603054189,222225.0,208991.0,194311.0,-16.712315849481996,84727.0,96522.0,13.92118214972795,2.329137398727751,35.86539856198587,30064.0,129142.0,64802.0,27.77613469295031,72743.0,37.436377765540804,-444.0,2024,-1536.0,2023,,,
41202,佐賀県 唐津市,,city,142224.0,134144.0,126926.0,117373.0,117373.0,2020,-17.473140960737986,-12.502236402671752,103933.0,91762.0,80289.0,-31.595000553790054,42362.0,44011.0,3.892639629856953,2.560064529322215,29.269955238463112,16016.0,62594.0,38363.0,32.68468898298587,33644.0,41.9036231613297,-396.0,2024,-1189.0,2023,,,
41203,佐賀県 鳥栖市,,city,54254.0,60726.0,69074.0,74196.0,74196.0,2020,36.75673683046412,22.181602608437913,75395.0,74614.0,72385.0,-2.4408323898862494,20341.0,29709.0,46.05476623568163,2.4048268201555083,33.30303948298495,11203.0,43865.0,17938.0,24.1765054719931,24347.0,33.635421703391586,29.0,2024,-290.0,2023,,,
41204,佐賀県 多久市,,city,25636.0,23949.0,21404.0,18295.0,18295.0,2020,-28.63551256046185,-23.608501398805792,15546.0,12881.0,10306.0,-43.667668761956826,7289.0,6738.0,-7.55933598573193,2.5868210151380233,26.966458889878304,2110.0,9416.0,6753.0,36.91172451489478,5120.0,49.67979817581991,-488.0,2024,-199.0,2023,,,
41205,佐賀県 伊万里市,,city,61243.0,59143.0,57161.0,52629.0,52629.0,2020,-14.065280930065482,-11.013983058011934,46271.0,40992.0,35675.0,-32.214178494746236,18588.0,19915.0,7.139014417904033,2.551795129299523,29.640974140095405,7293.0,28119.0,16919.0,32.14767523608657,14887.0,41.72950245269797,-234.0,2024,-406.0,2023,,,
41206,佐賀県 武雄市,,city,53156.0,53068.0,50699.0,47914.0,47914.0,2020,-9.86153961923395,-9.712067535991553,44423.0,40607.0,36558.0,-23.700797261760652,15885.0,17554.0,10.506767390620087,2.6328472143101287,27.58345676199157,6547.0,25940.0,15064.0,31.439662729056227,14576.0,39.870890092455824,-115.0,2024,-328.0,2023,,,
41207,佐賀県 鹿島市,,city,35006.0,33215.0,30720.0,27892.0,27892.0,2020,-20.32223047477575,-16.02589191630287,24175.0,20856.0,17646.0,-36.734547540513404,9806.0,10006.0,2.0395676116663264,2.728163102138717,24.78512892264641,3784.0,14918.0,9141.0,32.77283808977485,7700.0,43.635951490422755,-148.0,2024,-198.0,2023,,,
41208,佐賀県 小城市,,city,37839.0,45375.0,45133.0,43952.0,43952.0,2020,16.155289516107718,-3.136088154269967,41225.0,37894.0,34241.0,-22.094557699308336,13186.0,15862.0,20.294251478841186,2.718194426932291,22.538141470180307,6124.0,24623.0,12599.0,28.665362213323625,13204.0,38.56195788674396,58.0,2024,-242.0,2023,,,
41209,佐賀県 嬉野市,,city,32759.0,31324.0,28984.0,25848.0,25848.0,2020,-21.09649256692817,-17.48180309028221,22598.0,19404.0,16149.0,-37.52321262766946,9255.0,9092.0,-1.7612101566720662,2.660910690717114,27.507699076110864,3225.0,13334.0,9219.0,35.66620241411328,7470.0,46.256734163106074,-49.0,2024,-243.0,2023,,,
41210,佐賀県 神埼市,,city,31815.0,33648.0,32899.0,31022.0,31022.0,2020,-2.4925349677824893,-7.804327151688062,28759.0,26154.0,23364.0,-24.685706917671336,10075.0,11413.0,13.280397022332501,2.6273547708753178,26.592482257075268,3934.0,16890.0,9762.0,31.46799045838437,9318.0,39.88186954288649,-95.0,2024,-307.0,2023,,,
41327,佐賀県 吉野ヶ里町,,city,14506.0,16042.0,16405.0,16323.0,16323.0,2020,12.52585137184614,1.7516519137264597,15813.0,15034.0,14114.0,-13.533051522391714,4844.0,6084.0,25.598678777869523,2.565910585141354,28.007889546351084,2430.0,9759.0,3970.0,24.321509526435094,4462.0,31.614000283406547,20.0,2024,-30.0,2023,,,
41341,佐賀県 基山町,,city,11501.0,19176.0,17837.0,17250.0,17250.0,2020,49.98695765585601,-10.04380475594493,16199.0,14650.0,13129.0,-23.889855072463774,5562.0,6733.0,21.05357784969435,2.4890836180008913,26.080499034605676,2169.0,9595.0,5344.0,30.979710144927537,5108.0,38.90623809886511,106.0,2024,-106.0,2023,,,
41345,佐賀県 上峰町,,city,6682.0,8672.0,9224.0,9286.0,9286.0,2020,38.97036815324753,7.080258302583031,9056.0,8575.0,7991.0,-13.945724746930866,2626.0,3594.0,36.86214775323686,2.548970506399555,28.547579298831387,1391.0,5258.0,2422.0,26.08227439155718,3017.0,37.754974346139406,55.0,2024,-26.0,2023,,,
41346,佐賀県 みやき町,,city,27757.0,28176.0,26175.0,25511.0,25511.0,2020,-8.091652556111972,-9.458404315729696,24884.0,22901.0,20920.0,-17.996158519854177,8225.0,9195.0,11.793313069908805,2.649483414899402,23.610657966286023,3337.0,13258.0,8842.0,34.659558621771005,8052.0,38.489483747609945,219.0,2024,-181.0,2023,,,
41387,佐賀県 玄海町,,city,7463.0,6986.0,6379.0,5609.0,5609.0,2020,-24.842556612622268,-19.710850271972514,4830.0,4092.0,3332.0,-40.59547156355857,1958.0,1926.0,-1.6343207354443279,2.6936656282450673,37.48701973001039,610.0,3081.0,1774.0,31.62774113032626,1651.0,49.54981992797119,-68.0,2024,-64.0,2023,,,
41401,佐賀県 有田町,,city,23495.0,22314.0,20929.0,19010.0,19010.0,2020,-19.08916790806554,-14.806847718920856,16691.0,14305.0,11980.0,-36.98053655970542,6870.0,6957.0,1.266375545851539,2.6363375017967514,24.723300273106226,2433.0,9841.0,6717.0,35.33403471856917,5610.0,46.828046744574294,-109.0,2024,-196.0,2023,,,
41423,佐賀県 大町町,,city,9776.0,8503.0,7369.0,6293.0,6293.0,2020,-35.62806873977087,-25.9908267670234,5346.0,4442.0,3577.0,-43.15906562847609,2923.0,2443.0,-16.42148477591515,2.431027425296766,29.84036021285305,643.0,3072.0,2566.0,40.77546480216113,1767.0,49.398937657254685,-17.0,2024,-91.0,2023,,,
41424,佐賀県 江北町,,city,9732.0,9584.0,9515.0,9566.0,9566.0,2020,-1.705713111385121,-0.18781302170284286,9251.0,8828.0,8313.0,-13.098473761237717,2717.0,3421.0,25.910931174089068,2.722011107863198,24.378836597486114,1434.0,5366.0,2723.0,28.465398285594816,2951.0,35.49861662456394,35.0,2024,-28.0,2023,,,
41425,佐賀県 白石町,,city,31790.0,28393.0,25607.0,22051.0,22051.0,2020,-30.635419943378416,-22.336491388722568,18671.0,15557.0,12558.0,-43.050201804906806,7369.0,7221.0,-2.008413624643779,2.923694779116466,19.997230300512395,2605.0,11436.0,7984.0,36.206974740374584,6199.0,49.36295588469501,-145.0,2024,-264.0,2023,,,
41441,佐賀県 太良町,,city,12911.0,11140.0,9842.0,8121.0,8121.0,2020,-37.10014716133529,-27.100538599640934,6615.0,5259.0,4035.0,-50.31400073882526,2998.0,2777.0,-7.3715810540360245,2.818869283399352,22.578321930140437,889.0,4072.0,3159.0,38.899150350942,2140.0,53.03593556381661,-80.0,2024,-131.0,2023,,,
42201,長崎県 長崎市,,city,502799.0,470135.0,443766.0,409118.0,409118.0,2020,-18.631898631461084,-12.97861252618928,362388.0,321182.0,280138.0,-31.526356699045266,182831.0,186988.0,2.2736844408223877,2.1167401116649196,38.8666652405502,46771.0,223535.0,132604.0,32.41216470553728,118727.0,42.38161191983951,-1794.0,2024,-3797.0,2023,,,
42202,長崎県 佐世保市,,city,288231.0,274399.0,261101.0,243223.0,243223.0,2020,-15.615253043565748,-11.36155744007813,214031.0,189500.0,165944.0,-31.772899766880602,101151.0,103624.0,2.444859665252941,2.2225546205512234,36.050528835018916,31507.0,131710.0,77173.0,31.729318362161475,66685.0,40.18524321457841,-1694.0,2024,-2000.0,2023,,,
42203,長崎県 島原市,,city,58890.0,51563.0,47455.0,43338.0,43338.0,2020,-26.408558329088127,-15.951360471656029,38057.0,32543.0,27091.0,-37.48903964188472,16942.0,16966.0,0.14165978042735006,2.418719792526229,31.745844630437347,5462.0,22194.0,15523.0,35.81845032073469,12914.0,47.66896755380016,-230.0,2024,-478.0,2023,,,
42204,長崎県 諫早市,,city,127339.0,144299.0,140752.0,133852.0,133852.0,2020,5.114693848703067,-7.23982841183931,122373.0,108568.0,93988.0,-29.78214744643337,47599.0,53050.0,11.451921258849973,2.419641847313855,29.33459000942507,17924.0,75013.0,40900.0,30.556136628515073,41345.0,43.98965825424522,253.0,2024,-1024.0,2023,,,
42205,長崎県 大村市,,city,65538.0,84414.0,90517.0,95397.0,95397.0,2020,45.55982788611188,13.010874973345654,94602.0,90556.0,85005.0,-10.89342432151954,29105.0,38846.0,33.46847620683731,2.3650054059620036,31.841116202440407,14964.0,55134.0,24034.0,25.19366437099699,31399.0,36.93782718663608,1126.0,2024,-196.0,2023,,,
42207,長崎県 平戸市,,city,50849.0,41586.0,34905.0,29365.0,29365.0,2020,-42.25058506558634,-29.387293800798343,24083.0,18999.0,14473.0,-50.7134343606334,13714.0,11962.0,-12.775266151378151,2.3540377863233575,32.929276040795855,3382.0,13778.0,12151.0,41.37919291673761,7562.0,52.24901540800111,-207.0,2024,-458.0,2023,,,
42208,長崎県 松浦市,,city,32478.0,28370.0,25145.0,21271.0,21271.0,2020,-34.50643512531559,-25.02291152626014,17275.0,13944.0,10888.0,-48.8129378026421,9360.0,8762.0,-6.388888888888888,2.3595069618808493,34.1132161606939,2575.0,10573.0,7843.0,36.87179728268535,5306.0,48.732549595885374,-232.0,2024,-295.0,2023,,,
42209,長崎県 対馬市,,city,50810.0,41230.0,34407.0,28502.0,28502.0,2020,-43.90474316079512,-30.870725200097016,22565.0,17705.0,13326.0,-53.245386288681495,14993.0,12642.0,-15.68065097045288,2.1641354216105047,36.521120075937354,3311.0,14166.0,10989.0,38.55518910953617,6841.0,51.33573465405973,-332.0,2024,-381.0,2023,,,
42210,長崎県 壱岐市,,city,41035.0,33538.0,29377.0,24948.0,24948.0,2020,-39.20311928841234,-25.612737789969586,20311.0,16532.0,13199.0,-47.09395542728876,10635.0,9706.0,-8.735307945463088,2.4983515351329073,30.898413352565424,3213.0,12062.0,9640.0,38.64037197370531,6651.0,50.39018107432381,-218.0,2024,-374.0,2023,,,
42211,長崎県 五島市,,city,60947.0,48533.0,40622.0,34391.0,34391.0,2020,-43.57228411570709,-29.138936393793912,28487.0,22882.0,17632.0,-48.73077258585094,19914.0,16387.0,-17.711157979311043,1.9991456642460488,38.96381277842192,3611.0,16677.0,14002.0,40.71414032741124,9616.0,54.53720508166969,-238.0,2024,-564.0,2023,,,
42212,長崎県 西海市,,city,41064.0,35288.0,31176.0,26275.0,26275.0,2020,-36.014513929475946,-25.54126048515076,20934.0,16641.0,12827.0,-51.181731684110375,12300.0,11131.0,-9.504065040650412,2.2564010421345793,36.12433743598958,2836.0,13084.0,10182.0,38.751665080875355,6468.0,50.42488500818586,-308.0,2024,-397.0,2023,,,
42213,長崎県 雲仙市,,city,58861.0,52230.0,47245.0,41096.0,41096.0,2020,-30.181274528125577,-21.31725062224775,35121.0,29313.0,23609.0,-42.55158652910259,15609.0,15008.0,-3.8503427509769983,2.6205357142857144,27.425373134328357,4914.0,21437.0,14677.0,35.71393809616508,11732.0,49.69291371934432,-110.0,2024,-450.0,2023,,,
42214,長崎県 南島原市,,city,66556.0,57045.0,50363.0,42330.0,42330.0,2020,-36.399423042250135,-25.795424664738363,34149.0,27035.0,20627.0,-51.27096621781242,17447.0,15922.0,-8.740757723390846,2.5361135535736716,25.945233010928277,4735.0,20469.0,17109.0,40.41814316087881,11743.0,56.930237067920686,-354.0,2024,-654.0,2023,,,
42307,長崎県 長与町,,city,28824.0,40356.0,42535.0,40780.0,40780.0,2020,41.47932278656674,1.0506492219248598,37049.0,32295.0,27295.0,-33.06768023540951,13505.0,15981.0,18.333950388744903,2.4984043551717665,23.20881046242413,5932.0,23607.0,11105.0,27.23148602256008,11875.0,43.50613665506503,-158.0,2024,-162.0,2023,,,
42308,長崎県 時津町,,city,20377.0,28065.0,30110.0,29339.0,29339.0,2020,43.98095892427738,4.539461963299485,27352.0,24528.0,21524.0,-26.63689968983265,9157.0,11407.0,24.571366167958942,2.4470062242482684,26.229508196721312,4532.0,16883.0,7859.0,26.78687071815672,8716.0,40.49433190856718,-246.0,2024,-80.0,2023,,,
42321,長崎県 東彼杵町,,city,10353.0,10026.0,8903.0,7721.0,7721.0,2020,-25.422582826233942,-22.990225413923792,6467.0,5229.0,4073.0,-47.24776583344127,2767.0,2687.0,-2.891217925551137,2.6784518049869743,23.334573874209156,853.0,3855.0,2991.0,38.73850537495143,2259.0,55.46280383010066,5.0,2024,-115.0,2023,,,
42322,長崎県 川棚町,,city,14479.0,15325.0,14651.0,13377.0,13377.0,2020,-7.611022860694794,-12.71125611745514,11636.0,9883.0,8232.0,-38.46153846153846,4989.0,5177.0,3.768290238524763,2.4948812053312728,27.98918292447363,1723.0,7195.0,4411.0,32.974508484712565,3873.0,47.04810495626822,-83.0,2024,-125.0,2023,,,
42323,長崎県 波佐見町,,city,15498.0,15462.0,15227.0,14291.0,14291.0,2020,-7.788101690540716,-7.573405768982022,12995.0,11479.0,9942.0,-30.431740256105243,4308.0,4988.0,15.784586815227474,2.78728949478749,20.930232558139537,1968.0,7676.0,4598.0,32.17409558463368,4184.0,42.08408770871052,52.0,2024,-119.0,2023,,,
42383,長崎県 小値賀町,,city,5684.0,3765.0,2849.0,2288.0,2288.0,2020,-59.746657283603085,-39.22974767596281,1732.0,1300.0,963.0,-57.91083916083917,1452.0,1123.0,-22.658402203856753,1.9697239536954585,42.653606411398044,196.0,930.0,1162.0,50.786713286713294,537.0,55.7632398753894,-13.0,2024,-54.0,2023,,,
42391,長崎県 佐々町,,city,11812.0,13335.0,13599.0,13912.0,13912.0,2020,17.778530308161187,4.326959130108743,13400.0,12184.0,11017.0,-20.809373202990223,4446.0,5405.0,21.569950517318937,2.4941720629047177,27.27104532839963,2321.0,7650.0,3922.0,28.191489361702125,4128.0,37.46936552600527,-48.0,2024,-14.0,2023,,,
42411,長崎県 新上五島町,,city,38140.0,27559.0,22074.0,17503.0,17503.0,2020,-54.10854745673833,-36.48898726368881,13616.0,10074.0,7024.0,-59.86973661658001,10761.0,8368.0,-22.23771024997677,2.010635755258126,37.631453154875715,1573.0,8449.0,7478.0,42.724104439238985,4448.0,63.32574031890661,-168.0,2024,-330.0,2023,,,
43100,熊本県 熊本市,,city,619236.0,720816.0,734474.0,738865.0,738865.0,2020,19.31880575418741,2.5039677254666826,720627.0,689390.0,648196.0,-12.271389225365937,277181.0,326140.0,17.66318759222314,2.20145336358619,39.24970871404918,99199.0,429187.0,191066.0,25.859392446522705,231515.0,35.71682022104425,1345.0,2024,-2833.0,2023,,,
43101,熊本県 熊本市 中央区,,city,,,,187502.0,187502.0,2020,,,185333.0,179189.0,169200.0,-9.760962549732799,,99723.0,,1.830921652978751,54.91611764587908,20774.0,114452.0,42812.0,22.832823116553424,56005.0,33.099881796690305,415.0,2024,-729.0,2023,,,
43102,熊本県 熊本市 東区,,city,,,,189524.0,189524.0,2020,,,184683.0,176098.0,165521.0,-12.664886768958016,,80268.0,,2.301103802262421,34.44336472816067,28048.0,112036.0,45768.0,24.14892045334628,59170.0,35.747729895300296,-134.0,2024,-429.0,2023,,,
43103,熊本県 熊本市 西区,,city,,,,91177.0,91177.0,2020,,,87405.0,82819.0,77594.0,-14.89739736995076,,39675.0,,2.229010712035287,37.865154379332076,10822.0,50806.0,27524.0,30.187437621329945,29002.0,37.3766012836044,827.0,2024,-637.0,2023,,,
43104,熊本県 熊本市 南区,,city,,,,130829.0,130829.0,2020,,,133018.0,132135.0,128236.0,-1.9819764731061174,,49813.0,,2.5427900347298897,26.986931122397767,20812.0,73626.0,34600.0,26.44673581545376,43870.0,34.21036214479553,580.0,2024,-389.0,2023,,,
43105,熊本県 熊本市 北区,,city,,,,139833.0,139833.0,2020,,,130188.0,119149.0,107645.0,-23.018886814986452,,56661.0,,2.393039303930393,30.23596477294788,18743.0,78267.0,40362.0,28.86443114286327,43468.0,40.38088160156069,-343.0,2024,-649.0,2023,,,
43202,熊本県 八代市,,city,150389.0,140655.0,132266.0,123067.0,123067.0,2020,-18.167552148095933,-12.50435462656856,111165.0,98891.0,86864.0,-29.417309270559944,45863.0,48996.0,6.831214704663879,2.4048289656298474,32.22916156420933,14679.0,65046.0,42131.0,34.23419763218409,35919.0,41.35084730152882,-772.0,2024,-1306.0,2023,,,
43203,熊本県 人吉市,,city,42236.0,38814.0,35611.0,31108.0,31108.0,2020,-26.347191968936457,-19.85366105013655,26887.0,23011.0,19186.0,-38.32454674038832,13998.0,13236.0,-5.443634804972142,2.2273345421577515,35.53188274403143,3709.0,15261.0,11649.0,37.44695898161245,9270.0,48.316480767226096,-163.0,2024,-404.0,2023,,,
43204,熊本県 荒尾市,,city,61485.0,56905.0,55321.0,50832.0,50832.0,2020,-17.326177116369845,-10.672172919778578,44972.0,40017.0,35395.0,-30.368665407617247,19454.0,20712.0,6.4665364449470575,2.356749710312862,30.320587099266127,6383.0,26066.0,18248.0,35.89864652187598,14595.0,41.23463766068654,-93.0,2024,-524.0,2023,,,
43205,熊本県 水俣市,,city,37150.0,31147.0,26978.0,23557.0,23557.0,2020,-36.58950201884254,-24.36831797604906,19372.0,15812.0,12700.0,-46.088211571931915,11574.0,10083.0,-12.88232244686366,2.1997421402360406,34.15650104135674,2673.0,11219.0,9624.0,40.85409856942734,6270.0,49.37007874015748,-177.0,2024,-338.0,2023,,,
43206,熊本県 玉名市,,city,72324.0,73051.0,69541.0,64292.0,64292.0,2020,-11.105580443559537,-11.990253384621708,58160.0,51773.0,45585.0,-29.096932744353886,23051.0,25197.0,9.30979133226324,2.465293487319919,30.531412469738463,7960.0,34050.0,21983.0,34.192434517513846,18485.0,40.550619721399585,-354.0,2024,-648.0,2023,,,
43208,熊本県 山鹿市,,city,62839.0,59491.0,55391.0,49025.0,49025.0,2020,-21.983163322140708,-17.592577028458088,42061.0,35908.0,30205.0,-38.38857725650179,18915.0,19013.0,0.5181073222310317,2.49313627518014,28.233314048282754,5867.0,24416.0,18601.0,37.94186639469658,14061.0,46.55189538155934,-75.0,2024,-546.0,2023,,,
43210,熊本県 菊池市,,city,49527.0,52636.0,50194.0,46416.0,46416.0,2020,-6.281422254527835,-11.817007371380805,41825.0,37336.0,32894.0,-29.132195794553606,15868.0,17510.0,10.347869926896891,2.5603655054254713,28.006853226727586,6100.0,24328.0,15807.0,34.05506721820062,13461.0,40.9223566607892,125.0,2024,-480.0,2023,,,
43211,熊本県 宇土市,,city,32954.0,37255.0,37727.0,36122.0,36122.0,2020,9.613400497663417,-3.041202523151254,33626.0,30882.0,28006.0,-22.468301865898898,11583.0,13453.0,16.144349477682816,2.601724522411358,25.6299710101836,4863.0,20084.0,10885.0,30.13399036598195,11309.0,40.380632721559664,-127.0,2024,-269.0,2023,,,
43212,熊本県 上天草市,,city,40682.0,35314.0,29902.0,24563.0,24563.0,2020,-39.621945823705815,-30.444016537350628,19780.0,15491.0,11669.0,-52.49358791678541,11576.0,10001.0,-13.60573600552868,2.367063293670633,30.006999300069992,2541.0,11653.0,10321.0,42.01848308431381,6561.0,56.22589767760734,-270.0,2024,-415.0,2023,,,
43213,熊本県 宇城市,,city,62412.0,63968.0,61878.0,57032.0,57032.0,2020,-8.620137153111585,-10.84292146073037,51603.0,46007.0,40339.0,-29.269532893814,19893.0,21412.0,7.635851807168348,2.5449747804969176,27.42854474126658,7189.0,29603.0,19919.0,34.92600645251788,17194.0,42.62376360346067,-126.0,2024,-548.0,2023,,,
43214,熊本県 阿蘇市,,city,34004.0,30457.0,28444.0,24930.0,24930.0,2020,-26.685095871073994,-18.146895623337823,21403.0,18203.0,15160.0,-39.18973124749298,9699.0,9944.0,2.5260336117125526,2.371178600160901,33.346741753821405,2778.0,12035.0,10051.0,40.31688728439631,7159.0,47.22295514511873,-122.0,2024,-359.0,2023,,,
43215,熊本県 天草市,,city,121574.0,102907.0,89065.0,75783.0,75783.0,2020,-37.66512576702256,-26.35777935417416,62017.0,50185.0,39327.0,-48.10577570167452,36131.0,31724.0,-12.197282112313523,2.264752238053209,32.795359979826,8436.0,35883.0,31011.0,40.920786983888206,21113.0,53.685762961832836,-379.0,2024,-1214.0,2023,,,
43216,熊本県 合志市,,city,31856.0,49391.0,55002.0,61772.0,61772.0,2020,93.91009542943245,25.067319957077206,63778.0,63538.0,62225.0,0.7333419672343355,15782.0,22210.0,40.729945507540236,2.6919855920756417,21.427285006753717,11505.0,35085.0,14960.0,24.218092339571324,19730.0,31.70751305745279,405.0,2024,-114.0,2023,,,
43348,熊本県 美里町,,city,14727.0,12969.0,11388.0,9392.0,9392.0,2020,-36.22597949344741,-27.581155062071094,7470.0,5927.0,4484.0,-52.2572402044293,3945.0,3405.0,-13.688212927756648,2.5577092511013215,26.25550660792951,778.0,4198.0,4416.0,47.018739352640544,2704.0,60.30330062444246,-41.0,2024,-203.0,2023,,,
43364,熊本県 玉東町,,city,6315.0,5781.0,5554.0,5045.0,5045.0,2020,-20.110847189231983,-12.731361356166747,4503.0,3925.0,3433.0,-31.95242814667988,1750.0,1808.0,3.314285714285714,2.7417035398230087,23.174778761061948,704.0,2508.0,1833.0,36.33300297324083,1423.0,41.450626274395574,12.0,2024,-57.0,2023,,,
43367,熊本県 南関町,,city,12498.0,11821.0,10564.0,8979.0,8979.0,2020,-28.156505040806536,-24.041959225107856,7629.0,6343.0,5179.0,-42.32097115491703,3642.0,3486.0,-4.283360790774305,2.5054503729202526,27.481353987378082,951.0,4484.0,3529.0,39.302817685711105,2426.0,46.843019888009266,-41.0,2024,-117.0,2023,,,
43368,熊本県 長洲町,,city,16715.0,17956.0,16594.0,15372.0,15372.0,2020,-8.034699371821718,-14.390732902650926,13698.0,11858.0,10057.0,-34.57585219880301,5874.0,6420.0,9.295199182839632,2.3562305295950154,31.713395638629283,1843.0,8024.0,5492.0,35.72729638303409,4008.0,39.85283881873322,-117.0,2024,-141.0,2023,,,
43369,熊本県 和水町,,city,13972.0,12390.0,11247.0,9342.0,9342.0,2020,-33.13770397938735,-24.600484261501208,7770.0,6362.0,5077.0,-45.65403553842861,3674.0,3396.0,-7.566684812193792,2.62603062426384,23.822143698468786,950.0,4410.0,3961.0,42.399914365232284,2681.0,52.80677565491432,24.0,2024,-142.0,2023,,,
43403,熊本県 大津町,,city,19894.0,28021.0,31234.0,35187.0,35187.0,2020,76.87242384638584,25.57367688519325,36841.0,37324.0,36639.0,4.126524000341036,9068.0,14135.0,55.87781208645788,2.4432260346657233,32.30986911920764,5980.0,21234.0,7632.0,21.68982862989172,11263.0,30.740467807527498,130.0,2024,-22.0,2023,,,
43404,熊本県 菊陽町,,city,20152.0,28360.0,37734.0,43337.0,43337.0,2020,115.05061532354111,52.810296191819475,46307.0,47146.0,46391.0,7.047096014952592,9098.0,17761.0,95.21872939107496,2.3821856877428074,34.665840887337424,7429.0,26215.0,9043.0,20.866695894962735,14445.0,31.137505119527493,-151.0,2024,116.0,2023,,,
43423,熊本県 南小国町,,city,5319.0,4657.0,4429.0,3750.0,3750.0,2020,-29.498025944726447,-19.476057547777536,3275.0,2855.0,2473.0,-34.053333333333335,1508.0,1598.0,5.968169761273212,2.2778473091364204,39.61201501877347,431.0,1806.0,1511.0,40.29333333333333,1077.0,43.55034371209058,-15.0,2024,-52.0,2023,,,
43424,熊本県 小国町,,city,10813.0,8954.0,7877.0,6590.0,6590.0,2020,-39.05484139461759,-26.40160821979004,5486.0,4474.0,3579.0,-45.69044006069802,2988.0,2649.0,-11.345381526104415,2.3574933937334843,32.540581351453376,699.0,3106.0,2775.0,42.1092564491654,1712.0,47.8345906677843,-300.0,2024,-107.0,2023,,,
43425,熊本県 産山村,,city,1981.0,1824.0,1606.0,1382.0,1382.0,2020,-30.237253912165574,-24.232456140350877,1115.0,918.0,750.0,-45.73082489146165,605.0,518.0,-14.380165289256198,2.552123552123552,30.888030888030887,145.0,645.0,592.0,42.83646888567294,407.0,54.266666666666666,-16.0,2024,-9.0,2023,,,
43428,熊本県 高森町,,city,8806.0,7300.0,6716.0,5789.0,5789.0,2020,-34.26073131955485,-20.698630136986306,4860.0,3981.0,3149.0,-45.60373121437209,2455.0,2397.0,-2.3625254582484767,2.3178973717146434,31.998331247392574,628.0,2633.0,2503.0,43.23717395059596,1652.0,52.46109876151159,-23.0,2024,-93.0,2023,,,
43432,熊本県 西原村,,city,4824.0,5728.0,6792.0,6426.0,6426.0,2020,33.20895522388059,12.185754189944142,6367.0,6254.0,6013.0,-6.427015250544665,1709.0,2358.0,37.9754242246928,2.656064461407973,23.452078032230702,900.0,3496.0,2026.0,31.52816682228447,2602.0,43.272908697821386,144.0,2024,-71.0,2023,,,
43433,熊本県 南阿蘇村,,city,13010.0,12436.0,11972.0,9836.0,9836.0,2020,-24.396617986164493,-20.907044065615953,9040.0,8003.0,7031.0,-28.517690117934123,4187.0,3991.0,-4.681155958920469,2.3786018541718867,29.9173139564019,1005.0,4551.0,4201.0,42.71045140300935,3443.0,48.96885222585692,19.0,2024,-118.0,2023,,,
43441,熊本県 御船町,,city,17536.0,18532.0,17888.0,16303.0,16303.0,2020,-7.03125,-12.027843729764731,15883.0,14672.0,13560.0,-16.82512421026805,5788.0,6179.0,6.755355908776783,2.5740411069752387,24.421427415439393,2239.0,8275.0,5663.0,34.735938170888794,5246.0,38.68731563421829,167.0,2024,-80.0,2023,,,
43442,熊本県 嘉島町,,city,7731.0,8145.0,8676.0,9547.0,9547.0,2020,23.489846074246536,17.21301411909146,9668.0,9684.0,9545.0,-0.020948989211266866,2423.0,3488.0,43.95377631035906,2.677752293577982,25.80275229357798,1707.0,5299.0,2531.0,26.51094584686289,3119.0,32.67679413305395,119.0,2024,-38.0,2023,,,
43443,熊本県 益城町,,city,24269.0,32160.0,32676.0,32510.0,32510.0,2020,33.95689974865055,1.08830845771144,32571.0,31762.0,30601.0,-5.872039372500771,9925.0,11699.0,17.87405541561713,2.6757842550645354,20.12992563466963,5144.0,17502.0,9742.0,29.966164257151647,10903.0,35.62955458971929,156.0,2024,-147.0,2023,,,
43444,熊本県 甲佐町,,city,12989.0,12012.0,11181.0,10132.0,10132.0,2020,-21.995534683193473,-15.651015651015655,9016.0,7936.0,6953.0,-31.37583892617449,3566.0,3656.0,2.5238362310712192,2.6583698030634575,24.425601750547045,1277.0,4863.0,3987.0,39.3505724437426,3048.0,43.837192578742986,-20.0,2024,-129.0,2023,,,
43447,熊本県 山都町,,city,26336.0,20333.0,16981.0,13503.0,13503.0,2020,-48.72797691373025,-33.59071460187872,10312.0,7682.0,5466.0,-59.52010664296823,6361.0,5217.0,-17.98459361735576,2.4634847613571016,28.19628138777075,1241.0,5455.0,6771.0,50.144412352810484,3286.0,60.11708744968899,-93.0,2024,-279.0,2023,,,
43468,熊本県 氷川町,,city,14624.0,13725.0,12715.0,11094.0,11094.0,2020,-24.138402625820564,-19.16939890710383,9569.0,8110.0,6499.0,-41.418784928790345,3858.0,3912.0,1.3996889580093264,2.7216257668711656,25.255623721881392,1206.0,5321.0,4298.0,38.741662159725976,3348.0,51.5156177873519,-27.0,2024,-166.0,2023,,,
43482,熊本県 芦北町,,city,27413.0,22373.0,19316.0,15681.0,15681.0,2020,-42.79721300113085,-29.911053501989006,11994.0,9235.0,6880.0,-56.125247114342194,7038.0,5958.0,-15.345268542199486,2.4852299429338705,27.10641154749916,1619.0,7030.0,7025.0,44.7994388113003,3849.0,55.94476744186046,-122.0,2024,-329.0,2023,,,
43484,熊本県 津奈木町,,city,6053.0,5741.0,5062.0,4254.0,4254.0,2020,-29.72079960350239,-25.90141090402369,3498.0,2804.0,2177.0,-48.824635637047486,1881.0,1680.0,-10.685805422647531,2.4517857142857142,27.142857142857142,460.0,1984.0,1790.0,42.07804419370005,1245.0,57.18879191548002,-22.0,2024,-83.0,2023,,,
43501,熊本県 錦町,,city,10679.0,11975.0,11075.0,10288.0,10288.0,2020,-3.6613915160595534,-14.087682672233825,9202.0,8049.0,6911.0,-32.824650077760495,3510.0,3710.0,5.698005698005693,2.707547169811321,24.98652291105121,1529.0,5330.0,3420.0,33.24261275272162,3014.0,43.61163362755028,-93.0,2024,-66.0,2023,,,
43505,熊本県 多良木町,,city,14598.0,12072.0,10554.0,9076.0,9076.0,2020,-37.8270996026853,-24.817760106030484,7430.0,6043.0,4775.0,-47.388717496694575,3760.0,3452.0,-8.191489361702132,2.558516801853998,27.05677867902665,1026.0,4130.0,3879.0,42.73909211106214,2496.0,52.27225130890052,-112.0,2024,-148.0,2023,,,
43506,熊本県 湯前町,,city,6038.0,5018.0,4375.0,3627.0,3627.0,2020,-39.93044054322623,-27.72020725388601,2950.0,2352.0,1809.0,-50.1240694789082,1572.0,1399.0,-11.005089058524176,2.5282344531808434,27.519656897784134,391.0,1635.0,1601.0,44.14116349600221,1079.0,59.646213377556656,-22.0,2024,-85.0,2023,,,
43507,熊本県 水上村,,city,3668.0,2706.0,2405.0,2033.0,2033.0,2020,-44.57470010905126,-24.870657797487063,1642.0,1330.0,1064.0,-47.663551401869164,894.0,782.0,-12.527964205816556,2.506393861892583,29.283887468030688,264.0,867.0,902.0,44.36792916871618,545.0,51.221804511278194,-15.0,2024,-39.0,2023,,,
43510,熊本県 相良村,,city,5932.0,5526.0,4934.0,4070.0,4070.0,2020,-31.38907619689818,-26.34817227651104,3251.0,2527.0,1887.0,-53.63636363636364,1555.0,1461.0,-6.045016077170418,2.702943189596167,22.313483915126625,437.0,1879.0,1754.0,43.09582309582309,1124.0,59.56544780074192,-25.0,2024,-48.0,2023,,,
43511,熊本県 五木村,,city,3086.0,1530.0,1205.0,931.0,931.0,2020,-69.83149708360337,-39.150326797385624,736.0,582.0,470.0,-49.516648764769066,582.0,418.0,-28.1786941580756,2.2033492822966507,34.92822966507177,72.0,409.0,446.0,47.90547798066595,202.0,42.97872340425532,-57.0,2024,-21.0,2023,,,
43512,熊本県 山江村,,city,4276.0,4104.0,3681.0,3238.0,3238.0,2020,-24.275023386342376,-21.101364522417153,2640.0,2153.0,1717.0,-46.973440395305744,1157.0,1129.0,-2.420051858254102,2.807794508414526,21.346324180690875,513.0,1520.0,1168.0,36.07164916615195,885.0,51.54338963308096,-24.0,2024,-35.0,2023,,,
43513,熊本県 球磨村,,city,6984.0,5201.0,4249.0,2433.0,2433.0,2020,-65.16323024054984,-53.22053451259373,1272.0,928.0,650.0,-73.2840115084258,1613.0,975.0,-39.55362678239306,2.4923076923076923,28.000000000000004,245.0,1094.0,1087.0,44.6773530620633,392.0,60.30769230769231,-88.0,2024,-72.0,2023,,,
43514,熊本県 あさぎり町,,city,19524.0,17751.0,16638.0,14676.0,14676.0,2020,-24.830977258758445,-17.322967720128446,12495.0,10623.0,8822.0,-39.88825292995366,5195.0,5324.0,2.4831568816169325,2.652329075882795,26.258452291510142,1936.0,7082.0,5633.0,38.38239302262197,4273.0,48.435728859669005,-70.0,2024,-176.0,2023,,,
43531,熊本県 苓北町,,city,10897.0,9436.0,8314.0,7114.0,7114.0,2020,-34.71597687436909,-24.60788469690547,5775.0,4621.0,3537.0,-50.281135788585885,3214.0,2748.0,-14.49906658369633,2.2958515283842793,32.45997088791849,735.0,3297.0,3071.0,43.16840033736295,1983.0,56.06446140797286,-36.0,2024,-121.0,2023,,,
44201,大分県 大分市,,city,385635.0,454424.0,474094.0,475614.0,475614.0,2020,23.33268505192734,4.663045965882073,463901.0,442887.0,415875.0,-12.56039561493144,174036.0,209066.0,20.128019490220407,2.210646398744894,36.43394908784786,62944.0,271307.0,129289.0,27.183598464300886,152452.0,36.658130447850915,-277.0,2024,-2170.0,2023,,,
44202,大分県 別府市,,city,136485.0,126523.0,125385.0,115321.0,115321.0,2020,-15.506465912004986,-8.85372619997945,105401.0,94229.0,84031.0,-27.132959304896765,52579.0,54115.0,2.921318397078676,2.0071329575903167,44.51261202993625,11840.0,59108.0,39018.0,33.83425395201221,34611.0,41.188370958336805,-43.0,2024,-1267.0,2023,,,
44203,大分県 中津市,,city,85963.0,85617.0,84312.0,82863.0,82863.0,2020,-3.606202668589975,-3.2166508987701015,79075.0,74600.0,69547.0,-16.069898507174496,31313.0,37408.0,19.464759045763746,2.152320359281437,39.51828485885372,10962.0,45200.0,24828.0,29.962709532602005,24882.0,35.77724416581592,147.0,2024,-653.0,2023,,,
44204,大分県 日田市,,city,83880.0,77369.0,70940.0,62657.0,62657.0,2020,-25.301621363853123,-19.0153679122129,53844.0,46086.0,38839.0,-38.01331056386358,25112.0,25065.0,-0.1871615164064977,2.4159186116098144,31.210851785358066,7768.0,32326.0,22379.0,35.71667970059211,17818.0,45.8765673678519,-257.0,2024,-729.0,2023,,,
44205,大分県 佐伯市,,city,96534.0,84449.0,76951.0,66851.0,66851.0,2020,-30.748751735139944,-20.838612653791046,55139.0,44869.0,35779.0,-46.4794842261148,31006.0,28616.0,-7.7081855124814584,2.2399706457925634,32.33855185909981,6959.0,31984.0,27348.0,40.908886927645064,18871.0,52.74322926856536,-296.0,2024,-1053.0,2023,,,
44206,大分県 臼杵市,,city,51302.0,45486.0,41469.0,36158.0,36158.0,2020,-29.51931698569257,-20.50740887305984,29907.0,24535.0,19842.0,-45.1241772221915,15419.0,14697.0,-4.682534535313576,2.370347690004763,29.210042865891,3741.0,17485.0,14828.0,41.008905359809724,10269.0,51.75385545811913,-188.0,2024,-528.0,2023,,,
44207,大分県 津久見市,,city,30454.0,23164.0,19917.0,16100.0,16100.0,2020,-47.13338149339988,-30.495596615437748,12381.0,9342.0,6800.0,-57.7639751552795,8552.0,6971.0,-18.486903648269415,2.234112752833166,30.89944053937742,1420.0,7430.0,7238.0,44.95652173913044,3873.0,56.95588235294118,-129.0,2024,-303.0,2023,,,
44208,大分県 竹田市,,city,36011.0,28689.0,24423.0,20332.0,20332.0,2020,-43.53947404959596,-29.129631566105473,15912.0,12518.0,9699.0,-52.29687192602795,10189.0,8644.0,-15.163411522229852,2.2062702452568255,35.481258676538644,1810.0,8675.0,9808.0,48.23922880188865,5264.0,54.273636457366734,-92.0,2024,-404.0,2023,,,
44209,大分県 豊後高田市,,city,30705.0,26206.0,23906.0,22112.0,22112.0,2020,-27.98567008630516,-15.622376554987405,19926.0,17853.0,15895.0,-28.115955137481908,9571.0,9555.0,-0.16717166440288755,2.2065934065934067,36.054421768707485,2432.0,11010.0,8551.0,38.67130969609262,6692.0,42.10128971374646,73.0,2024,-289.0,2023,,,
44210,大分県 杵築市,,city,35066.0,33363.0,32083.0,27999.0,27999.0,2020,-20.153424970056466,-16.077690855138925,23291.0,19761.0,16456.0,-41.226472374013355,11583.0,11996.0,3.565570232236892,2.249083027675892,35.70356785595198,2943.0,13487.0,10378.0,37.06560948605308,8284.0,50.34030140982013,-184.0,2024,-398.0,2023,,,
44211,大分県 宇佐市,,city,67811.0,62349.0,59008.0,52771.0,52771.0,2020,-22.17929244517851,-15.36191438515453,46741.0,40967.0,35431.0,-32.85895662390328,22358.0,21886.0,-2.1111011718400574,2.292470072192269,31.860550123366536,6164.0,26878.0,19292.0,36.55795796933922,15393.0,43.445005785893706,-87.0,2024,-728.0,2023,,,
44212,大分県 豊後大野市,,city,51975.0,43371.0,39452.0,33695.0,33695.0,2020,-35.17075517075517,-22.309838371261904,27448.0,22445.0,18093.0,-46.30360587624277,15092.0,13720.0,-9.090909090909093,2.327332361516035,31.676384839650147,3364.0,15270.0,14895.0,44.20537171687194,9537.0,52.71099320179074,-275.0,2024,-603.0,2023,,,
44213,大分県 由布市,,city,34708.0,35248.0,34702.0,32772.0,32772.0,2020,-5.57796473435519,-7.024512029051289,30359.0,27966.0,25542.0,-22.06151592823141,12069.0,13109.0,8.617118236805045,2.362651613395377,31.550842932336565,4161.0,17206.0,11195.0,34.160258757475894,9733.0,38.1058648500509,108.0,2024,-277.0,2023,,,
44214,大分県 国東市,,city,40504.0,35425.0,32002.0,26232.0,26232.0,2020,-35.23602607149912,-25.950599858856737,21702.0,17733.0,14119.0,-46.17642573955474,13052.0,11876.0,-9.010113392583508,2.1332098349612663,37.1000336813742,2325.0,12383.0,11309.0,43.111466910643486,7582.0,53.700687017494154,-1102.0,2024,-501.0,2023,,,
44322,大分県 姫島村,,city,3234.0,2761.0,2189.0,1725.0,1725.0,2020,-46.66048237476809,-37.52263672582398,1272.0,883.0,558.0,-67.65217391304348,979.0,828.0,-15.423901940755869,2.0277777777777777,32.971014492753625,133.0,650.0,942.0,54.608695652173914,404.0,72.40143369175627,-8.0,2024,-37.0,2023,,,
44341,大分県 日出町,,city,21464.0,26142.0,28221.0,27723.0,27723.0,2020,29.16045471487141,6.047739270139996,26377.0,24854.0,23163.0,-16.44843631641597,8960.0,11041.0,23.225446428571427,2.42161036138031,28.213024182592157,3803.0,15187.0,8510.0,30.696533564188577,9025.0,38.96300133834132,-12.0,2024,-190.0,2023,,,
44461,大分県 九重町,,city,14407.0,11566.0,10421.0,8541.0,8541.0,2020,-40.71631845630597,-26.154245201452532,6867.0,5417.0,4159.0,-51.305467743823904,3566.0,3312.0,-7.122826696578799,2.4782608695652173,28.653381642512077,897.0,3782.0,3857.0,45.15864652850954,2217.0,53.30608319307526,-74.0,2024,-155.0,2023,,,
44462,大分県 玖珠町,,city,22775.0,18988.0,17054.0,14386.0,14386.0,2020,-36.834248079034026,-24.236359806193384,11628.0,9449.0,7515.0,-47.761712776310304,6261.0,5774.0,-7.778310174093594,2.378074125389678,30.65465881537929,1606.0,7159.0,5527.0,38.419296538301126,3801.0,50.578842315369265,-94.0,2024,-212.0,2023,,,
45201,宮崎県 宮崎市,,city,329751.0,392178.0,400583.0,401339.0,401339.0,2020,21.709714299577556,2.3359290934218624,389824.0,371679.0,348569.0,-13.148485444972957,154929.0,183782.0,18.6233694143769,2.11923365726785,39.58439890740116,53799.0,224620.0,110618.0,27.56223541694179,133140.0,38.19616776018521,-764.0,2024,-2107.0,2023,,,
45202,宮崎県 都城市,,city,172655.0,171812.0,169602.0,160640.0,160640.0,2020,-6.9589644087921005,-6.502456173026328,148793.0,136864.0,124930.0,-22.229830677290842,65468.0,70860.0,8.236084804790123,2.1826136042901494,35.906011854360706,22179.0,86299.0,50665.0,31.5394671314741,46990.0,37.61306331545666,2203.0,2024,-1271.0,2023,,,
45203,宮崎県 延岡市,,city,154881.0,139176.0,131182.0,118394.0,118394.0,2020,-23.558086530949563,-14.932172213600047,103055.0,89239.0,76142.0,-35.68761930503235,51336.0,51424.0,0.1714196665108414,2.214763534536403,35.64094586185439,14483.0,61670.0,40712.0,34.38687771339764,33064.0,43.42412860182291,-545.0,2024,-1368.0,2023,,,
45204,宮崎県 日南市,,city,72785.0,63421.0,57689.0,50848.0,50848.0,2020,-30.139451810125717,-19.82466375490768,42753.0,35747.0,29534.0,-41.91708621774701,23327.0,21960.0,-5.8601620439833635,2.1928506375227688,33.67941712204007,5974.0,25172.0,19600.0,38.54625550660793,14044.0,47.55197399607232,-145.0,2024,-724.0,2023,,,
45205,宮崎県 小林市,,city,52762.0,51697.0,48270.0,43670.0,43670.0,2020,-17.232098859027335,-15.527013172911385,38553.0,33706.0,28975.0,-33.65010304556903,18951.0,19074.0,0.649042266898836,2.179878368459683,34.733144594736295,5409.0,21866.0,16228.0,37.1605220975498,12969.0,44.75927523727351,-285.0,2024,-516.0,2023,,,
45206,宮崎県 日向市,,city,64948.0,64186.0,63223.0,59629.0,59629.0,2020,-8.189628625977708,-7.0996790577384505,53288.0,47875.0,42324.0,-29.021113887537943,23281.0,25009.0,7.422361582406256,2.294254068535327,32.648246631212764,8052.0,31701.0,19265.0,32.308105116637876,18193.0,42.98506757395331,-310.0,2024,-555.0,2023,,,
45207,宮崎県 串間市,,city,29420.0,23647.0,20453.0,16822.0,16822.0,2020,-42.82121006118287,-28.862012094557453,13163.0,10462.0,8183.0,-51.355367970514806,9008.0,7196.0,-20.11545293072824,2.183574207893274,33.671484157865486,1934.0,7565.0,7193.0,42.75948163119725,4213.0,51.48478553097886,-223.0,2024,-325.0,2023,,,
45208,宮崎県 西都市,,city,37836.0,35381.0,32614.0,28610.0,28610.0,2020,-24.384184374669626,-19.137390124643172,24532.0,20669.0,16977.0,-40.6606081789584,12166.0,11744.0,-3.468683215518653,2.326294277929155,30.815735694822887,3287.0,14167.0,10826.0,37.83991611324712,8249.0,48.58926783295046,-123.0,2024,-400.0,2023,,,
45209,宮崎県 えびの市,,city,27246.0,24906.0,21606.0,17638.0,17638.0,2020,-35.26389194744183,-29.181723279531035,14061.0,11264.0,8876.0,-49.67683410817553,9319.0,8027.0,-13.864148513789033,2.1399028279556496,35.21863709978821,1924.0,8188.0,7471.0,42.357410137203765,4582.0,51.622352410995944,-239.0,2024,-341.0,2023,,,
45341,宮崎県 三股町,,city,17713.0,24056.0,24800.0,25591.0,25591.0,2020,44.47580872805283,6.3809444629198575,24911.0,23701.0,22261.0,-13.012387167363526,8565.0,10178.0,18.832457676590785,2.419728826881509,26.596580860679897,4410.0,13875.0,7248.0,28.32245711382908,8089.0,36.33709177485288,-57.0,2024,-169.0,2023,,,
45361,宮崎県 高原町,,city,12579.0,11254.0,10000.0,8639.0,8639.0,2020,-31.32204467763733,-23.236182690598895,7266.0,5997.0,4797.0,-44.472739900451444,3984.0,3750.0,-5.87349397590361,2.218933333333333,30.906666666666666,932.0,4050.0,3609.0,41.77566848014816,2492.0,51.94913487596414,-73.0,2024,-156.0,2023,,,
45382,宮崎県 国富町,,city,19864.0,22367.0,20909.0,18398.0,18398.0,2020,-7.380185259766414,-17.744892028434744,16000.0,13463.0,10940.0,-40.53701489292314,7669.0,7450.0,-2.8556526274612026,2.338791946308725,27.46308724832215,2106.0,9411.0,6854.0,37.25404935319057,5597.0,51.160877513711156,77.0,2024,-241.0,2023,,,
45383,宮崎県 綾町,,city,7261.0,7596.0,7224.0,6934.0,6934.0,2020,-4.503511912959645,-8.715113217482884,6260.0,5566.0,4917.0,-29.088549177963653,2684.0,2851.0,6.222056631892703,2.373903893370747,26.096106629252898,974.0,3406.0,2554.0,36.83299682722815,2210.0,44.946105348789914,-30.0,2024,-85.0,2023,,,
45401,宮崎県 高鍋町,,city,22950.0,22748.0,21733.0,19922.0,19922.0,2020,-13.193899782135077,-12.42307016001407,17951.0,15908.0,13931.0,-30.07228189940769,8753.0,8653.0,-1.142465440420426,2.2177279556223275,34.92430370969606,2614.0,10717.0,6500.0,32.62724626041562,5783.0,41.51173641518915,-36.0,2024,-215.0,2023,,,
45402,宮崎県 新富町,,city,17220.0,19058.0,18092.0,16564.0,16564.0,2020,-3.809523809523807,-13.086367929478438,14864.0,13091.0,11268.0,-31.972953392900262,6054.0,6396.0,5.649157581764119,2.4496560350218886,27.00125078173859,2212.0,9093.0,5255.0,31.72542864042502,4750.0,42.1547745828896,-57.0,2024,-176.0,2023,,,
45403,宮崎県 西米良村,,city,2153.0,1480.0,1241.0,1000.0,1000.0,2020,-53.55318160705992,-32.432432432432435,794.0,657.0,568.0,-43.2,661.0,501.0,-24.205748865355524,1.9361277445109781,43.51297405189621,136.0,427.0,437.0,43.7,255.0,44.8943661971831,-23.0,2024,-27.0,2023,,,
45404,宮崎県 木城町,,city,5857.0,5759.0,5177.0,4895.0,4895.0,2020,-16.42479084855728,-15.00260461885744,4262.0,3658.0,3151.0,-35.628192032686414,1901.0,1874.0,-1.4203051025775904,2.47812166488794,26.680896478121664,761.0,2312.0,1822.0,37.22165474974464,1362.0,43.22437321485243,-47.0,2024,-66.0,2023,,,
45405,宮崎県 川南町,,city,18026.0,17630.0,17009.0,15194.0,15194.0,2020,-15.710640186397429,-13.817356778218947,13259.0,11465.0,9640.0,-36.553902856390685,5714.0,6010.0,5.18025901295065,2.4099833610648917,30.382695507487522,1946.0,7807.0,5428.0,35.724628142687905,4369.0,45.321576763485474,-119.0,2024,-191.0,2023,,,
45406,宮崎県 都農町,,city,13486.0,12321.0,11137.0,9906.0,9906.0,2020,-26.546047753225565,-19.60068176284393,8570.0,7252.0,6062.0,-38.80476478901676,4131.0,3952.0,-4.333091261195832,2.459767206477733,27.808704453441297,1246.0,4816.0,3838.0,38.74419543710882,2811.0,46.370834708017156,-10.0,2024,-91.0,2023,,,
45421,宮崎県 門川町,,city,18533.0,19287.0,18854.0,17379.0,17379.0,2020,-6.226730696595261,-9.892673821745213,15353.0,13388.0,11430.0,-34.23096841015018,6536.0,6849.0,4.788861689106483,2.443130383997664,26.967440502263102,2367.0,9045.0,5946.0,34.21370619713448,5071.0,44.36570428696413,-49.0,2024,-171.0,2023,,,
45429,宮崎県 諸塚村,,city,3470.0,2402.0,1882.0,1486.0,1486.0,2020,-57.17579250720461,-38.13488759367194,1154.0,887.0,676.0,-54.508748317631216,797.0,627.0,-21.32998745294856,2.3062200956937797,28.22966507177033,150.0,657.0,678.0,45.62584118438762,348.0,51.4792899408284,-23.0,2024,-30.0,2023,,,
45430,宮崎県 椎葉村,,city,5478.0,3769.0,3092.0,2503.0,2503.0,2020,-54.30814165753925,-33.58981162111966,1863.0,1426.0,1063.0,-57.5309628445865,1316.0,1054.0,-19.908814589665656,2.272296015180266,30.834914611005694,298.0,1063.0,1142.0,45.62524970035957,576.0,54.1862652869238,-48.0,2024,-45.0,2023,,,
45431,宮崎県 美郷町,,city,10709.0,7509.0,6248.0,4826.0,4826.0,2020,-54.93510131664955,-35.7304567851911,3722.0,2847.0,2103.0,-56.4235391628678,2690.0,2130.0,-20.817843866171003,2.155868544600939,32.48826291079812,422.0,1915.0,2489.0,51.574803149606296,1167.0,55.49215406562055,-44.0,2024,-135.0,2023,,,
45441,宮崎県 高千穂町,,city,19957.0,15843.0,13723.0,11642.0,11642.0,2020,-41.66457884451571,-26.516442592943257,9231.0,7436.0,5833.0,-49.8969249269885,5046.0,4507.0,-10.681728101466504,2.4592855558020856,29.82027956512092,1326.0,5286.0,5017.0,43.093970108228824,3084.0,52.87159266243785,-73.0,2024,-176.0,2023,,,
45442,宮崎県 日之影町,,city,8013.0,5445.0,4463.0,3635.0,3635.0,2020,-54.636216148758265,-33.2415059687787,2893.0,2288.0,1782.0,-50.97661623108666,1786.0,1489.0,-16.62933930571109,2.361987911349899,30.624580255204837,378.0,1600.0,1657.0,45.584594222833566,927.0,52.02020202020202,0.0,2024,-61.0,2023,,,
45443,宮崎県 五ヶ瀬町,,city,6034.0,5079.0,4427.0,3472.0,3472.0,2020,-42.459396751740144,-31.640086631226616,2754.0,2183.0,1699.0,-51.06566820276497,1421.0,1228.0,-13.581984517945111,2.5822475570032575,25.407166123778502,454.0,1527.0,1491.0,42.943548387096776,846.0,49.79399646851089,-21.0,2024,-68.0,2023,,,
46201,鹿児島県 鹿児島市,,city,547756.0,601693.0,605846.0,593128.0,593128.0,2020,8.283250206296234,-1.4234834043274525,569338.0,536758.0,498125.0,-16.017284633333784,246494.0,279011.0,13.19180182884776,2.062965259434216,42.27754461293641,75680.0,321038.0,158804.0,26.7739847048192,191491.0,38.442358845671265,-1064.0,2024,-3090.0,2023,,,
46203,鹿児島県 鹿屋市,,city,100005.0,106462.0,105070.0,101096.0,101096.0,2020,1.0909454527273654,-5.04029606808063,92472.0,85320.0,78294.0,-22.55479939859144,42734.0,45969.0,7.570084710066927,2.122800147925776,38.42154495420827,15134.0,54584.0,29928.0,29.603545145208514,29696.0,37.928832349860784,-267.0,2024,-747.0,2023,,,
46204,鹿児島県 枕崎市,,city,30060.0,26317.0,23638.0,20033.0,20033.0,2020,-33.356620093147036,-23.878101607326062,16774.0,13698.0,10844.0,-45.869315629211805,10576.0,9428.0,-10.854765506807862,2.0403054730589734,38.056851930420024,2031.0,9758.0,8192.0,40.892527329905654,5430.0,50.073773515308005,-146.0,2024,-334.0,2023,,,
46206,鹿児島県 阿久根市,,city,29527.0,26270.0,23154.0,19270.0,19270.0,2020,-34.7376977004098,-26.646364674533686,15417.0,12312.0,9559.0,-50.39439543331603,10258.0,8581.0,-16.348216026515892,2.1405430602493882,34.38993124344482,1967.0,9177.0,8050.0,41.774779449922164,5239.0,54.80698817867978,-62.0,2024,-333.0,2023,,,
46208,鹿児島県 出水市,,city,57279.0,58460.0,55621.0,51994.0,51994.0,2020,-9.226767227081478,-11.060554225111186,46868.0,41587.0,36313.0,-30.159249144132016,22181.0,22737.0,2.506649835444752,2.200510181642257,34.72313849672341,6822.0,27139.0,17372.0,33.41154748624841,15889.0,43.755679784099364,-70.0,2024,-505.0,2023,,,
46210,鹿児島県 指宿市,,city,55140.0,48750.0,44396.0,39011.0,39011.0,2020,-29.250997461008343,-19.977435897435903,33458.0,28221.0,23308.0,-40.25274922457769,19530.0,17730.0,-9.216589861751157,2.0969543147208123,36.97687535250987,4554.0,18928.0,15411.0,39.504242393171154,11082.0,47.54590698472627,-260.0,2024,-471.0,2023,,,
46213,鹿児島県 西之表市,,city,23537.0,18866.0,16951.0,14708.0,14708.0,2020,-37.51115265326932,-22.039648044100502,12457.0,10410.0,8492.0,-42.26271416915964,7838.0,7017.0,-10.474610870119927,2.0344876727946417,39.589568191534845,1820.0,7284.0,5598.0,38.060919227631224,4182.0,49.246349505416866,-29.0,2024,-187.0,2023,,,
46214,鹿児島県 垂水市,,city,24179.0,20107.0,17248.0,13819.0,13819.0,2020,-42.84709872203152,-31.27269110260108,11125.0,8774.0,6629.0,-52.02981402416962,7892.0,6545.0,-17.067916877850987,2.0441558441558443,37.922077922077925,1270.0,6482.0,5898.0,42.68036760981258,3587.0,54.11072559963795,-57.0,2024,-243.0,2023,,,
46215,鹿児島県 薩摩川内市,,city,102143.0,105464.0,99589.0,92403.0,92403.0,2020,-9.535650999089507,-12.384320716073727,84207.0,76106.0,67988.0,-26.422302306202184,41518.0,40842.0,-1.6282094513223155,2.168747857597571,37.162724646197546,12750.0,49189.0,29697.0,32.13856692964514,27304.0,40.1600282402777,-275.0,2024,-789.0,2023,,,
46216,鹿児島県 日置市,,city,52022.0,53391.0,50822.0,47153.0,47153.0,2020,-9.359501749259923,-11.68361708902249,42634.0,37861.0,33179.0,-29.635442071554298,19962.0,19328.0,-3.176034465484423,2.2924772350993377,30.12210264900662,6134.0,24323.0,16626.0,35.259686552287235,14673.0,44.223755990234785,-132.0,2024,-482.0,2023,,,
46217,鹿児島県 曽於市,,city,49060.0,44910.0,39221.0,33310.0,33310.0,2020,-32.10354667753771,-25.82943665107994,26892.0,21685.0,17078.0,-48.73011107775442,17838.0,15266.0,-14.41865680008969,2.0988471112275646,35.56923883139002,3654.0,15819.0,13797.0,41.41999399579706,8905.0,52.14310809228246,-178.0,2024,-538.0,2023,,,
46218,鹿児島県 霧島市,,city,102157.0,127912.0,127487.0,123135.0,123135.0,2020,20.535058782070735,-3.7345987866658326,116990.0,109523.0,101030.0,-17.951841474804077,51396.0,55442.0,7.87220795392638,2.141012228996068,38.36982792828542,17537.0,69521.0,33905.0,27.53481950704511,39742.0,39.336830644363054,-128.0,2024,-771.0,2023,,,
46219,鹿児島県 いちき串木野市,,city,38377.0,34266.0,31144.0,27490.0,27490.0,2020,-28.368554081871956,-19.77470378801144,23319.0,19288.0,15772.0,-42.62640960349218,12655.0,11920.0,-5.807981035163968,2.184228187919463,33.47315436241611,3165.0,14107.0,10172.0,37.002546380502,7639.0,48.43393355313213,-52.0,2024,-351.0,2023,,,
46220,鹿児島県 南さつま市,,city,52604.0,43979.0,38704.0,32887.0,32887.0,2020,-37.48194053684131,-25.221128265763205,27876.0,23510.0,19607.0,-40.380697540061426,17535.0,14373.0,-18.032506415739945,2.1173728518750434,35.90064704654561,3656.0,15698.0,13016.0,39.57794873354213,8529.0,43.49977049013107,-131.0,2024,-574.0,2023,,,
46221,鹿児島県 志布志市,,city,38404.0,35966.0,33034.0,29329.0,29329.0,2020,-23.630351005103634,-18.453539453928713,24837.0,21381.0,18307.0,-37.580551672406145,14559.0,13188.0,-9.416855553266023,2.14202305125872,36.41188959660297,4016.0,14579.0,10513.0,35.84506802141225,7622.0,41.634347517343095,-242.0,2024,-363.0,2023,,,
46222,鹿児島県 奄美市,,city,60052.0,51898.0,46121.0,41390.0,41390.0,2020,-31.07640045294079,-20.247408377972175,36382.0,31579.0,26905.0,-34.996375936216474,20587.0,19586.0,-4.862291737504254,2.0267538037373636,42.05554988256918,5685.0,22168.0,13441.0,32.474027542884755,12396.0,46.07322059096822,-312.0,2024,-419.0,2023,,,
46223,鹿児島県 南九州市,,city,50261.0,44137.0,39065.0,33080.0,33080.0,2020,-34.18356180736555,-25.051544056007437,26751.0,21836.0,17345.0,-47.56650544135429,17159.0,14386.0,-16.16061542047905,2.173641039899903,33.78979563464479,3684.0,16138.0,13247.0,40.0453446191052,8916.0,51.40386278466417,-138.0,2024,-540.0,2023,,,
46224,鹿児島県 伊佐市,,city,38310.0,33508.0,29304.0,24453.0,24453.0,2020,-36.17071260767424,-27.023397397636383,20044.0,16421.0,13332.0,-45.47908232118758,13649.0,11350.0,-16.843724815004755,2.0579735682819384,38.13215859030837,2754.0,11490.0,10166.0,41.57363104731526,6510.0,48.82988298829883,-182.0,2024,-444.0,2023,,,
46225,鹿児島県 姶良市,,city,62992.0,73640.0,74809.0,76348.0,76348.0,2020,21.202692405384816,3.6773492667028895,73747.0,69185.0,64544.0,-15.460784827369412,28128.0,32747.0,16.421359499431176,2.2440528903411,32.351055058478636,10978.0,40949.0,23946.0,31.364279352438835,25227.0,39.084965294992564,423.0,2024,-476.0,2023,,,
46303,鹿児島県 三島村,,city,619.0,500.0,418.0,405.0,405.0,2020,-34.5718901453958,-18.999999999999993,297.0,246.0,219.0,-45.925925925925924,282.0,218.0,-22.69503546099291,1.8577981651376148,59.174311926605505,95.0,203.0,107.0,26.41975308641975,64.0,29.22374429223744,-15.0,2024,-2.0,2023,,,
46304,鹿児島県 十島村,,city,903.0,756.0,657.0,740.0,740.0,2020,-18.050941306755263,-2.1164021164021163,652.0,585.0,532.0,-28.10810810810811,390.0,369.0,-5.384615384615388,1.8211382113821137,56.639566395663955,143.0,393.0,204.0,27.56756756756757,195.0,36.65413533834587,6.0,2024,-8.0,2023,,,
46392,鹿児島県 さつま町,,city,30650.0,27331.0,24109.0,20243.0,20243.0,2020,-33.95432300163132,-25.933921188394127,15840.0,12866.0,10222.0,-49.50353208516525,10401.0,9190.0,-11.643111239303916,2.1006528835690967,37.93253536452666,2199.0,9553.0,8447.0,41.72800474238008,5234.0,51.203287027978874,-155.0,2024,-311.0,2023,,,
46404,鹿児島県 長島町,,city,14840.0,12552.0,11105.0,9705.0,9705.0,2020,-34.60242587601078,-22.681644359464627,8304.0,7020.0,5897.0,-39.2375064399794,4522.0,3972.0,-12.162759840778413,2.382678751258812,28.92749244712991,1384.0,4768.0,3545.0,36.527563111798045,2534.0,42.97100220451077,-111.0,2024,-123.0,2023,,,
46452,鹿児島県 湧水町,,city,13982.0,13237.0,11595.0,9119.0,9119.0,2020,-34.7804319839794,-31.109768074337087,7385.0,5885.0,4513.0,-50.509924333808534,5072.0,4084.0,-19.479495268138802,2.044809010773751,36.581782566111656,890.0,4201.0,4026.0,44.149577804583835,2477.0,54.88588522047419,-6.0,2024,-156.0,2023,,,
46468,鹿児島県 大崎町,,city,17527.0,16018.0,14215.0,12385.0,12385.0,2020,-29.337593427283615,-22.680734174054184,10608.0,9003.0,7513.0,-39.33790876059749,6499.0,5894.0,-9.309124480689334,2.035459789616559,39.311163895486935,1417.0,6082.0,4869.0,39.313685910375455,3294.0,43.84400372687342,-206.0,2024,-182.0,2023,,,
46482,鹿児島県 東串良町,,city,8440.0,7530.0,6802.0,6237.0,6237.0,2020,-26.101895734597157,-17.171314741035857,5547.0,4965.0,4430.0,-28.972262305595642,3039.0,2757.0,-9.279368213228034,2.1639463184620964,36.126224156692054,878.0,3066.0,2287.0,36.66827000160334,1852.0,41.805869074492094,20.0,2024,-108.0,2023,,,
46490,鹿児島県 錦江町,,city,13829.0,10889.0,8987.0,6944.0,6944.0,2020,-49.78668016487092,-36.229222150794385,5347.0,4139.0,3069.0,-55.80357142857143,4305.0,3167.0,-26.43437862950058,2.0603094411114617,37.006630880959904,699.0,3011.0,3233.0,46.5581797235023,1754.0,57.15216682958618,-85.0,2024,-163.0,2023,,,
46491,鹿児島県 南大隅町,,city,14344.0,10741.0,8815.0,6481.0,6481.0,2020,-54.81734523145566,-39.66111162834001,4780.0,3531.0,2516.0,-61.17883042740318,4440.0,3130.0,-29.504504504504503,1.9690095846645368,39.7444089456869,583.0,2701.0,3197.0,49.32880728282672,1473.0,58.54531001589825,-84.0,2024,-145.0,2023,,,
46492,鹿児島県 肝付町,,city,23361.0,19523.0,17160.0,14227.0,14227.0,2020,-39.09935362356064,-27.12697843569124,11326.0,9231.0,7454.0,-47.60666338651859,8015.0,6364.0,-20.598877105427327,2.1073224387177873,35.810810810810814,1654.0,6687.0,5886.0,41.372039080621356,3516.0,47.16930507110276,-87.0,2024,-245.0,2023,,,
46501,鹿児島県 中種子町,,city,12297.0,9675.0,8696.0,7539.0,7539.0,2020,-38.69236399121737,-22.077519379844958,6430.0,5430.0,4552.0,-39.62063934208781,4042.0,3574.0,-11.578426521524,2.0332960268606604,37.8847229994404,951.0,3618.0,2967.0,39.35535216872264,2154.0,47.31985940246046,-70.0,2024,-113.0,2023,,,
46502,鹿児島県 南種子町,,city,8320.0,7154.0,6218.0,5445.0,5445.0,2020,-34.55528846153846,-23.888733575622034,4637.0,3929.0,3295.0,-39.48576675849404,2995.0,2668.0,-10.918196994991657,2.0067466266866565,39.84257871064468,725.0,2751.0,1963.0,36.0514233241506,1619.0,49.1350531107739,9.0,2024,-81.0,2023,,,
46505,鹿児島県 屋久島町,,city,15624.0,13875.0,13589.0,11858.0,11858.0,2020,-24.103942652329746,-14.53693693693694,10420.0,9219.0,8111.0,-31.59892055995952,5892.0,5836.0,-0.950441276306857,1.9868060315284441,42.30637422892392,1607.0,5926.0,4315.0,36.38893573958509,3496.0,43.101960300826036,-85.0,2024,-173.0,2023,,,
46523,鹿児島県 大和村,,city,2509.0,2104.0,1765.0,1364.0,1364.0,2020,-45.635711438820245,-35.171102661596954,1119.0,918.0,730.0,-46.48093841642229,842.0,685.0,-18.646080760095007,1.9094890510948905,42.48175182481752,141.0,636.0,586.0,42.961876832844574,392.0,53.6986301369863,-4.0,2024,-29.0,2023,,,
46524,鹿児島県 宇検村,,city,2594.0,2243.0,1932.0,1621.0,1621.0,2020,-37.50963762528913,-27.730717788675886,1403.0,1245.0,1109.0,-31.585441085749533,1008.0,799.0,-20.734126984126988,1.9123904881101377,42.30287859824781,203.0,718.0,700.0,43.183220234423196,520.0,46.88908926961226,11.0,2024,-31.0,2023,,,
46525,鹿児島県 瀬戸内町,,city,14309.0,11649.0,9874.0,8546.0,8546.0,2020,-40.275351177580546,-26.63747961198386,7386.0,6432.0,5511.0,-35.513690615492635,5042.0,4233.0,-16.04522015073384,1.8918025041341837,47.318686510748876,1043.0,4227.0,3251.0,38.041188860285516,2547.0,46.21665759390311,-76.0,2024,-125.0,2023,,,
46527,鹿児島県 龍郷町,,city,6136.0,6002.0,6078.0,5817.0,5817.0,2020,-5.198826597131678,-3.082305898033988,5554.0,5339.0,5088.0,-12.532233109850443,2255.0,2554.0,13.25942350332594,2.1574001566170713,37.31401722787784,918.0,2990.0,1906.0,32.76603059996562,2126.0,41.78459119496855,94.0,2024,-61.0,2023,,,
46529,鹿児島県 喜界町,,city,11169.0,9041.0,8169.0,6629.0,6629.0,2020,-40.648222759423405,-26.678464771596065,5603.0,4698.0,3892.0,-41.2882787750792,3797.0,3252.0,-14.353436923887275,1.9677121771217712,42.28167281672817,824.0,3118.0,2663.0,40.17197163976467,1942.0,49.897225077081195,-1.0,2024,-119.0,2023,,,
46530,鹿児島県 徳之島町,,city,15553.0,13127.0,12090.0,10147.0,10147.0,2020,-34.75856747894297,-22.701302658642497,8617.0,7360.0,6170.0,-39.19385039913274,5278.0,4696.0,-11.02690413035241,2.0596252129471893,41.247870528109026,1533.0,5246.0,3368.0,33.192076475805656,2817.0,45.656401944894654,-149.0,2024,-105.0,2023,,,
46531,鹿児島県 天城町,,city,8775.0,7212.0,6653.0,5517.0,5517.0,2020,-37.128205128205124,-23.502495840266224,4720.0,4051.0,3430.0,-37.82852999818742,2834.0,2514.0,-11.291460832745237,2.1252983293556085,37.629276054097055,769.0,2701.0,2047.0,37.10349827804966,1664.0,48.5131195335277,-10.0,2024,-74.0,2023,,,
46532,鹿児島県 伊仙町,,city,10318.0,7769.0,6844.0,6139.0,6139.0,2020,-40.50203527815468,-20.98082121251126,5378.0,4773.0,4251.0,-30.754194494217302,3165.0,2776.0,-12.290679304897312,2.150936599423631,37.211815561959654,985.0,2831.0,2323.0,37.84003909431504,1789.0,42.08421547871089,-12.0,2024,-109.0,2023,,,
46533,鹿児島県 和泊町,,city,8932.0,7736.0,7114.0,6246.0,6246.0,2020,-30.07165248544559,-19.26059979317477,5403.0,4713.0,4038.0,-35.35062439961575,2929.0,2876.0,-1.8094912939569774,2.10778859527121,39.04728789986092,904.0,3075.0,2267.0,36.295228946525775,1782.0,44.13075780089153,-111.0,2024,-93.0,2023,,,
46534,鹿児島県 知名町,,city,8407.0,7435.0,6806.0,5750.0,5750.0,2020,-31.604615201617705,-22.663080026899795,4912.0,4252.0,3627.0,-36.92173913043478,2822.0,2647.0,-6.201275690999286,2.072157159047979,39.3275406120136,798.0,2745.0,2163.0,37.61739130434783,1690.0,46.59498207885305,-20.0,2024,-88.0,2023,,,
46535,鹿児島県 与論町,,city,7320.0,6099.0,5327.0,5115.0,5115.0,2020,-30.122950819672134,-16.133792424987703,4536.0,4142.0,3782.0,-26.060606060606062,2058.0,2154.0,4.664723032069973,2.279480037140204,33.28690807799443,747.0,2576.0,1792.0,35.034213098729225,1637.0,43.28397673188789,39.0,2024,-48.0,2023,,,
47201,沖縄県 那覇市,,city,295778.0,301032.0,315954.0,317625.0,317625.0,2020,7.386282955459844,5.512038587259815,301603.0,291941.0,280108.0,-11.81172766627312,109440.0,144011.0,31.588998538011694,2.1506482143725134,43.259195478123196,46166.0,189536.0,72287.0,22.758598976780796,96213.0,34.34853699287418,-2111.0,2024,-1241.0,2023,,,
47205,沖縄県 宜野湾市,,city,62549.0,86744.0,91928.0,100125.0,100125.0,2020,60.074501590752845,15.425850779304628,101667.0,100949.0,97722.0,-2.400000000000002,31294.0,44113.0,40.96312392151851,2.241629451635572,41.00151882664974,16651.0,60492.0,18925.0,18.901373283395756,30994.0,31.716501913591618,-65.0,2024,142.0,2023,,,
47207,沖縄県 石垣市,,city,38819.0,43302.0,46922.0,47637.0,47637.0,2020,22.715680465751298,10.01108493834002,47460.0,46770.0,45098.0,-5.3298906312320256,15827.0,22006.0,39.04087950969861,2.137462510224484,42.556575479414704,8162.0,28172.0,10482.0,22.003904527992944,14942.0,33.132289680251894,-297.0,2024,-119.0,2023,,,
47208,沖縄県 浦添市,,city,70282.0,102734.0,110351.0,115690.0,115690.0,2020,64.6082923081301,12.611209531411216,115448.0,113116.0,108581.0,-6.144869910968964,34542.0,47249.0,36.78709976260783,2.399796821096743,34.40496095155453,19722.0,71286.0,23180.0,20.036303915636616,36100.0,33.24706900839005,-461.0,2024,-8.0,2023,,,
47209,沖縄県 名護市,,city,45991.0,56606.0,60231.0,63554.0,63554.0,2020,38.18790632949924,12.274317210189722,63999.0,62656.0,60200.0,-5.277401894451961,19916.0,28362.0,42.40811407913236,2.1566532684577955,44.35864889641069,10536.0,37252.0,13901.0,21.872738143940587,20235.0,33.612956810631225,221.0,2024,-35.0,2023,,,
47210,沖縄県 糸満市,,city,42239.0,54974.0,57320.0,61007.0,61007.0,2020,44.43287009635646,10.974278749954514,61368.0,60410.0,58237.0,-4.54046256986903,16238.0,23205.0,42.905530237714,2.5251885369532427,31.626804567981036,10960.0,36069.0,13522.0,22.16466962807547,19140.0,32.86570393392517,-444.0,2024,-87.0,2023,,,
47211,沖縄県 沖縄市,,city,94851.0,119686.0,130249.0,142752.0,142752.0,2020,50.50131258500174,19.272095316077078,142720.0,143441.0,140354.0,-1.679836359560638,39435.0,60453.0,53.29783187523773,2.310985393611566,39.14280515441748,23829.0,85673.0,28854.0,20.21267652992603,47505.0,33.84655941405303,-416.0,2024,-42.0,2023,,,
47212,沖縄県 豊見城市,,city,33075.0,50198.0,57261.0,64612.0,64612.0,2020,95.34996220710505,28.71429140603212,66252.0,66861.0,65786.0,1.81699993809199,15088.0,24537.0,62.62592788971369,2.5718302971023355,29.13559114806211,12526.0,38759.0,12729.0,19.700674797251285,20833.0,31.667832061532845,-312.0,2024,128.0,2023,,,
47213,沖縄県 うるま市,,city,91285.0,109992.0,116979.0,125303.0,125303.0,2020,37.26570630443118,13.92010328023856,127788.0,127825.0,124641.0,-0.5283193538861752,33489.0,48067.0,43.53071157693571,2.541702207335594,32.03445191087441,21184.0,75679.0,28050.0,22.38573697357605,42082.0,33.76256608980994,544.0,2024,-235.0,2023,,,
47214,沖縄県 宮古島市,,city,58797.0,54249.0,52039.0,52931.0,52931.0,2020,-9.976699491470653,-2.4295378716658322,51498.0,49836.0,47218.0,-10.793296933743935,19440.0,24174.0,24.351851851851848,2.1250103416894186,40.81657979647556,8402.0,29513.0,14079.0,26.598779543178857,17313.0,36.666101910288454,195.0,2024,-364.0,2023,,,
47215,沖縄県 南城市,,city,34124.0,39130.0,39758.0,44043.0,44043.0,2020,29.067518462079466,12.555583950932792,45779.0,45679.0,44876.0,1.8913334695638273,10826.0,15842.0,46.33290227230742,2.6703067794470394,25.268274207802044,7734.0,24757.0,11409.0,25.904229957087395,15497.0,34.532935199215615,578.0,2024,-114.0,2023,,,
47301,沖縄県 国頭村,,city,6873.0,5825.0,5188.0,4517.0,4517.0,2020,-34.27906300014549,-22.454935622317596,3952.0,3467.0,2996.0,-33.67279167589108,2102.0,1971.0,-6.232159847764029,2.23845763571791,37.64586504312531,587.0,2380.0,1550.0,34.314810715076376,1300.0,43.39118825100133,6.0,2024,-56.0,2023,,,
47302,沖縄県 大宜味村,,city,3626.0,3281.0,3221.0,3092.0,3092.0,2020,-14.726971869829008,-5.760438890582142,2822.0,2585.0,2346.0,-24.126778783958603,1229.0,1295.0,5.370219690805533,2.2115830115830115,38.37837837837838,351.0,1594.0,1146.0,37.0633893919793,1095.0,46.67519181585678,-30.0,2024,-42.0,2023,,,
47303,沖縄県 東村,,city,2067.0,1867.0,1794.0,1598.0,1598.0,2020,-22.689888727624574,-14.40814140332084,1448.0,1290.0,1128.0,-29.411764705882348,661.0,721.0,9.07715582450832,2.145631067961165,38.69625520110957,198.0,813.0,587.0,36.73341677096371,508.0,45.0354609929078,-14.0,2024,-24.0,2023,,,
47306,沖縄県 今帰仁村,,city,9593.0,9492.0,9257.0,8894.0,8894.0,2020,-7.286563118940892,-6.300042140750106,8150.0,7403.0,6672.0,-24.983134697548913,3025.0,3519.0,16.3305785123967,2.3799374822392725,30.321113952827506,1335.0,4538.0,3019.0,33.944232066561725,3137.0,47.0173860911271,-22.0,2024,-91.0,2023,,,
47308,沖縄県 本部町,,city,15307.0,14522.0,13870.0,12530.0,12530.0,2020,-18.14202652381264,-13.717118854152321,11358.0,10216.0,9070.0,-27.613727055067837,4689.0,5325.0,13.563659628918746,2.249201877934272,38.57276995305165,1796.0,6547.0,4107.0,32.777334397446126,3770.0,41.56560088202866,12.0,2024,-110.0,2023,,,
47311,沖縄県 恩納村,,city,8013.0,9064.0,10144.0,10869.0,10869.0,2020,35.642081617371765,19.91394527802295,11225.0,11392.0,11249.0,3.4961818014536794,2915.0,4726.0,62.12692967409949,2.248624629707998,42.615319509098605,1585.0,6663.0,2621.0,24.114453951605483,3817.0,33.93190505822739,-120.0,2024,-82.0,2023,,,
47313,沖縄県 宜野座村,,city,4022.0,4749.0,5331.0,5833.0,5833.0,2020,45.027349577324706,22.825858075384286,6115.0,6283.0,6304.0,8.074747128407346,1455.0,2233.0,53.47079037800688,2.5136587550380654,31.48231079265562,1157.0,3179.0,1491.0,25.561460654894564,2225.0,35.29505076142132,157.0,2024,-10.0,2023,,,
47314,沖縄県 金武町,,city,9745.0,10106.0,11066.0,10806.0,10806.0,2020,10.887634684453573,6.926578270334449,10678.0,10493.0,10222.0,-5.4044049602072874,3363.0,4638.0,37.91257805530777,2.2072013799051313,42.647692971108235,1874.0,5920.0,3006.0,27.817878956135477,3393.0,33.19311289375856,86.0,2024,-59.0,2023,,,
47315,沖縄県 伊江村,,city,5039.0,5112.0,4737.0,4118.0,4118.0,2020,-18.277435999206194,-19.444444444444443,3605.0,3099.0,2640.0,-35.89120932491501,1917.0,1899.0,-0.9389671361502372,2.1532385466034754,36.018957345971565,623.0,2071.0,1424.0,34.579893152015536,1146.0,43.40909090909091,16.0,2024,-36.0,2023,,,
47324,沖縄県 読谷村,,city,26516.0,36115.0,38200.0,41206.0,41206.0,2020,55.40051289787298,14.096635746919572,41499.0,41184.0,40018.0,-2.8830752802989856,10511.0,15643.0,48.82504043383123,2.599565300773509,28.421658249696353,7073.0,24950.0,9050.0,21.96282094840557,13947.0,34.851816682492874,252.0,2024,-63.0,2023,,,
47325,沖縄県 嘉手納町,,city,14094.0,13661.0,13827.0,13521.0,13521.0,2020,-4.0655598126862476,-1.02481516726447,12827.0,12440.0,12026.0,-11.056874491531687,4406.0,5215.0,18.361325465274625,2.540939597315436,32.348993288590606,2307.0,7862.0,3273.0,24.20678943865099,3973.0,33.03675370031598,-45.0,2024,-85.0,2023,,,
47326,沖縄県 北谷町,,city,16014.0,25554.0,27264.0,28201.0,28201.0,2020,76.10216060946671,10.358456601706202,27932.0,27370.0,26454.0,-6.194815786674235,7977.0,11684.0,46.47110442522251,2.3865970558028073,35.989387196165694,4780.0,16975.0,5765.0,20.44253749867026,8518.0,32.1992893324261,144.0,2024,-14.0,2023,,,
47327,沖縄県 北中城村,,city,12210.0,15745.0,15951.0,17969.0,17969.0,2020,47.166257166257175,14.125119085423954,18634.0,18650.0,18269.0,1.669541988981016,4779.0,6546.0,36.97426239799122,2.6330583562480903,27.52826153376108,2973.0,10528.0,4294.0,23.896711002281705,6662.0,36.46614483551372,75.0,2024,-15.0,2023,,,
47328,沖縄県 中城村,,city,10346.0,14987.0,17680.0,22157.0,22157.0,2020,114.16006185965593,47.84146260092079,24122.0,25673.0,26102.0,17.804756961682532,4613.0,8836.0,91.54563190982007,2.459144409234948,36.079674060660935,3865.0,13021.0,4113.0,18.56298235320666,7789.0,29.840625239445252,-6.0,2024,42.0,2023,,,
47329,沖縄県 西原町,,city,16305.0,32777.0,34766.0,34984.0,34984.0,2020,114.55995093529592,6.733380114104404,34389.0,32970.0,31073.0,-11.17939629544935,10112.0,13534.0,33.84098101265822,2.504802719077878,31.646224323924933,5637.0,21351.0,7514.0,21.478390121198263,10831.0,34.856627940655876,12.0,2024,3.0,2023,,,
47348,沖縄県 与那原町,,city,12752.0,15109.0,16318.0,19695.0,19695.0,2020,54.446361355081564,30.352769872261565,21080.0,21662.0,21504.0,9.18507235338919,4786.0,7932.0,65.73338905139991,2.438603126575895,33.74936964195663,3750.0,11665.0,3902.0,19.812135059659813,6558.0,30.496651785714285,-26.0,2024,46.0,2023,,,
47350,沖縄県 南風原町,,city,20679.0,32099.0,35244.0,40440.0,40440.0,2020,95.5607137675903,25.98523318483441,41948.0,42092.0,41255.0,2.0153313550939744,9196.0,14640.0,59.19965202261852,2.6454234972677595,27.03551912568306,8161.0,24111.0,7862.0,19.441147378832838,11721.0,28.411101684644287,398.0,2024,176.0,2023,,,
47353,沖縄県 渡嘉敷村,,city,830.0,730.0,760.0,718.0,718.0,2020,-13.493975903614452,-1.6438356164383605,615.0,573.0,551.0,-23.259052924791092,377.0,389.0,3.183023872679036,1.845758354755784,54.75578406169666,138.0,434.0,146.0,20.334261838440113,152.0,27.586206896551722,-16.0,2024,-10.0,2023,,,
47354,沖縄県 座間味村,,city,761.0,1026.0,865.0,892.0,892.0,2020,17.214191852825223,-13.06042884990254,797.0,751.0,690.0,-22.6457399103139,503.0,500.0,-0.5964214711729587,1.774,59.599999999999994,160.0,545.0,187.0,20.964125560538115,223.0,32.31884057971015,-3.0,2024,-1.0,2023,,,
47355,沖縄県 粟国村,,city,1086.0,960.0,863.0,683.0,683.0,2020,-37.10865561694291,-28.85416666666667,572.0,513.0,457.0,-33.089311859443626,474.0,377.0,-20.46413502109705,1.7586206896551724,55.96816976127321,82.0,346.0,248.0,36.310395314787705,210.0,45.951859956236326,7.0,2024,-11.0,2023,,,
47356,沖縄県 渡名喜村,,city,609.0,523.0,452.0,346.0,346.0,2020,-43.18555008210181,-33.84321223709369,284.0,260.0,221.0,-36.1271676300578,251.0,224.0,-10.756972111553786,1.5446428571428572,66.96428571428571,29.0,174.0,143.0,41.32947976878613,104.0,47.05882352941176,-1.0,2024,-10.0,2023,,,
47357,沖縄県 南大東村,,city,1640.0,1445.0,1442.0,1285.0,1285.0,2020,-21.646341463414632,-11.072664359861594,1136.0,1044.0,953.0,-25.83657587548638,667.0,677.0,1.4992503748125996,1.893648449039882,53.61890694239291,202.0,767.0,316.0,24.59143968871595,249.0,26.128016789087095,-3.0,2024,-3.0,2023,,,
47358,沖縄県 北大東村,,city,658.0,671.0,665.0,590.0,590.0,2020,-10.334346504559267,-12.071535022354695,530.0,495.0,467.0,-20.847457627118647,347.0,326.0,-6.051873198847257,1.8098159509202454,60.122699386503065,98.0,365.0,127.0,21.525423728813557,115.0,24.62526766595289,-17.0,2024,4.0,2023,,,
47359,沖縄県 伊平屋村,,city,1501.0,1530.0,1385.0,1126.0,1126.0,2020,-24.98334443704198,-26.40522875816993,920.0,771.0,644.0,-42.80639431616341,576.0,516.0,-10.416666666666663,2.137596899224806,39.72868217054263,195.0,598.0,333.0,29.573712255772644,288.0,44.72049689440994,2.0,2024,-12.0,2023,,,
47360,沖縄県 伊是名村,,city,2144.0,1897.0,1589.0,1322.0,1322.0,2020,-38.33955223880597,-30.31101739588824,1152.0,1009.0,883.0,-33.20726172465961,715.0,634.0,-11.328671328671325,2.0441640378548898,47.1608832807571,207.0,707.0,408.0,30.862329803328294,328.0,37.14609286523216,-27.0,2024,-23.0,2023,,,
47361,沖縄県 久米島町,,city,10187.0,9359.0,8519.0,7192.0,7192.0,2020,-29.40021596151958,-23.154183139224273,6141.0,5300.0,4520.0,-37.1523915461624,3175.0,3332.0,4.944881889763786,2.112845138055222,42.016806722689076,1075.0,3965.0,2145.0,29.824805339265854,1854.0,41.01769911504425,-99.0,2024,-56.0,2023,,,
47362,沖縄県 八重瀬町,,city,18990.0,24626.0,26681.0,30941.0,30941.0,2020,62.93312269615588,25.643628685129528,33090.0,34144.0,34340.0,10.985423871238819,6808.0,10641.0,56.30141010575793,2.8006766281364532,21.80246217460765,5977.0,17990.0,6925.0,22.38130635726059,11213.0,32.65288293535236,356.0,2024,-16.0,2023,,,
47375,沖縄県 多良間村,,city,1667.0,1338.0,1231.0,1058.0,1058.0,2020,-36.532693461307744,-20.92675635276532,917.0,800.0,681.0,-35.63327032136105,522.0,466.0,-10.727969348659006,2.2703862660944205,37.553648068669524,150.0,585.0,323.0,30.529300567107747,292.0,42.87812041116006,-15.0,2024,-15.0,2023,,,
47381,沖縄県 竹富町,,city,3376.0,3551.0,3859.0,3942.0,3942.0,2020,16.765402843601905,11.010982821740356,3632.0,3486.0,3346.0,-15.119228817858954,1693.0,2089.0,23.390431187241578,1.871708951651508,55.050263283867885,707.0,2308.0,905.0,22.95788939624556,1043.0,31.171548117154813,-40.0,2024,-3.0,2023,,,
47382,沖縄県 与那国町,,city,2119.0,1852.0,1657.0,1676.0,1676.0,2020,-20.906087777253425,-9.503239740820735,1452.0,1272.0,1111.0,-33.711217183770884,716.0,747.0,4.32960893854748,2.072289156626506,47.121820615796516,302.0,1014.0,360.0,21.479713603818613,381.0,34.293429342934296,0.0,2024,-10.0,2023,,,
